705980000020350008300000600030201000500038016004000803060519000001040065200060400,715986234629354178348127659836291547572438916194675823463519782981742365257863491,1
120000060006203087080060321000000203074102805030508000005006030000301049300090000,123987564546213987789465321851649273674132895932578416495726138268351749317894652,1
200675000850301000006000500685010900420090000000500080362900001090063820008100090,239675148854321769176849532685214973423798615917536284362987451591463827748152396,1
000000306400820900070000000000100463080034051304000000700200094020079508005060007,259741386461823975873596142597182463682934751314657829738215694126479538945368217,1
300007618020030590010560002080005001000070029006080450208006100001090200403800975,359427618627138594814569732782945361145673829936281457298756143571394286463812975,1
020000084605300970080000000100030090900102040050479300000021537500043000207065000,329517684615384972784296153142638795973152846856479321468921537591743268237865419,1
008049050040010003000350020050002037230100800764080090100800502000020000000070009,328749156945216783617358924851492637239167845764583291196834572573921468482675319,1
000006009006478000030900080000000400041365027200001000004600018600004932009000500,482536179196478253735912684853729461941365827267841395524693718678154932319287546,1
850042306030008042240073890320800064008020750004000000190704000080160030000200009,851942376739618542246573891327851964918426753564397128192734685485169237673285419,1
000002743000300006020067800503008004197000008200000060036020080000003091851409030,619852743785314926324967815563198274197246358248735169936521487472683591851479632,1
100036500003100000486000200041000000300050000000000006008900740709304008500072693,172436589953128467486597231241683975367259814895741326638915742729364158514872693,1
009070600003905008007000090020730164700010900091250070002000087340090200006080309,459871632163925748287346591825739164734618925691254873912563487348197256576482319,1
032001680750000020001000050200913800040200705600470009320054008004020006000100340,432591687759836421861742953275913864943268715618475239327654198184329576596187342,1
050010000000098600030720940004009200700500300605200417200050004001002009079060003,952416738147398652836725941314679285728541396695283417283957164461832579579164823,1
307100206926000001000270098100020700000007602070000819009400527000592004200700003,387149256926835471451276398194628735538917642672354819819463527763592184245781963,1
000000000000000730830004002406001097007400000308090200780002165205100079940070308,674253981152869734839714652426381597597426813318597246783942165265138479941675328,1
000000004600004500000100300005708601000900000090030480230010068009280000080493700,957362814613874529428159376345728691861945237792631485234517968579286143186493752,1
003209000081000000000500084864000009050300000019040027028004000000000070400172006,543289761981467253672513984864725319257391648319846527728634195136958472495172836,1
080000005010040090056000107008052300032489001500000082670821000000370610040096700,489167235317245896256938147198652374732489561564713982673821459925374618841596723,1
000300806200468000086001009020006053690000000400087602004692001900704000000810704,147359826239468175586271349728146953691523487453987612874692531915734268362815794,1
007003000620004095490500000000647109900800732000000046050000000060125080200090501,587963214621784395493512678832647159946851732715239846158476923369125487274398561,1
004091726628040900000500000000070008080300500000005017000034009090000060030008070,354891726628743951719526834543172698187369542962485317275634189891257463436918275,1
500009000000002843820630090002008516700005024100200080010097000270050009050800471,534789162697512843821634795342978516789165324165243987416397258278451639953826471,1
009000800057020009640700000000030060003000721060071304000006000926850010300019500,139564872857123649642798135715432968493685721268971354581346297926857413374219586,1
690003501040069007370081600403105008000600300000000000009426000100357490204010003,692743581841569237375281649463175928518692374927834156739426815186357492254918763,1
607480000020090400000005000230060148060100572001002609002918756706020000008000000,697481325523697481184235967235769148869143572471852639342918756716524893958376214,1
900000601850067293106903400008000306003000050520030009040001060005380900000094000,932458671854167293176923485498715326613249758527836149349571862765382914281694537,1
298006000670000090001200050000020000080103920403000100000000705004679031730010080,298756314675431892341298657169827543587143926423965178912384765854679231736512489,1
005012000100000006302600000000000040240080365950300807700195600618003052000208470,465812793189437526372659184831576249247981365956324817724195638618743952593268471,1
030000090504879000910520047001987300009340000000050000192700008670000201043061000,738614592524879613916523847451987326289346175367152984192735468675498231843261759,1
000060900027030008061009003004050000006090100500000306670010035003605091000300070,435862917927531468861749523314256789786493152592187346678914235243675891159328674,1
450008000009006320630000008040907130000002070000603090073000980965000003824095007,452138769789546321631729458546987132398412576217653894173264985965871243824395617,1
090208057050000906007095100000000201306000800910584070034602710000040560000017000,193268457258471936647395182485736291376129845912584673834652719721943568569817324,1
000000010200940308908000700000085002004010097005006080060000030051000000090021800,547368219216947358938152746379485162684213597125796483862574931751839624493621875,1
850000091940003000300000084403000108070302000600000500506720003200030809030048200,857264391941873652362915784493657128175382946628491537586729413214536879739148265,1
005007400906500700104800000008000605049000010060375094000050170800016003417980250,325167489986542731174839562738491625549628317261375894693254178852716943417983256,1
008070034035040000600380000372608000080407006100900082000800070007190500403060028,918576234735249861624381957372618495589427316146953782251834679867192543493765128,1
106000427400009000780002050059300000200006005000120008000900806901050200840000500,196538427425679183783412659659384712218796345374125968532941876961857234847263591,1
058910000730206850040000009007003005013800976005790010001405000502380000084000590,258917643739246851146538729927163485413852976865794312691475238572389164384621597,1
087000009000070000620040730010700890200500003040901000704000021003052080800310065,487236159931875246625149738516723894279584613348961572754698321163452987892317465,1
200070900000509238908000500000000052001005300005397000010960005009000100007001893,254873961176549238938612547493186752761425389825397614312968475589734126647251893,1
009080000800007100500100038080090023200040081005020046420010070003570004700004000,319482657846357192572169438684791523237645981195823746428916375963578214751234869,1
000300810630000000000800000003007401219400700040000008007000650006105380300786090,472359816638271549591864273863597421219438765745612938187923654926145387354786192,1
200310740400007905793480010072000560804500007106090080687000000040001000301800000,265319748418627935793485612972148563834562197156793284687954321549231876321876459,1
000001805358090000017000000020508940040900028800700506000000283002000050086040010,269431875358297461417685392623518947745963128891724536974156283132879654586342719,1
980000160005000000037200008760823040000000020800590701090001000070902000020480609,984357162215648397637219458761823945359174826842596731596731284478962513123485679,1
000003980908070046615948300090056010500010890004000005000087000029030008000200750,247563981938172546615948372893756214562314897174829635351687429729435168486291753,1
090263050004000030000041700003659024000002583210300070050408000307100005009507310,798263451164875932532941768873659124946712583215384679651438297327196845489527316,1
080035200210600000056001000508010000001003700670092145100300500090057083005000000,784935216219678354356421897548716932921543768673892145167384529492157683835269471,1
620900100050200000819007300085000006000000580946825000460001007000380600538604000,624953178357218964819467352185739426273146589946825713462591837791382645538674291,1
000510709290000154054200368009030070620007000801000043400060080006800412000000000,368514729297683154154279368549138276623457891871926543415362987736895412982741635,1
091080000000036001000105790430070906008000074010000300175293060040008200800000009,391782645754936821286145793432871956568329174917654382175293468649518237823467519,1
840010200060000407002450091984103005006070100000520000008200009501000070000081500,849317256165892437732456891984163725256974183317528964478235619521649378693781542,1
000009300001073082000080006000036000830000065976004200307900004480067010060000008,648129357591673482723485196215736849834291765976854231357918624482567913169342578,1
000597086000300094090010003000184900870600001001039000215003040780001000043000612,324597186167328594598416723632184975879652431451739268215963847786241359943875612,1
100006000300008090068000010025003709006009003039702400050800070900075000001030008,197326845342518697568947312425163789716489523839752461653891274984275136271634958,1
506098300807100020009005060600000000705010000000040510078400002001030400063070050,526798341837164925149325867614582793795613284382947516978451632251836479463279158,1
041000025200007300000000069060070054509840600470000080000085076050400890080000003,641398725295617348837254169368179254519842637472563981123985476756431892984726513,1
002009000079084002061032000007000800106308247003040956014000008600423500700060000,832719465579684132461532789947256813156398247283147956314975628698423571725861394,1
000190070521006000009020600008400000010900020200000096000600900940200000000700345,486195273521376489739824651698412537315967824274538196857643912943251768162789345,1
000008000610900420080000570301080060050040009009300780094236800000800040708490106,473528691615973428982164573341789265857642319269351784194236857536817942728495136,1
700046050005000400648120000301574920000000005050009600002460530000008004104052069,793846152215793486648125397361574928829631745457289613982467531536918274174352869,1
000400039070000000053026074040691305185000490000040712360000057007050001090700000,218475639476913528953826174742691385185237496639548712364189257827354961591762843,1
752000400139000062408230000001350000000028009503000010805700620000000905020006100,752961438139874562468235791291357846647128359583649217815793624376412985924586173,1
805007100001902050000000004010004980004070506580601472057000048030000005608200000,825437169461982357379165824716524983294873516583691472957316248132748695648259731,1
906081000108452300000600000580000000004820005300504000000100023809200050200045871,936781542178452369452639718587316294694827135321594687745168923819273456263945871,1
005080000900000500200030000530900460020003000009541302000060804006100020054000600,615489237973216548248735196537928461421673985869541372192367854386154729754892613,1
000020009500130000060007000020908507000050260000001003053006090000802700098540006,831625479547139682962487351324968517179354268685271943253716894416892735798543126,1
428060007391400806670008000204010600000302040100046300000520000000800400040079000,428163597391457826675298134234915678567382941189746352916524783752831469843679215,1
000100604010006029609200500203070800500690002190380050400800005320005008000407000,752139684814756329639248571243571896578694132196382457467823915321965748985417263,1
401607050002004760670000000000040820250000100800010976000000603000862000060970240,491687352582134769673529481917346825256798134834215976728451693349862517165973248,1
008010306009300000007900421030020000796100003200003760074000109013600000000001637,528417396149362875367958421435726918796184253281593764674235189813679542952841637,1
000800000000200095035070100023106004064000200010002570140003608300507000000000030,492815367671234895835679142723156984564798213918342576147923658389567421256481739,1
000800009009053000006900010387400605650008000090030004000004100143026800000701003,415862379729153468836947512387419625654278931291635784972384156143526897568791243,1
032180904809600730006030850068000200410002008000003000000000400305000086000006000,532187964849625731176439852968571243413962578257843619691358427325794186784216395,1
672000100005710600000068005007001008850000300400000910049350021000100030003007006,672543189985712643314968275297631458851294367436875912749356821568129734123487596,1
678900200905800306003700000000020403030007100080300020010080000060000708800273090,678935214925841376143762859597128463236497185481356927719684532362519748854273691,1
030105860098070003600003047000802406203040100006501008020064051300710000001250000,734125869598476213612983547159832476283647195476591328827364951345719682961258734,1
207040000800000025006520390140006000360002170000009560021300040000000900008010000,257943681893761425416528397145876239369452178782139564521397846674285913938614752,1
050400703030000000816030000465089217290504630070020049000690020500203000000000004,952461783734852961816937452465389217291574638378126549147698325589243176623715894,1
010006900604810000890570200009100000200053007080062004002000500400201070908605020,517326948624819735893574216769148352241953687385762194132487569456291873978635421,1
000005274064000000000910030035069028080000001046008700000306010608007005070050600,891635274364872159527914836735169428289743561146528793452386917618297345973451682,1
610895307503627010070001000000479035000002100000168000001050004269004050400000091,612895347543627918978341562186479235794532186325168479831956724269714853457283691,1
300209080002106000960804000583401097609000030400693000000305702730010008005000910,374259186852136479961874325583421697619587234427693851198345762736912548245768913,1
000000007400010936000690004930000070540001680168400005004150000059208000200009548,896324157425817936371695824932586471547931682168472395784153269659248713213769548,1
872030049003086000010070030000429810020700004004610002200007000067802100398501000,872135649943286571615974238736429815129758364584613792251347986467892153398561427,1
090000005572061009400005010007650004000403600620709301960520000003106000200040000,391274865572861439486935217137652984859413672624789351968527143743196528215348796,1
060900000809000530407000120604090000905038061080400007700040802003010000048500003,361925748829174536457683129634791285975238461182456397716349852593812674248567913,1
600300800050900200281000000002070308306028150700530000905040700100000583830005090,679352841453981276281764935542179368396428157718536429965843712124697583837215694,1
090025100070000004000040056900200370400900002210008040720080965040000800800067020,694725138573816294182349756968254371435971682217638549721483965346592817859167423,1
001009004904000260050006100003702000000058302100003059410307900009000030080090420,861239574934175268752846193593712846647958312128463759416327985279584631385691427,1
030201048400897360820060900900000107705000000013709000000032009092008500004906000,639251748451897362827364951948625137765183294213749685186532479392478516574916823,1
600423000307008062042700000000000085010609000020030070001905300500340000200800507,689423751357198462142756893934217685715689234826534179461975328578342916293861547,1
070500320009100700080004000205000001760209453030045000497000508500400107803050000,174586329659132784382974615245763891768219453931845276497321568526498137813657942,1
000980000200030004098000000300001860509008000600400002060010093007020046900040170,713984625256137984498652317342571869579268431681493752864715293137829546925346178,1
082369045060180007010000000500200080806030710001608030058400670020800390600000000,782369145365184927419572863593217486846935712271648539958423671127856394634791258,1
001300900030260004900700038000950371700186000000437080007500802308021540000000000,271348956835269714946715238684952371753186429129437685417593862398621547562874193,1
006095200035060791940002580103400050000000932700000000519000478000901000300500060,876195243235864791941372586183429657654718932792653814519236478467981325328547169,1
058903040060040010000108007070085000004000000000206974827010003090307100006800700,158973246763542819942168537679485321234791685581236974827619453495327168316854792,1
700300206600070030000610005530940000040000308000806000010007059950000000462090800,795384216681275934324619785538942167246751398179836542813427659957168423462593871,1
007900001005000460042005090326010080589300700704009600000150030000002000060700800,637948521895231467142675398326517984589364712714829653478156239953482176261793845,1
000403802381092705020008030090005127000007000002164000000000350509040278007009400,675413892381692745924758631496835127813927564752164983148276359569341278237589416,1
560000809030000760070030002000054000040021300127000000002897040450063178006040000,561472839234918765978536412693754281845621397127389654312897546459263178786145923,1
060012043000004000134700000601000800403290000075000000000073102210050400308006950,869512743752934618134768295621345879483297561975681324596473182217859436348126957,1
008072540000530007000000300837000024000400100010600978000009030570201009609000000,368972541194536287752814396837195624926487153415623978281769435573241869649358712,1
007010000000784309300000017509260000010300006643075098420956783000801900000000050,297613845156784329384592617579268431812349576643175298421956783735821964968437152,1
000080000009160270000400006087050030600700010045031700502310000004670120010500600,476285391859163274321497856187956432693742518245831769562314987934678125718529643,1
082060500000520309900430602500200806040870001008100030430010000801002000706000195,382961547164527389957438612519243876243876951678195234435619728891752463726384195,1
090700000608029740002050030000075000004000060000806000203000800067081300480902006,395714682618329745742658931826175493574293168139846257253467819967581324481932576,1
073000029200390741004760005300009007000014090000200000000001080932850104800037950,573148629268395741194762835321589467785614293649273518457921386932856174816437952,1
500400070300067900000093010134700502005130098000620400070056000003008109200001080,596412873312867945748593216134789562625134798987625431871956324463278159259341687,1
006854302005000694700300050070005003039020540000000010918630005543010080007008000,196854372385172694724396851471985263639721548852463917918637425543219786267548139,1
600500000005000402090100536050007000107000260020000807409815700031726008078003000,643572189815369472792148536956287314187934265324651897469815723531726948278493651,1
315000280000803700009620140480100607006070009700000004007530068060098002900002070,315947286624813795879625143482159637536274819791386524247531968163798452958462371,1
235900080700420000010308070000805060070200000000170029300002800007080013020030790,235967481786421935914358672192845367573296148648173529369712854457689213821534796,1
006790000002000080150200309001803045000020003009014800080000100610000207020030050,436798521792351486158246379261873945845629713379514862587962134613485297924137658,1
000006730530200001107830002000002109600905020009008040001020008005400270060007003,892156734536274891147839562453762189618945327729318645971623458385491276264587913,1
080002030007109000024063005001005302060200400700000000400026790070008060000317048,186452937537189624924763815841695372365271489792834156418526793273948561659317248,1
207400000000200004900003006070309400490658020005701060512900008000580010006104590,267495831138267954954813276671329485493658127825741369512936748749582613386174592,1
098002300104500000500060409009001000305480100780000546802015630900004075403006000,698742351124593867537168429249651783365487192781329546872915634916834275453276918,1
200360009006014007073200106000050800080703900130020705800000002000082510500000600,218367459956814237473295186724159863685743921139628745841576392367982514592431678,1
130400080400068200506300040290050000700003891010000570940000108607000409000034720,132479685479568213586312947298751364765243891314896572943627158627185439851934726,1
600100075001070200000000031010320000350060092004018000067030009520090614089051027,642183975831975246975246831716329458358764192294518763167432589523897614489651327,1
408270010020000850003000007860009000300010208109000340007120504000706080080050700,498275613721463859653891427862349175345617298179582346937128564514736982286954731,1
090000000000170030030009706006034010480091005010820097620907040040003052100040000,297365184864172539531489726976534218482791365315826497623957841748613952159248673,1
000190450000000710005400932900605840006004001040701690030000000460800020702046009,327198456694352718185467932971625843856934271243781695538279164469813527712546389,1
809103760060000900030009050200080047076004000080000000000200570640700120520601038,859123764462857913731469852215986347976314285384572691193248576648735129527691438,1
900004300001060000006009570080000051200015603500690000350020400108056007000300105,975284316431567829826139574683472951297815643514693782359721468148956237762348195,1
001000800050200000908000026030800051180970200020013948800060400000459082002030000,241396875356287194978541326639824751184975263527613948895162437713459682462738519,1
063059702800300050001000000590610807700582610000407030006004000040000000380000070,463159782827346951951728463592613847734582619618497235176934528245871396389265174,1
000800052400003690000209000006000820008900700070030000700302960010600200069001004,391867452427513698685249137136475829548926713972138546754382961813694275269751384,1
315000480427800006000000070000030800093405200050206000000060003800000750002710000,315697482427851936986342571274139865693485217158276349749568123861923754532714698,1
000040091920060007004500008000006309390020004406000052600004010200057940049008726,863742591925861437714539268152476389398125674476983152637294815281657943549318726,1
200859001005600209007200580000090800080147600070080300400020000908700020020013908,264859731835671249197234586541396872382147695679582314453928167918765423726413958,1
500140090260803107040002000050320000003004700006007000090005870000000021000790003,578146392269853147341972568857329614923614785416587239194235876735468921682791453,1
200014068000900041100008297009003005030079400001006073016002000750491030004607000,293714568867925341145368297679143825532879416481256973916532784758491632324687159,1
780000503302000000000003017860904035007000600030507081000100070000009104140700806,784691523312475968695283417861924735527318649439567281958146372276839154143752896,1
300000079050900008001000000000130040490208630013490082000302010132600000060041200,386524179254917368971863524827136945495278631613495782749352816132689457568741293,1
700240010000081002020053400502064080004090200908000346200015004006007120000020607,789246513435981762621753498572364981364198275918572346297615834856437129143829657,1
057016030030075000060280000001864000000100605649000017000600570700500080010748060,257916438938475126164283759571864293823197645649352817482639571796521384315748962,1
000650390839007500050009000020190004140000060000005213700000032090030057002001080,217654398839217546654389721526193874143728965978465213785946132491832657362571489,1
900000000723000060140607090067023810010009003000815000600381005005004106000000908,956142387723598461148637592567423819814769253239815674692381745385974126471256938,1
608001950001608074030002108506000003080400001100000640904100230013004580800000019,678341952291658374435792168546217893389465721127839645954186237713924586862573419,1
720040019610000800053180006509400020087600400060005030006000000000500000300910060,728346519614259873953187246539471628187632495462895137896724351271563984345918762,1
690018040001250003030000156150703009780000010004180070007900500010530000520070900,695318247471256893238497156152743689783629415964185372347961528819532764526874931,1
085702106409050002107400080016004800030010000500300600000005001890030200001000038,385792146469851372127463589916574823732618954548329617673285491894137265251946738,1
008230006020708000004090072050000061000976000000000300800009043001420608600301000,798234516526718934314695872259843761183976425467152389872569143931427658645381297,1
163907000207300006508006070010008203800030007706020040005000698400003000601005402,163987524297354186548216379914678253852431967736529841375142698429863715681795432,1
048000006609041030007608509070500081010080327000000065080004010001360000000800004,348259176659741832127638549276593481915486327834127965582974613491362758763815294,1
100200078003000409005001030502007000410306700760000820257600000906030050380070900,194263578623758419875491236532987641418326795769145823257619384946832157381574962,1
908604000670080000142075800090700632300091587080060104000000070009107000005006040,958614723673982415142375869491758632326491587587263194814539276269147358735826941,1
000300068100070032043000705000005000050060204460032800006009000020043009934100520,572314968198576432643928715281495673357861294469732851816259347725643189934187526,1
004003058306007001021054003030061089040820300080739000500008960060090030900040000,794213658356987241821654793237461589149825376685739412512378964468592137973146825,1
300900500460000093002050018004002005000198000000005289730010800006084027048579000,381967542465821793972453618894632175527198436613745289739216854156384927248579361,1
086714920000020603095608001170050000003040000002089057020500064060470000000062079,386714925714925683295638741178356492953247816642189357827593164569471238431862579,1
000020480807950100020010005140097000093000000070300000009080001700230500500071690,351726489867954132924813765148597326693142857275368914439685271716239548582471693,1
070050300908006021541000006000007000085002130009100068850200040004570013090004005,672951384938746521541328796316487952485692137729135468857213649264579813193864275,1
300500200080006009050040670890003700000007005017050080748010500560704001920035007,376591248284376159159248673895163724632487915417952386748619532563724891921835467,1
050940002400625000000081054009006030007000480520090000080200090030500821205010000,758943162491625378362781954849176235617352489523498716186234597934567821275819643,1
070900300000030670903806002302000010695000007400603000564000290000300560000500048,276915384851234679943876152382457916695128437417693825564781293728349561139562748,1
050089010200650480700204009070000000092000040000090801367000000000167300800000004,453789216219653487786214539178346952592871643634592871367428195945167328821935764,1
102000008350009400000007051900003070000000803000706590000000239006500080000430605,172354968358169427649287351925843176761925843483716592514678239236591784897432615,1
106035020070600530000000196003000002089000005062300080000003701850169200031270008,146935827978612534325847196513498672489726315762351489294583761857169243631274958,1
000200401001074639400036005000057016700920003050060700930740062004002000017000000,563289471821574639479136825398457216746921583152863794935748162684312957217695348,1
107090006400070000006810703000040058070003409803250000704908610000400002000005830,137594286482376591596812743219647358675183429843259167724938615358461972961725834,1
004000600000006200600204590048100706030000002067040019002000005000050107500490003,324985671859716234671234598948123756135679482267548319782361945493852167516497823,1
040010007300200850600054010030000000009100036406035009000009308703400092920503000,245318967391267854687954213132796485859142736476835129514629378763481592928573641,1
000480010035200008084730005000040029063002000000060034098000073307000080040000000,629485317735216948184739265871543629463892751952167834298651473317924586546378192,1
070000020001300500040802100002450078030000050005200300004009803000730205023010040,378145926291376584546892137912453678837961452465287391754629813189734265623518749,1
016750000900032105502004600009070800800001009051029000000080046003047508000500301,316758924974632185582914637639475812827361459451829763795183246163247598248596371,1
700000060305209000000760005000103026000800549084506017006000050509374600030050700,798435162365219478142768935957143826613827549284596317476981253529374681831652794,1
008900006002850030695000002064000805200600100000470000006040090000007510100093600,318924756742856931695731482964312875273685149851479263526148397439267518187593624,1
050109030090000700000000020070001280009086350608000004214057000000810002007092005,452179638396528741781364529573941286149286357628735914214657893965813472837492165,1
090507080080090105357100409040900000600200500700000630800020001004709000960018300,196547283482396175357182469548963712631274598729851634873625941214739856965418327,1
170052000000093200006004000000715690000000000457036120010069542504000060092040001,179652483845193276326874915283715694961428357457936128718369542534281769692547831,1
600003079100000600730001528900000300813056000500030081000500800285007010001098005,658423179192875634734961528927184356813756492546239781369512847285647913471398265,1
001084005630910040400000020010090730703000082924300001000850400100000070000060000,291784365635912847487536129816295734753641982924378651372859416169423578548167293,1
209050030050200609006000001605010097090360000402000300087043026001000900504920003,279651438153284679846739251635412897798365142412897365987143526321576984564928713,1
000070100076000938801940072000000801002000000690517300569384217000020050000000000,925873146476251938831946572357492861142638795698517324569384217784129653213765489,1
000004500300050000100760900081076095000000600406090810800017200050943008019682050,967234581348159726125768934281476395593821647476395812834517269652943178719682453,1
600017540700009000100580900000000000013900800070000310021006030068045009407003001,689317542752469183134582976845631297213974865976258314521796438368145729497823651,1
006004302284000056030652080400000065160003940095400030000040600640700020009206500,516874392284319756937652481423987165168523947795461238352148679641795823879236514,1
060205000000301097019608020070026030000009001401030056940003060000080009800000100,764295318285341697319678425578126934623459781491837256947513862136782549852964173,1
100200005800700200029000400006403512000856000070910000702040063450067000600108004,167294385845731296329685471986473512231856947574912638712549863458367129693128754,1
340120790000037004100090002620300057500000600730068900470980005000002086001000070,346125798295837164187694532629341857518279643734568921472986315953712486861453279,1
006003005000620700320001000900800051050910400041057002700000206004000089060239004,186743925495628713327591648972864351853912467641357892719485236234176589568239174,1
400068000000003000002007984200580007704001600095040300040070005000000470070600001,459268713817493562362157984236589147784321659195746328641972835923815476578634291,1
950400637703050000000000005010300206000280000070000400030100058600800701007905000,958412637723658194461739825519374286346281579872596413234167958695823741187945362,1
010209070370010094090400301000004007630000405040060810000005000760090000908000040,415239678376518294892476351281354967639187425547962813123645789764891532958723146,1
002840009194007002800920040700059000000700958010402000600000001531200076409000305,352841769194637582867925143786359214243716958915482637628573491531294876479168325,1
800352010920780500000906800230609000000000003000070060052000000093400005148035009,864352917921784536375916824237649158416528793589173462652897341793461285148235679,1
800000600500000300913072048042700000000104200008253000350000019089507060001000050,874935621526841397913672548142768935735194286698253174357426819289517463461389752,1
746800205208000307000400008600502030000673500050004600900060000801300000065708020,746831295218956347539427168687592431194673582352184679973265814821349756465718923,1
000200600800950370010000540367001000005002706000060000008070019900000003501049007,753214698842956371619837542367581924185492736294763185438675219976128453521349867,1
004000760008207000006004200002046007500190620000700093189000070020400085040802000,254931768938267541716584239892346157573198624461725893189653472627419385345872916,1
007840035500060000028001960006503471000080029005000683000000000002007000903005840,617849235549362718328751964286593471734186529195274683461928357852437196973615842,1
000084030070395000004002907700900200450200000006007400290070804008500371310400500,962784135871395642534612987783941256459236718126857493295173864648529371317468529,1
004609173900087020670010008500900310010240007460731250000000002000073001700000040,284659173931487526675312498527968314319245687468731259156894732842573961793126845,1
086059020100800650000700048090030010001500070020106390500070080900000034000040060,486359721179824653253761948695437812831592476724186395542673189967218534318945267,1
401003290030200500000004008100000900247901300000007160500006807000040010009002000,471853296638279541925614738156438972247961385893527164514396827382745619769182453,1
036057801007091030000000470009500000082970004503210000801000060000106302360009510,236457891457891236918632475149568723682973154573214689821345967795186342364729518,1
700100030102385690500000018006910050371006000905203060600000002890701000054000070,768192435142385697539647218426918753371456829985273164617534982893721546254869371,1
057000309020030000690070002200090007040750003070000960000087230004100700000960054,857216349421539678693874512235691487946758123178342965569487231384125796712963854,1
007500090486900030915600002040000063003090418069100250008017000050000104100005300,237548691486921735915673842741852963523796418869134257398417526652389174174265389,1
500802109109047832802000475310070008000000000008001643000790300083000790090014000,547832169169547832832169475314976528256483917978251643621798354483625791795314286,1
057601000000480000000003879270009501001720000900310020069100008403570090000000700,857691342392487165146253879274869531631725984985314627769132458413578296528946713,1
070010000023070010000003057900062070702100804500700206890030000004006709056000103,475819362623574918189623457948362571762195834531748296897431625314256789256987143,1
003912080000070300206400070040000068650007000000100094902004010005060003764020050,573912486491678325286435971147293568659847132328156794932584617815769243764321859,1
007461000300700000002000074000900026056000307028036001074010059060205700000607002,597461238341782965682359174413978526956124387728536491274813659869245713135697842,1
000000472900002600400710500001007004000293016630400007060070200140600793000000168,316985472957342681482716539291867354574293816638451927863179245145628793729534168,1
009005427000000830080234000000600900600450082420009506806000700971000200500090318,319865427264971835785234691157628943693457182428319576836142759971583264542796318,1
400007000900261003005804020300400100700000560602510030800700900071000000590100076,423957681987261453165834729358476192719328564642519837836742915271695348594183276,1
000270100078030025200000073900060050500900016062000089003017500705309260100400830,639275148478136925251894673914768352587923416362541789823617594745389261196452837,1
002000035300000907070600804200050000850064000706090000020000090400907580067003200,692478135384215967175639824243851679859764312716392458528146793431927586967583241,1
816705040000003600000068107100070093200540786060030410409007030050084070070000060,816725349724193658935468127148276593293541786567839412489617235652384971371952864,1
060400980000090000400000106600049050154008309900020007800100504010050700500083602,263417985781695243495832176672349851154768329938521467829176534316254798547983612,1
400050023010000600207096045103000700005003068006000030302168409004900010600030000,469751823518342697237896145123689754745213968986574231352168479874925316691437582,1
200900501004053002953027004640372900790015000830006007000060200010240070028000000,267984531184653792953127684641372958792815346835496127479568213316249875528731469,1
819030000006850209500000063000200100600090028380000000160500000790060400050049600,819632745436857219527914863945283176671495328382176594164528937798361452253749681,1
004000507190000306020300108010064900006250403042000051000080060008693210200010000,834126597197845326625379148513764982986251473742938651351482769478693215269517834,1
000004002080000000003002900590001070230700015760380090327108069009023150015000308,956814732182937546473562981598241673234796815761385294327158469849623157615479328,1
031520900000007640000000002800070534300840000420100869100760400060405081900001000,631524978289317645574689312816972534395846127427153869152768493763495281948231756,1
003870000006000700800052010060097350401030070700000100000305807607000530090001060,513879246926413785874652913268197354451238679739546128142365897687924531395781462,1
380020040005040002210000708000000903900705064000239510050600209092000000037000100,389527641765841392214396758571468923923715864846239517158674239692183475437952186,1
020000400003200056504001980006009004200046000000007601005908230002400060901070508,628795413193284756574361982356129874217846395849537621465918237782453169931672548,1
000400050405170006090006400800000040206008000953614800500200004009301000304985201,168439752435172986792856413817523649246798135953614827581267394629341578374985261,1
670130005100000600025076000006020009201090400740060300510300700000657014060000520,674139285193285647825476931386524179251793468749861352518342796932657814467918523,1
208000049003000710410000038907400061000010080104000920000100004600240003002307006,278531649593684712416792538987425361325916487164873925739168254651249873842357196,1
700001528402078000010502740900820000270003090006000030000039201190200000300085004,739641528452378619618592743943826175271453896586917432864739251195264387327185964,1
040002500020000006000480309006000102000009070200107000300708400054020980080045200,943672518821593746765481329576834192418259673239167854392718465154326987687945231,1
380000060000040210020000085005100407000430051040950020700560040600700100012308000,381275964567849213924613785235186497879432651146957328793561842658724139412398576,1
206300058500200003010050000020860030001092000090701024080500000002100580000000217,246379158578214693913658472427865931831492765695731824189527346762143589354986217,1
031208560750039020400000090000000080006100409200005671000500702600010845005007000,931248567758639124462751398519476283376182459284395671893564712627913845145827936,1
040609008850040906906010000080074360010902000060100094590000003630000080078090652,347629518851347926926815437289574361413962875765138294592786143634251789178493652,1
000079050082010740100840609005481007301700580000060000010957400000008900069020005,436279851982516743157843629695481237341792586728365194213957468574638912869124375,1
000000407340006010016000500000042950060085040059060080020000609005029000900603000,592138467347596218816274593781342956263985741459761382128457639635829174974613825,1
580000041000001600194007200400658970000479000009000500010390000042700030000020809,586932741273541698194867253431658972825479316769213584618395427942786135357124869,1
060050004370090005000028071000360500000285006050409038900846000084900000037002840,162753984378194265495628371849361527713285496256479138921846753584937612637512849,1
021006983008000002307825064083001000000000050400200000904500030100030049800910000,521746983648193572397825164783451296219368457465279318974582631152637849836914725,1
000600000000000300030000921140005030000090007760804010074000096005470000020001470,291638754457219368638547921149765832582193647763824519874352196915476283326981475,1
900000030040001000005000084800200300700080002052070060080900410020610093096048250,978462531643851729215739684861294375739586142452173968387925416524617893196348257,1
059001406000070500034009070090068700070040891080007302060405010000010605500786900,759821436816374529234659178193268754672543891485197362968435217347912685521786943,1
090020510200050900800003620530860072000004009000010030006900304307006291009300060,794628513263157948815493627531869472678234159942715836156972384387546291429381765,1
300006807000000901010907402000605000004091025900020070000703000063210049080009010,392146857478532961615987432821675394734891625956324178149753286563218749287469513,1
402500600160300000000409100300906400500840000000703890800290760950604030600137050,432571689169328547785469123378956412591842376246713895813295764957684231624137958,1
600000400000030050005002900069481003230506710004307000300640095090073608800059300,623915487917834256485762931769481523238596714154327869372648195591273648846159372,1
008407600140000297070001000810050900007260300200700000000805040004003508500002709,958427613143586297672931485816354972497268351235719864329875146764193528581642739,1
700104209000600000000900605004095860000031094509000070107009000430518007800307006,768154239953682741241973685314795862672831594589246173127469358436518927895327416,1
000615000000020000006708902100000090090100425365902000080000600450000009000501070,249615738873429561516738942124857396798163425365942187981274653457386219632591874,1
008002000002500009659000120906200000583009000700030906007304600205700380004000297,138962475472513869659487123946271538583649712721835946897324651215796384364158297,1
000000060060100000327000000610539807230007040059048300076490102040000695002000000,981754263465123978327986451614539827238617549759248316876495132143872695592361784,1
640003070002090000000000004400030006306905148901064035005040000000000061804600200,649513872782496513513782694458137926376925148921864735165249387297358461834671259,1
084050002100040000050900000293000000008005237007000190005100000920070001800263050,384657912169842573752931864293718645618495237547326198435189726926574381871263459,1
097400002000190300130087050503700000076008204000901000065070000740005800301840000,697453182258196347134287659513724968976538214482961735865372491749615823321849576,1
001025730020100500000300012070940020009602478032750061000010604910004000000290080,861425739723189546594367812678941325159632478432758961287513694916874253345296187,1
000300170010000260080006000070001042900820050052004300030068020004210030006409715,569382174413597268287146593378651942941823657652974381135768429794215836826439715,1
004750280000010405035008700406002130170004020300900070700000040080000900001307000,614759283897213465235648791456872139179534826328961574762195348583426917941387652,1
009560200501000070040800530710600900008000020003000647000740390005006700000030060,379564281581392476246817539714623958658479123923158647862741395435986712197235864,1
698050703004608015005000800009000000000809000280574600800005020040326580562001004,698152743374698215125437869719263458456819372283574691837945126941326587562781934,1
060000400005010806200000050036028005057043000080500060600007008000060040004301629,361785492795214836248936157436128975957643281182579364623497518519862743874351629,1
000000900002008057700500006200005009961080040050391760003006800500834600086009234,345672918612948357798513426237465189961287543854391762473126895529834671186759234,1
930000010010950847008160350890005000000014008000800030700030000500090083009086072,935748216612953847478162359893675421257314968164829735786231594521497683349586172,1
000000039090030000300072560600017000109000000000498012000050470002700080537800000,275684139896135247341972568624517893189326754753498612968253471412769385537841926,1
730000089250389410948000000000150000090070056000006023500930040009508000020000500,731465289256389417948721365862153974193274856475896123587932641619548732324617598,1
900070348600008050802003000301020000540007000708031000000800439060000000000354670,915276348634198752872543916391425867546987123728631594157862439463719285289354671,1
093800200007104000248590701000006419419000006000000500000650090000730150001948607,193867245657124983248593761725386419419275836386419572872651394964732158531948627,1
040002801190000070000600930007859020283061504000040008004100007001538640600400000,346972851192385476875614932467859123283761594519243768954126387721538649638497215,1
000067903000090000093400100004000285010805400205040001450031706030070540009000000,842167953167593824593482167974316285316825479285749631458231796631978542729654318,1
008001026000230009300900105009007650003504000001082900000000060100800003052003410,798451326415236879326978145289317654673594281541682937837149562164825793952763418,1
805400062003000050790000401000046000400790000200108070007320000021087500064050800,815479362643812759792563481178246935436795218259138674587324196921687543364951827,1
250000000019500004000020597900714308304800000001000702008007013000090406040000005,256479831719538624483126597925714368374862159861953742598647213137295486642381975,1
897001005216000090300967000060002000000700600523640900001800259050003006608005004,897321465216584397345967812769132548184759623523648971431876259952413786678295134,1
013000050005400070607105080506007940700000000932500060050003720300269008260001403,413678259895432671627195384586317942741926835932584167159843726374269518268751493,1
000000859200000000009870234701600020900000060003057100072983500000010002040060080,637124859284539617519876234751698423928341765463257198172983546896415372345762981,1
069340000407291050020075900000017540800000010040900068000000005000729401010500276,569348127487291653123675984236817549895436712741952368372164895658729431914583276,1
103500902906048017045001000090002100502013780000090006030000001001009070208106090,183567942926348517745921863894672135562413789317895426639784251451239678278156394,1
500709600000085003041603000035007100000006730000030000460001290020000000007902340,583719624276485913941623875635247189814596732792138456468351297329874561157962348,1
356007020900604000074000610702090040000702300000000076003200107000800003607049080,356187924981624735274953618732596841468712359195438276843265197529871463617349582,1
600057020043010005050000017038000040590800032006004090320000900000103204000082650,681457329743219865952638417238975146594861732176324598327546981865193274419782653,1
206703050000200607075000002907600004002000500013000070304970005500140063760080020,246713958839254617175869342957621834682437591413598276324976185598142763761385429,1
017200000200910700400500160000470300000060000040002091098720003670000200023000970,317246859265918734489537162851479326932165487746382591598721643674893215123654978,1
000052009009003580500018030706020000081590006450000000008000000260000195000000460,834652719619743582527918634796421853381597246452386971948165327263874195175239468,1
872000010006200000000140000600405000005002170231090000008004309009020840000069051,872953614416287593593146287687415932945632178231798465168574329759321846324869751,1
040000509035400670000006030000871096067035814000000200008600002000390000090008763,641783529835429671729516438254871396967235814183964257318657942476392185592148763,1
300008100500160020100050000000076040634002571070000200752604038019800000803090704,346728195598163427127459863281576349634982571975341286752614938419837652863295714,1
070690801001028937080700000950000010000460500100800004000000106008940003005106080,573694821461528937289713465954237618837461592126859374792385146618942753345176289,1
800060007029030008700090000000103920980052100000600085001820400500300002007910000,854261397129437568763598241475183926986752134312649785631825479598374612247916853,1
030700086000090047004802000000000708003010405052407000509004002081350604300000900,935741286628593147714862593496235718873916425152487369569174832281359674347628951,1
200001370060070400300200080020806030786009010403702800040003120000008700002000008,294681375168375492375294681921846537786539214453712869847953126619428753532167948,1
243150000008000230007320018000012000000743000500900070705230000300009000002065700,243158967158697234967324518674512389829743651531986472795231846386479125412865793,1
907138040000000379000000160002300000090804657000060932120085000830070420000010080,967138245518642379243759168652397814391824657784561932126485793835976421479213586,1
040072908806950027070300004607290840000060000100000070005000700020000000001807593,543672918816954327972318654637291845284765139159483276395146782728539461461827593,1
000030007049100000030097006061200530024010008070048601090004800010085300085021060,156832497749156283238497156861279534524613978973548621392764815617985342485321769,1
100000000000400006073215840000003001027140000500607024030001400001000070062304008,184936257295478136673215849846523791327149685519687324938751462451862973762394518,1
000000305060005700100000002210457006640090000530010807000061000020003508800002000,784629315962135784153784692218457936647398251539216847375861429421973568896542173,1
810060507006000290953000004030008400200100600590000002065700040470910325020000070,812469537746385291953271864637528419284197653591643782165732948478916325329854176,1
010000700708002001000009600401070050000850010070001860840090106906087230007600008,615438729798562341324719685481276953269853417573941862842395176956187234137624598,1
020000005000000463010690287972380000146070030503060000000000001009700600200450079,627843915895217463314695287972384156146579832583162794738926541459731628261458379,1
009000380263000007040900620007105008600708000400000170074520013000080002020300090,759264381263851947841973625397145268612798534485632179974526813136489752528317496,1
009100845007408000801000090004010068902700001000204030105600304003500016490830070,329176845657498123841352697734915268962783451518264739175629384283547916496831572,1
980342000065081030103507008058600471000005000600070500506000000000190600030006809,987342165465981732123567948258639471374815296619274583596728314842193657731456829,1
419050030060030000732840000040000000200670014075010029050480006000190003300065001,419256738568937142732841965146529387293678514875314629951483276687192453324765891,1
040500239300109006006000405400000001203010500050603902609300054014000820030400000,741568239325149786986237415497825361263914578158673942679382154514796823832451697,1
000000009690057032057012006704000000020800065080006700000730250000060008005008090,412683579698457132357912486764591823123874965589326714846739251971265348235148697,1
701008009950000080820560003000004050185000000000195030400002095010000020570003800,731428569956371284824569173693284751185637942247195638468712395319856427572943816,1
700500000000071004008609052605900471000000500201065080009708210002050000400000000,726584193593271864148639752685923471934817526271465389369748215812356947457192638,1
030000000702106008650007000010598200807002050405710080289300004003600001000800000,931284675742156398658937412316598247897462153425713986289371564573649821164825739,1
400705690000000000029300708000000900006003801980076302061500000090080060050000130,418725693637918425529364718143852976276493851985176342761539284394281567852647139,1
890000010000800704003060850020009041000602380000300002000948500002006108680005407,896457213215893764743261859328579641974612385561384972137948526452736198689125437,1
205070000000020960000083000000407098000630000070000130009360040350240617400700009,295176483837524961641983725163457298982631574574892136719365842358249617426718359,1
050090072080000094694807000000000023400930080800004906026300009019005200000000700,153496872287513694694827315971658423465932187832174956726381549319745268548269731,1
060807409010500832034910700080003090020000007700609001000046900003005000076300520,562837419917564832834912756681473295329158647745629381158246973293785164476391528,1
900060001008053760060270005000018002009300000850092007500430000087925000000080500,975864321428153769163279485736518942219347856854692137591436278387925614642781593,1
407005000005481000800790560080609710000030009090040032070210000040070000001006400,427365981965481273813792564384629715752138649196547832679214358548973126231856497,1
831050007040703090050800000090100002600340900010209480160400000470001003083602000,831956247246713598759824316594187632628345971317269485165438729472591863983672154,1
600002000082437100094000000106000007000000910040720050070800460009000801408300009,631592784582437196794168235126985347857643912943721658275819463369254871418376529,1
000501030000000608045230000100002380520300001000178200900000800006020010400090067,697581432231749658845236179174952386528364791369178245953617824786425913412893567,1
013000006007390020050002070300005000090060004071903652008030000760100043000807000,213574986687391425459682371346215798592768134871943652928436517765129843134857269,1
350098040098670000261030700000350200000000865905800403003946520009003000080000000,357298146498671352261534789846357291732419865915862473173946528529783614684125937,1
000032090020009000005416000600200080200003700050007609001005040002600170090000800,716532498324789516985416237679251384248963751153847629861375942432698175597124863,1
200700030003000005500008042700600050306020100001573060000007380900432070000000000,214756938683249715579318642742691853356824197891573264425167389968432571137985426,1
013000002705000003460000580680950000004063800031400000040700300009100470000500008,813645792795812643462379581687951234954263817231487965148726359529138476376594128,1
030000090006934081491500603100700836000320015060080040000007300800013002000402000,538261497726934581491578623152749836984326715367185249219857364845613972673492158,1
012070006005090000730005900006009032009000500301750609208040100040901000060200495,912473856685192347734685921456819732879326514321754689298547163543961278167238495,1
000036000008705200000912860087650401300000098450300620002060005003500040060490070,921836754638745219574912863287659431316274598459381627742163985893527146165498372,1
034600080705000040020407130200003050400900800680000009000000504098004620102000000,934615782715328946826497135279863451451972863683541279367289514598134627142756398,1
780200050060700800040890000630007020010002080000409000090518740000970516570604008,789236451265741839143895267634187925917352684852469173396518742428973516571624398,1
300700400060050012009400000200000900008300100000014803040000060103600709600102500,382761495764859312519423678231578946458396127976214853845937261123645789697182534,1
000380675003005040085601209040008920820000003050006081018063000730002810000010090,291384675673295148485671239146538927827149563359726481918463752734952816562817394,1
930064500405002000200080094097108060042609803060020070050030700000000000623007050,938764521415392687276581394397158462542679813861423975159236748784915236623847159,1
009000001408007030500009002090032000207006100001900000000641000062800570003720600,329458761418267935576319482694132857237586149851974326785641293162893574943725618,1
002000070700010608810050300003090200070103080000060004420508006050940800068200000,532689471749312658816754329183495267674123985295867134421538796357946812968271543,1
702506090000090200169000045008600034004079028006000950600000003001907560800003010,782546391453198276169732845978625134514379628236814957697251483341987562825463719,1
930040600000005004050603000785420003090000040400809710060030400001786000370014000,932148657617295384854673192785421963196357248423869715568932471241786539379514826,1
050004360260009005300510000020400000400090000003007054108000502607852401502900870,751284369264379185389516247926435718475198623813627954148763592697852431532941876,1
002610004508324701017809600004900160000001050370005008020006040005000070000098000,932617584568324791417859632254983167896271453371465928129736845685142379743598216,1
008004325052000078017008009700000003029003000040507090085400967000600000900000000,698174325452396178317258649761942853529863714843517296285431967174689532936725481,1
572001030613500008840060051008017000100000006090050172081005263030006007020000040,572891634613574928849362751268417395157239486394658172981745263435926817726183549,1
934080700208400005175300048001230080020809000009700300300008001400000807080020003,934685712268471935175392648741236589623859174859714326397548261412963857586127493,1
000205840000000060040860153603940581405000900087000630070020000530000708260003005,396215847158374269742869153623947581415638972987152634874521396531496728269783415,1
000003410000470000400010670030500000006907230040000501520000746009060005004700380,785693412261478953493215678932541867156987234847326591528139746379864125614752389,1
509067010018020709700010000005206000000050080000300102301002008984630000267048300,529467813618523749743819526175286934432951687896374152351792468984635271267148395,1
720001500010000080490625030054209008260807400000000000041002053002500000006000040,723981564615374982498625731354219678269837415187456329941762853872543196536198247,1
096003700000009350003000698680972000007000020320084000100030006060407203400600570,896523741741869352253741698684972135917356824325184967179235486568497213432618579,1
140389000387102500092004010050410000001008450700030080000500900070800041000006305,145389726387162594692754813258417639931628457764935182423571968576893241819246375,1
060400000300000060508700304830000405002004083700805010400209130603500008210000540,167423859324958761598716324831692475952174683746835912485269137673541298219387546,1
400065009009000085000093614058041327100007050070000000040270800026050003090004000,417865239369412785285793614658941327134627958972538146543276891826159473791384562,1
040203000700000800309005041807000020051700068200030500070500086508060402600900005,145283679762491853389675241837156924451729368296834517973542186518367492624918735,1
030020000005006009001800030060080750007200083200000090009040060052008040046907025,938124576425376819671895234163489752597261483284753691719542368352618947846937125,1
001000000230015060760000000018062340002009006306080500100050400020030000000820009,891643275234715968765298134918562347452379816376184592187956423529437681643821759,1
500000420067820093802041700030000000700004080985003041050600000008000050071458030,513976428467825193892341765134289576726514389985763241259637814348192657671458932,1
700030000300004687168700400400300000200068000806007025900670008001045009072000160,724836591395124687168759432457392816219568743836417925943671258681245379572983164,1
090050000000300090560004300075000420840002971002070005000820149239100007480000203,193256784724381596568794312375619428846532971912478635657823149239145867481967253,1
200030051010080007000405093005008000000170000700006400050000106080000004047091530,294637851513289647876415293465328719928174365731956428359742186182563974647891532,1
000015030003960274000703000406279310050386020009040060000150000200007103190000050,972415836513968274864723591486279315751386429329541768638152947245697183197834652,1
100000046000816007070002001200350008690000054080900200050000000004500000800200430,128795346349816527576432891217354968693128754485967213752643189934581672861279435,1
612000800080000004400006100000102390109600007007903040040008006206000008000064900,612459873983721564475836129864172395139645287527983641341298756296517438758364912,1
000704005001002370070000090000840760003090050000007000800000624010470000590600807,369714285451982376278365491925841763743296158186537942837159624612478539594623817,1
380024510200010007000860423800500060090000001030098005003180254410000000020470008,387924516246315897951867423874531962695742381132698745763189254418253679529476138,1
600409003400005071001703800100300040067000000000096015005001030010930408200070100,678419523439825671521763894152387946967154382384296715895641237716932458243578169,1
002980006050000000006051920090000800070600210000875009907003008060040300480500062,142987536759326184836451927694132875578694213321875649917263458265748391483519762,1
300508006004900180180040000530200000600400000908100070000000390800095204409000800,397518426264937185185642739531276948672489513948153672756824391813795264429361857,1
017000000423910807060473100000008900908030600070040000090000300081320000004006780,517862439423915867869473125142658973958237614376149258695781342781324596234596781,1
704020003090003870135000600059060320006092050400000900000600000007000100903040008,784926513692153874135784692859461327376892451421375986248619735567238149913547268,1
800503107235000000700000035912400070007095041050001300020600058009000000604002010,896543127235917684741826935912438576367295841458761392123679458579184263684352719,1
000500170109480000540063982074390050310600009080000730000030020000006000400802307,863529174129487563547163982674398251312675849985241736751934628238716495496852317,1
000000307400085020000301580820134000051007000004608209000000802040810050060502143,185249367436785921297361584829134675651927438374658219513476892942813756768592143,1
900006008080079020267501000700000004106007832804603007408360700370000400000790080,941236578583479621267581349739825164156947832824613957498362715372158496615794283,1
508026004073490806040078000962054300854013600700802000000047000000080040007000280,598326174273491856146578932962754318854913627731862495389247561625189743417635289,1
402600731760010985900500020840060500300900048500801006005080060000100857000025000,452698731763214985981573624847362519316957248529841376135789462294136857678425193,1
008003060003809012000064583300002007800001005072406300005107008001000200084000000,428513769653879412197264583316952847849731625572486391265147938731698254984325176,1
201905007008004500540620000080000100009200050050000608003800000495107080006402730,231985467968374512547621893682543179179268354354719628723856941495137286816492735,1
638090004100058030000030600890016400010500906040982000000000000000165000470800560,638297154124658739957431628895316472213574986746982315562743891389165247471829563,1
000480005468000017000109486750004000800650100000003008307540029610000000002360001,971486235468235917235179486759814362823657194146923578387541629614792853592368741,1
600000003009107024072006190001000430003204800408090007200009000005020000040870002,614982573859137624372546198521768439793214865468395217287659341935421786146873952,1
080570264007060000060000170105000609090010008800490030056700312000020057700051400,381579264547162893269834175135287649694315728872496531956748312418623957723951486,1
200318045914000860000000007007560300050020090600080700100870039080490506069000000,276318945914752863538649127897564312453127698621983754145876239382491576769235481,1
030640107000090000794000600203005070070006051005070200006050018010800502800061043,538642197621597384794183625283915476479326851165478239346259718917834562852761943,1
000080100000004070140070000007002806309540002021607500010000097075400000004790020,736289154598164273142375968457912836369548712821637549213856497975423681684791325,1
000070603362000007409300005800009001706043000014000000090501070500600108201037900,158974623362815497479326815835269741726143589914758362693581274547692138281437956,1
403100005090054006610000030100000920030000650006098000004701060001005003000080210,473162895892354176615879432148536927239417658756298341384721569921645783567983214,1
100400200500000004200070016754200690006704003380056107035008000600500031001020400,178463259563192784249875316754231698916784523382956147435618972627549831891327465,1
720394801081205004005610097003000400160907000000800002000731900000000743000000500,726394851981275634345618297873152469162947385594863172458731926219586743637429518,1
020050000019700004006200100180004009005800700293000041071008200802000097000002000,428153976319786524756249183187324659645891732293567841971438265832615497564972318,1
908000700507900180200784000000009600030000075006070010800527000070406001604000020,968152734547963182213784596725319648139648275486275319891527463372496851654831927,1
000007001701580000040600850059470632000000704000100009690005008074000060018060405,865297341731584296942613857159478632386952714427136589693745128574821963218369475,1
000602000020710600704509203002006030050000000906300400030045092849260170015900060,591632748328714659764589213472896531153427986986351427637145892849263175215978364,1
010000000502060703934070861450000980300097600009000007000900046000740230240608009,716839425582164793934275861457316982328597614169482357871923546695741238243658179,1
700051040234070050080000000002000304040007090159030670010000009000002030008009716,796851243234976851581324967672195384843267195159438672417683529965712438328549716,1
008000460700080000020710000074008196951060008300100005010079680000001703400000001,138925467749386512625714839274538196951462378386197245513279684892641753467853921,1
300021060210069035689000040702100050000003401000500097008000504500900070060000900,375421869214869735689375142792146358856793421431582697928637514543918276167254983,1
001000090004800006080094005040000001020000300105200000000020867762900143008710050,251367498394852716687194235943678521826541379175239684519423867762985143438716952,1
000000008028400910009708300040903250000025030000174090790001603030240000000000500,571392468328456917469718325847963251916825734253174896792581643635247189184639572,1
000040950078000040000010370032600019004083067700000500947060000000094106010000790,621347958378259641495816372832675419154983267769421583947162835583794126216538794,1
368070000574280031001000008000790084030000902000400000700052400000930120900007003,368175249574289631291346578625791384437568912189423765713852496856934127942617853,1
100000080702980030846010000000709060000008000065401708000803007580070023007125800,193547682752986431846312579318759264479268315265431798624893157581674923937125846,1
029100805000090104001000000000561428600027951102048076000000509010400000034600200,329174865875296134461835792793561428648327951152948376286713549917452683534689217,1
100002300007003028002900500000307109000008030970605000005069200020034090306000005,149852367567143928832976514684327159251498736973615842415769283728534691396281475,1
000060002002400700500708060283000006700040500040000000000070601600094273300001004,879165432162439785534728169283517946716943528945286317498372651651894273327651894,1
090360000804001006360008170503900000080003600006075034700602080000004020200009065,192367548874521396365498172523946817487213659916875234739652481651784923248139765,1
000730000007019025010500008401085600036400801800000007064070050703050000008200700,985732416647819325312546978471985632536427891829163547264378159793651284158294763,1
270080000800300000360150970023045700906073100740091063010706004007009001400500000,275984316891367425364152978123645789956873142748291563519726834687439251432518697,1
087503400425000003000402578000100842000250030073600900000001060032005000150000080,987513426425768193361492578596137842814259637273684951748921365632845719159376284,1
320070000408000027900000300030820605000700832060053700609004200040600080003007001,326479158418365927975218346734821695591746832862953714659184273147632589283597461,1
080905107004070092007060000200000534005000080800001000503016800008203005000000703,682935147354178692197462358271689534465327981839541276543716829718293465926854713,1
000000001039704005045123009020516034560000900014800000000470000400001506090608000,287965341139784265645123879928516734563247918714839652856472193472391586391658427,1
004000700079040082085072401007300800230000040000700603900610004000207050002050900,124835769379146582685972431497361825236589147518724693953618274841297356762453918,1
000004050906708234020006010600402590005000047048009000002800100509060400803007960,781324659956718234324956718637482591295631847148579326462895173579163482813247965,1
000630081086000700000000900049508020000219046002040800008000600590800000300001008,925637481486192753731485962149568327873219546652743819218374695597826134364951278,1
000070698908430001062000074400301057200060189800000003000000742005240900000009830,543172698978436521162895374496381257237564189851927463319658742785243916624719835,1
403291050008040020200083410502100030036000500800004000000000090080010672904700180,473291856618547923259683417542168739136972548897354261761825394385419672924736185,1
000006907700300084054809000100725038000010000080090005800060103461530802000004070,318246957796351284254879361149725638537618429682493715875962143461537892923184576,1
200000400005200070867000000100030020003071604086502730000468007700009005608000243,239657418415283976867194352174836529523971684986542731352468197741329865698715243,1
406975080502001000080400009008050004003090700650000090020500000000020615005710243,436975182592381467781462539918657324243198756657243891124536978379824615865719243,1
008400971070860050400005060000947030090002000010000500200006017007000305100000692,568423971973861254421795863852947136396152748714638529239586417647219385185374692,1
060010700007049000908000340090860504084007609706090000609030021800004900003900400,462318795537649182918572346291863574384257619756491238649735821875124963123986457,1
008130000146020000005960200600090020002708360503040009809006102300209706060301000,928135674146827593735964281681593427492718365573642819859476132314289756267351948,1
500090000000600089068001000300580490095000300702900051600009010109020704843015002,531498276274653189968271543316582497495167328782934651627349815159826734843715962,1
060801300010430079423000008800007005000004720002000000201500860600000090059108000,967851342518432679423796158846327915195684723372915486231549867684273591759168234,1
000030400070024060004967050800200000546000020720409000017300500000795106059600207,965138472178524963234967851891276345546813729723459618617382594482795136359641287,1
002040000900600700015007009270060003000000000001074006056090071849010600120806054,782943165934651728615287349278569413463128597591374286356492871849715632127836954,1
500000006640007900290500000000408790860759000400130508006004300905000412300200000,537891246648327951291546837152468793863759124479132568726914385985673412314285679,1
300100400400008002065700081903407005720500000580090004002000609000054000000010503,378125496491638752265749381913487265724561938586392174152873649639254817847916523,1
060500800502000004009000530640000910300608000005000000487009006950010002206400000,164593827532187694879264531648752913391648275725931468487329156953816742216475389,1
106000200080000059039402000007000092925600430403010000391020800008941020000003905,176598243284136759539472186817354692925687431463219578391725864658941327742863915,1
000000840006048009908000003503804602000060090067100000012409050080001270000007000,235916847176348529948725163593874612421563798867192435712489356389651274654237981,1
020006890309000007008000214604980000801020040050000006700068050005100030006250000,127546893349812567568739214674985321891623745253471986712368459485197632936254178,1
006014030200800070809300100020490080004020650010003000008040000500000460002030005,756214938231869574849357126627495381384721659915683247168542793593178462472936815,1
051000002000057008379000600000010000010602093062379041600020000480000060120564089,851436972246957138379281654934815726718642593562379841693728415485193267127564389,1
004079800020000976987000000809601402400907083030080710090810500100000007640005000,364179825521348976987256341879631452415927683236584719793812564158463297642795138,1
012000305007023040040005026026940030001300204050002000000814090108000053000030080,612489375587623149349175826826941537971358264453762918735814692168297453294536781,1
200380900000500381003069205509000730040053000300700052000004800678000000904010020,257381946496527381813469275569142738742853619381796452125974863678235194934618527,1
908031000607805420100000008095020170800000000000000809001782940049006007700900000,928431756637895421154267398395628174876149235412573869561782943249316587783954612,1
021703009096500307070900085030009572650000100000000036002400000710200604000090820,521783469896524317374961285138649572659372148247815936982436751713258694465197823,1
020090600800300100300520097000060000107000050030005700970080001000900276600017009,725491683894376125316528497548769312167832954239145768972684531481953276653217849,1
010873400034000800009106000080701000100054700500200030068015007000060900001408600,615873429734592861829146375286731594193654782547289136368915247452367918971428653,1
750904020030006805000030060003070090967020000580300000008090000670153209195042030,756984123239716845841235967413578692967421358582369471328697514674153289195842736,1
500003070000400000067002800940030050005907003003040900038001002201000000706300148,524183679819476235367592814942638751685917423173245986438761592291854367756329148,1
008362000050004060010000042070806503005043087200590004000005030000600100007400005,948362751352174869716958342479816523165243987283597614891725436524639178637481295,1
000040006100003000402805930020000000018900045000060301030080000600300082045090063,753249816189673254462815937526134798318927645974568321231486579697351482845792163,1
090040000620000083070300095000000806000007310706039050009070000400015900801923007,395748621624591783178362495913254876542687319786139254259476138437815962861923547,1
400000839000100026000008000372510900069007210084000000931075642050000090006901300,417652839895143726623798451372514968569387214184269573931875642258436197746921385,1
002001000097600020810002000040320700005000003600009000001805902080907360050004870,432781596597643128816592437148326759925478613673159284761835942284917365359264871,1
100006708367408001400007000010700082500009630040062910701600000690020100200000800,129356748367498251458217396916743582572189634843562917781635429695824173234971865,1
504700000020001570017090080280000706706080050450670000078200090065010400040953000,594728631823461579617395284281539746736184952459672318378246195965817423142953867,1
700089000005004030009002017502000000010026000300000724104003600023050000008000590,761389245285174936439562817542937168817426359396815724154793682923658471678241593,1
200040003008037001010800074069500302800000516540003080000400000000712035020305090,297641853458237961316859274169578342873924516542163789735496128984712635621385497,1
010045060060710590895360070640050080000297046027680000000529800050000609900000000,712945368463718592895362471649153287538297146127684953376529814254871639981436725,1
002047508009002364040000000001039800005000130903010200000956083604873012000000605,132647598579182364846395721421739856785264139963518247217956483654873912398421675,1
590802346602090501040500000305600910400000058008000000004700800080060030050200007,591872346672394581843516279325687914469123758718945623934751862287469135156238497,1
000090006460010980090007000700035064030104008006200530000701849000080650000450100,315892476467513982298647315781935264532164798946278531653721849124389657879456123,1
100003649000040500634005812007409100003002005010000020000284001000017000041300087,175823649982641573634795812527469138863172495419538726796284351358917264241356987,1
870030060400000007900010050000060098090003000007002410059600000008300000100298675,875439261431526987926817354312764598594183726687952413759641832268375149143298675,1
067000000215608300040020009080074096002000400400250000050900000709000082000030065,967143528215698347348527619581374296672819453493256871156982734739465182824731965,1
680250010002060587000701000893005420000308700005042608040030000000100000360007140,687259314912463587534781296893675421426318759175942638241836975759124863368597142,1
800510000020806001001320648105904000080100003906008075000000580400000002000000009,864519237327846951591327648135974826782165493946238175613792584459683712278451369,1
600500290480209003030178004860000000050006800293000060706051002000000080018000506,671543298485269713932178654864915327157326849293784165746851932529637481318492576,1
300007095004600001000030080021000900953762000708910000030048009000001300405390002,316827495874659231592134786621483957953762814748915623137248569269571348485396172,1
006102950000030000127000830300004710065000000010003009078300501003051087050768000,836172954549836172127945836382694715965217348714583629478329561693451287251768493,1
010000084030204000007031200400600132003012070020003059080009000350100006200005010,512976384836254791947831265475698132693512478128743659781469523359127846264385917,1
502007000894300700016500000000800300087600201609030008000400803060000040058790000,532947186894316725716528439125879364387654291649231578971462853263185947458793612,1
020005801007080290680492000000000030008914020004000709009003584000050003835049102,923675841547381296681492357196527438378914625254836719719263584462158973835749162,1
706013000009008316138000007064309001005007060070006080600500804400060009001004070,746213598529748316138695247864329751315487962972156483693571824457862139281934675,1
087900060300050000000800517150600002809004170702080300200307004400000009000005800,587941263321756498946832517154673982839524176762189345298317654415268739673495821,1
090004283000200050086300900000451000020800005008020300817503400902000000450000070,795614283134298657286375914379451862621839745548726391817563429962147538453982176,1
090007250240605078503028000600090007310702609009000021400000000107000060032580010,896417253241635978573928146628194537314752689759863421465371892187249365932586714,1
000300509000807403304060000060490030020000607031608004090280000086700002040030900,872341569659827413314965728765492831428513697931678254593284176186759342247136985,1
030000060100470008006105740081300400000009800009000230003000600400710000908603000,734298561152476398896135742681327459327549816549861237213984675465712983978653124,1
100020400000004000802007506000095087090008040603701050301009804760402000008073209,175826493936514728842937516214395687597268341683741952321659874769482135458173269,1
407600130000010000010905020001360402500000360060250009000530080200106000035008900,497682135652413798813975624781369452529841367364257819976534281248196573135728946,1
090008045072100803000060000907800506806000070004673910000405000000030002700080430,691328745572149863348567291937814526816952374254673918123495687489736152765281439,1
097600200008092000060370090010000408006000000000060937183509746005846010640010000,497651283358492671261378594519237468736984125824165937183529746975846312642713859,1
009200600300096105807030902001008364008000000700000020000320009100609008000800050,519284673342796185867531942251978364438162597796453821684325719175649238923817456,1
087230400290000006300607001000000940405300010000060080000053200508910030000000060,687231459291548376354697821862175943475389612913462587146753298528916734739824165,1
900017300001302600200908700140039506520000003000840000000600050800790201009000830,965417328781352649234968715147239586528176493396845172412683957853794261679521834,1
600978001713024080009000007000045060802009100540312070001697004000000006000450700,625978431713524689489136257197845362832769145546312978351697824974283516268451793,1
000006009300001500900000143500610730200370400003020901609080354035000098002000610,451236879387941526926857143594618732218379465763425981679182354135764298842593617,1
370050124050204906092301008000000600021000800509600200803702465200006000905010000,376859124158274936492361578734128659621935847589647213813792465247586391965413782,1
009460700084075000000098030008030540032000090005004000006000309910083000000902600,359461728284375916671298435168739542432516897795824163526147389917683254843952671,1
020050301000003042610400500730000210000201006260040900000305109150900023300006475,427658391589713642613492587735869214948231756261547938874325169156974823392186475,1
105900000700000090004013000306700010080100000901002083639574100008300706417608300,165947832723865491894213567346789215582136974971452683639574128258391746417628359,1
800007030720000006091003570039240000507000204080075093362950040000702005075000020,856417932723589416491623578639248751517396284284175693362951847948732165175864329,1
480000530090008002001005089004200800309007000050300000075040006000801070100070020,487629531593718642621435789714256893369187254258394167875942316932861475146573928,1
500043008080601030003008005050000027410280006007005890378090002000002080600000000,561943278782651934943728165856319427419287356237465891378196542194572683625834719,1
004005009890006050615080403002804590401003007500020804000600020006090015008000040,324175689897436152615289473732864591481953267569721834153647928246398715978512346,1
850000010041020800203810700506104070024000160700056400102000000005000327030670500,857463912941527836263819754596134278324798165718256493172385649685941327439672581,1
020760003740200500060408709000003008403900060090620030900800050000090600100502004,528769143749231586361458729652143978413987265897625431974816352285394617136572894,1
290470600048150090000000405000000000000069017060305820006500008004600209530008006,295473681348156792671892435152784963483269517769315824926541378814637259537928146,1
020093510050040630073158002000000820730804000000309000090000301000906205068200790,824693517159742638673158942946571823732864159581329476295487361417936285368215794,1
800000090100000803040060501500006007068700100300450068451070680630100000700624300,875213496196547823243968571514896237968732154327451968451379682632185749789624315,1
019060005850004002000070000076805200000092780208007004730001600004000007080720043,419268375857134962623579418376845291541392786298617534732481659164953827985726143,1
000078000908302067567400003004005000002147908700000000005900000309001085400000700,213678594948352167567419823894235671632147958751896342175984236329761485486523719,1
439700080150300706000481000004010038080940007300000092040030020690007810800004000,439765281158329746267481359974612538582943167316578492741836925693257814825194673,1
496100708037009050000008400009006010002090000080207000004070600000002004905804003,496125738837649251251738496749586312512493867683217549324971685168352974975864123,1
100040059907200003630059010000674000579000300040003070700005400410000000005468000,182346759957281643634759812321674985579812364846593271763125498418937526295468137,1
090050000000000020800092457683020000040300205500940068300400500002005000405078093,296754831754813926831692457683527149149386275527941368378469512962135784415278693,1
100900800009708603000603000820006040000080006004005087670030090000800030340500102,136942875459718623287653419825376941713489256964125387671234598592861734348597162,1
275900603610200000000000219002700000000150982004300100000870005700000090508039020,275918643619243578483567219192786354367154982854392167926871435731425896548639721,1
000000007900027100201850609600400070012000083730980000060508002000009006500613090,843196527956327148271854639698431275412765983735982461369548712184279356527613894,1
270509180401000500068710090007605800020000300000900000035196008000050000000807950,273549186491268537568713492147635829829471365356982714735196248982354671614827953,1
087100050000806174600430820870000490030000701000705008250041007000000000000060012,487192653329856174615437829871623495532984761964715238256341987193278546748569312,1
000105030000006105500000007091000206005000370020007510002003081037060000064800090,276185934483796125519324867791538246645219378328647519952473681837961452164852793,1
790180600056340910180906002400695003020000401000214000800003060502060000007400080,793182645256347918184956372471695823625738491938214756819573264542869137367421589,1
000000890050004002702080000000007020000830051903250048020798164008015000147003009,416372895859164372732589416581947623274836951963251748325798164698415237147623589,1
600100492000020008502798160080250900000000080000486300100972000000060270007001039,678135492931624758542798163386257914425319687719486325153972846894563271267841539,1
700080010001000000000004806000000269290008070657192300800627090400009107070001028,746283915381956742529714836138475269294368571657192384815627493462839157973541628,1
893070124102038700700201893507000010000000907060807000000569040905004000620000009,893675124142938765756241893587392416231456987469817352378569241915724638624183579,1
082700049000000078400390612005000180009030000013002090000020000090603801506189400,382716549961254378457398612625947183749831265813562794178425936294673851536189427,1
813904607259000010760130080036070002900000170080000360000800000005009000020706001,813924657259687413764135289136478592942563178587291364691842735475319826328756941,1
028000700009610204060000095810064500075380600090700000002049010040100000000000007,128495763359617284467238195813964572275381649694752831782549316546173928931826457,1
070530000900010800008000007097006005001003090806000074069000000050247900200090050,672538419935714826418962537397426185541873692826159374769385241153247968284691753,1
050000039029300700080109006006080200003610057100090000010000640002060005000007103,651872439429356718387149526546783291293614857178295364715938642832461975964527183,1
008400006090000300006050018907086000020700600800523000010070800085390000200010054,158437296492861375376952418947186523523749681861523947614275839785394162239618754,1
000060090391000700800900054000290306000000080063185940057630409000000030430509070,542867193391452768876913254785294316914376582263185947157638429629741835438529671,1
410008300000240000000005002900007064004090005670104200001060020208713006706402001,412678359539241678867935412983527164124396785675184293341869527258713946796452831,1
300900000000200308240030900102008006800003250790040800400300020000007000500060010,356984172971256348248731965132578496864193257795642831487315629619427583523869714,1
019005000050900060028070090095610834100340050004000007041090300060804109002000500,719465283453982761628173495295617834176348952834529617541296378367854129982731546,1
000050000520800430003210870000108240270960018800042709002480000008631000649000000,481753692527896431963214875395178246274965318816342759132489567758631924649527183,1
000590000000000000080130070010400020342060001500003600806900004430007500090040010,167592483953874162284136975619485327342769851578213649826951734431627598795348216,1
000070120091423600000005000430000081010007940000041060002710030076030004903200000,354876129791423658268195473439652781615387942827941365542719836176538294983264517,1
500000700300080260090050008000300041060004000000920003850043000012806350030005820,584632719371489265296751438928367541763514982145928673857243196412896357639175824,1
008973000009400802400806307000780010000502970000009403040051000023000701080207000,268973154739415862451826397392784615614532978875169423947351286523698741186247539,1
004970030026050400070400001003096108200000903000000060857600309009185040400000006,184972635326851497975463821743296158261548973598317264857624319639185742412739586,1
200060950009024080000075004096040000185709002002050000007480600020000000500602790,234168957759324186861975234396241578185739462472856319917483625623597841548612793,1
000706140706109005300480000895000060673054810010000059030200000200000400060803000,958726143746139285321485976895312764673954812412678359537241698289567431164893527,1
004806205000040013200090048320004086000000002740920050010009000000183509900050160,194836275678245913235791648329514786851367492746928351512679834467183529983452167,1
470080350605073000000540976006804000007010640140009008800000207504090083000000400,479681352625973814318542976956824731287315649143769528831456297564297183792138465,1
090080350100305000803090072004000760600000905000920413715030200200007500000000000,497682351162375849853491672924513768631748925578926413715834296289167534346259187,1
403021000028090013000830000060002000500908031009050000300000170000005009205013040,453621798628597413917834562861342957542978631739156284384269175176485329295713846,1
270300000001278000380006010064502000000000090810004600000160004608700009032009006,276351948491278365385496217964512783523687491817934652759163824648725139132849576,1
100030067578006000000000590005007039000800005017050040906700204000060071040205386,129538467578946123463172598285417639694823715317659842936781254852364971741295386,1
000007000037012060240860103300000006000200407000098025760901200504020701900080634,691357842837412569245869173328574916159236487476198325763941258584623791912785634,1
005000960604219000000050400001005379050800000000070580062040053130000004500300120,215438967674219835398756412481625379756893241923174586862941753137582694549367128,1
456823790000607530730100200300960850000450100080300400100000000860710920070000000,456823791219647538738195246347961852692458173581372469124539687863714925975286314,1
020400080918620000004090520080000600030760045400000210050079402642080003000200058,526437981918625374374198526285914637139762845467853219851379462642581793793246158,1
840200000005674800000008000024009000350060901900500084080701490097806035010900060,846295317135674829279318546724189653358462971961537284683751492497826135512943768,1
029405000580306000003100009000004250000000403246530908010700680000008700700000001,129475836587396142463182579391864257875921463246537918912753684634218795758649321,1
009670400200000000000040910025004100098005000437096005000350000301400000506900703,819673452264519837753248916625834179198725364437196285982357641371462598546981723,1
090002803030000060482000005000080001000000900019263450000375600003109007000046002,697452813531798264482631795256984371348517926719263458124375689863129547975846132,1
010000020000802300005307940502000879083009051170000604930200400040000590006900100,318496725794852316625317948562143879483769251179528634931285467847631592256974183,1
900010502030008700054009060500080106007100000080700420010000604060005000040600208,978316542236548791154279863523984176497162385681753429319827654862435917745691238,1
802600050014000070750100004508060430020010005001000690000051008045070910080900000,832647159614295873759138264598762431426319785371584692967451328245873916183926547,1
103004289892010760406008030209000076008071040005600010020000000080500027960000400,153764289892315764476928531219453876638271945745689312521847693384596127967132458,1
200000000080090400603104008800000090900641030060839000095483001010002080008900007,249768153187395426653124978831257694972641835564839712795483261416572389328916547,1
080051094050620008000000060400003602020005007007200010008470000300019000001002040,786351294953624178142987563415793682829165437637248915298476351374519826561832749,1
000070050092150008060308700900003087807005490020700510000800070040007809000942030,183274956792156348564398721915423687837615492426789513359861274241537869678942135,1
006009100000800200410602007105080970200007000008065412002490580500070009300020740,826749135957831264413652897165284973249317658738965412672493581584176329391528746,1
600090201003000000000310006702080100098067000006520700021608947007000003004001605,675894231213756498849312576752483169498167352136529784521638947967245813384971625,1
460050009000009806039100000000712004700095283000083007500008300020040090900200000,462857139157329846839164572683712954714695283295483617546978321321546798978231465,1
070039002080000907006000500290016800610000000000290076130970060000060751065004000,471539682583621947926847513297416835618753294354298176132975468849362751765184329,1
020698310891200760004500000400381920010900000000020600000402003000030072003000050,527698314891243765634517289465381927712964538389725641176452893958136472243879156,1
037040020049000103010009080000030000100400800050610704003200900070590060920080300,837145629249876153615329487764938512192457836358612794583264971471593268926781345,1
300400000025000000906008172003000826162907004450000709201006500009130208080000030,317462985825791463946358172793514826162987354458623719231846597679135248584279631,1
916502000075900010000600000060210098150800043000460120590120400000750000040309001,916532874375948216824671359463215798152897643789463125598126437631754982247389561,1
040208000072540000860700025004032057000100046056890300080306000000481000400027060,549268731172543689863719425914632857328175946756894312287356194695481273431927568,1
850070000007860005600503000006957000002104090100000040260001953030090001000020760,851472639347869125629513478486957312572134896193286547268741953734695281915328764,1
000520010013800000002137600050600000000978034304050000009000001706000800080009302,897526413613894275542137698958643127261978534374251986429385761736412859185769342,1
000819260069070000800050947000400706000021300705683000052060000306040570970008000,437819265569274813821356947213495786698721354745683192152967438386142579974538621,1
000905000250000000007010006670000420014390000008470001061000000740000089032800105,186935742253647918497218356679581423514392867328476591861759234745123689932864175,1
900051070050000000800040000079008036500930000103604000700006508048005023090000700,964851372357269841812347659479518236586932417123674985731426598648795123295183764,1
106000700020867000000100080000010007619004308450630090090306574700902600003001000,186295743324867915975143286832519467619724358457638192291386574748952631563471829,1
000302610178000090030190000003806020560700801000000000040230060602075000005041070,459382617178564392236197485913856724564729831827413956741238569682975143395641278,1
057000209920500080304020060005000604030400758000005130000009020040003076798650400,157368249926514387384927561875231694231496758469875132613749825542183976798652413,1
800500437003700900247000080054632000608900300309807054130000000000301000906008000,891526437563784921247193586754632819618945372329817654135479268482361795976258143,1
600103000270500148140720050005204000820937000004800930400079000032001070007000001,658143297273596148149728653395214786826937514714865932461379825532681479987452361,1
300009008690842007002300010103000070080703100920080000700096000209100063010000700,375619248691842357842357916163924875584763192927581634738496521259178463416235789,1
031546970008073001700000302300015007500764003040020000000650009000007050000409000,231546978698273541754891362386915427512764893947328615473652189869137254125489736,1
800023060700000903000700000005000004600005000293870010057089200901056038000000000,849523167712648953536791482185962374674315829293874615357189246921456738468237591,1
007320160601050420000090005500902000000047008720000004004000080080076000205800306,857324169691758423432691875548962731316547298729183654164235987983476512275819346,1
060382000002060000300000000000001980600020001000090035007100403105000097200900150,461382579872569314359417862524731986693825741718694235987156423135248697246973158,1
009800130030402000806070090060030810003004900500010000300908070000140020201060009,429856137137492568856371294964735812713284956582619743345928671698147325271563489,1
005490020001702000027860103103040076600009401000300900006004000049020005700603004,385491627461732589927865143193548276658279431274316958536984712849127365712653894,1
002000041070050006961004305010000090050000704206740000005072009000080260008000007,582367941473951826961824375714538692859216734236749518345672189197485263628193457,1
004930000805142006000500000208003915700000020013200074000604030400095100900320450,124936587875142396396578241248763915759481623613259874582614739437895162961327458,1
002700600008020000067100000040080090215409700709000060001040000930051006006070018,352798641198624357467135829643587192215469783789312564871246935934851276526973418,1
074506012580001700002070005000300157041259600000060009006000021010000096005610470,974586312583921764162473985629348157741259638358167249436795821217834596895612473,1
127003060040176000006000000410000009680000070030280600078460003000001080000700402,127893564543176928896542317412657839689314275735289641278465193354921786961738452,1
342568190790000085650007000006000000000600010580400020034000208025810000007002900,342568197791234685658197432216983574473625819589471326134759268925816743867342951,1
004000000806401975517008004000005060600000507000860002270019050040570001000204003,394752618826431975517698324732145869681923547459867132278319456943576281165284793,1
000810037000000090000092641024000870090380100006009000900000405030000760052007003,249816537167435298583792641324561879795384126816279354978623415431958762652147983,1
002005486000009000040000005084390000301087900900501830008000513010860009009002078,192735486865419327743628195284396751351287964976541832628974513517863249439152678,1
005004000960003001010080390050017030000000870000000009004006008300241007006050040,235194786968723451417685392852917634691432875743568129524376918389241567176859243,1
804573260003000850005000037002084300090001000438006700781035000300100500006040003,814573269673492851925618437162784395597321684438956712781235946349167528256849173,1
103070004000004000420350609000200010016030902200140005971060408080010003002000090,153679284769824531428351679345296817816735942297148365971563428684912753532487196,1
000060054009007006034850000061000000040005762592070013180700000475001090006084037,217369854859147326634852971761423589348915762592678413183796245475231698926584137,1
010040052058390040400025000003700000070000409005009000030900080001280704084510003,317648952258397146469125378943761825176852439825439617632974581591283764784516293,1
000271900967034080000006537010602000028000000030010095005400001190708403000060809,853271946967534182241986537519642378728395614634817295385429761196758423472163859,1
000000600000001050009045300908050700300060020000007045450710290060090031102506480,514823679236971854789645312948152763375469128621387945453718296867294531192536487,1
020900400015006000900080030000009000340620010008005040680000090000890006590764001,723951468815346972964287135156479823349628517278135649687513294431892756592764381,1
004002780900008046000100053031009008060731590007840001600900000782010900150003000,314652789925378146876194253531269478468731592297845361643927815782516934159483627,1
900000670473001529601000804018950003046000900092340000850400000200009000000520007,985234671473861529621795834718952463346187952592346718857413296234679185169528347,1
009065300050000094607400050900270003035080002000034000073900108094300000100000000,489165327351827694627493851946271583735689412812534769273956148594318276168742935,1
000403080300000050000096023002507000070960300000000700050670210061342500024805006,217453689396128457485796123642537891578961342139284765853679214961342578724815936,1
005008096600900500000765042087104029060070103201000070803047005000080000000090001,325418796674923518198765342587134629469872153231659874813247965946581237752396481,1
000020070102003000700940000024000938830009251000080060000290300305670000090001045,948126573162753894753948612624517938837469251519382467471295386385674129296831745,1
000010405040720138501038070850007390009301000700050004030002040000000980090070000,387916425946725138521438679852647391469381257713259864138592746275164983694873512,1
000005300708010490051000608000007564000006900070000080003708040810309756900040803,496875312738612495251934678382197564145286937679453281523768149814329756967541823,1
705000026430000000821906500000061000000000001104720008300600005010405600067283190,795134826436852719821976543983561472672348951154729368349617285218495637567283194,1
600002008712004900003000070000300000037500809000009310071053082050190700084260000,645972138712834956893615274529381467137546829468729315971453682256198743384267591,1
079000000000100903306405000460020000853010002907003504004200009790000200200907806,179632485542178963386495127461529378853714692927863514634281759798356241215947836,1
087030000301400070009100030000045082000003609802000050200001000008900403700500000,487236591351498276629157834936745182175823649842619357294381765568972413713564928,1
501039000400070901000402580030080009009120400004090062060000004000063020000201000,571839246428576931396412587235684719689127453714395862162758394847963125953241678,1
000360000000500400000070020125030009306000000008109605001650002050403701060210000,274361598619582473583974126125736849396845217748129635431657982852493761967218354,1
000000702390027864200006310500740028000008001004062970060200000052670100700019000,416385792395127864278496315539741628627938541184562973961253487852674139743819256,1
800070000027089000053006080500000002000038019300020840705100028080700405462800000,841375296627489153953216784518947362274638519396521847735194628189762435462853971,1
820560040000000090030000185100002074200100050000000612401380520052017008003005000,829561347514873296736294185195632874267148953348759612471386529652917438983425761,1
000306027000040003390000600630529018000000006104600390020060005460102000800030060,541396827276841953398257641637529418982413576154678392723964185465182739819735264,1
002800701910002500003000000000008016000159800180000259000500002305600908040007000,462835791917462583853791624579248316236159847184376259791583462325614978648927135,1
607510420450060007008740000000000804940030000502470930010207040804000700000000091,637518429459362187128749653763925814941836275582471936316297548894153762275684391,1
008000400000090072004005806063007900700600008105003004900300200302000040007100080,578261493631894572294735816863417925749652138125983764916348257382579641457126389,1
050203900000089000008501026000708000890000000070050040020804705637000000405000030,756243981312689574948571326564798213893412657271356849129834765637125498485967132,1
000520000095030070307406000052609003006003890940000700530068000201054600009010050,418527369695831274327496581852679143176243895943185726534768912281954637769312458,1
610720005002905108500081000006504000050200000801009000060050700000347621073006804,618723495342965178597481263736514982459278316821639547164852739985347621273196854,1
007001000000400700040002001010023900070800016409600200000000670020940300008030009,897361425152489763346572891615723984273894516489615237934158672721946358568237149,1
908600000000100740000028965493000050062800490800040026045900680030002070009000010,978654231526193748314728965493216857162875493857349126745931682631482579289567314,1
069054720270698400804007009080000003700041060006032100005009000008400000900510000,169354728273698451854127639481965273732841965596732184645289317318476592927513846,1
204005090090400860030000040050210000780050001026738050600800900000001006900002304,264385197591427863837169542459216738783954621126738459672843915348591276915672384,1
305410060026003047007020000000306029004005030630200000008000094003700208040860070,395417862826953147417628953751386429284195736639274581178532694563749218942861375,1
000000000360048000408710000754009001936020080102000000007036090029071034800050060,271695348365248719498713256754389621936127485182564973517436892629871534843952167,1
050030700000001080009600500080050007000190030907843050506000070798065010020080400,152938746674521389839674521483256197265197834917843652546312978798465213321789465,1
004000000306098050578201900003070000900000840080004009600042587040586003000137400,194753628326498751578261934463879215917325846285614379631942587742586193859137462,1
000200140000890005025061908200000854460500000007000032000300000030008210074029003,789253146641897325325461978213976854468532791957184632892315467536748219174629583,1
007004093900800000104000500406538000203106058800472030000640700060300005001080362,657214893932857614184963527416538279273196458895472136329645781768321945541789362,1
000002980021870000004635000000060370073021009000300050082003400005700010007048500,736412985521879643894635721158964372473521869269387154682153497345796218917248536,1
000056804600710030050000600730000500900500317520301400000000908005200000002060703,213956874649718235857423691731649582964582317528371469476135928385297146192864753,1
000065020056809143791000056000000002620300470000500300008013004030000080402790000,384165927256879143791432856873946512625381479149527368568213794937654281412798635,1
400908000700400009008307604300500096070200401981070030010000960000000517567002048,456928173732416859198357624324581796675239481981674235813745962249863517567192348,1
802003000006900000703240000370100080160008390000000045000402008500800002207050031,892713564416985723753246819375194286164528397928367145631472958549831672287659431,1
580674010400009678079300200800050000060000007007008060004910086000000130050000009,582674913413529678679381254841756392265193847937248561324915786798462135156837429,1
504138000071050034090742001030480910100005002050000080010020690700900020000070003,524138769871659234693742851237486915186395472459217386318524697745963128962871543,1
008000490200069010090004020030897246000200300000310970080400500007600100006023700,768132495254769813391584627135897246879246351642315978983471562427658139516923784,1
070000005094000700261570000010008200835000904400009003000960000009702040180030000,378294165594816732261573489917348256835627914426159873743961528659782341182435697,1
120950000689020501000000208050010080910005006060009057700090800536001400000030600,123958764689724531475163298354617982917285346268349157742596813536871429891432675,1
010000590730020086400560300000006000070480050160305040046010208090040105300000004,612834597735129486489567321954276813273481659168395742546913278897642135321758964,1
300000002000362000207080601903000700700030000010074960620000010001520000400701200,386157492194362875257489631943615728762938154518274963629843517871526349435791286,1
005309000000006002109005008000000800090067000200030090073604010641000005050071430,725389641384716952169245378537192864498567123216438597873654219641923785952871436,1
000385961050619000010020000000064500167950200000070096700000640500736010600802009,274385961853619427916427385392164578167958234485273196728591643549736812631842759,1
000009004004105060590004013000751308150603002079000100080417600012530007700000000,621389574834175269597264813246751398158693742379842156983417625412536987765928431,1
400030051000058602000000090040001923106090000000504106030000509800900200290065040,462739851719458632385216794548671923176392485923584176634827519851943267297165348,1
029105306000009040350070020600053912000000007090700034002006750070091203065200090,429185376716329845358674129687453912543912687291768534932846751874591263165237498,1
000860090000000004030007081000004160201900070060170008803000547700040012120790800,475861293618239754932457681387524169241986375569173428893612547756348912124795836,1
004006203009040060530070400300150049900004500005090000290500070407060005650407980,874916253129345867536872491362158749918724536745693128293581674487269315651437982,1
016050200005400379409072005070605000080000007090700006040008701007064080000937452,716359248825416379439872615372685194684291537591743826943528761257164983168937452,1
190400300546809001000006840030005062052941080074200900000000500003002100005004600,198427356546839271327516849931785462652941783874263915269178534483652197715394628,1
090000420507340010000806030200000340030900000005230900960720000000059003000000204,396517428587342619412896537279685341631974852845231976964723185128459763753168294,1
300006900002013405000290300030004007207001004409082050620007530004309008100008700,385476921962813475741295386836954217257631894419782653628147539574329168193568742,1
908320060000000020000400009100003500390040000805092074002800000000070002000231708,948327165536918427271456839124783596397645281865192374712864953483579612659231748,1
070604005004020000001500490150030070000045300400100000640319082010007540780002060,378694125594721638261583497159236874827945316436178259645319782912867543783452961,1
901500002280910005050807010090000000002690008030070200000000504460080020805300106,971534862284916735653827419198253647742691358536478291319762584467185923825349176,1
900030815205000000010587600020000507079058000500070000841023906006100008000896074,967234815285961743413587629624319587179458362538672491841723956796145238352896174,1
060000000000407009007800060901000803042000001008009642106370020030602010725081006,264195387813467259597823164951246873642738591378519642186374925439652718725981436,1
006800007704201683080000020400005061002006000010070090030012906000503100040600000,526839417794251683381467529473925861952186734618374295835712946269543178147698352,1
048036000600504807050000420003701200005040603402000000200400060016000050030070100,748236519621594837359187426983761245175942683462853971297415368816329754534678192,1
400000600812090300006403000108300946069784000500000000001230068003007120000100400,437821695812695374956473812178352946369784251524916783741239568683547129295168437,1
008210000000840172021000000005420000043000200100350709000002000030790560590104300,478219635659843172321675984965427813743981256182356749816532497234798561597164328,1
500460138300210700098507006000026580020304000089000600006093010000000009010000000,572469138364218795198537246731926584625384971489175623856793412247851369913642857,1
093006085000030600000290000006000809009680150180900000000750361360800507070001940,293416785814537692657298413436125879729683154185974236948752361361849527572361948,1
000400170700030504451000000026009780009580640040602000004008005210000867080000420,398425176762831594451796238526349781139587642847612953974268315213954867685173429,1
009300070670080000000257900081006020000000130000023700000000207807005000406002590,259364871674981352138257964381576429762849135945123786593618247827495613416732598,1
040903500360007009900050010002001030406708290000520000004200950800000000000810000,241963587365187429978452613582691734416738295793524861134276958829345176657819342,1
892007310000100020003080675056000000300450700748000006675890000004010000201604090,892567314567143829413289675156978432329456781748321956675892143934715268281634597,1
000287001052609000981400706000003009200000135000508070030700004000840000000306090,643287951752619348981435726475123689268974135319568472836792514597841263124356897,1
600004100700913400914650700070006502030005604150000380061300005308500900007400000,683724159725913468914658723479836512832175694156249387261397845348562971597481236,1
320000509890030140000090000081705300062004905000902078009400000040050003000070490,327641589895237146416598237981765324762384915534912678679423851248159763153876492,1
460208000007000502008100070000095120006420035000607000050084001600010040000009200,465278319137946582298153674743895126986421735521637498352784961679512843814369257,1
043015000005670304200003060000048000700026000061507200300000402008000006009300580,643815729895672314217493865532948671784126953961537248356781492478259136129364587,1
500000068890520030002800907200090600010230045400001000350060029000000306009302504,543179268897526431162843957278495613916237845435681792354768129721954386689312574,1
096050070008007501400006028602013800380079010000002000713800040800000005060004187,196258473238947561457136928672413859385679214941582736713895642824761395569324187,1
082009600460200000000060403630708094970006500250190306000070000000900040807040005,782439651463215789195867423631758294974326518258194376349571862526983147817642935,1
030760010200314005100920003501000309000500024090000500740600100005080037008079056,439765812287314965156928743521846379873591624694237581742653198965182437318479256,1
000000016009060030007508204000087000702490000090605000936700185508010002040006003,325974816489261537167538294654187329712493658893625741936742185578319462241856973,1
659140070730965042104378500500000210080700000000000008005206000040007029010834000,659142873738965142124378596597683214483721965261459738375296481846517329912834657,1
097020040000700020010005876073010000086057400940680007009570080020800004800206010,697128345358764921214395876573412698186957432942683157469571283721839564835246719,1
807300600000082030100000950051403800002678510900501300000004000008100405400000080,897315624564982731123746958751493862342678519986521347619854273238167495475239186,1
079208004010097850020051000000010080783520000000000905090100000401000078037805691,579268134614397852328451769952614387783529416146783925895176243461932578237845691,1
407086300300509008000004016040050860082000507509802000004090001201075080900000400,417286359326519748895734216143957862682143597579862134754398621261475983938621475,1
020007003000060700930001008090300470700600000080075000300140206209500807100000934,826957143514863729937421568692318475751694382483275691378149256249536817165782934,1
000000009260080000000001200430800700006700010097206800908067005070005100600140090,841572639269483571753691284432819756586734912197256843918367425374925168625148397,1
341000060680407302000600000000200070500070430890004520000008095030040600050106000,341582967689417352275693184413259876526871439897364521164738295732945618958126743,1
000040820409070500308501000104000390030800005005000240010906004500080900090412600,751643829469278531328591467184725396932864175675139248213956784546387912897412653,1
000087000000009704000030069301000008070300090009004050700001620104506007080700145,943687512568219734217435869351962478476358291829174356795841623134526987682793145,1
030709040001046000426003097045008000700000030060300070893005000607830200200000063,538729146971546382426183597345678921782491635169352478893265714617834259254917863,1
800000400013700000090000060009030200700492100400000090902005007000300002040280906,857926431613754829294813765589631274736492158421578693962145387178369542345287916,1
060057000043090002000000086000702065080645030620913004000070020231008097700230100,862357419143896752579124386314782965987645231625913874498571623231468597756239148,1
390480610004000580700000294073064109420000000105000002000600000086040300240090065,392485617614729583758136294873264159429351876165978432537612948986547321241893765,1
079410060000000270120000059205090730006000010900001000682130507794060080351008000,579412368468359271123687459215896734846723915937541826682134597794265183351978642,1
050210093092007610000630500000080400701900360000700000500103240030070080204000000,856214793392857614147639528925386471781945362463721859578193246639472185214568937,1
075800000300050280080160700002007560967405020800620070500040900000500000043200800,175832694396754281284169735432917568967485123851623479528346917619578342743291856,1
000800000000904000708200006504600213070002000200140500825406730031008059000530402,659873124312964875748215396594687213176352948283149567825496731431728659967531482,1
507000809000500000400130000894001020200040907600920140008002090309010006000000010,517264839932587461486139752894751623251643987673928145168372594349815276725496318,1
005907006704010009096340157500000001900061023060005000200090000000700360600023904,135987246724516839896342157542839671978461523361275498283694715419758362657123984,1
420105003000003600300040200051030429000000107200001060698052040143000000002804006,427165983915283674386947215751638429864529137239471568698352741143796852572814396,1
050400800020070430306982007003600705170803200680000003007000000000010000800700901,751436829928175436346982517293641785175893264684257193517329648469518372832764951,1
800004020200081007070060805000000000500306002040100000020075400130420070704800206,815734629269581347473962815381257964597346182642198753928675431136429578754813296,1
052001378090050000008700000700100860900580030500030912070090103040015290800000400,452961378397258641168743529734129865921586734586437912275694183643815297819372456,1
809003000420000830507060201290000006703009102108700050681300090002004600004000008,819243765426517839537968241295481376743659182168732954681325497952874613374196528,1
000000130001900260053000087000407800000280600004096700026009470590000002408710006,769825134841973265253164987612437859975281643384596721126359478597648312438712596,1
060000379007020000908600500300490708170008090000000000020070405740080031090140807,462851379537924186918637542356492718174568293289713654821379465745286931693145827,1
200740800060503200407002009002000400140007080589100067050270603300000040000406020,215749836968513274437862159672398415143657982589124367854271693326985741791436528,1
017230000000500000400679200200050804089020600000800000036000489870903002102400003,917238546628541937453679218261357894389124675745896321536712489874963152192485763,1
010520000002700040400000205000971560000080901000345082693000017040803000000000050,916524378852739146437168295328971564574286931169345782693452817745813629281697453,1
000064080678000005040050000060400002790000040020590710006000000405209600010038904,159364287678921435342857169561473892793182546824596713986745321435219678217638954,1
005067001601500400020000500090100600180009000400050900350020000004013005008095734,945367821631582479827941563592138647186479352473256918359724186764813295218695734,1
410030005080097260000004080040000500058070030201003040830000426020386059005009800,412638795583197264976524381347962518658471932291853647839715426724386159165249873,1
000300090060008410090706000007000009526900040910000570604030001000170800105029700,852341697763298415491756283347582169526917348918463572674835921239174856185629734,1
006000700070120000538000204040370100000001400300009006000043950000900071050000042,126834795479125863538697214645372189892561437317489526761243958284956371953718642,1
100006090040839070005741320008052610000000047200003009000684002000090000020007408,137526894642839175895741326978452613351968247264173589713684952486295731529317468,1
048065002003007006600200010010000709700009020380001645036010000500940003800000104,148365972923187456657294318214658739765439821389721645436812597571946283892573164,1
007060008240100005001700000750092001060503020100006050070008003010900060002000900,537264198246189735891735246753492681968513427124876359479628513315947862682351974,1
504001000870005090900680000080009075000500000005000320700204960060003752000050010,534921687876345291912687534283469175197532846645178329758214963461893752329756418,1
000061700000700305000050081000003506063570002570602100906007450735096000420000007,852361749691748325347259681284913576163574892579682134916827453735496218428135967,1
704000500800047000061008003000201000000090710009700204002654000007000000640003105,724369581853147962961528473475281639236495718189736254312654897597812346648973125,1
003000050019000630000031028098145000700000000004087000030504709105009003000273000,483926157219758634567431928698145372751392486324687591832514769175869243946273815,1
259000000000500010700080500380006004102008006060000070020907040600802130000630200,259761483836524719741389562385176924172498356964253871523917648697842135418635297,1
700080009000000700098257003070000610623000000001500007185473200260905000030600001,712386459356149728498257163579834612623791845841562937185473296267915384934628571,1
051000080007600000800002070008200703010708200000940050030000907982500036760009010,651497382327685194849132675598216743413758269276943851135864927982571436764329518,1
002003700000208400600975003031000000048657320705312008000001062020509100080026000,892143756357268419614975283231894675948657321765312948579431862426589137183726594,1
000060300050401098000302064000097406760000000104030000900043870040006005500008000,421869357653471298897352164235197486769284531184635729916543872348726915572918643,1
003085900040010058000640070005070820070008509000950001000090003700001080031800207,213785946647219358958643172395176824172438569486952731824597613769321485531864297,1
000009005730851060950600080829000746060900100007060050098000002002000830070380601,286749315734851269951623487829135746563974128147268953398416572612597834475382691,1
510704000480000500000005041000000007058670403702000065000216070600507180070398054,516734298487129536329865741164953827958672413732481965845216379693547182271398654,1
100420900842950000009000240000872436000530029020040507308010700205000000014000650,136428975842957361759361248591872436487536129623149587368215794275694813914783652,1
879402316050300000000000002600000009040580000000067401708005004003004020004038670,879452316452316897136879542681243759947581263325967481718625934563794128294138675,1
260037090900200000078915230004002000006000052580700300800600570300074900000090004,265437891913268745478915236194352687736189452582746319849621573321574968657893124,1
300802001050460000000000604020081450000500020000000170805000200064200009090000865,346872591951463782278195634629781453417536928583924176835619247764258319192347865,1
340007600008021094209400100503080060862070040000200009430000006180900000020003000,341897652658321794279465138593184267862579341714236589435718926186952473927643815,1
002004003309000064005000810190800025054023000068045100907562001000018009000007206,812654973379281564645739812193876425754123698268945137987562341426318759531497286,1
000000040702080506001060078000008002610002830823700000460079001108000700200105600,986517243742983516351264978574638192619452837823791465465879321198326754237145689,1
084000560500180040090004000002490170070001800000758406000010000903800017600075300,784932561526187943391564782862493175475621839139758426247319658953846217618275394,1
754600000000082000260700314000006040006971820003200006000000050080500001105069002,754613298391482567268795314927836145546971823813254976632148759489527631175369482,1
007005000856400001309000000000526007005003400090100053100000060074000835060807100,247615398856439271319782546431526987685973412792148653128354769974261835563897124,1
643015007001002603520030040030000574708020000090076080000703809000000005000140700,643815297871492653529637148236981574758324961194576382462753819917268435385149726,1
300000102800000300005032009140000030037291068000003700051008000004165800003009506,379856142826914357415732689142687935537291468968543721651378294294165873783429516,1
508060000010025060002400005071086350300002009009570418000050090900618530000000800,538769241714825963692431785471986352385142679269573418843257196927618534156394827,1
524008001000003058030000720067000030800900100000400080370001000000306500600209800,524798361796123458138654729467815932853962174912437685379581246281346597645279813,1
840009000009740300702000000000000000280910435903062007300500610000070800068201500,845329761619748352732156948174835296286917435953462187327584619591673824468291573,1
006007140004002600750104020000340000490070063830500004040720000600000001010605000,926837145184952637753164829265349718491278563837516294549721386672483951318695472,1
006000000008070340005003082709016003600502004052097060067000005520000710003050600,436281597218975346975643182749816253681532974352497861867129435524368719193754628,1
759000300002030007006004005137000600040000900000041803901450760874100500000007002,759218346482536197316794285137829654648375921295641873921453768874162539563987412,1
045000070803000000706002439001050840000001563000034100004068920000005004530040016,945613278823497651716582439391756842487921563652834197174368925269175384538249716,1
020800700048900010603007009000302000064000000097040500900030026400291350530000100,129856743748923615653417289815362974264579831397148562981735426476291358532684197,1
098007130003000628006000040030005894001009070000830060104700080320008400005206000,298467135473591628516382749632175894841629573759834261164753982327918456985246317,1
080000096037400010005009000091007005200000400040056080500004000070018950100030007,482173596937465218615829734891347625256981473743256189528794361374618952169532847,1
143500090000009003000000520072000369030706002000900050007004010089170006014280900,143528697725469183896317524572841369931756842468932751357694218289175436614283975,1
934005100000743500000081002300000008028050001010800306600500000001090800000130000,934265187182743569576981432365419728728356941419827356693578214251694873847132695,1
830070000090802030762004009000000104004930000058007000010026000000003690346090207,835679412491852736762314589973285164624931875158467923519726348287543691346198257,1
040068501106502000800001700500120904970800010000000000450609802009204000602785000,347968521196572438825341796563127984974856213218493657451639872789214365632785149,1
570060910009050300030000008105002080740985001200070000900040070004297865007013090,572368914869154327431729658195432786746985231283671549928546173314297865657813492,1
650000741048000005920000030000006020060005000482031000876000052000600870090720016,653892741748163295921547638537486129169275384482931567876314952214659873395728416,1
370020980040758100005009000019200050207080691000910204760000000100040307000670019,371426985946758132825139746419267853237584691658913274764391528192845367583672419,1
381040060400100050005008000740810005003000000058009607016270000900500480500901276,381745962467192853295638714749816325623457198158329647816274539972563481534981276,1
520074030080053260300860090405001000067420010092630400208000100000010000900200070,526974831789153264314862795435781629867429513192635487248397156673518942951246378,1
437082601800700000000003800120008530790100400004920010900054000600000003502361004,437582691865719342219643875126478539798135426354926718983254167641897253572361984,1
007050308000700950000803060700300490943000000160007200000000009574200613090006580,217659348836714952459823167725381496943562871168947235681435729574298613392176584,1
580002010906070000012896005000730060400501800020060000000050630000007109090613020,587342916946175382312896745158739264469521873723468591271954638634287159895613427,1
305700000060500100408000005000039000100005060040002390000007514004100089950008603,325781946769524138418396725287639451193475862546812397832967514674153289951248673,1
701400530803056000095087600054009087006000000300840020000504800000700254040900763,761492538823156479495387612254619387986273145317845926672534891139768254548921763,1
000083060863009002190540000000491807400308090000050401300000200500104370070030000,745283169863719542192546783256491837417328695938657421384975216529164378671832954,1
390050200020900006000742000003060102002408000659003007000270600008004700070080040,397856214524931876861742359483567192712498563659123487145279638938614725276385941,1
820406951900005300130009060001000600206007030000001425010200000640000003379004200,827436951964815372135729864451382697296547138783691425518263749642978513379154286,1
000500040031080000480000000040618720700052810000009005800006397300790280009003001,692537148531284976487961532945618723763452819128379465854126397316795284279843651,1
000020007000890032602300000067904100000602008000570609006059010004701896013208000,438125967175896432692347581367984125549612378821573649786459213254731896913268754,1
039020705000900000600700803006170900970002534000095071000208000093560240060009107,439826715718953426625741893356174982971682534284395671547218369193567248862439157,1
000098010003000800070156030207500063050040020000972105302409570000065090900230001,524398716613724859879156234297581463158643927436972185362419578741865392985237641,1
000000100010060000403000902842000519000005004175489003000940207290031060000002000,728593146519264378463817952842376519936125784175489623651948237294731865387652491,1
170000034000809105290310806800090047010000290043728500000000010020006089480900000,178265934634879125295314876852691347716543298943728561569482713327156489481937652,1
040080600000120048180603200230007469604390100070060000009000300010000826020076000,542789613396125748187643295238517469654392187971468532869251374715934826423876951,1
740800100050000942003005007300020070000006200000300016921070080400080000000901600,742869153658713942193245867364128579517496238289357416921674385436582791875931624,1
000009010090030607005602090926000700800007026070000000000000302000870100437261580,368749215192538647745612893926384751813957426574126938681495372259873164437261589,1
000640200407010805321800906059080700746001080000704000600000000000007050912008000,598643217467219835321875946159386724746521389283794561675132498834967152912458673,1
705204100006000900000060080170800000004006005008900010001400206037000400400650701,785294163216583947349761582173845629924316875568972314851437296637129458492658731,1
905002800800057090000000045000903000007080010004006900382090571079000060400070300,965142837841357296723869145618923754297485613534716928382694571179538462456271389,1
000471230001000675008026000080250140002700000103000900390080004004300580800600010,965471238421938675738526491689253147542719863173864952396185724214397586857642319,1
005801000070200001100000245760005100090007020002008570600000000000536090957082006,245891763376254981189673245768925134593147628412368579634719852821536497957482316,1
000000010089320005050090200040002007071000400295007000900500706008000534506070002,462785913189324675357196248643912857871653429295847361924531786718269534536478192,1
006093040005780060200065000023050480040000095500040300007809004004030820062570000,786293541495781263231465978123957486648312795579648312317829654954136827862574139,1
009307610130020070060010003056140807310075064000060050000000346600030002740000095,429357618135628479867419523956142837318975264274863951582791346691534782743286195,1
000000910070010000480090000002054000700000201009072856050009024130000700200000080,523468917976215438481397562812654379765983241349172856658739124134826795297541683,1
007025000000000000090361040100000002000502601000178000210657804740003295003000000,387425916461789523592361748175936482938542671624178359219657834746813295853294167,1
790001000002035970013000008100002080054900063037500000001003400000000350020006010,796481235482635971513297648169372584254918763837564192971853426648129357325746819,1
300000400042010070907005002129603700000100009000002000094521036208006904630090207,381267495542819673967345182129653748856174329473982561794521836218736954635498217,1
095000038000090150084560270007035902008420006962810540800000000200100000050300000,795241638326798154184563279417635982538429716962817543841952367273186495659374821,1
000008430003620500000503692531000048200809010000100006020090060316000029090000000,652918437973624581148573692531762948267849315489135276825391764316457829794286153,1
001503900060018200098007005070065300906031700083004602000300409002000507009076020,721543986365918274498627135274865391956231748183794652817352469632489517549176823,1
600100349007309050000650020240060005090000004706090000384506902570002000060700581,658127349127349856439658127243861795895273614716495238384516972571982463962734581,1
700000004000087531300006280870020300500000728021030000008900003007000195006001802,782513964649287531315496287874625319563149728921738456158972643237864195496351872,1
001000007000509000839070000000060300000708010067000852205930741000050006006207030,541382967672549183839671425928165374354728619167493852285936741713854296496217538,1
500000890900065001200980000002008075657210040030007000060003080020006010300470060,576132894948765231213984756192348675657219348834657129461523987725896413389471562,1
090704000506100420004080009000008095020090040400000000903601500800043162612000904,291764853586139427734582619367418295128395746459276381943621578875943162612857934,1
039010607001605030065090004078246010054000200120700008400100060010004003087500400,839412657241675839765398124378246915954831276126759348493187562512964783687523491,1
000004080600580709000709010002350000000900000704806000203000070810005306460000890,975214683621583749348769512192357468586941237734826951253698174819475326467132895,1
072008090000600702900527003000230460080400005003070001324080000001000037090100000,572318694138694752946527183715239468289461375463875921324786519651942837897153246,1
080200410400000008061740090070004085300080062092635000010402830600800050020003000,783259416459316728261748593176924385345187962892635174517462839634891257928573641,1
407000300000470000001053000005801090700502100806307025000000056030005940094020730,457189362283476519961253874325841697749562183816397425178934256632715948594628731,1
006035824528000316000000905000070603000402080000000542400600708050008200803000000,976135824528794316134286975245871693369452187781369542492613758657948231813527469,1
000090380071080000000407002005001940060000003000000000039000075006004030247039600,624195387971283564358467192785321946162948753493756821839612475516874239247539618,1
160002045005439126009501083000000000000020534000150000800007050350000879047005300,163872945785439126429561783538946217691728534274153698816397452352614879947285361,1
002001708000028050900700230700009000000003587040270609400000000050160890009007000,532491768674328951918756234765819423291643587843275619486932175357164892129587346,1
270100604006204100100000070407020509012085067000040010040560001051802040000003058,275138694986274135134659872467321589312985467598746213843567921751892346629413758,1
302690408007508300050301090409150060600903000730406000570010030200000500003065070,312697458967548312854321697489152763621973845735486129578214936246739581193865274,1
409006500010790000003500000050210300004960270100400058000600030006380000000042060,479836512215794683683521497957218346834965271162473958721659834546387129398142765,1
701000040000700018000512370105080490096040007240073050630090085000320000002607000,751839642923764518864512379175286493396145827248973156637491285519328764482657931,1
605193840310058026080600003093200700700001000800005030078060300000000690000010278,625193847317458926489627153593246781742831569861975432278569314134782695956314278,1
930000204058070901000963005000012300300540006042006507001029053003051600000708000,937185264658274931124963785576812349319547826842396517781629453293451678465738192,1
700085400430210000800360071340090006002070000060001050680000005000600807003108029,721985463436217598895364271347592186152876934968431752684729315219653847573148629,1
982000005000001900005027806090080000800090640050400180500300000030216000008070060,982634715376851924145927836694182573813795642257463189561348297739216458428579361,1
405900710002416500001700608000009200947030106008500900009000001030002097070000300,465983712782416539391725648653179284947238156218564973529347861136852497874691325,1
000050000080070503003046018010000005000580006805030702102800400560700001038005627,621358974489172563753946218316297845297584136845631792172863459564729381938415627,1
080910000703500800059800207046092108008403070200105640001000700000050006020600080,482917365713526894659834217546792138198463572237185649961248753874351926325679481,1
001045037500030001000000200030406000780913600000050090260000009800500070000800006,691245837528637941473189265935426718782913654146758392264371589819562473357894126,1
051027300020536908300401005000005031102360057043000060730000100000050004004700090,851927346427536918396481725679845231182369457543172869735694182918253674264718593,1
061009730400008905000013000300006401050830020049070003205107340000045000004000057,561429738423768915978513264382956471157834629649271583295187346716345892834692157,1
430872000080049700706300490008130004200008000315090060072010045960000000004700900,439872156581649732726351498698137524247568319315294867872913645963485271154726983,1
350009008090785302008602105065001003809000000403507080036078050500000000080000009,352419768691785342748632195265891473879346521413527986936178254524963817187254639,1
650340900001020040200017800500000000006531490030000000065004300000750000402093050,657348912981625743243917865514879236826531497739462581165284379398756124472193658,1
300090100008406093005000000000901300000000018050027006100560402009203680070800009,364798125218456793795132864426981357937645218851327946183569472549273681672814539,1
809046010730010025000020006207000000003090000040002050004051902001060070080309000,829546713736918425415723896267485139153697284948132657374851962591264378682379541,1
008102040000860090000407000004000005010000038806000420072900083650008010901000604,568192347347865192129437856294381765715624938836579421472916583653748219981253674,1
000300010000002839300180760000700500004200103052801000906500000041000050200406001,468397215517642839329185764193764528684259173752831496976518342841923657235476981,1
000967000560408900009002003000070021010005740200140390041000050000001000700284100,123967485567438912489512673634879521918325746275146398841693257392751864756284139,1
380000090029004600070910200000485923000709000030120045000090500200340070890001060,381562497529874631674913258716485923452739816938126745143697582265348179897251364,1
000905004940080601000100030020000703130570009004308102070409310000000000603050240,361925874945783621287146935829614753136572489754398162572469318418237596693851247,1
050007800000530060100009000000760519000001400501948002206374900935006007080100020,352617894849532761167489253428763519693251478571948632216374985935826147784195326,1
210005080000000602006004005050001846080040500604000100031060950820350061000810030,217695384548173692396284715953721846182946573674538129731462958829357461465819237,1
200197300000000704010450009000008460007600028000000973002905137500003040000001600,248197356659832714713456289925378461437619528186524973862945137591763842374281695,1
904000180000000200106908004380500000041009000509020000605802400010060002230001005,974253186853146297126978354382517649741689523569324718695832471418765932237491865,1
008000407002064039600309025020091074010003000790000610000406000460030001000500040,938152467152764839647389125526891374814673592793245618289416753465937281371528946,1
054200000700500060020109004090070001200003695603000000300000200000890000060050040,954267138731584962826139574495678321278413695613925487389741256542896713167352849,1
000020005701500200500409138200034001093000750008200340000000600004010027007800513,389621475741583296526479138275934861493168752618257349132795684854316927967842513,1
634050098009036700010029000040310586300080001100064307500600004803200000090000002,634157298289436715715829463947312586362785941158964327521693874873241659496578132,1
042308960060071485108904000000097010000530290030000600301600700000005100000010000,742358961963271485158964327826497513417536298539182674381649752674825139295713846,1
800000000004010095000890040209401008600020070018073006902700004000006509050080702,891354267324617895765892143279461358643528971518973426982735614137246589456189732,1
605873021800920503013000070904230100050090030060000700400005300086310900031000002,695873421847921563213564879974236158158497236362158794429685317786312945531749682,1
069500008040001600280400900030709860000010003100000090053146700000005004900800000,369572148745981632281463957432759861598614273176328495853146729617295384924837516,1
003002049000000073780394165026017500078005000905026007030040080000070004060089000,613752849459168273782394165326417598178935426945826317537641982891273654264589731,1
007490000600200001010376500279000810060000000400002000738000065100000347000600008,857491623643258971912376584279543816361789452485162739738914265196825347524637198,1
209100403003900010500003090004200007000086040600005020195030062800000100400010500,269178453783954216541623798354291687912786345678345921195437862827569134436812579,1
700006810041700600629000000007001060060570100000034090000800000518090400004007580,753926814841753629629418753497281365362579148185634297276845931518392476934167582,1
190200040500640080008007500009450020200009000065002070003900000000000007704523608,196285743537641289428397516879456321241739865365812974683974152952168437714523698,1
380000069040760001006000400000973000703004000400500007001000980078091054500600000,387145269945762831126839475852973146763214598419586327631457982278391654594628713,1
704001000000070041020030090000904023000820904040050070271009085000005732050080000,784291356639578241125436897867914523513827964942653178271349685498165732356782419,1
040090508090300400531604097083507100000429850200803060000000900020100000400930021,642791538798352416531684297983567142167429853254813769316275984829146375475938621,1
000002050000010030300800129056000293003005470470000005030080000008900300020037068,917362854284519736365874129156748293893625471472193685639281547748956312521437968,1
000750002900300000003800005010000209496003701205900030061428503000000008000530007,684759312957312684123864975318675249496283751275941836761428593532197468849536127,1
050809600037000010806100030501000703089057120023061000308702400010500002070003000,152839647937426518846175239561284793489357126723961854398712465614598372275643981,1
009750431005081060600020578500100020000630000090040000103000045000014090008070602,829756431735481269614923578567198324481632957392547186173269845256814793948375612,1
912000007005000321000000089070012000109400750603050002090100270401007003207300060,912835647845976321736241589574612938129483756683759412398164275461527893257398164,1
000819034000000900120000075901206300006057000570400000000008509054002703090540008,765819234483725916129364875941286357236957481578431692312678549854192763697543128,1
254000300009200050810035000070000009360094105008501020987000516003600902001000000,254179368739286451816435297175823649362794185498561723987342516543618972621957834,1
075000000000005030000010508901050706087060000063070820094600085732500100658100290,275386419819745632346912578921853746487261953563479821194627385732598164658134297,1
010000600002051000000690000145907030007060901296000070051040302030500060709030405,518473629962851743473692518145987236387264951296315874651748392834529167729136485,1
000600000900002030032000100079850000000703000310200048000504200290080000750020090,541638927987412635632975184479851362826743519315269748168594273293187456754326891,1
073001508060800000500070000049085103800000409730400826000100000007060901210098700,973621548162854397584973612649285173821736459735419826398147265457362981216598734,1
706421003000069000901070000400098300018040690600000070800017060002950800500004710,786421953235869147941573286457698321318742695629135478894317562172956834563284719,1
003765000500004300402030750308000000000000147001090800830520094020908000910046278,193765482576284319482139756348617925269853147751492863837521694624978531915346278,1
000390005900260804004800009417600000092047063350000090100780000200050740079400002,728394615931265874564871329417639258892547163356128497145782936283956741679413582,1
008620074000009200250700900080070000700856093000240780000000320849000507001507800,938625174174389256256714938485973612712856493693241785567498321849132567321567849,1
710006804003400100080000030007083612156704903802001007008179000600000001001000090,715396824263458179984217536497583612156724983832961457348179265629835741571642398,1
062000008000050000003081070900000400786100900405000060078530004659402000304076500,162794358897253146543681279921367485786145923435928761278539614659412837314876592,1
508030000700490300000800900007210050010000000605080041300071084000040009400908130,598137426762495318143826975987214653214563897635789241329671584851342769476958132,1
000400703000021009100603000007100200308004000000200508600040900002916340904307006,286495713735821469149673852597168234328754691461239578613542987872916345954387126,1
000760050725000030100200008064070801000080364081600500000020070632807410057000209,843761952725948136196253748364579821579182364281634597918425673632897415457316289,1
831090000907005800040000000000006007074810000300750000712000590050001784098560021,831294675967135842245678139189346257574812963326759418712483596653921784498567321,1
043800209050000080086127004000530070005900460804000930007000023060000008308000700,743865219251349687986127354629534871135978462874216935497681523562793148318452796,1
400052307020600000370008000190800270000091000003275140610080024008020716000006030,486152397529637481371948652194863275752491863863275149617389524938524716245716938,1
000017002103205060000000010004050007800094625060020140310070080046800001500146200,698417352173285964452963718924651837831794625765328149319572486246839571587146293,1
070400839400800020860090007007000452308000900000149008086004000730205080250000010,571426839493857126862391547917683452348572961625149378186734295739215684254968713,1
800050000000038100150790000073846000080070400005310700040123500010509040009087316,836251974794638125152794638973846251281975463465312789648123597317569842529487316,1
001000056745006090600030001100050640900420010054000980000082500060107030800003104,381794256745216398629835471178359642936428715254671983413982567562147839897563124,1
037290000000000007010705026205001070000002801300967402174600080003004000002000014,537296148629418537418735926295841673746352891381967452174629385853174269962583714,1
060207008092438000700010503100000007079003054058700002006090071000000080010070400,361257948592438716784916523123584697679123854458769132246895371937641285815372469,1
000800007800290001091000600600000035075038000002004008000000073500080164000063800,234816957856297341791345682689172435475938216312654798968421573523789164147563829,1
205009008000500600986000075108005736500700900060083400800000000020300090000041000,275169348413578629986234175198425736534716982762983451847692513621357894359841267,1
470029060090370000031008000008200600069001000000780059604050031007000045950000206,475129368896375412231648597518294673769531824342786159684952731127863945953417286,1
630400008004200760070005000807090602013006807400780005140050073790000084300000000,631479528584213769279865431857394612913526847462781395146958273795632184328147956,1
008020010054008090000010065040107008731052006089006102420061000065700000800200000,698325714154678293372914865246197538731852946589436172427561389965783421813249657,1
008010094000940700604700050080207000120030000000860200463070800750002300000000000,278315694531946782694728153386297541127534968945861237463179825759482316812653479,1
009060350150430200600002089063045000500200000080390045095624010000100002010008504,429867351158439276637512489963745128541286793782391645395624817874153962216978534,1
046007010027031500190000207600000075200070000001083009002708000968004002704090006,546827913827931564193456287689142375235679148471583629352768491968314752714295836,1
627803410040009570500700203070900100200400800809005007700000300062380900080000000,627853419341629578598714263475968132236471895819235647754192386162387954983546721,1
000400680407130009980605000006000090190000038820300160270863000600950000350004806,512497683467138259983625714736581492194276538825349167271863945648952371359714826,1
200970005009000000004280010940002100805000006017000400000800300060010080080067590,238971645179546823654283719946752138825134976317698452791825364563419287482367591,1
504012000000008004800000510001420350250031000340675000000007109490103600070206840,534712986916358724827964513761429358259831467348675291682547139495183672173296845,1
031806500028540703400000000149280070002700804003060000080190000200650030016030908,731826549928541763465379182149285376652713894873964215384192657297658431516437928,1
820070000000820900700904802410398007005000204070240300000050063003000401007100500,829573146634821975751964832412398657385617294976245318198452763563789421247136589,1
040002800009000010050000900607080350001054000405007200010040580078120030300008000,143792865829465713756813942697281354231954678485637291912346587578129436364578129,1
008070000000000204009000075100037092902651008000040056700104000006000300200300080,458276913371589264629413875165837492942651738837942156783164529596728341214395687,1
050000410700000580000009007096804000000005030834072000000028000005400208048090701,952687413763241589481359627596834172127965834834172956619728345375416298248593761,1
200000001005300009087100600000690020600008000790004360020061500000805100508030040,249756831165382479387149652851693724634278915792514368923461587476825193518937246,1
000832600600000205007005098506070030700003500300900002063010054070509103050304006,495832617638791245217645398526178439789423561341956782963217854874569123152384976,1
004900005000007000905040806090182753002000009000030600700506004000000007050074060,264918375831657942975243816496182753312765489587439621728596134643821597159374268,1
572000900000700000064593708430050000206030091000610005703000000905270006610309570,572481963389726154164593728431952687256837491897614235723165849945278316618349572,1
079002400605000082480906000190005003000890007030041200021400000060128500000607000,379582416615374982482916735197265843254893167836741259521439678763128594948657321,1
310000800020005000507001030804000209053009640000804070200508700080010300000003006,319472865428365917567981432874136259153729648692854173236548791985617324741293586,1
010039080000200090002006135208600001100450008059020000001070640400002807000900310,617539284534281796982746135248693571163457928759128463321875649496312857875964312,1
090000010360700040082000007900028070000400920000090804010006400800514090074009105,497652318365781249182943657946128573738465921251397864519876432823514796674239185,1
000600000026010074080000900050000090060105207701900800600007400004250080872091500,543679128926518374187324956258743691469185237731962845695837412314256789872491563,1
000006010000002070706380200008050000009047086000060703067009025400605807205000000,952476318813592674746381259678953142139247586524168793367819425491625837285734961,1
000000063000031049013004280580003097300070520000528430804005072090080300007090000,429857163658231749713964285582143697341679528976528431864315972295786314137492856,1
000100030400070002000800401100000687703500900090710003040097120902430000601050349,268149735419375862537862491154923687723586914896714253345697128982431576671258349,1
003700560800160270000000000900530820002000600005080090520071040700000010316249000,193724568854163279267895431971536824482917653635482197528371946749658312316249785,1
600005000003102080208906503090800400700200068801004030000000021130400000029010340,614385792953172684278946513392861475745293168861754239486537921137429856529618347,1
500000000690030080301470005060003040039004000480200300710000069056300804800960700,578619432694532187321478695267153948139784526485296371713845269956327814842961753,1
007490005063000000090067002005000400000073001000004070706000000040510200052036100,287491635463825719591367842675189423924673581138254976716942358349518267852736194,1
006805092500704806008900730030501000800000000010087009029050070700000900400200600,176835492593724816248916735934561287857492361612387549329658174765143928481279653,1
900000000006905700000072006000039800000501293093207564009804020207000000041006309,972368415486915732315472986524639871768541293193287564639854127257193648841726359,1
890000020002007013400900800200705100070604250000009607910060002003200000000003001,891356724562847913437912865246785139179634258385129647914568372753291486628473591,1
700809041090050000400010000100092300800000004050008000328000457007204960006085102,735829641691457823482316579174692385869573214253148796328961457517234968946785132,1
390050700048007900200400000003009205070340010000060078009016037002005400000080092,391658724648127953257493861163879245875342619924561378489216537712935486536784192,1
000507830800010795057080004000863900090200300300001050480020500006000100130070000,921547836843612795657389214514863927798254361362791458489126573276435189135978642,1
730048200006090040940000075060500704004000010000070560200050009000000020080324000,735148296826795341941263875162539784574682913398471562217856439453917628689324157,1
089600075602070010700802004065080007043900000200000008570000420000500000120000056,489613275632475819751892634965281347843957162217346598578169423396524781124738956,1
040000010800050000015403060031080240008302000060700000623900580080615009009008070,342869715896157432715423968931586247578342196264791853623974581487615329159238674,1
200004010001980000005621300000802605000000100060705048420000000050000470800006501,238574916641983752975621384714832695582469137369715248423157869156298473897346521,1
100002000002080030000300172300004060000723000005806000063008517001697000748135609,139572846672481935584369172317954268896723451425816793963248517251697384748135629,1
150760908009083715087000004000036100000508000008010002800040500000000346243050071,152764938469283715387195264925436187714528693638917452876341529591872346243659871,1
003000004081600000629000130000800200058000070000002065190070006035096002706001009,573918624481623597629547138367859241258164973914732865192375486835496712746281359,1
602408000089607000000902000014070090000005407200300000060009720000780940000000085,652418379489637251731952864314876592896125437275394618168549723523781946947263185,1
860419050000300006000605431430100069700036500000070318080241600070000040002000080,863419257154327896297685431438152769719836524526974318985241673371568942642793185,1
000020010092000040070003900201094070004050001000806000300402007827100000410500009,643925718592781643178643952281394576964257831735816294359462187827139465416578329,1
080240135003090020000310908016530804095600000830400650000000000060100200000964080,689247135153896427274315968716532894495681372832479651948723516367158249521964783,1
000000904003960080080452030572609100000000000000087003128096000097508026006724000,215873964743961582689452731572639148831245697964187253128396475497518326356724819,1
040500803096080745800200960702000006365000010000002050030001009628900000000030500,147569823296183745853247961712358496365794218489612357534821679628975134971436582,1
500710309931000067020590081090200010060951702050000090200000958070000000600009200,584716329931842567726593481497238615368951742152674893243167958879425136615389274,1
310000026695000807020006510080940060100500000002003005056007300001405000070300604,318759426695124837724836519587941263163572948942683175456297381831465792279318654,1
800050002070002000002000300030067095940005000105900004000009000000083060086120530,813756942574392816692841357238467195947215683165938274351679428429583761786124539,1
900610034010204900070030000200070048000105700090000002508700000009306280000001009,925617834613284975874539126251973648486125793397468512538792461149356287762841359,1
500000060607002009080690570000400296742000000050803400070009001100007030300140025,593784162617352849284691573831475296742916358956823417475239681128567934369148725,1
003060027400010600007000041600000700520390416000650002090020000010000305300001009,183465927452719638967238541649182753528397416731654892896523174214976385375841269,1
900000008080900610000085070038510060000020800026003400800060000050470300640050192,914736528785942613362185974438517269579624831126893457893261745251479386647358192,1
000005301005130049021090000490010000000008070006903012060000097010000203073080060,749865321685132749321794685497216538132458976856973412564321897918647253273589164,1
802006001500010306609200800000004208050300069204600070000700605400905030000000900,832456791547819326619237854763594218158372469294681573921743685486925137375168942,1
200090301400800200035010094050900100301040000020060508093001080000750400000380002,278694351419835276635217894854972163361548927927163548793421685182756439546389712,1
008000020000001040530200107010005000400000500000037006002860031080042000906170200,178394625269751843534286197617925384493618572825437916752869431381542769946173258,1
000001500004800002000070190001096805500200910400010000000100007603748000080035400,739621548164859732852374196321496875576283914498517623945162387613748259287935461,1
005092004749060001300010085600473059400900100000021340080009710000000062000030408,815392674749865231362714985621473859473958126598621347286549713934187562157236498,1
000000803048000710000080460200839640000070200090041007052600030409052000610708520,561427893348965712927183465275839641134576289896241357752614938489352176613798524,1
030000000600309045005840200900008754080030960076050000860593400050080070040700503,438625197612379845795841236923168754584237961176954328867593412351482679249716583,1
070138005100004036028090001000860500900472300200000000031007000702001050806000007,674138295159724836328596741413869572965472318287315964531247689792681453846953127,1
008492005209683000030700800600030080097060001005007900001006490000100652564300070,178492365259683714436715829642931587397568241815247936721856493983174652564329178,1
500900060003512940000003000780020500000748102090350006007405010000000000956000000,512974863863512947479863251781629534635748192294351786327485619148296375956137428,1
301504007860007541540000000000003690030010004000400210700308100020001000080000405,391524867862937541547186932415273698236819754978465213759348126624751389183692475,1
000960340043800007070000850001070080007000006200040093300018074000000000016092030,582967341143825967679134852931276485457389126268541793395618274824753619716492538,1
070915340500700000140800500704038000300029001900600000485000010207100800001300200,872915346569743128143862579714538962356429781928671435485297613237156894691384257,1
910020570300700609700049000400005027000970006007064000800300960000090802200406050,914623578352718649768549213496835127523971486187264395871352964645197832239486751,1
300000090480300065750100032000005000075000903020780000208060304000002080104003050,312658497489327165756149832641935728875216943923784516298561374537492681164873259,1
090040010000903000500871040750006008368150000904380060400708002000014009600200080,897645213146923857532871946751496328368152794924387165419768532283514679675239481,1
700190008030258070508067009946000030001943000803001090000000710100000005320000900,762194358439258671518367249946582137271943586853671492685429713194736825327815964,1
804100020002040398000082146920000004005020000086450900500000800640030257000506409,864193725712645398359782146923861574475329681186457932597214863641938257238576419,1
340600050001749200000030000004000600205907000080000005009254378030801000578000002,347628951851749236926135784194583627265917843783462195619254378432871569578396412,1
803000200010000500009300800080709000974250000005000790000984000042506010008020304,853491267417862539269375841386719425974253186125648793531984672742536918698127354,1
190046730470291580020378000506020004000000008010800057001080960800050000040600000,198546732473291586625378149586729314734165298912834657251487963867953421349612875,1
673080024410000380800003001080069000900000156730000000300120670240050800100308000,673581924415692387892743561581469732924837156736215498358124679247956813169378245,1
900457001007000004000602003176090205090170006050306900720008360080030000009001000,963457821217983654548612793176894235392175486854326917721548369685739142439261578,1
200360708087000093300070020800047200706050004001800000000701852108504009002680000,219365748587412693364978521895147236736259184421836975643791852178524369952683417,1
080750000759400023006380040900000068000000100000100002040031970603500080001607034,384752619759416823126389745917245368432968157568173492245831976673594281891627534,1
000020500200900007560017324005100400007002030120000005010703000046090200050200740,371426589284935167569817324635189472497652831128374695812743956746598213953261748,1
030904806040100000008070043100087030600000000054001600000802000000000500405710900,537924816246138759918576243129687435673245198854391627791852364382469571465713982,1
100000209007950030000000510000403051370065002460002800700040000000020005580600020,156734289827951436943286517298473651371865942465192873732549168614328795589617324,1
900500004000029060503410000850000009300000600040700005030062000005300910690150207,982536174714829563563417892851643729379285641246791385137962458425378916698154237,1
000860701108070400630010000000008200000001370003000004209100030085607002040230080,452863791198572463637419825974358216526941378813726954269184537385697142741235689,1
002050040501380000000002001009070450600000000750106302000010000206705004000008960,862951743541387629973462581129873456634529817758146392395614278286795134417238965,1
300040070270000008640758001520010439004023000063097000006300000930200060050900010,381642975275139648649758321527816439194523786863497152416385297938271564752964813,1
006310002000940003009028070907084051500000080281650040000802960000400125600005000,456317892728946513319528674967284351534791286281653749145832967873469125692175438,1
600008000008600037700400681070500002005706013800009574084200009016030700090800000,641378295958612437732495681179543862425786913863129574384267159516934728297851346,1
006000000050160820180000009090300600810000900000040010030627450560000080741038290,276985134359164827184273569495312678813756942627849315938627451562491783741538296,1
501283060007046005068790004050300200710462859400950000000000090900000002070020408,541283967297146385368795124859317246713462859426958713632874591984531672175629438,1
875030601019820073000000000902070000006108000180500000001700034000001060490050080,875934621619825473234617598952473816346198752187562349561789234728341965493256187,1
020010935357098000090305000705030200900006014106900008000564023000009000500003869,428617935357298641691345782785431296932876514146952378879564123263189457514723869,1
009040010453861079076095080020074001600000030700086040007000304000030057030000100,289743615453861279176295483328574961645129738791386542567918324914632857832457196,1
500000090294800067000904002020008600750243000008600720002080000840006250000021978,581762493294835167673914582429178635756243819138659724912587346847396251365421978,1
080000009030201050560490020000000006074530902610004080050700008040300270008000300,182675439439281657567493821293817546874536912615924783356742198941368275728159364,1
000002400038010025000300890000020000010000280300097154040050060069038510851270003,576982431938714625124365897495821376617543289382697154243159768769438512851276943,1
002904700007000902400200063020309401106502000000008000000000100050007000900850004,862934715537681942491275863725369481186542397349718526678423159254197638913856274,1
600301000090540300003000015000100840800403507407000060900000100006930702384010050,625391478198547326743268915259176843861423597437859261972685134516934782384712659,1
001003050000405000200000104726304910000160700100007060450000200000041590012058006,941623857837415629265879134726384915593162748184597362459736281678241593312958476,1
806000090007005080090000070704000208050842069000060100020730004300508607009000053,836471592417925386295683471764159238153842769982367145528736914341598627679214853,1
735490800000700004020810070950000008800070250072500000000350180300007900007960040,735496821168723594429815673951642738843179256672538419296354187314287965587961342,1
050000043006004200280350700560009100490070008071020594600000020005010480000500900,157296843936784251284351769568439172492175638371628594619847325725913486843562917,1
600090000008402000027501060500020009280609170009040625070000050000216008806000240,641798532358462917927531864563127489284659173719843625172984356435216798896375241,1
000043087014008000007500000008000095691800270450007860000700000049006510200010000,526943187914678352837521649378162495691854273452397861163785924749236518285419736,1
108000500760290004000500006280000000604800200000612000809120003000070090070068410,128746539765293184943581726281459367694837251537612948859124673416375892372968415,1
001405300040600000706000804029843167000000090060007002000000200000230719000081003,891425376243678951756319824529843167437162598168957432314796285685234719972581643,1
071500428090402700000030905042800003930260800800000200000100002000000100103005074,371596428596482731428731965642817593935264817817359246769148352254673189183925674,1
004659020100040300000000008080260750210574890040000216001096402020030000400000900,834659127152748369697312548389261754216574893745983216571896432928435671463127985,1
050090400006004030010305009040002753062010094900540060100006000080000000603050940,358697421796124538214385679841962753562713894937548162179436285485279316623851947,1
040000500000652438000000000000580006051006080890304257103205090069003001200001305,648937512917652438325148679732589146451726983896314257183265794569473821274891365,1
750026841800050203026008500930502006000087000000600000097000105000075600400200030,759326841841759263326418579938542716564187392172693458697834125213975684485261937,1
001040603840000100062700000000380409004150032000070006700001060000038900190060008,571849623849623157362715894657382419984156732213974586738491265426538971195267348,1
308000600000390080506000037470619508801050000050000040702805009935102000104000000,348571692217396485596428137473619528821754963659283741762845319935162874184937256,1
040027069700009030000084000000200306000036470000475200010003020200761043305000000,548327169726519834931684752457298316892136475163475298614853927289761543375942681,1
530010800904080100000005060750046003360100080000900016603000000190060030200001605,536219874974683152812475369751846923369152487428937516643528791195764238287391645,1
801700200005000400000080106400001030690007804153060000070009001934100000018030049,841796253765213498329485176487921635692357814153864927276549381934178562518632749,1
000000005610350078054720009002000040970430000500002890080040006490800752305000184,723918465619354278854726319132689547978435621546172893287541936491863752365297184,1
870900000050730000309860000060520400004000000930140600002400030080209570547086210,876954123451732968329861745768523491214698357935147682192475836683219574547386219,1
156800002800609010079003000700005040000706005080000000010300400603078251900510806,156847392832659714479123568761285943294736185385491627518362479643978251927514836,1
000651920620490100030087605780000050006300710400000000000000500000000471040106030,874651923625493187139287645781962354296345718453718296917834562368529471542176839,1
890307004600182035500000870400061709000500003000004500352040100960010050170000000,891357624647182935523496871435261789286579413719834562352648197964713258178925346,1
000060700230598010016000500170200400300070200002100073601004380700800940008600100,594361728237598614816742539179283465385476291462159873651924387723815946948637152,1
059263081020507009080490502095002874200800090800070260008700000000300900004058000,459263781123587649687491532395612874276834195841975263538729416712346958964158327,1
080160050005800600003400000004908200060041005009620048206007304500280090000000510,987162453415873629623459871154938267862741935379625148296517384531284796748396512,1
090013050008000000005002109000001905003090000020578040207659400000000006350020008,792813654168945237435762189874231965513496872629578341287659413941387526356124798,1
000802005052430076700605320506947003800000007000000002078304500005090704030000200,963872415152439876784615329526947183891523647347186952278364591615298734439751268,1
301608049000000060800070100643000800200050906908000002030106000720005600086247000,371628549492531768865479123643912857217854936958763412539186274724395681186247395,1
030195006089000015506007009000040100400213060321700000800000400007008630060000058,234195876789462315516387249675849123498213567321756984853671492947528631162934758,1
009108000007040021400507000000080000125600000903751006300015600000006030090000517,239168754567349821418527963746283195125694378983751246372415689851976432694832517,1
000020053802003400005086900029007000600009210400010300006000730090360028238071500,961724853872953461345186972129837645683549217457612389516298734794365128238471596,1
040701030006003501503008009900504007050002004060010095104000903700000000000040080,249751638876493521513628479921584367357962814468317295184276953792835146635149782,1
720010000080047006006500107018072009000390018060801070604700300000905400000004705,725619843183247956496583127518472639247396518369851274654728391871935462932164785,1
806090003309807504570006820000000201480000000000900008190020407760104980200009010,846295173329817564571436829937568241482371695615942738198623457763154982254789316,1
060008970900120008040309000006000000500630000021004000000500042003042090200003056,362458971975126438148379625436215789589637214721984563897561342653842197214793856,1
007302500201700030034000700000610900000000085398054160403809000000065000070003000,987342516251796834634581792745618923126937485398254167463879251812465379579123648,1
100080290609021040750009381000002910000490002923010405000000030090208150070000029,134587296689321547752649381468752913517493862923816475241965738396278154875134629,1
005092700000380526006040100400870002027000053000000017000038200070400001842006070,135692748794381526286547139451873692927164853368259417519738264673425981842916375,1
080000000000520006000009700000007530300204071760080004029300067100600809057000300,982736145473521986516849723241967538398254671765183294829315467134672859657498312,1
000030402024708000605000070791050006200609034006080000060907500000245067500063001,987536412124798653635421879791354286258679134346182795463917528819245367572863941,1
700806130000009000040002590000030019000081000082000703000008000005420000890010074,759846132218359647346172598564237819937581426182964753421798365675423981893615274,1
300600000500304806060020003000003000439005708820060030000000007000758640070932580,347681259592374816168529473756893124439215768821467935285146397913758642674932581,1
200130600005800009000400050762309541000750206350004078810507000500900007004200800,297135684435876129186492753762389541948751236351624978819547362523968417674213895,1
674031500000060300901500070069000400547003000020690703006008905000900004000015060,674831529285769341931542678369157482547283196128694753716428935853976214492315867,1
000080509690750001200940078470605812000820907000009003007300080060500004901000035,734182569698753421215946378479635812356821947182479653527394186863517294941268735,1
020407100008009500006000002500048020000570031007003400070005000002764010060830009,325487196148629573796351842539148627284576931617293485873915264952764318461832759,1
304207001050003200009041003000806012082904030030700080010000024000000070700025006,364287951157693248829541763975836412682914537431752689516379824293468175748125396,1
035060709004005000602009000007080900008001304000900060000007403009136580503024600,135268749974315826682749135367482951298651374451973268826597413749136582513824697,1
000420730007003010100000200894010000000782400000049601001000906009200040400000853,956421738247863519138957264894615372613782495725349681381574926569238147472196853,1
150200030000000000207049180000708950570000003004050706020071390003502600041006002,158267439439815267267349185316728954572694813984153726625471398793582641841936572,1
010059307000003160037140900001030805000020710070504603100370400080000201340890000,816259347594783162237146958421637895653928714978514623165372489789465231342891576,1
018600009400090210000013708000008900009162074060049005001054007690000080743080000,518627349437895216926413758174538962359162874862749135281354697695271483743986521,1
850970060039020008002846050090200071085600004000057900900000610060100820500000490,854973162639521748172846359396284571785619234241357986927438615463195827518762493,1
030016200645072000002000060096001000001687003003000026060304910000100075000008000,938516247645972381172843569496231758251687493783495126867354912324169875519728634,1
700001093380024000000006820500030041071495200003700050004100080130000560060500012,726851493385924176419376825592638741671495238843712659254163987137289564968547312,1
230080706070050902069000804000645021400010679000700000087500103100008000045090000,231984756874356912569271834798645321452813679613729485987562143126438597345197268,1
072490003006003000009006724010507200020001576005902300201000005508000130000000982,172498653456273891389156724813567249924831576765942318231789465598624137647315982,1
000800050003005020670310490438520000060000010751000002940007085086000270007080600,124896753893475126675312498438521967269738514751649832942167385386954271517283649,1
960240870004090215500008009009032006600704030083000000046800000050009068008056004,961245873834697215527318649479532186615784932283961457746823591152479368398156724,1
000983600965040300103050004010000540002000003009518206090001830501000460320060010,247983651965147328183256794816372549752694183439518276694721835571839462328465917,1
120090700690085012000020000701200008030000000084600037300040001002070540509008000,123496785697385412458721369761234958935817624284659137376542891812973546549168273,1
003900108080104790000007006000090010850000009092000640064820900038049060709000080,473962158685134792921587436346295817857416329192378645564821973238749561719653284,1
108003000000709080009018000030080007700005108000076390010807502090640000020000070,178463259653729481249518736935184627762935148481276395314897562597642813826351974,1
002795813900004067000000429000200780300800002080060000000618030800007106016030978,462795813938124567175386429659243781341879652287561394794618235823957146516432978,1
024806150009005003060092078050081007072009600900600500600003040200760800047050300,324876159789415263561392478456281937872539614913647582698123745235764891147958326,1
600000518300060740700000030096037001800400607010850000000002000040693075970180264,629374518351968742784521936596237481832419657417856329165742893248693175973185264,1
005080900600001024003700000900005206060048000001603400198300005450000000006804000,215486973679531824843729651984175236367248519521693487198362745452917368736854192,1
030004605090500200680020000500860002906240800200970010060000020021008060850002400,132784695794516283685329174573861942916243857248975316469137528321458769857692431,1
005700092000800060600100047701006905009400036050900210060007000000609400978042000,485763192217894563693125847741236985829451736356978214164587329532619478978342651,1
064000078080001004910000300000000782800400630006070000059003027048607000000908050,564239178783561294912784365495316782827495631136872549659143827248657913371928456,1
305810796610700000800000040032000571068250000900040002083420000040690000200008000,325814796614739825879562143432986571768251439951347682183425967547693218296178354,1
000005760000040301302000009480000010230000980605128007000057603063410078700680100,819235764576849321342761859487396215231574986695128437128957643963412578754683192,1
005409002082000009000100450700000900016395007009207060001000000000001724090060510,165479382482536179973182456724618935816395247359247861541723698638951724297864513,1
203807090000006000080053700030000517107008000420000380804009102010200470070000000,243817695795426831681953724938642517157398246426571389864739152319265478572184963,1
080040506050070020000036800730010605090600200002007098000000000823000954040095002,987142536356978421214536879738219645495683217162457398579824163823761954641395782,1
002407685386519200500080309034000090000000820800000007270008900000053040000100060,912437685386519274547286319734825196651794823829361457275648931168953742493172568,1
003901008000020071000080000007040086002000700000700250004090815500130097960070402,473961528689425371215387964357249186192856743846713259734692815528134697961578432,1
869000200070200008020008000000000051710956480040300000050063740034005800087140300,869517234173294568425638197398472651712956483546381972251863749934725816687149325,1
827004156160008030930106280008400091400090360096000800080000000000510008000689003,827934156165728934934156287358462791471895362296371845683247519749513628512689473,1
200500400000064800600003500069738005340000010052000008000000900000206107007015300,281579463935164872674823591169738245348652719752491638516387924893246157427915386,1
010709300500006091020010040008070004004000079902000008005083007480090560600050982,816749325543826791729315846368971254154238679972564138295683417487192563631457982,1
009604080000810904008000000050936100071548093000020800036781050917000000582000700,729654381365812974148379562854936127271548693693127845436781259917265438582493716,1
054000000000048070081090000003050706008000090095071043000980210040603950020400000,954732681362148579781596432413859726278364195695271843536987214147623958829415367,1
620000700008000130051000006200003500000540010500712009130400000785920600000008050,624135798978264135351897426219683574867549312543712869132456987785921643496378251,1
100409038790000000003700500000106403000372900030945201002007600051090807000500000,125469738798253164463718592279186453514372986836945271942837615351694827687521349,1
750920480009000627200000005000049760000087200000030540970000004080004900103005070,756923481439851627218476395321549768594687213867132549972368154685714932143295876,1
760000019004008003390015040809000100070080300540037002950072001000001025010050700,765243819124968573398715246839524167672189354541637982956872431487391625213456798,1
970000000060702400082030090506010004007904001200000639000379010020600000008000900,975148263163792458482536197596213784837964521241857639654379812729681345318425976,1
000180603000460080000729050004050039603290014070340026030674000005000100090010008,942185673157463982368729451214856739683297514579341826831674295425938167796512348,1
008200007037104900905807106002540801400700060500001004079080500350000000000070000,618259437237164958945837126762543891491728365583691274179386542356412789824975613,1
501800060000305097780060000050103000004580602000000100907000001300002070240001006,531879264426315897789264513652143789194587632873926145967458321315692478248731956,1
106095000573014000800000000967000000050070103300050000610409008030100009480500020,126795834573814692894623517967341285258976143341258976612439758735182469489567321,1
924070000560203008080004000100400087000001020070058900000002800012000006090500032,924875163561293748387164259156429387849731625273658914635942871412387596798516432,1
004013968000200010030900240080430050000000000090807102103008000009000003002009700,724513968968274315531986247287431659315692874496857132143728596879165423652349781,1
921000500037002600600300024000201000092864070800790002004900000000008007300020950,921647538437582619685319724746231895592864173813795462154973286269158347378426951,1
090468050000000080800007609270000900080003170500000802120654090060082007050710026,793468251642195783815237649271846935986523174534971862127654398469382517358719426,1
000090370090600200403700060006249000008000402240050706060008000000005684015460900,621594378597683241483712569736249815158376492249851736364928157972135684815467923,1
001600000008000024030410000080000760000003402000960001805004000000120380120070049,241658973568739124937412658389241765716583492452967831875394216694125387123876549,1
004000920060207004802540000086053000900002040005004060600300801093876450250000007,734168925569237184812549376486753219971682543325914768647325891193876452258491637,1
620080150348075960105002300002001070000460803030000500500200700094000000000058000,629384157348175962175692348862531479951467823437829516583246791294713685716958234,1
070030506893100000004790803419003600000046051000817020301070200000001009900084005,172438596893165742564792813419253687287946351635817924341579268758621439926384175,1
040097002210000053870002960000600035000080609600004200700000020000100390000003007,346597182219846753875312964987621435432785619651934278763459821524178396198263547,1
800007102010304870064000000000000000451638009302070004000700000026013407008249361,839567142215394876764182935697421583451638729382975614143756298926813457578249361,1
040010080090070160070000003900307000030906002000000509000030048300780201002001000,246513987893274165175869423958327614431956872627148539519632748364785291782491356,1
526300007080605900009001000060000500900000031410509600000463020030917005600800300,526394187781625943349781256263178594957246831418539672195463728832917465674852319,1
100040506000065000504800270007002900020090340050410008200970060000103000010600705,178249536932765814564831279647382951821596347359417628285974163796153482413628795,1
100004859000081000000500001009052714001400063050016000012000090540003082000105300,123674859975281436468539271639852714281497563754316928312748695547963182896125347,1
000400203000318907803090060407639001001780400060000070090060000000000615300520049,719456283624318957853297164487639521531782496962145378195864732248973615376521849,1
000000694029000015804005302007001003185263709006470100070100030000030520300000087,513827694729346815864915372947581263185263749236479158472158936698734521351692487,1
010620003094000020000009500000006200020534600005080000806205417070861305150470000,518627943394158726267349581783916254921534678645782139836295417472861395159473862,1
009020763320000500567091402152604897000000031003000005000000170000800020970010050,419528763328467519567391482152634897846759231793182645285943176631875924974216358,1
209830075000106000006000091620301000100920060300408710070043089400200000902000006,219834675753196824846752391624371958187925463395468712571643289468219537932587146,1
801506000000700830000103050000214000502000413100000280007458096460901000985030000,831546927654792831729183654398214765572869413146375289217458396463921578985637142,1
200000000405309060380246071102058000057003106903000800000800700008001009721000380,216587493475319268389246571142658937857493126963172854694835712538721649721964385,1
002090736004600001030050004000030100700045690500000200005000802010407000306500010,152894736984673521637251984869732145723145698541986273475319862218467359396528417,1
000000010000300504050010023067054801890600200500020040000568300030000100705190060,349275618172386594658419723267954831894631257513827946421568379936742185785193462,1
800300670670005000005007300740000900902070800006000037007108500300250798000003016,819342675673985124425617389748531962932476851156829437297168543361254798584793216,1
401000620090050000000400790500600070006005080009310000003700800900020000184000030,431987625697152348852436791528694173316275984749318562263741859975823416184569237,1
000083000070006803003095124904600070020078400007140002001804030090060000700900000,149283756572416893683795124914632578326578419857149362261854937495367281738921645,1
000046008005210009000700060030564090400002530508391002050020000300007020924000705,713946258865213479249785163132564897496872531578391642657129384381457926924638715,1
319508670605030091002000000000006000501000020090050000006071800208005009107890302,319528674685437291472619583723146958561983427894752136936271845248365719157894362,1
090350200200801000180000600950002007010564090620900018072005040009208000060003020,497356281236841975185729634953182467718564392624937518872695143349218756561473829,1
089000360306090208010860007127300000000709001000150003091070000000924100042531080,489217365376495218215863947127386594853749621964152873591678432738924156642531789,1
706090100000100000000064900407000090030020071002003506800000750079502610004007008,746298135298135467153764982487651293635429871912873546821346759379582614564917328,1
409200807075830609000070100010050784000009206043728000700592000001007402000040000,439261857175834629286975143912653784857419236643728591764592318591387462328146975,1
704000020102048039630027041540000913900000000021500076015803200200410000060000000,794351628152648739638927541546782913973164852821539476415893267287416395369275184,1
000000008050068240080014070060090057025000000379000010204700900810030000500840000,943527168751368249682914375168293457425176893379485612234751986817639524596842731,1
000000820309802457082705913001304005000500000508007340000950060050200001100003000,745139826319862457682745913271394685463528179598617342837951264954286731126473598,1
000000057000053000537001000009000000150070890740009065690382071308195600210600000,921468357486753219537921486869514723153276894742839165694382571378195642215647938,1
050000102600500040000000053006008520580302670700600809007036000460000210000710006,359487162671523948248961753936178524584392671712645839197236485463859217825714396,1
000692000600001004001050076006003400000000798020000000703005000082000003510029087,478692531659731824231854976896573412345216798127948365763185249982467153514329687,1
059000801002018905861900420040561082000009000503080000005000098100000003300070206,459627831732418965861953427947561382286739514513284679675342198124896753398175246,1
050000080703002600180903000907800030030400802008320596061030700000600903390000260,259146387743582619186973425927865134635491872418327596561239748872614953394758261,1
091030600005020300000089000580001004004070020070004006030050000700800000400000287,891435672645127398327689145589261734164378529273594816938752461712846953456913287,1
045036200090800603306000040009003408003400100402691705030008001000300500650200370,845936217791824653326175849169753428573482196482691735237548961914367582658219374,1
001007000908024600050800004004003008080700040006000701023005090000900400409300250,641537982938124675257869134714293568582716349396458721123645897865972413479381256,1
090310002040000000000054080050406801400000703030080549000100200005709034000000657,596318472843672915172954386759436821428591763631287549367145298285769134914823657,1
000600018018000605006000700002937000080000000390040050600050309000000860039402000,273695418418273695956184723562937184184526937397841256621758349745319862839462571,1
100650008580403000060708000000831049010000807890270000006087901001004003030000600,147652398582493716369718452675831249213549867894276135456387921721964583938125674,1
704000009090080670000000300009010000506900043010607900200890000040005002867030090,734156289195382674628479315489513726576928143312647958253891467941765832867234591,1
070091050010078000840350127007600500000807060600040003754002006000060895000000070,273491658516278439849356127187639542435827961692145783754982316321764895968513274,1
360109200000700300000030090000814000090307608500200030056000900107063004009000000,365149287942785316718632495673814529291357648584296731856421973127963854439578162,1
480759160052003090107000305700080650900370000008600030200000010004000509000000470,483759162652413798197826345731982654946375281528641937279564813864137529315298476,1
401906050002080079037000186015600200000030000094010008003840090070000004009507800,481976352562183479937452186715698243826734915394215768253841697178369524649527831,1
004000000070008000000050804091876253000040091700103000908310002006004900140029030,814962375572438169369751824491876253683245791725193486958317642236584917147629538,1
400002000005003200020941000030100970070430026800000003040809032500204001080000059,469572318715683294328941567634128975971435826852796143147859632593264781286317459,1
608040075040856102215390006000012000100600040080500261370000600009060007800003000,698241375743856192215397486936412758152678943487539261371985624529164837864723519,1
086000019070008520593124700800690000015302004000010000004800957600209040950700000,286573419471968523593124786842697135715382694369415278124836957637259841958741362,1
000009100009001030000630490708040050650017004000805000006500700040102003307960002,463759128879421635521638497798246351652317984134895276216583749945172863387964512,1
001040000003000806876305000035200918000060070700000020020000100009600080400920700,291846357543712896876395241635274918982163574714589623327458169159637482468921735,1
571080600604095700900060210200907000009000000780030900052000009000302500006050000,571283694624195783938764215263947851149528376785631942852476139497312568316859427,1
380000400000000095500100378230090054000456003000300907402900180000247530000608740,387529461164873295529164378238791654791456823645382917472935186816247539953618742,1
729605100580940000061082030910000082200860401000019603070000800050020009390000000,729635148583941267461782935916354782235867491847219653672593814158426379394178526,1
960402300103900007000003900384000000601030000090004000719006083025000079030590001,968472315143965827572813964384129756651738492297654138719246583425381679836597241,1
450006007018500400900000105800072000060485790307000050500010800084730002020658000,452196387718523469936847125895372641261485793347961258579214836684739512123658974,1
000320060719486000603000041030060100406012000072500680000000405300009020007008300,854321967719486253623975841935864172486712539172593684268137495341659728597248316,1
007046900000700014000000706320607400640090000005080261083460007100020608056100000,517846932862739514439251786328617495641592873795384261983465127174923658256178349,1
068200000200090760000080423009000000040907802023058907157043289002000670400000000,768234195234195768915786423879321546541967832623458917157643289382519674496872351,1
203700000475020300000005070030000091024600000000000640950230016002006503000001000,263794158475128369189365274637452891824619735591873642958237416712946583346581927,1
017205000084000502250000000806050720000827004000960800060003007003710048470090310,617235489384179562259648173896354721135827694742961835961483257523716948478592316,1
000400391306071000091000000629840050000235009005000800510000207982000000060082000,857426391346971528291358746629847153178235469435169872514693287982714635763582914,1
000930800000000001014280600005000300039108002240350000861000030057090000402610007,726931845583764921914285673175426398639178452248359716861547239357892164492613587,1
009070035030605000020940008060000709075300806400020000000060301200500964000409080,849172635731685492526943178362851749175394826498726513984267351217538964653419287,1
570080039200570400060340072000098007900430800700102300009005200402003718000800050,574281639293576481168349572345698127921437865786152394839715246452963718617824953,1
000800165806040930500090800060003000705008003300005098000004306103206070040359200,974832165826541937531697824468973512795128643312465798289714356153286479647359281,1
478030000000075000500800007000000815906000000050200030624100370007060209090780060,478936521219475683563821497742693815936518742851247936624159378187364259395782164,1
400097500000400176007805040905000000000018000100230700000780065080302007000006020,426197583859423176317865942935674218742518639168239754294781365681352497573946821,1
700001090000400760580000040000809230039504008800007009008906027000205004000103006,743651892921438765586792143475869231139524678862317459318946527697285314254173986,1
000294000400070800070008003010002080009007030834900752007800504048600300003041028,381294675462375891975168243716532489529487136834916752197823564248659317653741928,1
520304000001005203800102060000200830407983050080000071008020000960008000070650000,526394718741865293893172465659217834417983652382546971138729546965438127274651389,1
054900020800002009000500003001890370080204910905060004043600002508400630000000451,354976128876312549192548763421895376687234915935167284743651892518429637269783451,1
006009010059080420320400769501007000000040000987603005094300080002070950010000070,476239518159786423328415769541897236263541897987623145794352681632178954815964372,1
502410300001000200060700401000100058000000007040006030720530000354200000000604520,592418376471963285863725491239147658685392147147856932726539814354281769918674523,1
030700154090214000001005000080052036000900241007046080000000308600093010000520007,832769154596214873741835629489152736365987241127346985254671398678493512913528467,1
007056000000090700239070504500007203040000050090010406004520070920000105000000600,417256839658493721239871564586947213341682957792315486164529378923768145875134692,1
572000000960802050800567910000380006000600720000205030005009480084156000029000000,572913648961842357843567912257384196438691725196275834615729483384156279729438561,1
000068004060400970000070600836000250540309007709050308004021030020534000080700400,973268514268415973451973682836147259542389167719652348694821735127534896385796421,1
250000709468000200971300084000700400702048100000000872000009020040201308807050001,253864719468197235971325684685712493732948156194536872316489527549271368827653941,1
690080000005000100204106050062051000008040560000070010407065389020410605000000041,691587423785324196234196857962851734178943562543672918417265389329418675856739241,1
000081003780050009231006000060829000800000507000000900025900600000548002000060430,659481273784253169231796854567829341893614527142375986425937618316548792978162435,1
047060002300040000500003800000685170080270056600091084059416700000700010700809000,147968532328547691596123847234685179981274356675391284859416723463752918712839465,1
090071060008604000701008004000450000100086930200000407000800710010000090079003200,492571368358624179761938524937452681145786932286319457624895713513247896879163245,1
050734006006501400000600015643900028009060007870400000462000800530208004080006000,158734296796521483324689715643957128219863547875412639462395871531278964987146352,1
940060007806100934701093800690300208007020040000010000060001000300086400410230790,943568127856172934721493865694357218187629543235814679569741382372986451418235796,1
000190057000003004000600128000730842006904500400001970300050019001060085082000063,624198357815273694793645128159736842276984531438521976367852419941367285582419763,1
009000030007020001005308027004812090801900050000004100106705040940201070578090000,289176435437529861615348927354812796861937254792654183126785349943261578578493612,1
150000000403090100000040002034000090005400600780265300000000006001654700006908010,158372469423896157967541832634187295215439678789265341542713986891654723376928514,1
040000700000074008708000000175000080060310000839650001000003290080592107206741830,943285716621974358758136942175429683462318579839657421517863294384592167296741835,1
100008930030009010709301004058040000000000020000253000300080009016704200804132060,165478932432569817789321654258946371943817526671253498327685149516794283894132765,1
000007010700198060031020904603970040470081635050000000060034100300602000000700320,296347518745198263831526974623975841479281635158463792962834157317652489584719326,1
080690005000070006000500210230706004000809070609001050000000400000200060050413008,183692745925174386467538219238756194541829673679341852812965437394287561756413928,1
602501309953402810008000005000003980805007104000804000300100072500300600096005400,672581349953472816418936725241653987835297164769814253384169572527348691196725438,1
002950048800007500190400300020043806000560000000700002043000080000205003201004000,732951648864327519195486327927143856318562794456798132543679281689215473271834965,1
420000006007041382005200700300024960200300048001985000012608400500092800004000020,423879156967541382185263794358724961279316548641985273712658439536492817894137625,1
018634005503070406020508030005060291009203500000050000360000010057000040001700300,718634925593172486426598137835467291179283564642951873364825719257319648981746352,1
090207004007903805000000007468000003000000400013402709070028000080000312034001008,891257634647913825352864197468179253729536481513482769175328946986745312234691578,1
000001025030050007090200013080607000040900080000002740903800000056004230004500008,468731925231459867795268413382647591647915382519382746973826154856174239124593678,1
014030090000080300030009000000900621520610840096000035450000002601004083280000570,814735296962481357735269418348957621527613849196842735459378162671524983283196574,1
004920080350100700009005326006000004030000600700000210460030100590002060200650003,674923581352168749189745326826571934931284675745396218467839152593412867218657493,1
000008309190007026760000040800002004000904100004080263050700038030806900000050600,542168379198347526763295841815632794326974185974581263651729438437816952289453617,1
500908261000020009002103000069031084304600020058200000020317006010000500040000002,537948261481726359692153478269531784374689125158274693925317846816492537743865912,1
409800502800090000002400089020307001900600030700000006004000008206940007070201064,439816572867592143152473689625387491981624735743159826394765218216948357578231964,1
792340000016000090008000004300005700807030010005407003203010800054870601080009400,792341568416758392538962174329185746847236915165497283273614859954873621681529437,1
090010650300002008500000010000200000400003086030640270013906005900070061008100907,294817653371562498586394712167289534429753186835641279713926845952478361648135927,1
470090501000451009501060030250076800100009700700508100035000000047900000912700360,476293581328451679591867432253176894184329756769548123835612947647935218912784365,1
060050090300008000005306740240000000051800039600000000100589004082601050000740180,864257391317498526925316748249163875751824639638975412173589264482631957596742183,1
502048700000200300710063800600000097820009460409000003006070032000800000200000008,532948716968217354714563829653184297821739465479652183186475932397826541245391678,1
002130809708000031001907205020508007004300500050200000015800003000703900970052180,542136879798425631631987245329568417164379528857241396215894763486713952973652184,1
470100020100573009009000703005400006800001092200600430610000050307010900900004070,473189625162573849589246713735492186846731592291658437614927358327815964958364271,1
100304057000100300032009000203540016010060400000091732005000681020900503008005000,186324957759186324432759168293547816817263495564891732975432681621978543348615279,1
000080000060045000095060070830500010020493705000000004007050103913000500052631807,741389652268745931395162478834576219126493785579218364687954123913827546452631897,1
000080900870396400050007300700030000320409007500000003200910050030200091000608034,163584972872396415459127368746831529321459687598762143284913756637245891915678234,1
091050070500700060837000500000284000000007000070096004208905030009800600340600089,691358472524719368837462591956284713482137956173596824268945137719823645345671289,1
000800765000057000000031000046205030050300240000004856460782590700593004080006002,134829765298657413675431928846275139951368247327914856463782591712593684589146372,1
003704200009501000804026000000002603006173000008095024900258007002400050507060100,153784296269531478874926531795842613426173985318695724941258367632417859587369142,1
508002000000690008900100402250960080600780004000030700000423000020009600480506290,578342169142697538936158472257964381613785924894231756769423815325819647481576293,1
000018004000004820280060900030040607070850090090720008040100000300400500900670003,569218734713594826284367915832941657476853192195726348648135279327489561951672483,1
300008406800060070060204850002000098100430007000002040000106700706800004210740965,327958416854361279961274853432617598185439627679582341543196782796825134218743965,1
030000906000376000006958030000001300600402009020005104080640792700019600063000000,837124956594376218216958437479861325651432879328795164185643792742519683963287541,1
203040000000290307170008000001000700507060400390050061006082154840600900000003006,263741589458296317179538642681324795527169438394857261736982154842615973915473826,1
873009402000000518014000309200060000458000900760000001002070003600204197300090620,873159462926347518514628379231965784458712936769483251192576843685234197347891625,1
003050908000900003097803064000000007800000030002346080001090602059000800004070050,463157928528964713197823564316285497845719236972346185731598642659432871284671359,1
000007002000310600005200910080004300300005700600700250000030500040852000200001040,139567482428319675765248913587624391392185764614793258871436529946852137253971846,1
905017204030090000060400500600001420820000000100000058210364000500070013097058000,985617234431592786762483591659831427823745169174926358218364975546279813397158642,1
450020000100960700279500840700610089590000060000240007640100008007496500005300000,456728193138964725279531846723615489594873261861249357642157938387496512915382674,1
200407096040108002700000100000009050906700210080300000000520080327000064054603021,213457896645198732798236145472819653936745218581362479169524387327981564854673921,1
104005300930040100008010549300097250547008000002000000781250000009600801063000025,124985367935746182678312549316497258547128693892563714781259436259634871463871925,1
000004270809502100000139568608000000000001706710300002050003607006000024400090800,531684279869572143247139568628957431395421786714368952152843697986715324473296815,1
500070034003948065008000207100030570400801000002007900000700610000020400000560003,591276834723948165648315297169432578457891326382657941935784612876123459214569783,1
007000000008741026000095408400006200080100000609000054000410063000008002100270005,547682391938741526261395478413956287785124639629837154852419763374568912196273845,1
010700000800521003300800100007082905040610372000970064720108000000000701080000400,415736298879521643362849157637482915948615372251973864724198536593264781186357429,1
008006004910004200005300687103000060000000908000040000401509000000003500500800006,378256194916784253245391687123978465764135928859642731431569872687423519592817346,1
003000150046059200000000048010006570060000000802000904000020090620910405091040000,283764159146859237579231648914386572765492813832175964458627391627913485391548726,1
000000070910605000008007100094006702060050800100208649000001400205064000041703020,436182975917635284528947136894316752762459813153278649389521467275864391641793528,1
462300005970060301300000006007200160290000837000007002010900000020136950000040200,462319785975864321381572496547283169296451837138697542813925674724136958659748213,1
004000080920800140080004020047301008350900260000000000400600300130042000060180479,514239687923867145786514923647321598351978264892456731478695312139742856265183479,1
283000040400009020067400000028004563700036000036000070000000001090600435051048096,283751649415869327967423158128974563749536812536182974674395281892617435351248796,1
000900578000700001005001000000490700060507003708010095020136054003800610100040030,312964578694758321875321469531492786269587143748613295927136854453879612186245937,1
200069070390008400700045800032000000000600008050071900004000751010006090020007004,248169375395728416761345829832954167179632548456871932684293751517486293923517684,1
006071209295603014070020368728060500600000080540700020401000600800040000057000000,386471259295683714174925368728164593613259487549738126431892675862547931957316842,1
900000400420030109006490308300910000060804000800005790600000010000709645500000980,983157462425638179716492358357916824269874531841325796698543217132789645574261983,1
503000017800600000040070086706002059000000000019040378000400001070008020005060843,563824917827691534941375286736182459458739162219546378682453791374918625195267843,1
070000963630100845500060070000018050000600004100049680894030006006401500005806400,271584963639172845548963271463218759982657314157349682894735126726491538315826497,1
100802490200000561094600008002300074045200009030000050000107000060523900000904082,176852493283749561594631728612395874845276139937418256329187645468523917751964382,1
075204010840000020932000000364980070009056080008103000007000000050600490090001700,675234819841569327932718654364982571719456283528173946487395162153627498296841735,1
603090570048100006290067008009730060170026085080040000050600240000000050062005000,613892574748153926295467138529738461174926385386541792857619243931284657462375819,1
090000070043602009100000300400530007037064050950708100310000700060003490874000030,695381274743652819128497365481539627237164958956728143319245786562873491874916532,1
278500030000009418010068000002000301030970600000240500000057000003096070040100000,278514936356729418914368725792685341435971682861243597189457263523896174647132859,1
000000083080054109090000000300000950008000207009001004840692070007100400630000091,426917583783254169195863742314726958568349217279581634841692375957138426632475891,1
164008005200150040050032000005200000000380700080000904079000010600920507820507000,164798325237156849958432671395274168416389752782615934579843216643921587821567493,1
800720000007910530003605800004000093001090460396000008000004000070000016062100080,815723649647918532923645871754286193281397465396451728139864257478532916562179384,1
400095010000460002370002400040000000700900600120070390080100050007500140000080006,462795813851463972379812465946321587738954621125678394683147259297536148514289736,1
092070100004008050068001409003740000970080004805000000407030980080950300000860527,592473168714698253368521479623749815971285634845316792457132986286957341139864527,1
003200000900008140041009000000000008152800490008094000007980003010007580030400007,583241679926738145741659832394126758152873496678594321467985213219367584835412967,1
000000300007900040490608102010000003603004007040010008000100000000803004930275081,281457396367921845495638172518769423623584917749312568852146739176893254934275681,1
000405000003070016008000524000350400000920000041706302109000005030800670070510000,216495738453278916798163524827351469365924187941786352189637245532849671674512893,1
047001000000000507260057100401073005006100030030605000000038470000526803080710002,547861329318492567269357148491273685756189234832645791125938476974526813683714952,1
650298000000010600000506000006005480300081027875000106560000904703409800008060005,657298341284713659931546278126975483349681527875324196562837914713459862498162735,1
100025006002014080000700102310078060007600500060053010006002070240080030000500000,173825496652914387498736152315478269827691543964253718586342971249187635731569824,1
360800400924000670008046050140005783800060102003000000002058000500401000001002005,365879421924513678718246359146925783857364192293187546632758914589431267471692835,1
006209050000000430050300090060701024090820600000003080010080370700000069009000102,346219758972658431158374296863791524497825613521463987214986375735142869689537142,1
020010900074930000690054300009701030030000407700009100963205801450003009017400000,325617984874932615691854372589741236132586497746329158963275841458163729217498563,1
000003008340000000007201350060937080000104037403008190004090005026310000510400863,251643978348759621697281354165937482982164537473528196734896215826315749519472863,1
040395200000806304006000079000009040200103000980002531001020005090000107402000983,748395216129876354356214879513789642264153798987642531831927465695438127472561983,1
080000000600200500423570008060000012000010650050920007800102000090030825200005104,589463271617289543423571968968754312742318659351926487835142796194637825276895134,1
010008506005900070008400910070100000300080090200509730100052380040300609000890007,719238546435961278628475913974123865351786492286549731197652384842317659563894127,1
050060308000804001008500002732000009100390067000240000809400730000008026200650084,451762398926834571378519642732186459184395267695247813869421735543978126217653984,1
600107350430006000000080260002001605000700042000050700200000170163200000907308420,629147358438526917571983264742831695315769842896452731284695173163274589957318426,1
039000400070812900012300500307900104904601703080070600040039000000180200008700360,839567412475812936612394578367958124954621783281473695746239851593186247128745369,1
900080102028005739150902000000700600074300008080020000810090300060203000045070020,936487152428165739157932846293748615674351298581629473812594367769213584345876921,1
290000700000051042500920830700000000320008000000030625002500008001000560003086209,296843751837651942514927836769215483325468197148739625672594318981372564453186279,1
004003001710900050000120706048671000000530874370040015600200003000090500037405000,864753291712964358953128746548671932126539874379842615695217483481396527237485169,1
004173800007840090180095400460900000000530040015000002000609010040780500000300786,694173825527846193183295467462917358879532641315468972738659214246781539951324786,1
007004000506003000431280070010002000700009100920560407009420030060100800105000002,287694315596713248431285679614872953758349126923561487879426531362157894145938762,1
009703840500010000300400000008607400070002500400380617000204300003800000800000060,619723845547918236382465971138657429976142583425389617761294358253876194894531762,1
002700800348005700600010200006948300000070500780050942904580007203100400810400000,192734865348625719675819234526948371439271586781356942964583127253167498817492653,1
000900103050001000090067040930602704600000980007000206503210479200040001000500060,764958123358421697192367548935682714621734985847195236583216479276849351419573862,1
001530008300007000650000030200306800100070000000020046906000700010890403034001209,491532678328617594657984132249356817163478925875129346986243751712895463534761289,1
500007800010450309630021045000000526000000901260175000000080000006540000005700604,594637812712458369638921745871394526453862971269175438947286153186543297325719684,1
050008792000000000800290060109002004500070021036000980302805100090000040080700205,653418792927536418814297563179682354548973621236154987362845179795321846481769235,1
000000000069080570800002031310060400008019700790000100084106200570000018601570000,235791864169483572847652931312867495458319726796245183984136257573924618621578349,1
850060009000000038902008106000670300500800090007003400340900705210407063700002000,851364279476129538932758146194675382523841697687293451348916725215487963769532814,1
007000090009476251020803007600910800008000062702060003080059000000200100004080030,467125398839476251125893647653912874918347562742568913381759426576234189294681735,1
004090050000700900080040137400050610065280070000006000500870300601020508000005020,714693852253718946986542137428957613365281479197436285542879361671324598839165724,1
028001030009460800406000200207008040083000006000500002670089000002070900805200100,728951634539462817416837259257698341183724596964513782671389425342175968895246173,1
100902000690530720302106008000000104030450000400020937004300210010000670020000400,175982346698534721342176598289763154731459862456821937864397215513248679927615483,1
000640320940100800080050000100074500600000490050000001590300106800000000237000005,715648329946132857382759614123974568678513492459286731594327186861495273237861945,1
420903000309000040007002003040600050008130400000250807800020000070481009630700100,425963718369817245187542693243678951758139426916254837891326574572481369634795182,1
000003800007004053048521000894052107071000000002100490705000300910200784023008000,259673841167984253348521976894352167671849532532167498785416329916235784423798615,1
800493060000850090000100000001040079004371050003002004400705100002680507500200006,825493761147856293639127485261548379984371652753962814496735128312689547578214936,1
030000006500020700074830020002008970705010630308790012000002060410000000903100050,239457186581629743674831529142368975795214638368795412857942361416583297923176854,1
050400702070603489009078610000006900760930801200040300000100004000800163001060008,856419732172653489439278615314586927765932841298741356683127594527894163941365278,1
100250079090817050000003000942106000070000900005090000400002090080700102009540800,138254679694817253257963418942176385871325964365498721413682597586739142729541836,1
190740830800900540250608090500370604000502300060010000080003900370100400005007100,196745832837921546254638791528379614419562378763814259681453927372196485945287163,1
025834107308106005000000000000005600030701200154060003000210506000400012000650380,925834167348176925671529438792385641836741259154962873487213596563498712219657384,1
000009503058021960000650200002498050001002000480000300800075631025000800100900000,267849513358721964914653287732498156591362748486517392849275631625134879173986425,1
500027000007006002008910000000000200000038670800090103700600304205040907010009020,563427891197586432428913756351764289942138675876295143789652314235841967614379528,1
430015760080000000900000003004300205005027041018000376840200010059178000027040009,432915768586732194971486523794361285365827941218594376843259617659178432127643859,1
203000000000463200060000090000008371000000000081307542004500700100074620006082000,273859164819463257465721893592648371347215986681397542924536718138974625756182439,1
230800000960721805807500040040000021000040003308200000600009402100002308470080000,235864197964721835817593246546938721721645983398217654683159472159472368472386519,1
000001005805020000010865000209087050300009000007130980000094028508206347002000609,723941865865723491914865732249687153381459276657132984176394528598216347432578619,1
430006170510002000020170005000020040700009263006530900070201000900040000001000300,438956172517482639629173485193627548754819263286534917375261894962348751841795326,1
000690000720031690046000001009500410580120060001000005390005186008010307000300500,813694752725831694946752831279563418584127963631489275397245186458916327162378549,1
500008067768004300093007180000249000904005000300100000000401003800652001412093006,541328967768914352293567184186249735924735618375186249659471823837652491412893576,1
000000910800354006470001030003800000000006183080400002900060000062000057050000091,235678914819354276476291835623817549794526183581439762947165328162983457358742691,1
003000020600210837010873000300640108008501090050000000000004376004000089706320400,873496521649215837215873964327649158468531792951782643182954376534167289796328415,1
040500900006001050000003000153080000000000007007000560809210300500070680064000009,748562931326791458915843726153687294692435817487129563879216345531974682264358179,1
000100000302064500018000090830002000400690138070830002900000040003040009060900013,546189327392764581718523694831452976425697138679831452987316245153248769264975813,1
001000000504007008030450000300174869006328075078090032100042603000005000700900000,621839547594267318837451926352174869916328475478596132189742653243685791765913284,1
000280005000197200002000070401008006230000700005000023050002041020900007107546002,719283465546197238382465179471328596238659714965714823653872941824931657197546382,1
780100409000007850500004207230000000047008001800006000000800500360040070100050900,782135469416297853593684217231479685647528391859316724974861532365942178128753946,1
503104008740000060000000040400058237600300084000040000000900050061425070004003692,593164728748532169126879345419658237672391584385247916237986451961425873854713692,1
050000060406810200008004010040002000300400070000601504700940051000300702504127083,153279468476813295298564317645782139321495876987631524732948651819356742564127983,1
007005000580003900340060500730020009090807004001000007860000042170040893900300065,617295438582413976349768521738124659296857314451936287863579142175642893924381765,1
000030010004000050030060040267400390001950006500000184050001830600300009300049001,986534217124897653735162948267418395841953726593726184459671832612385479378249561,1
710032005026010090900000008000050809009270050145800070091000706830000000064307000,718932465426518397953746218372651849689274153145893672291485736837169524564327981,1
900000608008006942001004057057000406000000200800040000006907000730002090009030065,943725618578316942621894357157289436364571289892643571486957123735162894219438765,1
053140700170300002602700300095003080000280594000000000000024603000000000561030400,853142769179365842642798351295473186736281594418659237987524613324816975561937428,1
341900065000160030600532010000800040500006023060410009150640002270080000408001000,341978265925164738687532914793825146514796823862413579159647382276389451438251697,1
401000620200006000005000908106058243057002060040169700723000500018000000000305000,481593627239876451675241938196758243857432169342169785723984516518627394964315872,1
000980705000410090060030002080053209000720508020040170001300600006070354753060080,412986735375412896968537412687153249134729568529648173841395627296871354753264981,1
100700006702080531954006027090268703000300005000910000070000102000500079020070050,138752496762489531954136827591268743286347915347915268475693182813524679629871354,1
010090000643001052005000800056207000000410200000900700000009028807000504500308179,718592463643871952925634817456287391379415286281963745134759628897126534562348179,1
000500000000803005059040000930406200008300100040080700405600900006700043800000072,184567329627893415359241867931476258768325194542189736475632981296718543813954672,1
531470086208900007000085300006000005002060090903100060385000209400350600017000500,531472986268931457794685312146893725872564193953127864385716249429358671617249538,1
608903400304010007120400030080000146010000320000041005032090680000600000000834000,658973412394218567127465938783529146415786329269341875532197684841652793976834251,1
050080706070010000040060003400009380928030050010854090007395100000108570000006008,159483726376912845842567913465279381928631457713854692287395164634128579591746238,1
004179000090040700100006000060015004018007050345000001730804060400701038000053400,684179523593248716172536849267315984918467352345982671739824165456791238821653497,1
030200050600009000000650809070000000200065010000410700500000304960004280020006597,839247156651389472742651839175923648284765913396418725517892364963574281428136597,1
005008200001702006002000400070001060600090085009600000530100020010000008407000603,365418297941732856782569431873251964624397185159684372538146729216973548497825613,1
007060000064301009000000630825604003090070020400529000002048067608095010000036500,937462851564381279281957634825614793196873425473529186352148967648795312719236548,1
000641587080009100010037000401008900002090410800416020130060009600100800207900001,923641587784259163516837294451328976362795418879416325138562749695174832247983651,1
312896500007000020905200610000061004004029005009005060090040870400002000020510000,312896547687154923945237618853761294164329785279485361591643872438972156726518439,1
000002060000130054005084020309000671070000035001057080002700040080240710004810000,843572169927136854615984327359428671278691435461357982192763548586249713734815296,1
005940320740800000003005007800000700400068100530001000920070400000200500050100203,185947326746832915293615847861459732472368159539721684928573461314296578657184293,1
900000020000300094200940081047800053080600400020003018038200100400081030100704000,974158326815326794263947581647812953381695472529473618738269145496581237152734869,1
002006000900500421103280070815907600709650000600000007007400000051000380006005000,572146893968573421143289576815937642729654138634821957397418265451762389286395714,1
000402605020076030006000001090007010014053000700600002048000329063009000900300000,389412675521976438476538291692847513814253967735691842148765329263189754957324186,1
794056030000030605350200007100070000400100860802460000503010090040000500600504370,794856132218937645356241987169378254475129863832465719583712496947683521621594378,1
000000142000800003602040900504006090300000051109570000490050000200903004007004300,738695142945812763612347985584136297376429851129578436493751628261983574857264319,1
072000090800000060000018020035602000200050630007001000700003846000807519086090200,472536198891274365563918427935642781218759634647381952759123846324867519186495273,1
400185000050346901001200465000700006000064217064001350800002000000008090000410520,496185732257346981381297465125739846938564217764821359813952674542678193679413528,1
081005600000700500530086000902307081400000000800094300205030000300000025140800003,781245639629713548534986217952367481413528796876194352295631874368479125147852963,1
018090030300410800000500040049057308570900004082300009001009000004630070900070005,418796532365412897297583146649157328573928614182364759751849263824635971936271485,1
820000005600001000591008030000134000900020743006000008350007009162900300040000001,824673915673591482591248637287134596915826743436759128358417269162985374749362851,1
005000368600850000070004201003000625000010090580030407097405006004090500000023900,425971368631852749879364251913748625742516893586239417297485136364197582158623974,1
035000412000003900010004060050007300900002000120830040000005004090080006000320107,735968412642153978819274563458617329973542681126839745261795834397481256584326197,1
000000705070080040001000602906001030100700960000063021580006200209000450060002008,328614795675289143491375682956421837132758964847963521583146279219837456764592318,1
007008030640002001200016470000569310509120064060000000000600000000005007001840605,917458236648732591253916478874569312539127864162384759425671983386295147791843625,1
004910070700000906906000400501700200060295001000138650600050307130020584000309000,324916875718543926956872413591764238863295741247138659682451397139627584475389162,1
250080701040671002700259064100960000002003170590712000960000080007805200000000900,256384791349671852718259364173968425682543179594712638961427583437895216825136947,1
000000000500108030987043105200804501090700002600920008050400080008356019060000050,431592867526178934987643125273864591895731642614925378352419786748356219169287453,1
750010408000000026001009007006000700100000009478000010087352000010000000300491000,753216498849537126621849357596123784132784569478965213987352641214678935365491872,1
000000000675902384040060200010300000900040017400006000208001703500620400090000000,182734965675912384349865271816379542953248617427156839268491753531627498794583126,1
300090700092700054000004800006471000100803020508600070000000000050342610003167005,314598762892736154675214839926471583147853926538629471261985347759342618483167295,1
409610000000702400005000030010205874208007300000900002601309700590004100030000000,489613257163752498725498631916235874258147369374986512641329785597864123832571946,1
002000090009320000508049000000004005034900080960281470003000000090400107400006050,342517896679328514518649732281734965734965281965281473153872649896453127427196358,1
980010200704502000002086000601970020000648000800001097008020004020457080009060100,983714256764592831512386749631975428297648315845231697378129564126457983459863172,1
000301204405000009010090000040038500003000740908500631080705020070082000000013060,869351274435276189217894356741638592653129748928547631184765923376982415592413867,1
000000860147690002005003001002004916500007320090060000000030009010800003036209008,923451867147698532685723491372584916568917324491362785854136279219875643736249158,1
768059000000016078000030005500020007800560130010073520000040000057002041600097003,768259314395416278241738965536921487872564139419873526183645792957382641624197853,1
700800290935720060680000007803000506406050030000630800109006050060100903307500600,714863295935721468682945317893417526476258139251639874149386752568172943327594681,1
000009000980062003605070900500600100000100090000743005024506000050037240396000701,472359618981462573635871924547698132863125497219743865724516389158937246396284751,1
620301008971500260840000700450089370080000010006200000007860024500000600000400000,625371948971548263843926751452189376389657412716234895197863524534712689268495137,1
840090075250080000003007280000234060300005040000070953610500800000701006000060010,841392675257186439963457281795234168386915742124678953619543827438721596572869314,1
080500060400163080006027904003400000010002000670951840208000457001000090060040000,187594362429163785536827914953478621814632579672951843298316457341785296765249138,1
040000070607000000500600900090301000260074001100268549010090002004003000700840103,941532678687419325532687914498351267265974831173268549316795482854123796729846153,1
500940010000007405470080000000402109001059020900700030200006308007204901003000007,568943712139627485472581693385462179741359826926718534294176358857234961613895247,1
048030270500207490712980006003000005200000943070000012300042080804100000000008524,948536271536217498712984356493821765281765943675493812357642189824159637169378524,1
007000006000310072050007190008000620002040000003108900005071809700006004480500060,317259486896314572254867193148793625972645318563128947625471839731986254489532761,1
527060400080000050000000003315020000004001070278050900030140008491070020000230047,527863419183794256649512783315927864964381572278456931732145698491678325856239147,1
403609201000003790000415068390000102520001000000900000640100000802790000901002600,483679251165283794279415368396857142524361879718924536647138925852796413931542687,1
004678000050300407003000001012709030000210006960835210000000600006000049030056070,194678523258391467673542981412769835385214796967835214741923658526187349839456172,1
009000048000900070067834905005070400070006000014000050001069002090753064700082009,529617348483925671167834925835271496972546813614398257351469782298753164746182539,1
380020009000010080001870400020340750030081206000702030805090002490100560010000000,384625179257914683961873425126349758739581246548762931875496312492138567613257894,1
010034700350007090004008001507000020039040100201800009005000912100500000900420003,612934758358217496794658231567193824839742165241865379485376912123589647976421583,1
010004700200060090809050300090500430401000279000100806000000007070006000083000020,315294768247368195869751342698572431451683279732149856126435987974826513583917624,1
200050103000060004090204785100007050005000000860000020080170600500640930000008071,274859163358761294691234785142987356735426819869513427983175642517642938426398571,1
090875620002103804000020500009008700006002090820740060907200400405037006060000900,394875621652193874178426539539618742746352198821749365987261453415937286263584917,1
000200430136000025400763010700010009092047000010580000000000000047000090900026007,879251436136498725425763918784312569592647183613589274361974852247835691958126347,1
810006350054010086000805004098100042030600010000000500020089460061000900080001720,812946357954713286673825194598137642237654819146298573725389461461572938389461725,1
090000020506910480002000950600240075008000000200080100105403000080706000720108030,891534627576912483432867951613249875958671342247385169165423798389756214724198536,1
100000006000201850300000100037800000000153067005020400000600010701942300020008074,192385746476291853358476129237864591849153267615729438584637912761942385923518674,1
000000000064230007501068090017000000600103020200870400100027060030086000750300900,328759641964231857571468293817642539645193728293875416189527364432986175756314982,1
106008000700100000080003014059702000200000009074000102900300460830540007060090538,146958723793124685582673914359712846218465379674839152925387461831546297467291538,1
580300041000010006310800000840900050200064308607000492004000500053070004000000729,586327941472519836319846275841932657295764318637185492724691583953278164168453729,1
090104000000030086170000495008500900000002007900000010600371000409200000700900030,896154273245739186173628495368517924514892367927463518652371849439286751781945632,1
705300009090100200100006000430700020001000003080003500300618490000040700000900012,765324189893175264142896357436751928571289643289463571327618495918542736654937812,1
100360250300008170000000800070000610831600027500170040910000082052080000003004069,198367254325498176647521893274839615831645927569172348916753482452986731783214569,1
000000530500493000893010400430000905050004078000000100740052000325960000006007250,174286539562493817893715462431678925659124378287539146748352691325961784916847253,1
900000000010072930050400001000600200792038006060029008140006002008000040009050183,934861725816572934257493861381645297792138456465729318143986572528317649679254183,1
000048500405060193020000040290053708070200000000074000010085004800401050540907201,169348527485762193723519846294153768378296415651874932912685374837421659546937281,1
300070000080403700000056001076080000400000310123005960002010000000208640004000002,345179286681423759297856431976381524458692317123745968562914873719238645834567192,1
600000034010000908079040020002050671000000003000104200030002406006480007090601850,685219734214573968379846125942358671861927543753164289538792416126485397497631852,1
240701803070004910000380000400900008600030502080600100804107020000840761000290405,249761853378524916156389247423915678617438592985672134864157329592843761731296485,1
000590034780043002304200009000000910100002006068014007010720500000065070000400000,621597834789643152354281769432876915197352486568914327816729543943165278275438691,1
700000000009700103000360000678103040402658701001000800000930085006002090900500600,734821956869745123215369478678193542492658731351274869147936285586412397923587614,1
074500002800700060000003087000000100080140020700900050030070009960000200541390000,674589312823714965195263487456827193389145726712936854238671549967458231541392678,1
080603005100000940040090802870100006000406000600000051900060500027005000060780020,289643715156827943743591862874152396591436278632978451918264537427315689365789124,1
050401000700008090840020003004065010000000009010094036008010920030500067570006000,956431872723658194841729653394265718685173249217894536468317925139582467572946381,1
001278400724005900030100260302510006000382000000040002200000074410000500508000600,961278453724635981835194267382519746647382195159746832296851374413967528578423619,1
950030700000080053008070901600000002002009006007026504080000019020014865064598000,956431728471982653238675941695743182842159376317826594583267419729314865164598237,1
009570010780900030000820700034000920900030180001008000090040650503180004400200300,369574812782961435145823769834615927957432186621798543298347651573186294416259378,1
305900012060742053004000069090000030000000206200081005000103020700000300000504000,375968412961742853824315769698257134517439286243681975486193527759826341132574698,1
009610000000000400700040000380000500010405830504083060070050041008071000600304002,849612375162537498735948216387169524916425837524783169273856941498271653651394782,1
070000000008002400420097000002305001001009280080001007016000020090200154204710030,973846512168532479425197863742385691631479285589621347316954728897263154254718936,1
000000089200000000010830000030075008005920416021040005007001003080704561100300040,563412789298567134714839652436175928875923416921648375647251893382794561159386247,1
090006080040003070000520004000000007069471500057030049408000000910000038500084092,792146385645893271381527964234965817869471523157238649428319756916752438573684192,1
007025040840000001900034507093600000514008600080013009100009000408000090050002016,637125948845976231921834567293647185514298673786513429172369854468751392359482716,1
381006002060000000004700080070001006130674008020090017650300120843007500010405070,381956742765842931294713685578231496139674258426598317657389124843127569912465873,1
735800060000362701106000000000090327060005400902038010403000009208053106650000030,735819264894362751126547983581694327367125498942738615413286579278953146659471832,1
000000006000040005700200000017000200524060937300020400200706094000900000000180502,149375826832649715756218349617493258524861937398527461285736194471952683963184572,1
000000519980400060030009840390006001200103070000500003103000005800012094009800100,476238519982451367531679842398726451254193678617584923143967285865312794729845136,1
040203000500060900000490030050800100010000006906002458000014260064927010002600703,749253681583761924621498537457836192218549376936172458875314269364927815192685743,1
007239608006150400089000213000023000092004370004071000000092040043010000921700800,417239658236158497589467213875923164192684375364571982658392741743816529921745836,1
402080090800102046000097000640023010090610000001809600183045062900700050700000000,412386597879152346536497821647523918398614275251879634183945762924768153765231489,1
200000950038009720009000000000002000060375800070100302403650010010200080020040003,246713958138569724759824136381492675962375841574186392493658217615237489827941563,1
000008006100050009700010245008060504010480000400001000000000650803145002570096400,254978136136254879789613245398762514615489327427531968941827653863145792572396481,1
204300108000400000003005402700200090000073200160908300000002700000500600541009823,254396178816427935973815462738241596495673281162958347689132754327584619541769823,1
000605020200030690750409801800200073502091086400070900087000049600000008000900307,938615724214837695756429831891264573572391486463578912387156249629743158145982367,1
000005060050008014001740050000504320002910007500007049080079000004001092906800005,743195268659328714821746953197584326462913587538267149285479631374651892916832475,1
000000053800500296450092000742906801005070904930400000500100080000009100601705042,279618453813547296456392718742956831165873924938421567527134689384269175691785342,1
006900300890100200050700000000300481004207000300000907700012006200605049045800000,126958374897134265453726198572369481914287653368541927789412536231675849645893712,1
150003070400001000693800201040000607000005029079000085008016040010030508720000010,152693874487521396693847251245189637861375429379264185538916742914732568726458913,1
047983200001060008800005003006000040314002080700094021000320000000506930000070052,647983215531267498892145763926831547314752689785694321459328176278516934163479852,1
050070940400000100000092030007000391100700004040000876910603700000000009062849000,356178942429365187871492635687524391193786254245931876914653728538217469762849513,1
801004200040205901020006000000040023000800560380600147037002610200301004000070000,851934276746285931923716485569147823174823569382659147437592618298361754615478392,1
502709060600500900000030057006470510000002040000315700089600271000000000010804630,532789164678541923941236857396478512157962348824315796489653271263197485715824639,1
000000400174060500008904670000405900800036204400190000600800007780523000040000820,926357481174268539538914672217485963895736214463192758652841397789523146341679825,1
452003900003190400006050083640000530007305004030000007124500000309008105508701000,452873961783196452916452783641927538297385614835614297124539876379268145568741329,1
084032000000786043036140000071065300000800700000020000500200039400010870060008020,784532916159786243236149587871465392623891754945327168518274639492613875367958421,1
090307500008405000000100207860070000070604839401800000007000694540900000000000320,194327586728465913653198247869273451275614839431859762317582694542936178986741325,1
050096001030070400070014020790000005005067030086000014920000140000603200007120000,854296371231578469679314528792431685145867932386952714923785146518643297467129853,1
104200000000018200002094031079000000351070042000500000708401920910082000423960010,194235786537618294682794531279146358351879642846523179768451923915382467423967815,1
090000100000002087870005000000409820014008009000003700000070610080050270137286400,695847132341692587872135964753419826214768359968523741529374618486951273137286495,1
052060890360000070840000300004006000003407050080030040410080000027000900938720410,752364891361298574849571362174856239293417658586932147415689723627143985938725416,1
000089000900000023000600090540203908080001000723000600004750000108000706007916284,412389567976145823835627491541263978689571342723894615264758139198432756357916284,1
801002405209006100060001892002619030040250000090000006000890040024160300008000609,831972465259486173467531892782619534643257918195348726576893241924165387318724659,1
048037126075006000000004070829465701030208945000300000000000050702801003090000007,948537126275186394361924578829465731637218945514379682186743259752891463493652817,1
000380070000027600078650001030800040400000805005432907084590000002000050000270000,269381574541927683378654291937865142426719835815432967184593726792146358653278419,1
006004900140700208002009004065047090900501300400390006607010080083006000500000620,836124975149735268752689134365247891978561342421398756697412583283956417514873629,1
500001006000290058007400300150300000073040020060150903300000607900003000000062000,582731496431296758697485312159327864873649521264158973325914687916873245748562139,1
900030080370980051050401000400800000000000000000023960004000500200700000090048736,941635287376982451852471693429867315613594872587123964764319528238756149195248736,1
936005070008010009002906400074050000091000000600003014000030901060000000803020065,936245178458317629712986453274851396391462587685793214527638941169574832843129765,1
007265000892017005150839000008000002239070400400000070700520019920000580000900004,347265198892417365156839247678154932239678451415392876784523619921746583563981724,1
002385706000760240706000080800000419400806070900001000631000020584027000000000000,142385796358769241796412385865273419413896572927541638631954827584127963279638154,1
600081570018050206000600001006305107045700900700000058002004009004006380060002005,623981574918457236457623891896345127245718963731269458382574619574196382169832745,1
084020103002000698060000400470060200020070385800000046008000970510304002290780004,784926153132547698965138427473865219621479385859213746348652971517394862296781534,1
216908000008006103000047000160005032050000070000090406003509000090010380701000500,216938745478256193935147628164785932359462871827391456683579214592614387741823569,1
007600420540000061206403000001058000009060040000004000170030000090782310830040206,987615423543829761216473859421358697359267148768194532172536984694782315835941276,1
010000060002070400840000071036540792080097006000000845070061000000050087200000009,715489263692173458843625971136548792584297136927316845379861524461952387258734619,1
900250400080630002750498130095046320016903005030000090508300000000012000600500000,963251478184637952752498136895746321416923785237185694578364219349812567621579843,1
000109400800200050000035000000820067000000801400091000602900010500012030718503002,265189473843267159179435286351824967927356841486791325632978514594612738718543692,1
460002980003009000005870014380600000000090068009248007290780300000004800008906200,467152983813469752925873614384617529172395468659248137296781345731524896548936271,1
500000086009320700400650201000100657753486000010270008090000000005060820080502109,521749386869321745437658291248193657753486912916275438392817564175964823684532179,1
064872093301600400000040000703064520610700000000000000800017054009006802050008601,564872193321659487978341265793164528612785349485923716836217954149536872257498631,1
032400005047006900810500003200040097304209050089000324008050030100860500000900006,932418765547326918816597243251643897374289651689175324468752139193864572725931486,1
096002005007300840000000000004030508209050034800010690080003050070620083450000269,196482375527391846348567921764239518219856734835714692682943157971625483453178269,1
036401805080039070091860304064307001007080600000000740000040200073600400002018500,236471895485239176791865324564327981927184653318596742159743268873652419642918537,1
006092000020700460080640231000800053060000004000560000648950107051200000290400085,436192578125738469789645231974821653562379814813564792648953127351287946297416385,1
020005004095000680100096020009070460000068059060040208500000000203650007900037010,627815934495723681138496725859172463742368159361549278576981342213654897984237516,1
006002740400000200107900680700230900002560100000098020068070090040009000900850002,856312749439687215127945683784231956392564178615798324268473591543129867971856432,1
005610423400057600109000000080040372200370090000100040390705000000030080000001900,875619423423857619169423758981546372246378195537192846394785261612934587758261934,1
021030000000005900300600024162009000970800002800500000790060583010000040006408007,621934875487215936359687124162379458975841362843526791794162583218753649536498217,1
402300007000000639090100005201009000900020703608010002016900300084000091029050876,462395187157842639893176245271539468945628713638714952516987324784263591329451876,1
230000760049000200100090345000025000093100500000073800006089000000047650080000907,235418769749536281168792345617825493893164572452973816576289134921347658384651927,1
080003050000000460900000012200100570760005290059000000630700840000400020804062000,486213957321579468975684312248196573763845291159327684632751849597438126814962735,1
190003080275900306040010200000060702000732890708090500080000057400050008000628004,196273485275984316843516279931865742654732891728491563382149657469357128517628934,1
500000086003000705080205010051080004000600058000000600900030021000024800004790500,519473286263918745487265319651382974392647158748159632975836421136524897824791563,1
002000000800230006000100400000001067000007900738000500546810000200004000100023045,692478351814235796357196428925341867461587932738962514546819273273654189189723645,1
008060000020035001004078002800010904207084106000020785002000000741850269080600500,178269453926435871534178692865317924297584136413926785652791348741853269389642517,1
000000800370100009090003010004859607700300900030000000180930256403725008020600070,641597823375182469892463715214859637756341982938276541187934256463725198529618374,1
603058029409200800800000004005370090130000600794006350006000000000610000500930080,613458729459267813827193564265371498138549672794826351946782135382615947571934286,1
001006200003190785500000000970241006000600900300050020135460800800305000002018034,781536249463192785529874163978241356254683917316957428135469872847325691692718534,1
009271050000000002300095100260580003007100040900060507070903001080010000003000700,649271358715348692328695174264587913857139246931462587476953821582716439193824765,1
000200506200701030600503000030000600080076105062400000000052300520100007306800200,873294516254761938691583742135928674489376125762415893947652381528139467316847259,1
000004000008391000010006980000035091046029800539000760001852006000000070800140520,697584213428391657315276984782635491146729835539418762971852346254963178863147529,1
000080001080001027600572008376050019002000035504090270000020000009068150000100960,237689541985341627641572398376254819892716435514893276163925784729468153458137962,1
693500000200000053700040000040032000956001200300400017000200005570014006409860000,693527481214698753785143629147932568956781234328456917861279345572314896439865172,1
000200090002050104000004320065008003007409002028007010504071230000802500206300000,741283695832956174659714328965128743317469852428537916584671239193842567276395481,1
010000400800104020200070806050000690320050084900300100092085001003007549500000000,719826435865134927234579816158742693326951784947368152492685371683217549571493268,1
003005002000000035810004900052478091000203650000000278029060000540100000006042180,793685412264791835815324967652478391987213654431956278129867543548139726376542189,1
504002030138000006720030000000400005907260801000059200200010650600504300070000002,594672138138945726726138594362481975957263841481759263243817659619524387875396412,1
000400560620905400305061900400320000702504003803010204000600020070800000906002070,198437562627985431345261987419328756762594813853716294534679128271853649986142375,1
050907106090001700731800200080000002070600000104000070810450620305080914900002007,458927136692531748731864259589173462273645891164298375817459623325786914946312587,1
100038079060007038800016200902683041000704003000000080020049000300561000001372000,145238679269457138873916254952683741618794523734125986526849317387561492491372865,1
920830060403000008700005030200300075074010800008020640002103007000000210140082000,925834761463971528781265934296348175374516892518729643652193487839457216147682359,1
180020000060000040075001900602704503007139260000000001700000350008507010501060800,184926735963875142275341986612784593457139268839652471746218359328597614591463827,1
207900480000600000003207006092000008304100659050000042908005700031000090000009004,267951483819643527543287916192564378384172659756398142928435761431726895675819234,1
000002086057006010001408000062500040300029105705084200170200890208003000590807000,439172586857396412621458973962531748384729165715684239173265894248913657596847321,1
000100007014680025000309041730000008650903402000000130000420013100036000280001060,365142897914687325872359641731264958658913472429875136596428713147536289283791564,1
004005930905000001273109000030000006602080000849001000000046007400010300006098150,164875932985432671273169548537924816612783495849651723391546287458217369726398154,1
000400002000093040900000538200306001000100800106040309000508104004060700600014200,863457912521893647947621538279386451435179826186245379792538164314962785658714293,1
210035900005000000046900003403670000008000000071420396004001000060540801050306700,217835964935264187846917253423679518698153472571428396384791625769542831152386749,1
900070021000000093030802500009507060050000000200903000710030604642100037503700200,965374821824651793137892546489517362356428179271963485718239654642185937593746218,1
945000013000106500106040807261004350500008000003010070000000005320450000600801009,945287613872136594136945827261794358597368142483512976719623485328459761654871239,1
200005016080030500035706080900420000000009000752000008090000050563982174027050000,274895316689231547135746289916428735348579621752613498491367852563982174827154963,1
001204803000000010089300000000802060845060000200097100900700530000000200073020086,651274893324689715789315642197852364845163927236497158962748531418536279573921486,1
030287090096105270520003100100094000000020400000700506000079850050000700000800031,431287695896145273527963148162594387785326419349718526213679854958431762674852931,1
000609030100000640693000080710300020045820067000000153000005000006030510037002006,854679231172583649693214785719356428345821967268497153481965372926738514537142896,1
980004000004760005060002800420079000053000080108053000070005093000307060039120700,987534216214768935365912874426879351753241689198653427672485193841397562539126748,1
040008300350400007820007400470060500090005160000003008500070630000009000004630900,947528316351496827826317459478261593293785164165943278589174632632859741714632985,1
601005020450009000009020564007050302043000605920040081004010200036000000210670000,671435928452869173389127564867951342143782695925346781794518236536294817218673459,1
000000000690023014035106027900000000061980000800000196189007300006010070720509001,218475963697823514435196827972651438361984752854732196189267345546318279723549681,1
009004000005000200300800004200059001790000000516400309852031076001000090003007100,169724835485396217327815964238659741794183652516472389852931476671248593943567128,1
000001307107058006000700581050000000042600000030015009513096070260130900079002600,485961327127358496396724581951473862742689135638215749513896274264137958879542613,1
910035000000900065056070000000807049700502610100060700002006900300000406060029030,918635274237984165456271893625817349743592618189463752572346981391758426864129537,1
507000000081000072009741006230007801008012300190803207000070000900130000700025608,567289413481356972329741586235497861678512394194863257852674139946138725713925648,1
003200740008005023206700051800006005000057006300040102600000300409000000100902000,593261748718495623246738951871326495924157836365849172682574319459613287137982564,1
040503000007198050000040030859206003426000000700950682074300805001400000000060100,248573916637198254195642738859216473426837591713954682974321865561489327382765149,1
035000896048096275070008410600003020320010908050060007502039000000020700000081000,235147896148396275976258413691873524327514968854962137582739641413625789769481352,1
710200000005730000006510738000020340390600000024307006007060903000400601062000050,713248569985736214246519738678921345391654872524387196457162983839475621162893457,1
300070004024000000080200006039500010200000800060000500600100305090035060050002089,316978254924356178587241936839524617275619843461783592648197325792835461153462789,1
001320000450017802703485009000070000308962051042000000017000006000001705800000000,681329574459617832723485169965174328378962451142538697517243986236891745894756213,1
000000050020000008307050400090020000843907000102030760439100000208045000015200307,964718253521493678387652491796521834843967125152834769439176582278345916615289347,1
900500162218390005056002000100403900000700234004005000541000800009004500083000490,937548162218396745456172389172463958865719234394825671541937826729684513683251497,1
000907023375628941000450070090300100006040090000289000704000609050000200060190700,648917523375628941912453876497365182826741395531289467784532619159876234263194758,1
300950001681070002059001000090000504000829003002400000070042030000000467900703285,327956841681374952459281376896137524745829613132465798578642139213598467964713285,1
207000001896020050000830200005090002473260089960000003050600900009080704000000030,237956841896124357541837296185793462473261589962548173354672918619385724728419635,1
094001003600203041310005800023000786840017059005000004260034000001700002030000400,594871623687293541312465897123549786846317259975628314268934175451786932739152468,1
080006001300508020600090850050600400007085069000079000002007040516004082040800000,285746391394518627671293854953621478427385169168479235832157946516934782749862513,1
005003002400900100309000600502700001060590000143802070000007004000000000730020000,615483792428976135379215648592734861867591423143862579986357214251649387734128956,1
914000030580900002360080500006300020000620070000008000428703050090502403053841000,914256738587934612362187549846375921135629874279418365428793156791562483653841297,1
002000600006500300000086000201037056089100043060208907007050030090300000500690708,852713694476529381913486572241937856789165243365248917627854139198372465534691728,1
560007320800000100023500004080032700000675800030040205450006000002001460000700002,569417328874263159123589674985132746241675893736948215457326981392851467618794532,1
500100007870002300320780006000040030040003010000256400050020104000000503006010279,564139827879562341321784956695841732248973615137256498953627184712498563486315279,1
304800179671402000805000000060307090100049500009008000406003008003070010000004930,324865179671492853895731642568317294132649587749528361416953728983276415257184936,1
006003798709408350080000640000340000504090007960080000801000205003050000000900180,246513798719468352385279641178345926534692817962187534891734265623851479457926183,1
200000007000041039304070500000100290809032756007900003705308000100000075000000300,281593647576241839394876521653187294819432756427965183745318962138629475962754318,1
390600041200173000001000008013897600700061000009050100900020315100009006030500090,397685241248173569561942738413897652725361984689254173976428315154739826832516497,1
030007010706021095001000473002000050009030700453008062020000040300540000164700500,935487216746321895281659473872964351619235784453178962527813649398546127164792538,1
423000001500401807100000000806000000002000694304070000905860302000005470000700009,423587961569421837187693245856149723712358694394276158975864312238915476641732589,1
006000080139000000487005003000100000601058370000037261000081047090000500000049032,256793184139864725487215693973126458621458379548937261362581947894372516715649832,1
040028000018709000230000908020086070760940085005200000170090000692105003800002000,946328157518769432237451968429586371761943285385217694173894526692175843854632719,1
506400000000000905010200080152046078070032014043100000790000050060000831030008009,586493127324871965917265483152946378879532614643187592798314256465729831231658749,1
302000000001000920040027030008001700700480163100090802050000070003070000267903010,372169485681354927549827631428631759795482163136795842954218376813576294267943518,1
000001000481070063609040000900600020500407389030000000800023497304090002790004130,273861945481975263659342718947638521526417389138259674865123497314796852792584136,1
169200500873001020524000039030000017002006345710040802001009000008700004000028050,169234578873951426524687139435892617982176345716543892251469783398715264647328951,1
009640001007900506100850000000070020965204187074000000002010700001400003003790218,529643871487921536136857492318579624965234187274168359892316745751482963643795218,1
054000700007005410800000030490200070183050004060413009240300051008002047000540020,654831792327695418819724635495286173183957264762413589246379851538162947971548326,1
500600342007000001034900800010030068050000004000000010800001420040090680923086000,591678342687243591234915876412537968758169234369824715876351429145792683923486157,1
067900000314500000020061004006050807000000003178000050685209040000600900791040006,567924138314578269829361574436152897952786413178493652685239741243617985791845326,1
093001570080005009507693010009700080710954062250000040070060001800000000060009020,493281576681475239527693418349726185718954362256138947974362851832517694165849723,1
016005090090100030000002700075268309809001005200053000947000000650000000123084000,716835294592147836384692751475268319839471625261953478947316582658729143123584967,1
000094001070160200900073460758306120000050006460920850000402030800600000032710000,386294571574168293921573468758346129219857346463921857197482635845639712632715984,1
500006080900308560008501200300000000000803005020050007001900053070100906000000108,534296781912378564768541239356719842147823695829654317281967453473185926695432178,1
000000910060009000510204006170000692200006000096000080630490070908030000020015009,842763915763159824519284736175348692284976153396521487631492578958637241427815369,1
473000600200000000096020540507200304000598000000400200000109420002040107741300009,473915682215684973896723541587261394324598716169437258638179425952846137741352869,1
080000050000659480950047002097364010000201090000000706068903000209005068400700000,684132957723659481951847632897364215546271893312598746168923574279415368435786129,1
090100700128940536004068109010000000209000003007000980082000090900052007070894050,695123748128947536734568129813479265259681473467235981582716394946352817371894652,1
001030007050180009007906030019074000006000340030500708600008003120700500700000010,961435827352187469487926135819374652576892341234561798645218973123749586798653214,1
930050086020604030860329000000062097000001060056703800003005010679210000500006008,934157286721684539865329741348562197297841365156793824483975612679218453512436978,1
020060000600000348978300000409001570500702401010540000002450103140000057800000264,324865719651279348978314625439681572586792431217543986762458193143926857895137264,1
000795124407023000009000706704018000308057402005000900030000040000300250070000301,683795124417623895259184736794218563368957412125436978532871649841369257976542381,1
053006080100005000007010900839000061010000800040080590070200410000498050000671000,953726184184935672267814935839547261512369847746182593678253419321498756495671328,1
006050001000000000430081000001802306000005907508030000054020000803000260009004075,286459731197263548435781629941872356362145987578936412754628193813597264629314875,1
679028015820504007050019000086000070710090504543870009007900006000000700000100200,679328415821564937354719862986452371712693584543871629237985146198246753465137298,1
030160080060708400008500100600900835050000940080000602040000098027639004005400000,534162789261798453978543126612974835753826941489315672146257398827639514395481267,1
070008650002500300560200048630000000000000800721806900000042571205003480407000000,179438652842567319563219748638794125954321867721856934386942571295173486417685293,1
000672400200000030170348560001260300300000094800090006002100000010000908080935000,538672419246519837179348562491267385367851294825493176952186743613724958784935621,1
300040100008000007001090430070600040000070012000020750905701308700402001206380574,397245186458136297621897435572613849839574612164928753945761328783452961216389574,1
780000530136078004025004068500040680000600000400009005003026050009050306050003042,784962531136578294925314768592741683371685429468239175813426957249857316657193842,1
004650080920800700768002001892540003000700298670008100050000000087300010006070009,314657982925813746768492531892541673541736298673928154159284367287369415436175829,1
007010900090000760403987000018200050049360000006100004004000800005020016020000030,587612943192453768463987125318274659749365281256198374674531892835729416921846537,1
600009000005700021001003000800045000004300605006070080000507809020090007070130246,642819753385764921791253468837645192914382675256971384463527819128496537579138246,1
000085306065001007490060000109002004850030720003000900027308000901000263530000000,712485396365291847498763512179852634856934721243176985627318459981547263534629178,1
090200000102008609000000023080470090040050108000900574009700006720800005008009007,893264751172538649564197823685471392947352168231986574319725486726843915458619237,1
500002640002050003300076200006000537000080002005031408050003076020460351630590000,587312649162954783394876215816249537943785162275631498458123976729468351631597824,1
000901532172000409000000170000700300307025001000016000001069000000100690064230000,648971532172653489593842176216798354387425961459316728831569247725184693964237815,1
050320000600000430089046200000013000000062700400000190048095010970030000506107042,754321869612879435389546271867913524195462783423758196248695317971234658536187942,1
000078402000000050500490300400830005006900000700040190005180970001020006970050200,693578412147263859528491367419837625856912734732645198265184973381729546974356281,1
002580060300006080800070100040810300070200519000650074065000730080020001003000000,412583967397146285856972143549817326678234519231659874165498732784325691923761458,1
105004070200037000437600290020708030351000800074000120000062010900001082000003040,185294673296137458437685291629718534351429867874356129748962315963541782512873946,1
003210005070840030000030940095068070004000060700300500010080456850000090030951000,643219785971845632528637941395168274184572369762394518219783456857426193436951827,1
060001250500008103021400080010502908600310000702004000000906320200080000976040000,869731254547628193321495786413572968658319472792864531184956327235187649976243815,1
090000034386000002000039080810000060005370029200080017003400000100005398028000605,591826734386147952742539186817952463465371829239684517653498271174265398928713645,1
502070000640000003000010260900000100120057430054000000005008020006135900810240000,532476819641892573789513264967324185128957436354681792495768321276135948813249657,1
054000106600002000200006409800000690100009048060500230090800004580400010420017000,354978126679142853218356479845231697132769548967584231791825364586493712423617985,1
103400907009001054005809063000030016000540000937000005358002000406083090000000600,163425987879361254245879163524938716681547329937216845358692471416783592792154638,1
000294007020070000804053000962000810040906730000000609001405970000080300080000001,653294187129678543874153296962537814548916732317842659231465978496781325785329461,1
700320000341006000609008000096000300007000850008600907100060000003400700902750080,785324619341596278629178435596287341237941856418635927174862593853419762962753184,1
086090000007006189010875020029080610100027043000001050000000002600409801805000000,286193475357246189914875326529384617168527943743961258491738562672459831835612794,1
940005300003640070070010406008106203034800015000354060000000030009201800010400000,946785321183642579572913486758196243634827915291354768827569134469231857315478692,1
600900703097103682000007150000008405003600800278000000700000004800300071104070360,615982743497153682382467159961728435543691827278534916736815294829346571154279368,1
004302708283001609070500230000230045400600300030000000620905070090006500005000920,564392718283741659179568234716239845458617392932854167621985473397426581845173926,1
000000809082950070604072015000096081010500000060407902000000100005040006701000008,573164829182953674694872315257396481419528763368417952946285137835741296721639548,1
000073149200500000917468205000130900306080000050046007000000010508604093070000600,865273149243591876917468235784135962396782451152946387639827514528614793471359628,1
500090030082563900009007502070009480003025097008074020000008003000730000004052009,546291738782563941319487562275319486463825197198674325657948213921736854834152679,1
000000030009358710008700460702610054000500003500097080090030047000045008020070096,257164839649358712138729465782613954914582673563497281891236547376945128425871396,1
006805021703401600081067400300500070000000512050000300000040000908050003602009000,496835721723491685581267439319524876864973512257618394135742968978156243642389157,1
046503280008270000070000530004100000200080070060009000300650490000001800600800750,946513287538276914172948536894167325213485679765329148387652491459731862621894753,1
070160000860004000020070009650020984300850002702600300430015090018900400007086001,975162843863594127124378569651723984349851672782649315436215798218937456597486231,1
000901460630572008009460200502000800086200530700800620070100004060050080000700900,257981463634572198819463275592637841186294537743815629978126354461359782325748916,1
608100000079240803300786000805000004030000000020890007063400005087000306504000070,648139752179245863352786491895617234731524689426893517963478125287951346514362978,1
009016000000504009410029000984070503062003001030008297100090052000005004005000976,259316748673584129418729635984172563762953481531648297146897352397265814825431976,1
608000200009610540410008900000400000001800060000901700306209184294106070080040029,638594217729613548415728936562437891971852463843961752356279184294186375187345629,1
080030000300200057502000301000029010000050700050700260030002840076304100200006070,687135492314298657592467381763829514429651738851743269135972846976384125248516973,1
000000030072030905908007240000071400406090000000000080240050007503000000701004350,654129738172438965938567241895371426426895173317246589249653817583712694761984352,1
406010280923007000100400906000008000000034052000100400015090060240601000039005008,476519283923867541158423976394258617761934852582176439815392764247681395639745128,1
180320000003060582200080060030014000000802049000050700000501000050090000401008900,186325497943167582275489361639714258517832649824956713392541876758693124461278935,1
000000063390000700746905180074000031800007090000000600500783000000650800000019057,285471963391826745746935182674598231812367594953142678529783416137654829468219357,1
201800305003504080000109000002000010075410609009080000530000028000250460004068500,241876395793524186658139742462395817875412639319687254536741928987253461124968573,1
070361008380700000125000703003010047000807005007053912094000350508030200000006009,479361528386725194125498763653219847912847635847653912794182356568934271231576489,1
000008000000195000560032870000503008805600120010000365900001000040000010072000090,293768451784195236561432879627513948835649127419287365956321784348976512172854693,1
807010009009000030052900007305000001084700005001050004200180050400002608508067092,837416529149275836652938147365849271984721365721653984296184753473592618518367492,1
040052000251000607030160050000500000170900540065074002007608305620005900098003000,746352819251489637839167254984521763172936548365874192417698325623745981598213476,1
075080002200000030039000000020000090603001700054006300000014607000503001000090040,475389162261745839839162475127438596683951724954276318392814657746523981518697243,1
306200409004079000025000731098002074602000098400000500063700900000600003041050000,376215489184379256925468731598132674612547398437896512863721945759684123241953867,1
601900700709204580080000200000149070000076000007080400800765100000400007003890004,621958743739214586485637219562149378348576921917382465894765132156423897273891654,1
000490326300080009097003000008020900700010000136870004900060802600008700072000060,581497326364182579297653148458326917729514683136879254945761832613248795872935461,1
502000681006500003003619007075000800300000070060000104800375906100000000000008040,592743681716582493483619257275431869341896572968257134824375916157964328639128745,1
060240071002607000070901806000804250023506089005700610050070090030000000040008002,568243971192687345374951826619834257723516489485729613856372194231495768947168532,1
000087000000000180010200090680010025090008710102503968549000031000050002800000009,934187256256394187718265394683719425495628713172543968549872631367951842821436579,1
000400203304021058752000049231040000470200000008150000006812070020030890080000600,819475263364921758752368149231649587475283916698157432946812375127536894583794621,1
981600200300021000002003008065304901000100067210000000070000610490000005020578040,981647253357821496642953178765384921834192567219765834578439612493216785126578349,1
000000000549000000710580390080600407000890020020103860807010002390000048004038070,238941756549367281716582394983625417671894523425173869857419632392756148164238975,1
200006000614975000000200700380060010109007800507000093020000004008604500450000600,273486951614975382895231746382569417149327865567148293926853174738614529451792638,1
500000301406050009038000600600000502005701000140800000050480030794000020860000140,572649381416358279938172654687934512325761498149825763251486937794513826863297145,1
040005000653420090270309000830610700406200510027090064060700480000930250000000900,948165372653427198271389645835614729496278513127593864369752481784931256512846937,1
009008403064700000102940070900372010016000000007501809201000900093000780400000106,759128463864753291132946578948372615516894327327561849281637954693415782475289136,1
920005008000009062500180000015926870602307419007000000008790000053200000249560000,924675138871439562536182947415926873682357419397841256168794325753218694249563781,1
050037801300008250184000030000000092020016583073090100008074000540001000000300000,256937841397148256184625937615483792429716583873592164938274615542861379761359428,1
006501029415702680000080000697003012008600007234100006560000004701900200003000001,386541729415792683972386145697853412158624937234179856569218374741935268823467591,1
090800000602009080005000000079030160256000700000070000064500018008701049903000000,197852436642319587385647921879235164256184793431976852764593218528761349913428675,1
000710039000805602007000080080007900060003040475291000000974350009100000700300096,648712539193845672527639481382467915961583247475291863216974358839156724754328196,1
000000900095630010008010260900060100100082040602040009570000090020800650000153472,316274985295638714748519263984365127137982546652741839571426398423897651869153472,1
200000805040005293900000600050216080090007000700300560429008350073604020008020070,267931845841765293935482617354216789196857432782349561429178356573694128618523974,1
003500007000007296060090530501208009380006000000005000670120983000000601010600052,893562417154837296762491538541278369387946125926315874675124983238759641419683752,1
100620090482000006000800302001090253000050970900000061200068700506240000000500020,135624897482937516769815342841796253623451978957382461294168735576243189318579624,1
600050040902001076074080103003500000408179300000008004009003400025804009840090000,631957842982431576574286193193542687468179325257368914719623458325814769846795231,1
170040000500730004800000907200450000400023600005000420650300049300000506710064280,176948352592736814843215967261459738487123695935687421658372149324891576719564283,1
853100260000850000007003001009001032200430056305096010700000300002000008008310600,853174269126859473947623581469581732281437956375296814714968325632745198598312647,1
016004508574680000000001000190000786620800004040067201900030000000540002450008003,216974538574683129389251467193425786627819354845367291961732845738546912452198673,1
540180637090200540300400201000612004700000100020870900870500309450008000000090005,542189637197263548368457291935612874784935162621874953876541329459328716213796485,1
000710950500060008001000407006080002028036045040000030000600029090058671600009084,864712953579463218231895467316584792728936145945271836183647529492358671657129384,1
062000819950080000004000600040050900000000040009008561100709034000000700000340185,762534819951687423834291657246153978518976342379428561185769234423815796697342185,1
108420007050000000403009000040600500200704600005091004519000000700900030300170290,198426357652837941473519862947682513231754689865391724519263478726948135384175296,1
000004870080501029010820300002000010068410037140059206900005008000100092804070000,256394871387561429419827365792683514568412937143759286971235648635148792824976153,1
000000302100020080700004900090400003803050400274001005300265700400908006000740000,548196372169327584732584961695472813813659427274831695381265749457918236926743158,1
000007040006208900170690500040009000600050200005000719510402007084000000260980450,839517642456238971172694538748129365691753284325846719513462897984375126267981453,1
900001025540029800000700900060034500020057604000908002090070060000092307083400250,976381425541629873238745916867234591329157684154968732492573168615892347783416259,1
000800090010300648008469013020000001001020054904100300082700130005010407100004000,643871592719352648258469713526943871831627954974185326482796135395218467167534289,1
000543000392106000040070010003000000801000906050000107038904500000015063005000890,187543629392186745546279318963751284871432956254698137638924571729815463415367892,1
905140280000600900023890160200050008058006301300908025800004000000700030009080002,965147283187632954423895167296351748758426391314978625831264579542719836679583412,1
952160000008000530000508216700409100604012000000000000070000008806907000009200003,952163847168724539437598216783459162694312785215876394371645928826937451549281673,1
831000609720000051409000030007080000182930004360417082000048005200000000510070090,831725649726394851459861237947582163182936574365417982693148725274659318518273496,1
710004050040000081250800000001420000000000900420000165000050020160008000500203614,718694253946532781253817496691425378835761942427389165374156829162948537589273614,1
008000743705020806004087002087000000000700408010060305270043609590800210040002000,128659743735124896964387152687435921352791468419268375271543689593876214846912537,1
008000000040090000100005030305000009010406007004000200900702800486003001007014096,598341672643297185172685934325178469819426357764539218951762843486953721237814596,1
070000019310700806000000000081400900000530000003000025030009004900010070042600190,874365219315792846629148537581427963297536481463981725138279654956814372742653198,1
001007408000090500904006703036050000000702054070008300000203000009000000300960800,651327498723894561984516723436159287198732654275648319517283946869475132342961875,1
500078020090651038000300040760102080904000251003000000050204093009060010800003002,531478926492651738678329145765142389984736251213895467157284693329567814846913572,1
508013960029046000630092000000600030970200600400050278010060400000000021000300700,548713962129846357637592814285674139971238645463159278712965483396487521854321796,1
275080001080400520006050090392000804700040900000300000027600005010807609630010000,275983461983461527146752398392176854768245913451398276827639145514827639639514782,1
067001080050700190000200070370510009500002400000007051000008005018075042040120968,967351284852746193134289576376514829581692437429837651293468715618975342745123968,1
000000370001003009790020010040079063300581024980006700600900030008300007009807100,864195372521743689793628415145279863376581924982436751657914238418362597239857146,1
008197060040000009007000380000004837400003900003905000000070100021809500500040076,358197462146238759297456381915624837462783915873915624634572198721869543589341276,1
000701380600008005010000274000000042700000901426003750800007009050039800960200010,549721386672348195318596274193875642785462931426913758831657429254139867967284513,1
000200791000600500010080000004703010070068020026415070067002130900007060030090000,658234791249671583713589246894723615175968324326415978567842139981357462432196857,1
062490800100003060030000700080000000000008145203900000040000000006100070521804030,762491853154783269938526714485617392679238145213945687847369521396152478521874936,1
400030005073009002000000601008300007060700304734080056107804003005090000020503400,412638795673159842589472631258346917961725384734981256197864523345297168826513479,1
080400510705000009400000002827010905000705000000000076302070008000086300608103290,289467513765321489431958762827614935196735824543892176312579648974286351658143297,1
504001200390000006620000000802015904000000000407208163009850041080030090200100005,574681239398527416621943857862315974913764528457298163739852641185436792246179385,1
463000080150830762800600003710902530000000820000003007072000000938700054001005008,463127985159834762827659143714982536395476821286513497572348619938761254641295378,1
320760500807005100001003270610050000700020659200000800502000080030000000000508001,324761598867295143951483276619857432783124659245639817572316984138942765496578321,1
000306047064520000803000000006050000000610705250803406600184003940000500000060004,512396847764528319893741652376459128489612735251873496625184973948237561137965284,1
000100906703004058096800030074000000030085024000009001540200000007000410060947000,852173946713694258496852137274316895139785624685429371548231769927568413361947582,1
162890000000012804840700200401080630050030041000040008604000003000400985000370400,162894357537612894849753216471285639258936741396147528684529173723461985915378462,1
103000507000000060204590001500031040000400105010080072900050008001000059052948000,183264597795813264264597831528731946376429185419685372937156428841372659652948713,1
000000780000000093100570004097410600000706009060820037000080970082007000000600148,256934781748261593139578264897413625423756819561829437614385972982147356375692148,1
100000040000050139900120700002387000001905070000061890026000000000890005050000407,165739248278456139943128756492387561681945372537261894826574913714893625359612487,1
070850210205003400000907608700000060004368172000005000427001980800046005000009000,976854213285613497341927658738192564594368172162475839427531986819746325653289741,1
108206070037890000004300800010700005870160420200000761001009008080012000060007000,198256374637894512524371896416723985879165423253948761741639258985412637362587149,1
100000708308000000040029030930400027407000810000630549000000070000900052074500080,192354768358716294746829135935481627467295813821637549589142376613978452274563981,1
071000800560200000420000061890107020000300070005400190050000200382701000040003000,971634852568219734423578961894167325216395478735482196157946283382751649649823517,1
030800100070050040900001000009732400500100970740090006000010804000083690008640000,234879165871356249956421783169732458583164972742598316627915834415283697398647521,1
067900053503000010040560000600020070072000036039607504098100300000408001000000805,267981453583274619941563287654329178172845936839617524798156342325498761416732895,1
001002030009000400208500000007600000624835090000100604000200040050008710080900200,761492538539786421248513976817649352624835197395127684976251843452368719183974265,1
000721068500308100000569704000050002104090003092800000200080000000030200907600005,349721568576348129821569734738154692154296873692873451263485917415937286987612345,1
002000018800091265090002430900000080000905603504038009000100800700406390010820750,352764918847391265196582437963217584281945673574638129635179842728456391419823756,1
956714380302009000000000976400001050260450000007020004090087000020100000100302700,956714382372869145814235976489671253261453897537928614693587421728146539145392768,1
000000030005008607089070240006713000020080000000602004000020809900501003004030750,742196538135248697689375241456713982327984165891652374563427819978561423214839756,1
501000043080500276000038010100280000009300060406000005208900437600800900000010620,591627843384591276762438519153286794879354162426179385218965437637842951945713628,1
021000070930000001706205090200340000090150047047092000362471085000500000050023000,521934678934786521786215394215347869693158247847692153362471985178569432459823716,1
704510800800073040009280750970301000083000005001800207047000000100020000090037460,764519823825673941319284756972351684683742195451896237247965318136428579598137462,1
004605080690248500005037400486020000000701045001090060000109000000080090309470158,724615983693248571815937426486523719932761845571894362248159637157386294369472158,1
540000207000009060830010009708900100000104000004802005982365400061000000300420006,549683217217549863836217549758936124623154798194872635982365471461798352375421986,1
068900500030067028590040060607300400040710009009600000020000047076480000000070090,768923514431567928592841763657392481243718659819654372925136847176489235384275196,1
200065019010090200000300600300070508080236701002801006400187002008000057607009000,243765819716498235859312674361974528584236791972851346435187962198623457627549183,1
000067902025009000709000800002008096010092508008070021094050200280030009570920000,831567942625489317749213865352148796417692538968375421194856273286734159573921684,1
007200100090001060306950827700690000100002700000000000970010204608400071020780306,587263149294871563316954827753698412169542738842137695975316284638425971421789356,1
500007042970000003000050080300000605050204007200000030025906308130080200000000450,583617942971842563642359781314798625856234197297561834425976318139485276768123459,1
300800071070140080010053620000000710007000298023000006501020800700000030230004057,365892471972146385814753629489265713657431298123978546591327864746589132238614957,1
000005609186040020200036071000300800003050090068410050090200100804001500020580947,437125689186749325259836471542397816713658294968412753395274168874961532621583947,1
050917208002000000000002049308000007400278390060000800000359400000740680040000973,654917238792483561183562749328694157415278396967135824876359412239741685541826973,1
000900000600008905409500000840090000593620070721483009200060703070200850900300200,152976384637148925489532617846795132593621478721483569215864793374219856968357241,1
000000004314000090080470000000048060063009070070610009047100083001300042030024910,756931824314582796982476135529748361163259478478613259247195683891367542635824917,1
462070035030000049150006000085000204040080070010500300000015000070000900024900003,462879135738251649159346827685137294943682571217594368396715482871423956524968713,1
360051008000700605004002000000000040031000000682104700010000004800000090270035086,367951428928743615154862937795326841431578269682194753516289374843617592279435186,1
870600400420007910960025000000004201056009043007203000000540009002000000590000020,873691452425837916961425387389754261256189743147263895718542639632918574594376128,1
000400709700106400004000215070030800000060000008201000920603054003000080010500307,381425769752196438694378215175934826239867541468251973927683154543719682816542397,1
091080570000600913700000084520000060008130000000052400014879350307405000000003007,691384572845627913732591684523948761478136295169752438214879356387465129956213847,1
800905007000000001004000925000018009000502000182003006208000403097080150401009008,813925647925647381764831925546718239379562814182493576258176493697384152431259768,1
070080060000026907625073001090002050200030810500600720000019008706050000080000003,379481265148526937625973481897142356264735819513698724452319678736854192981267543,1
009023005057640920230000008070068302000700609008000000103000090500904200702056804,619823475857641923234579168975168342421735689368492751143287596586914237792356814,1
341500000005300400006100000429600138050000096608012007960000070573040020000790000,341589762285367419796124385429675138157438296638912547964251873573846921812793654,1
000603001150009830003001040060705084000000613002300907005002300830057400024000000,248673591157249836693581742361795284579824613482316957915462378836157429724938165,1
005300490640000000900807500030500708006038040090000203809650170300010600001009000,285361497647925831913847526432596718176238945598174263829653174354712689761489352,1
130004080870025690000000000009500870003417902207030000700000000000000120000106004,136974285874325691592681347419562873683417952257839416741293568365748129928156734,1
360241850572608000040750020900020100000506000230000004000000209824900700090102008,369241857572638941148759623957324186481596372236817594713485269824963715695172438,1
000540067060000530007000000300280000840016070916375082000400003000600001631000008,193542867268197534457863129375284916842916375916375482789421653524638791631759248,1
000910003059008607300700020030870004720004301940001078410620705000050030060400000,274916853159238647386745129631872594728594361945361278413629785892157436567483912,1
078602000002804000000710200020050000060040007405967000010000036200503000030106042,378692415152834679694715283721358964963241857485967321817429536246573198539186742,1
005200700300050200080000006800009420520010309000320007130092005040000900050438002,695283714374651298281947536863579421527814369419326857138792645742165983956438172,1
260080051100040078000001000502000080800060030306070290400029800020600000000037509,264783951159246378738591642592314786847962135316875294475129863923658417681437529,1
000200060890000720002038000045000000180070040007014006700109052201000400060050010,574291368893465721612738594945826173186973245327514986738149652251687439469352817,1
700060030804305000100009600610900045003651000905437160000008590070096000290500000,759264831864315279132879654617982345423651987985437162341728596578196423296543718,1
300605000000901004600070100081007640000100085003586721025063900008012006000059000,319645872872931564654278193581327649267194385493586721725463918938712456146859237,1
370000020000040003100000406040560030900072000005080000001000800002090041730001200,374615928526948713189723456847569132963172584215384697491236875652897341738451269,1
105000900708001023360080000070000050530208407621000009200300705907806200000000800,145632978798541623362789541874963152539218467621475389286394715917856234453127896,1
306000900000391206102800700584007002900000060030020581479100000210000654065000100,346752918758391246192846735584617392921583467637429581479165823213978654865234179,1
800540300020080400400910085070000040000094001040300250002400807009001004704050020,896547312125683479437912685273165948658294731941378256512436897389721564764859123,1
000000310540123008000700000950070003020005490074290601000001034030052000160007280,687549312549123768213786945951674823826315497374298651792861534438952176165437289,1
100960030060000810032000000589000070024039000317006004006307100050690003000018002,178964235465273819932185467589421376624739581317856924296347158851692743743518692,1
008901000100407060670003420400005090002300014001000500384006000700000680026000005,248961753153427968679853421437185296562379814891642537384596172715234689926718345,1
700000590530069000206000004403095761070100058085007903900004070860000000000700100,714238596538469217296571834423895761679123458185647923951384672867912345342756189,1
040208003003067040780041000001000030800005400300074001920006007100420085060700020,649258173213967548785341269451892736876135492392674851924586317137429685568713924,1
000010059520000006061007000095001002003000080206908010080649501000120800009000020,438216759527894136961537248895371462713462985246958317382649571674125893159783624,1
004090207700238490900014800307500900000002001200940030590020000170400080060009302,834695217716238495925714863347561928659382741281947536593826174172453689468179352,1
800004530000010680040003000030046900470038100600107300900061050003002406062450800,896724531327915684145683729231546978479238165658197342984361257513872496762459813,1
700000105051000060203100000000510008008004009040300070006970050080640090410000000,794263185851497263263158947972516438638724519145389672326971854587642391419835726,1
094800030000632400000004005000200041086070020020100008001007860670020300043900000,794851236518632497362794185937285641186479523425163978251347869679528314843916752,1
710308005800005000003092807900074302007001406400000000345000160290000500000500003,719368245824715639653492817961874352587231496432659781345927168296183574178546923,1
782010000401000030500000607970601043300900182200000000040092000000000800607003020,782316954461759238539248617978621543356974182214835769845192376123467895697583421,1
000067801318020740000100090702000109000000005051600080680041907107000004009000608,294367851318925746576184392742538169863419275951672483685241937137896524429753618,1
060200000132084050458390001006008000580029370900003805090500000605001008000070000,769215483132684759458397621346758912581429376927163845894532167675941238213876594,1
329051007700030000040972650602800700000706000100040090030000079000029368008007540,329651487765438921841972653692815734483796215157243896236584179574129368918367542,1
050030004700492000009500000305607200000300080020900076570040061900100000010003090,856731924731492658249586713385617249697324185124958376573249861968175432412863597,1
410052060039064080060000450000000094098020030004309820045030070720698540080000000,417852369539164287862973451253786194198425736674319825945231678721698543386547912,1
050006000069000507000000006083740100040010273900263800000000090038070052700400008,857396421369124587124587936283745169645819273971263845512638794438971652796452318,1
000351020032900000600000900005030198073000400809214003000002089008103040027080050,984351726732946815651728934245637198173895462869214573416572389598163247327489651,1
062000541307000090514962000008470130005030009400600050000700000750040010009500704,962387541387154692514962378298475136675831429431629857143796285756248913829513764,1
000300290000100004010947008008070006007002080695080100200790803060835010803001005,746358291589126374312947658128579436437612589695483127251794863964835712873261945,1
105800000090000065370250010020009001013040020007600040230465107500070296000000534,145896372892317465376254918428739651613548729957621843239465187584173296761982534,1
006003107182070003030000500003400200270096000900327050000702015000015000501000736,456283197182579463739164582863451279275896341914327658648732915397615824521948736,1
000809003308010000049005006004003001020007009100654027005000010400070005060501090,617829543358416972249735186874293651526187439193654827985362714431978265762541398,1
503090040000705800090020000082910030300000008065307004804009016030000000059200080,573698241241735869698124573482916735317452698965387124824579316736841952159263487,1
708605010405000908010090004080000005903000000501083000800401250100006090000320087,798645312465132978312798564286914735943567821571283649839471256127856493654329187,1
061000748378100520900827603010603800000000000852900000107000054030004000400000000,261539748378146529945827613714653892693482175852971436127368954536794281489215367,1
007010409004000010189000630400003006006205043030690001200701500041902360000040100,357816429624539718189427635472183956916275843538694271293761584841952367765348192,1
001085030700000250000907108050018090000030000610090500004600872000024900100300000,491285637768143259325967148257418396849536721613792584934651872576824913182379465,1
710460320300200096200000780003000500000325009920070000431002950000703100576000008,719468325358217496264539781183946572647325819925871643431682957892753164576194238,1
203605008807100402490000500000000030738009000000310804300860105105070040004000007,213645978857193462496728513541286739738459621629317854372864195185972346964531287,1
040703902000289140002400037734000000020100750001300000060800090050000800000070065,146753982375289146892416537734592618629148753581367429467835291953621874218974365,1
104020000200070090000900501301269800000057209029000060010090080860001973000800000,194625738285173496736984521371269854648357219529418367413792685862541973957836142,1
240706000000025000000100070086247105010300000070590806760010400908070013000000007,241736958897425361653189274386247195519368742472591836765813429928674513134952687,1
029000000008007900006000785000420079547300000300708006065000010970000250010200000,729583164458167932136942785681425379547396821392718546265879413974631258813254697,1
460059013300041902180000060900080400740060358058004000000500049090400000804200030,462859713375641982189723564923185476741962358658374291237516849596438127814297635,1
000052001800900002102006050000008065080000037031000804910864203070003000020570018,369452781857931642142786359794328165286145937531697824915864273478213596623579418,1
195000000003100706702043005030007900021004000807001000549610300010470589200030004,195726438483195726762843195634287951921354867857961243549618372316472589278539614,1
000070620092030001546082070060801000000000400900000103005400700004003016000200000,831974625792635841546182379463891257157326498928547163315469782284753916679218534,1
005748936090502000300001040000006710001390058758120000103000500802600000009000020,215748936496532187387961245934856712621397458758124693173289564842615379569473821,1
900100700600930004007000300100000406843610000070058000700090000000020910500006003,935184762612937854487562391159273486843619527276458139728391645364725918591846273,1
210840596400070103603090070306700800805036700970080030004300061000000300000064900,217843596489675123653291478346719852825436719971582634794358261168927345532164987,1
248706500090000420036040000000530000601007000009000000070800000000900052065300109,248796513597183426136245978724539861681427395359618247972851634813964752465372189,1
000800500900000070000043201000005100000020900801600300605004000038010090109082700,312867549984251673567943281796435128453128967821679354675394812238716495149582736,1
000003000900602030008004209823900417040307006000480500006740000000260001270109648,752893164914672835368514279823956417541327986697481523186745392439268751275139648,1
054206890000480020008190046940003200002001700010608904600310009000700001000050000,154236897369487125278195346946573218582941763713628954627314589895762431431859672,1
001045360005700010300860050654000070700006405020074089500090000400000790098017040,871945362965732814342861957654389271789126435123574689537498126416253798298617543,1
079018065810200000045030800000003498900000007700925006007542000500390740020060000,379418265816259374245736819652173498931684527784925136197542683568391742423867951,1
109003000036100000280400000560000007000037052000000168000700400000040071674980230,159263784436178529287495613562819347841637952793524168318752496925346871674981235,1
000069087807040000000000230008070004005001006090000810080000070002600040079530108,531269487827143695964758231218376954345891726796425813683914572152687349479532168,1
000503061701026000030010020803004006142060050576200809007100090000600400068005100,924583761781926534635417928893754216142869357576231849257148693319672485468395172,1
070000050000205100002780000400020073100008400000470000090640802020007300600890740,376914258948235167512786934489521673157368429263479581795643812824157396631892745,1
500700809700060105104359060005041620000007080800920301900000210400000500008105070,536712849729468135184359762395841627612537984847926351953674218471283596268195473,1
703200800816000009400000700180000072030800501647510008000000085000950027020700304,753294816816375249492186753185639472239847561647512938971423685364958127528761394,1
007002005402005070080900000010700602728500000006000750954800030800403507203100408,197342865432685971685971243519734682728569314346218759954827136861493527273156498,1
083200060060507098000008200000001500020860001130050006370100680006470005000300400,583219764462537198917648253648921537725863941139754826374195682896472315251386479,1
000069000600420100000000800000016940060000001009048637910000408000794000503001079,231869754685427193794135826378516942462973581159248637917352468826794315543681279,1
060000070000060502287000300036420000500096208002350001750000003008200790300075800,165832479493167582287549316836421957514796238972358641759684123648213795321975864,1
602470130900183702070002000006040000093510204008030010849000601060000000000801900,682475139954183762371692458516248397793516284428739516849357621165924873237861945,1
003850249040200807000073100050004900401000600030001720002708000500090078890005000,173856249645219837289473165756324981421987653938561724312748596564192378897635412,1
008070000000401000013900600000730460382040017004800005039280006201004700807100000,948673521726451893513928674195732468382546917674819235439287156251364789867195342,1
800000905004000031020060000000106400100070369640000070780013200009725003000690047,816347925974852631523961784397186452158274369642539178785413296469725813231698547,1
000200018200000009618090400002908050951420080780105004000682500800500001504700800,379254618245861379618397425432978156951426783786135294193682547827543961564719832,1
010040903600059270080030460400908002800300040309000800167003000090600000008001006,712846953634159278985732461456918732871325649329467815167293584593684127248571396,1
008400020420085190501900000070253000000000203230000050000000000010570489800196070,798431526423685197561927834174253968685719243239864751957348612316572489842196375,1
003080100680012000710430000061503900040090600007064001004000090800300010190040320,453986172689712543712435869261573984548291637937864251324158796876329415195647328,1
040100060000000008020000700082603040037004080600870210400900076000001030260080900,749128365356749128821356794182693547537214689694875213415932876978561432263487951,1
010070260040009370279300840028000094007080503430002006000068002000003400002041607,813475269645829371279316845528637194967184523431592786154768932796253418382941657,1
600009201000000087010500030009650840060000000002490003500900300041030628003040005,674389251395162487218574936139657842467823519852491763526918374941735628783246195,1
020408000800026000703000280070080501008657002502000860400061708000800420200734600,921478356854326179763519284376982541148657932592143867435261798617895423289734615,1
005800063810000000006004900002400080450000279001000450000076030000003827000100005,245819763819367542736524918672495381453681279981732456598276134164953827327148695,1
003000000040302601060410030000138074407500000002040100000004083074800005380000000,123986547548372691769415832956138274417529368832647159691254783274863915385791426,1
602790300910240058030006070070050103005020490000000005041009030000080700006400001,682795314917243658534816279278954163165328497493167825841679532329581746756432981,1
200040500100200000003815609000500906940601007500790400604070130000006700700003000,286349571195267348473815629327584916948631257561792483654978132832156794719423865,1
076590281020100000108060030009010306040806510000450870004300000200900003310600098,476593281523178964198264735859712346742836519631459872964385127287941653315627498,1
600270301100084000200610890760030420300400508908052000003520000026000000490860000,684279351159384762237615894765138429312496578948752613873521946526943187491867235,1
003069500405237860006058001000000040807346000004590780039000007708005030650000008,283169574415237869976458321591872643827346915364591782139684257748925136652713498,1
400008206900020000320000095009080150103000600580014903700206800000850360060000020,457938216916425738328167495679382154143579682582614973735296841294851367861743529,1
027080005056103000403000096009000700700030002500062081300605008000078000000000200,927486315856193427413527896269851743781934562534762981392645178145278639678319254,1
025980017190000600800061930001830706900006000036405000000007000009000020062010800,625983417193742685847561932251839746984176253736425198318297564479658321562314879,1
000209600008300400100780000600007000320000709000030040041890003003170900050000107,435219678278356491196784352619427835324568719587931246741892563863175924952643187,1
050200003286007549000800200008040000647103005930705064000900300000000010160400900,751294683286317549493856271518649732647123895932785164824971356379562418165438927,1
050300009316007020008050010000900000607120900900000030800010040405006090030740602,254361879316897524798452316583974261647123985921685437862519743475236198139748652,1
400000601000710402000400380700100003096070015005906800130000000060000029004600730,472358691683719452951462387748125963396874215215936874139287546867543129524691738,1
030094020002000000050680090300800002040067105200040807090700000104900070768000000,637194528982573614451682793376815942849267135215349867593726481124958376768431259,1
700000000320000600816035070200600705900853006063207090000560940000009061009000507,795426318324781659816935472281694735947853126563217894172568943458379261639142587,1
400900080905380070000020905500470100043216000102095040004068097009700000080000400,436957281925381674871624935598473126743216859162895743254168397319742568687539412,1
004003700000000036080062005040005060005300009629801043450609301100004650236500000,964153728512987436783462195341295867875346219629871543457629381198734652236518974,1
490500038000010000010709600109603027630020900570000000705000090041200000800005000,497562138256318749318749652189653427634127985572894361725431896941286573863975214,1
800026007004907002090001060600000095000068000013500078000089010000070800108602000,851426937364957182792831564687213495549768321213594678475389216926175843138642759,1
000906003500203176062000000283194000000000904140600080825409600936000000004060090,471986523598243176362571849283194765657832914149657382825419637936728451714365298,1
800005103900730205030001004021003809090070012058029030570000000000050320000400701,847265193916734285235891674721543869493678512658129437572316948184957326369482751,1
008059060509760004000000000090020047050000001070003500000105000481392000000040100,218459763539768214746231958193526847652874391874913526967185432481392675325647189,1
002050030903607000000034209800500001000060740000400080005090400100000050794000000,462159837983627514517834269846572391351968742279413685635291478128746953794385126,1
000390570950000300803570000509000100060000830032005694008203900306009000200041000,641398572957412386823576419589634127164927835732185694478263951316759248295841763,1
630009008000385020580060073008520090060104085050000000000200846020000510740000000,632719458417385629589462173178526394263194785954837261395271846826943517741658932,1
200003150070001006000600900020000000100049800037102465013900008008007603002008541,246893157579421386381675924824536719165749832937182465613954278458217693792368541,1
000900082800030007000100603401020078700009306690001200006700430070004801080510700,137946582869235147542187693451623978728459316693871254216798435975364821384512769,1
700040000000209530009010072078030050940107380300080400004790000006451000097062000,723548961681279534459316872178634259945127386362985417814793625236451798597862143,1
000006021109408300436210805000700000080104070005369204090000000000500900508090000,857936421129458367436217895942785613683124579715369284391842756264571938578693142,1
689000000512437986400800200004200730200003000070040060040320570001700600020080010,689512347512437986437869251164298735258673194973145862846321579391754628725986413,1
080450090000007000502000307740000030800600004600034008210065009304002100900801200,187453692436297851592186347741528936853619724629734518218365479364972185975841263,1
032090600000730190900080000000050000007060002045901030009210840000008001070000026,732195684486732195951486273213857469897364512645921738569213847324678951178549326,1
400700000608250000037000006080507300000610004000400002865300140240000003003164085,429736518618259437537841926984527361352618794176493852865372149241985673793164285,1
840302050000094130913087000200000980000040520085009000102000040060420300050001070,846312759527694138913587264274153986691748523385269417132976845768425391459831672,1
300100000001000042008052017012004000000270100000960500000620008206009035090805061,327146859561798342948352617612584973459273186873961524135627498286419735794835261,1
000065001930701280010300060400008030300027510020593040050100003040050897000030150,284965371936741285517382469475618932398427516621593748859174623143256897762839154,1
006000020009000706050000890910800070084300900007902048005240009608190400401738005,176489523849523716352671894913854672284367951567912348735246189628195437491738265,1
100000028836000500402008000684002000719000002000109006071506203300020060000000710,197435628836217594452698137684352971719864352523179486971586243345721869268943715,1
000000500304600700092007000007280305900300208008070040000160007700400052640000001,176924583384615729592837164467289315951346278238571946825163497713498652649752831,1
006480000490030200071520300600100003928003001014005008009000800500007010000054000,236489157495731286871526394657148923928673541314295678749312865583967412162854739,1
000050480400601009300200000060090700240000095075020040800062070024370006006000800,692753481457681239381249567163495728248137695975826143819562374524378916736914852,1
809200004000690801016030900000080010000300005387510409008000026050100748460000003,879251634243697851516834972625489317194376285387512469738945126952163748461728593,1
700006090200700400003082600060230100030100026005000040042670950000500731070090000,754316892286759413913482675467235189839147526125968347342671958698524731571893264,1
104200360002800700006400001007001082020340106000020430063080900940603008800000640,184275369392816754756439821437961582528347196619528437263784915941653278875192643,1
401002007057109080028500931000008005030000008700603000509700040003000002800930106,491382567357169284628547931216498375934275618785613429569721843143856792872934156,1
206005008051000006000002405000830092080509000030026087000100009814060053000200174,246395718351784926798612435475831692682579341139426587527143869814967253963258174,1
070829000005367004300100006000000400040700020000018050000091030007000092200000005,476829513915367284382145976751932468849756321623418759564291837137584692298673145,1
000007526600205410012068007050000800009600200208150000005706100006540080370800005,894317526637295418512468937153972864749683251268154379485736192926541783371829645,1
003600200610900300290783000000104060100270000008500000061057903020069008089000046,873615294615942387294783651732194865156278439948536172461857923327469518589321746,1
705630000000000345003004610570002094000000032000840060600905403098070206350000070,745631928126798345983254617571362894864519732239847561617925483498173256352486179,1
006050040098000075300000002962008007070090003013000080680009030030700508005003000,126357849498216375357984612962138457874695123513472986681529734239741568745863291,1
002360951000020078975080200000030080700819000608074090006098510000003800100206000,842367951361925478975481263459632187723819645618574392236798514597143826184256739,1
000407200002906400004030069000120800740063000009000056400600001050840700020000000,691457238832916475574238169365129847748563912219784356483672591956841723127395684,1
040050009283009000009124000460200003001000004300001200804502390900813452000000800,147358629283769145659124738468297513721635984395481267814572396976813452532946871,1
403001020270800396000920170030008450907000800805004060009007210000010680000080907,493671528271845396568923174632798451947156832815234769389467215724519683156382947,1
301507009804060020059412038005006070200000890006070010700000402010000063500040000,321587649874369521659412738185936274237154896946278315763891452418725963592643187,1
642300875000000003030700020060057010400030060803062400024070901080095000000800000,642319875178524693935786124269457318457138269813962457524673981381295746796841532,1
390000000080030502200809130038002070970408200012003065003900706000000924000526001,391275648687134592254869137538612479976458213412793865823941756165387924749526381,1
106007520000230010005000074000083200903570400800060000000310000087600032300700608,196847523748235916235196874514983267963572481872461359629318745487659132351724698,1
254010000860000705000200804045000380608000070092803050400080030013504208000002007,254718693861439725379256814145927386638145972792863451427681539913574268586392147,1
050794210070000980000060007004800600705000000960325000000600500046109702200050001,853794216672531984419268357324817695785946123961325478138672549546189732297453861,1
004230000735006040002008100000000324020390000043000071200000008008050290000820005,814237659735916842692548137986175324127394586543682971259463718468751293371829465,1
920001030548000000160590000010930056009260100005140000001000048000006300000400079,927681435548723961163594827412938756379265184685147293251379648794856312836412579,1
500001064600002038003080007358120040000807003900003802035090000210070009009600320,582731964674952138193486257358129746421867593967543812835294671216375489749618325,1
000030026730096080010400307008700002003004000109365004300000000040900260200640013,984137526732596481516482397458719632673824159129365874367251948841973265295648713,1
300002401715409000000000005004900010002041006081200750150694380000100009090308000,369582471715469823428713695634975218572841936981236754157694382843127569296358147,1
415069003030007008200003000300700600006000051952006007124050700007001000800072195,415869273639247518278513469341795682786324951952186347124958736597631824863472195,1
509380600070025439200409000064000057900706043000804000000600502090002160620000000,549387621876125439231469785364291857918756243752834916187643592493572168625918374,1
060170400003000000410000050300061045058700900000589371000302060025410708600800019,862175493593624187417938652379261845158743926246589371781392564925416738634857219,1
308060900649021000005039028001700205204680000800902000500170009400050000007094006,328567914649821753715439628961743285274685391853912467532176849496358172187294536,1
000409021020160900000000300002096003060300207435201000000018702600020000290007080,376459821824163975159782346712896453968345217435271698543918762687524139291637584,1
830640000062093000740020000325000080010000027600204900000035040000062000000971602,831647295562193874749528361325719486914386527687254913276835149193462758458971632,1
000009506030000040056000008008736009300050674007000085023080910075190003010000002,781249536239568741456317298548736129392851674167924385623485917875192463914673852,1
002070300080000005600000807013007529009000000006230000000028050700400906000050100,592871364187364295634592817413687529279145638856239741961728453725413986348956172,1
080020000609804720020000060006003000000670094910008673100000930067019805008000000,783126459659834721421597368576943182832671594914258673145782936267319845398465217,1
006000002090024006008900000084006000020500000000287041000402097610000050000003208,456138972391724586278965134184396725723541869569287341835412697612879453947653218,1
070582106009040837100790002891200004620010050007800900010009000005000400038060000,374582196259641837186793542891257364623914758547836921412379685965128473738465219,1
090001000607408020030069004300980001040056000069103000005000430023800090000090005,594721368617438529238569714352987641841256973769143852985612437423875196176394285,1
000080004010020600000500013001060008630200450704390062006050040007630025000001930,273186594415923687869574213921465378638217459754398162396852741147639825582741936,1
030006050095018073708020000000803090000050087001902400040230000003000728006080930,432796851695418273718325649574863192269154387381972465847239516953641728126587934,1
300060200000000000028059600004020000200891740070000590100000400003002805060403001,319768254756234189428159637694527318235891746871346592182975463943612875567483921,1
280090060090003400540002870016800000300000000000906100739008521460210008128005000,281497365697583412543162879916834257354721986872956143739648521465219738128375694,1
000941005056000040040000700210050470670210050400008020063100000000000360807030502,782941635956783241341562798218359476679214853435678129563127984124895367897436512,1
100090380007530600800070450080900024070020000010000009008241905904005003001300008,165492387247538691893176452586913724379824516412657839638241975924785163751369248,1
610250480000000031400870005908000020000080190060002000200005000030098000106000057,617253489852649731493871265978416523324587196561932874249765318735198642186324957,1
085090000009400005007000300502000910000032008001500400023840009090307080058010040,485293167369471825217658394532784916946132758871569432123845679694327581758916243,1
705008000090040806084790512048000020030074608570001004800017030007080000003050207,715268943392145876684793512948536721231974658576821394829617435457382169163459287,1
852009000030047000640500090708900200000002010000010009586100407920470050401000908,852369174139847562647521893718935246394682715265714389586193427923478651471256938,1
500000000148203670000000801000100540650007000012054000000500230905300068236080050,569718324148293675723645891897162543654837912312954786481576239975321468236489157,1
105000030030107000802643009003096040000300001406800300000910000300000014000005068,165289437934157286872643159713596842589324671426871395647918523358762914291435768,1
500000027000000598206009410009850100003000000060700839400005000050040006000908050,598431627314672598276589413749853162823196745165724839482365971951247386637918254,1
800610000090470006700200100100000005000900401908003672407502308039800200000007004,824619753391475826756238149163724985275986431948153672417562398539841267682397514,1
409086500002300000067010092080102030040008250000050180013000020500000960028009000,439286571152397846867514392785142639341968257296753184913675428574821963628439715,1
100096470490005003060400058030000785710000300000870104070138040001500000850040200,185396472497285613263417958634921785718654329529873164972138546341562897856749231,1
000001048003700000040090703900470082005009307070000590608300020507000036000200170,769531248853742961142896753931475682485629317276183594618357429527914836394268175,1
000070800000060005020480760007950000003724609009031000100245390300007050000300204,631579842784162935925483761217956483853724619469831527178245396342697158596318274,1
010000300003700065000390170094105000600430000020907500000600803009541706050000090,917856342483712965562394178394125687675438219128967534241679853839541726756283491,1
100200034000504080060001020930007040070840500401000007000450370027000400000700068,158276934792534681364981725935127846276849513481365297619458372827613459543792168,1
207005890003008050900000342089600030300850200400000000000007600000060081800502073,217345896643298157958176342589621734371854269462739518134987625725463981896512473,1
500300720370028500068700000900050870700800634080000005000009000025100980890060007,519346728374928516268715349943652871752891634186437295437589162625174983891263457,1
004810076586002009701960008017530000603080007800100060900720000000600000108094605,394815276586472139721963458217536984643289517859147362965721843432658791178394625,1
700010409012900786000000030600080091000500000000200065009050040003004020847020003,786312459312945786954768132635487291291536874478291365129853647563174928847629513,1
060030000070000102905060037000602700250000008430800620020006300000094056003000001,162738594378945162945261837819652743256473918437819625524186379781394256693527481,1
000870000000036059030094000700400905250600071103700006060000000910002004405968000,549871263871236459632594718786413925254689371193725846368147592917352684425968137,1
006003100400269800809700000065000078900008403000002900200047061090006042604001080,526483197471269835839715624365194278912678453748532916283947561197856342654321789,1
040807000908031040007000053000000406400006000006010590000400120080100730103000900,342857619958631247617942853721395486495286371836714592569473128284169735173528964,1
000500700000120530100003402030450920091370005500000000380000090210005004074030100,823564719469127538157983462738456921691372845542819673385641297216795384974238156,1
060305108000170000431009072006007000000050026000900000003800964020500080104000005,762345198895172643431689572346217859917458326258963417573821964629534781184796235,1
090024705000007000200000406031000602500300080007005940040063000000000308360102004,198624735456937821273851496931478652524396187687215943845763219712549368369182574,1
000435870308710050005000190000041260500008910810007000003600040080003020000974000,169435872328719654475826193937541268542368917816297435793682541684153729251974386,1
004005100000001050005083000000000027092874010050030980260090501570000063301200700,784625139936741852125983674813569427692874315457132986268397541579418263341256798,1
070500402050800907902000005060010040400053600000408500000300006017600030638020100,876539412153842967942176385365917248489253671721468593594381726217695834638724159,1
003007006800005000090040000035082060000100800784009000000710048407508091600200500,543927186871365429296841735135482967962173854784659312359716248427538691618294573,1
890000400250080010000930050730040000009000007168007900071050064040000870302076591,893715426257684319614932758735149682429568137168327945971853264546291873382476591,1
600000700201004080500860002760290010025600000008001000400930570970500060006100300,689312754231754986547869132764295813125683497398471625412936578973548261856127349,1
005000000301700200907080004000020100100000820076090300093400560002060030610030087,865249713341756298927183654438625179159374826276891345793418562582967431614532987,1
095040076800950302000063050043502010089600003100090064500109030007005000000006085,395248176876951342214763958643582719789614523152397864568129437427835691931476285,1
004130070000900200005028046100690487000000053630804001700000000008009002000400790,824136579376945218915728346152693487489217653637854921791562834548379162263481795,1
624010000309000200000090030867400920400829003200000000501060380706005000002040150,624318579379654218158297634867431925415829763293576841541962387736185492982743156,1
103090000260710508000048600630800050000000006859060000390026700726000043500030060,183695427264713598975248631632874159417359286859162374398426715726581943541937862,1
087150040009320700000870500200708000504010800008605030000037005900000003003000074,687159342159324768342876519231798456564213897798645231426937185975481623813562974,1
541080600000046018200030009600008190000050480908000000105800004007000860862090007,541789632379246518286135749624378195713952486958614273135867924497523861862491357,1
020010068800003000054078090000100070985000001070002400093000500208700000006300810,329514768867293154154678392432185679985467231671932485793841526218756943546329817,1
674090032230600100819020400400200006350004010000150000906405020000006090040070600,674591832235648179819327465491283756352764918768159243986415327127836594543972681,1
060403070078000400200000000580701004430005700697000005000090001800206537050008629,165483972978152463243679158582761394431925786697834215326597841819246537754318629,1
700063080800001005200800090301040027000305900000080306007000802000032470420070000,759263184843791265216854793381649527674325918592187346937416852168532479425978631,1
000000001100200050805091302000120698010000020708009003604912730000080200200560084,392875461147236859865491372453127698916348527728659143684912735539784216271563984,1
007030050000580907596000020050320700049000213002091800900070000300950602205013400,487239156123586947596147328651328794849765213732491865964872531318954672275613489,1
070506003090800001000012579020000000000080050906030780010900000502007098080003600,271596843395874261864312579128745936437689152956231784613958427542167398789423615,1
809000700027060815050820943080030201003010080070000500000250000015400092060003000,839145726427369815651827943986534271543712689172698534398251467715486392264973158,1
086100002401002000523000781000040206205001040300000170032007800004000017007304620,986175432471832569523469781718943256265781943349526178132657894654298317897314625,1
406000300003460097709005400600903000090000003007124000000048001370591002040700500,416879325583462197729315468651983274294657813837124956965248731378591642142736589,1
000506304004170006600000100300200049419000002728000031200060005040095200596800410,187526394934178526652349178365217849419683752728954631273461985841795263596832417,1
090154007001000905200000100060500010500801409140307000900000002857013004620400080,396154827481672935275938146768549213532861479149327568914786352857213694623495781,1
200000015000000804849051302700249600000000007080130000000674900004000000508003400,236498715157362894849751362715249683493586127682137549321674958974815236568923471,1
040070608800300090901405320000504089004000000583719006070003001039050000150640000,345972618827361594961485327216534789794826135583719246678293451439157862152648973,1
230070050640080703970400000800057062053906017026010500000000900007001040090540006,238179654641285793975463128819357462453926817726814539564732981387691245192548376,1
904123870000700032200000000030090756020000180059800300000908000608000040010050000,964123875185746932273589461831492756426375189759861324542938617698217543317654298,1
560304907400001502008500000080000200954860000000179800000210008019700325040050000,562384917437691582198527643781435269954862731326179854675213498819746325243958176,1
007408003060090075000170960040007150801000000006000300000700500015004007700206091,597468213168392475423175968349687152851923746276541389682719534915834627734256891,1
003001875100007003045300200500080000001002400020014507000130000400000060300470028,693241875182597643745368291574683912931752486826914537268139754417825369359476128,1
000309008390700001000010000000107259200004810000820003006200005005001300810500042,561349728394782561782615934648137259273954816159826473436278195925461387817593642,1
040190060601208003020067080060020500100900802200071609002009008400300000016700020,847193265691258473523467981369824517175936842284571639732649158458312796916785324,1
007560090028000050900000476000020500200100003000035047700000060080200700513706900,147563892628479351935812476374628519259147683861935247792354168486291735513786924,1
000600409000300650086504003037100080900700000010840000800901007200073090009280300,325618479194327658786594123637152984948736512512849736853961247261473895479285361,1
840130090050079400200005700523700009000006305961003000000601040000040000084050100,847132596356879421219465783523714869478296315961583274735621948192348657684957132,1
010400070690800000052061800100043900900506400045100000001650203000300700300010548,813425679694837125752961834186243957937586412245179386471658293528394761369712548,1
610000700020819403089000025001730050300590806000080000000000501004120089108905230,613452798725819463489673125841736952372594816956281374297368541534127689168945237,1
540060700397800060020005010970000023002900100100052900000608097200000040009014600,541269738397841265826735419974186523652973184138452976415628397263597841789314652,1
046390057050000000000005020603020510000051930000080740021000000060017200489000000,246398157157246893938175624693724518874651932512983746721839465365417289489562371,1
605000981000001260000060040500300070040917020200085000106508000003000650750006010,625743981974851263831269745569324178348917526217685394196578432483192657752436819,1
000006000900800004070001050030000102106928005000000609003204560008300407050079230,481756923965832714372491856539647182146928375827513649793284561218365497654179238,1
007008009380400025200000000050063480143000006000041003901000070002370000070010002,417528369386497125295136847759263481143785296628941753931852674562374918874619532,1
218700006050000010000180003460309780000040002000000354791268405500034100030001009,218753946357496218946182573465329781173845692829617354791268435582934167634571829,1
053000908000300064006240310500000080300807006287500009630004002170002803900700040,453176928812395764796248315561439287349827156287561439638914572174652893925783641,1
700590013365700000000000700002870500000000108000309200000608091640950007890007605,724596813365781942918423756132874569479265138586319274257638491641952387893147625,1
438005006902300004000200000007008100504026300080400000009700050801600700720803400,438195276962387514175264839697538142514926387283471965349712658851649723726853491,1
059070410000201000001509700010800060020007834800000120000703040100000070007104590,259378416478261359361549782714832965925617834836495127592783641143956278687124593,1
021054036040700000703000000002460000900082061186590240000005007400800005060000310,821954736645723198793618452352461879974382561186597243239145687417836925568279314,1
000968000006000000800700960100090080602005040308612000700439258230100090009006710,573968124926541837814723965157394682692875341348612579761439258235187496489256713,1
060000002700002300000104900030050690100900000002030000980500410005010080014000509,869375142741892365523164978437258691158946723692731854986523417375419286214687539,1
000074830600000000000006001005690702010030004206700000502810067008000109100407500,951274836624183975783956241345698712817532694296741358532819467478365129169427583,1
000000071001000050476050802149000203000300000035006004700020398080003140903070620,358642971291837456476159832149785263627314589835296714764521398582963147913478625,1
042005107007208060800000400081000709730000002509080040000037000070010030200004670,942365187317248965865179423681423759734596812529781346158637294476912538293854671,1
400300000810000374590000200030060500000090800100820000007030480340587026280940000,472318695816259374593674218938761542725493861164825937657132489349587126281946753,1
000060090071592000032078010000000900540020078210000300080710009126030000794256001,458361297671592483932478516863147952549623178217985364385714629126839745794256831,1
098010000362040000150308000840673109000001070000090006504009680689100007003006094,498512763362947518157368942845673129936281475271495836524739681689124357713856294,1
001368700670950000503000800050601480100080690006040005010800960009000170000090004,241368759678952341593417826957621483124583697836749215315874962469235178782196534,1
007003004600090002103640009200730001030004070040900000800000090396408020400500080,987253614654891732123647859268735941539164278741982563815326497396478125472519386,1
007100809601008057859703040000004038043070000980000014510000003000607000060040092,437165829621498357859723146276514938143879265985236714514982673392657481768341592,1
000300000004010062600000530207000194800000006000407258003008000080950700150020000,518362947374519862629874531237685194845291376961437258793148625482956713156723489,1
000031040000040087009200050600008035027053060003000000302060004005090873890300020,258731649136549287749286351614928735927453168583617492372865914465192873891374526,1
219700460700008000300601500500090246400500900090030000864305100120000005000002004,219753468756948312348621597531897246482516973697234851864375129123469785975182634,1
100000703000100024600800510040003000006480000503601802080006001762010400351700208,125964783938157624674832519847293156216485937593671842489526371762318495351749268,1
600070020070600500001823700400080900003000010200000035765000190800167050100500000,648975321372614589591823746457381962983256417216749835765432198839167254124598673,1
632000804500608039090004060450090080006003901000005047020000090140070023005430070,632759814574618239891324765453197682786243951219865347327581496148976523965432178,1
000000502038050691052941000060020750500010200700000109000004005009035410045000908,917368542438752691652941837861429753593617284724583169186294375279835416345176928,1
059340000168907400300000000400000029000020000021034608070090061694001050512603080,259346817168957432347812596435768129786129345921534678873495261694281753512673984,1
900834700008007030370902060100090458700008120804020006010000300003419000689000000,956834712248167539371952864162793458795648123834521976417286395523419687689375241,1
700080950583240001000000023100807000009000007060500102001400098004100730000030400,712683954583249671496751823125867349849312567367594182631475298954128736278936415,1
689270104107000020020000708010560083036080402000327000200000007000030000073950810,689275134157843629324691758712564983536189472948327561265418397891736245473952816,1
080070400000301086010208070000004017009010805000825000070003100800050302030490708,682579431957341286413268579528934617349716825761825943275683194894157362136492758,1
780906400000007000560820037290000060007300000000000002805200074100053008002400356,783916425429537681561824937294178563657342819318695742835269174146753298972481356,1
100530004000002000070948630040215300003000020800000007002350010900000803000789002,198536274364172985275948631746215398513897426829463157682354719957621843431789562,1
490600051150090080000001030500010843901300000030750020700800002009470008860100400,493687251156293784278541936527916843981324675634758129745869312319472568862135497,1
000400602002105000006039475207850000000700009043002006029304007700600034304507900,935478612472165893186239475297856341861743529543912786629384157758691234314527968,1
000607100029030000070800036000000800060300495805204000506000000030080050980100674,358647129629531748471829536143795862267318495895264317516472983734986251982153674,1
205000000000608900600950070004300800000009520070000010000400103019035608000000700,295173486147628935683954271954312867361789524872546319528467193719235648436891752,1
070006000100350008500200900005000129009020300204000506007830610621400890003000050,378916245192354768546287931735648129869521374214793586457839612621475893983162457,1
060503007200000510000200000050090071000070800070135000046321700907084135030700042,469513287283967514715248369352896471691472853874135926546321798927684135138759642,1
000030106700001503000047800104000008000210069090054000002000030003406080680000020,845932176729861543316547892164793258537218469298654317472189635953426781681375924,1
204300006600000108000000230050100080706030920028009701060900000900084362542003000,284391576637245198195876234459127683716438925328659741863912457971584362542763819,1
080000070500010000040803000000000987605400320000032500439000000050006000108759000,281695473573214698946873152324561987695487321817932546439128765752346819168759234,1
007910000040502176000703908008000000003000600900050031200095700490007002030000509,857916324349582176612743958568231497123479685974658231286195743495367812731824569,1
010000600690008007000092831901580003000021089030006050000000308407003026080200000,813745692692138547745692831971584263564321789238976154126459378457813926389267415,1
009402063006709420200360001601080000020000046004000802000001004000000239098023005,789412563316759428245368971651284397823597146974136852532971684167845239498623715,1
031050400950004013006931257000080090000210640068000572000360080600070000783040000,231758469957624813846931257472586391395217648168493572519362784624879135783145926,1
004209500060000900091058040006094005007002039000000000605900803080035006079006004,734219568568743912291658347816394275457182639923567481645971823182435796379826154,1
751040000600000070040030000020080059008005100390061007500006003913000704064000000,751849632639152478842637915126784359478395126395261847587416293913528764264973581,1
009500607050000100408701900502080000740005860086002030074130200205800400000200000,319548627657329184428761953592683741743915862186472539874136295235897416961254378,1
600921780007030029000807000090200043340100860080003900100085007070000410000010300,634921785857634129912857634791268543345179862286543971163485297578392416429716358,1
005009000960500480308042500597020046830050700000076908000000030400000079003095600,745839162962517483318642597597128346836954721124376958679481235451263879283795614,1
000340070420960305000080604005673008300018000018029060080700000037100002009032706,856341279421967385973285614295673148364518927718429563582796431637154892149832756,1
800135402002400000001082050000007009600308040080094030000600395900000008036020004,879135462352476981461982753243567819695318247187294536728641395914753628536829174,1
004068590895400000073500000050200040400005021360040970040080062106050400030620100,214368597895417236673592814951276348487935621362841975549183762126759483738624159,1
460030002020079610008065004070510000040800300000947000000000003004702009000050100,469138752325479618718265934872513496941826375653947821587691243134782569296354187,1
060000740000500018900204003007400000400020087003100426000345209000000800500001000,165839742342576918978214563217468395456923187893157426681345279734692851529781634,1
000000007507004602902000000406300509009061270008200360000030425700840000090000003,613528947587914632942673851426387519359461278178295364861739425735842196294156783,1
200460000000158024000007100102639700396784500070015009004070000500000007023801000,219463875637158924845927163152639748396784512478215639964572381581346297723891456,1
080706130002040009076900580590004000000379405040008790000097240000001050060030010,985726134132845679476913582597164823218379465643258791351697248729481356864532917,1
005070800000054006100900530000500629280469005500020403010000000902010000607000050,365271894879354216124986537741538629283469175596127483418795362952613748637842951,1
048700200500000037073000004060500000010209503430670000706000802000020706294067315,148736259529184637673952184962513478817249563435678921756391842381425796294867315,1
020040701000000040000780026350802009470000000081000507800204005002908000030107090,928346751763521948145789326356872419479615283281493567897264135512938674634157892,1
700010903003004817009000000204570109106000000075000080000060020000700395300958601,728615943653294817419387562284576139136829754975431286597163428861742395342958671,1
937006000000900800601500093300450000008309040042068005825000400710000009093605080,937816524254937816681542793369451278578329641142768935825193467716284359493675182,1
000010690970000200000240357005400070020100009807002063469000000750960020200004000,542317698973685241186249357695438172324176589817592463469821735751963824238754916,1
986403007000010000000508340090700005600000000078100402850370000361090754009000800,986423517435917286127568349294786135613245978578139462852374691361892754749651823,1
060804030841003000000609040008540000004021680013090400007002065056900004180005703,269874531841253976735619248928546317574321689613798452497132865356987124182465793,1
430026010780039206200000000903010070017000364062374000000100620000000800020000430,439526718781439256256781943943618572817952364562374189398145627174263895625897431,1
900420010125800000000005092097000041400007000082130900010070000500041200749502000,973426518125893764864715392397258641451967823682134957216379485538641279749582136,1
070360010003000000940510780080100976764800000000006000000000058027051300605980027,278369514153748692946512783582134976764895231391276845439627158827451369615983427,1
000600000060402000700000301000008520500307098080290000008730050050000600271900000,895613742163472985724589361937148526512367498486295173648731259359824617271956834,1
000020000920305600070900010009006020400002379000093400050600000801039765097051800,316827594924315687578964213739546128465182379182793456253678941841239765697451832,1
001293460290680003006070280610009070082000000057060100069040030020050001040030002,871293465295684713436175289614529378382417956957368124169842537723956841548731692,1
008030976020000400007005000200540010106902030040300200060000097900700602070020340,518234976623897451497165823239546718186972534745381269362458197954713682871629345,1
082500000400700520060200700640000000100004307009000100976430810814007000205109674,782593461493716528561248793647351289128964357359872146976435812814627935235189674,1
060079040000500917090420300903007500400600000500001700050002001800700200620010400,365179842248536917197428356913287564472653189586941723754892631831764295629315478,1
030091000007006901009002058900000080000000540040005006506783210000010670000064800,235891467487356921619472358953647182762138549148925736596783214824519673371264895,1
001075024000200500050030009108000465029041030300000902040560000205007040000000003,681975324793214586452836179178329465529641837364758912847563291235197648916482753,1
000005008102040075000208160504000726701000800820704000200800407903010580008027000,647195238182643975395278164534981726761352849829764351256839417973416582418527693,1
007002000090050003250003918010300050003400680002008070709130500305000006400200800,137982465894651723256743918918367254573429681642518379789136542325874196461295837,1
207003000040050062000702493004680200000000008708000650080020004005970086079000000,267493815943158762851762493514689237692537148738214659186325974425971386379846521,1
008000249300109086609000305080001000007680090901207060173000908000010600000000132,718356249345129786629874315486931527237685491951247863173462958892513674564798132,1
007040010508006000000128007080092040600010980491030000000007608000083001050061070,327549816518376429964128357785692143632714985491835762149257638276483591853961274,1
020106030073205000001308000300000604056030089080060307008000070030900840400000120,925146738873295461641378592397812654156437289284569317518624973732951846469783125,1
004807000007200100020540607901008420003000589400056001000400000040002800800790200,364817952597263148128549637951378426673124589482956371216485793749632815835791264,1
504000007009002050002075941270048195050007000006000020190080000000700400407906500,584169237719432658362875941273648195951327864846591723195284376628753419437916582,1
061802040400310007500000102309260750210003600040700200003600070054130000000008400,761892345492315867538476192389264751217953684645781239123649578854137926976528413,1
007148956000093107951670080000004060208300401090000030000801000002000000100407200,327148956846593127951672384713284569268359471594716832639821745472935618185467293,1
260058709003072104000130082058947010910200000004300000000026008030010027080090001,261458739893672154547139682358947216916285473724361895179526348635814927482793561,1
057000008806009200000000031005001400000740025000005700073800096004050870028097304,357412968816539247249678531735261489981743625462985713573824196194356872628197354,1
020400000416780035950000607105040098200010076060007002009300061001008024000070900,327456189416789235958231647175642398294813576863597412749325861531968724682174953,1
800904100500000069309650470462570003000200046950463020003700000007040600000002090,876924135524137869319658472462571983731289546958463721183796254297345618645812397,1
000700405040060003000009160500070302080603009300950040403087050970030000015000030,639712485741568293852349167596874312184623579327951846463287951978135624215496738,1
206780100785130400040250007600017003000003010013000749000005801301000200807000000,236784195785139462149256387698417523472593618513862749924675831351948276867321954,1
060040502570201006920000180095180000000500610001004209406003000802010060710600030,163948572578231496924765183295186347347529618681374259456893721832417965719652834,1
005000470000104008400502960590700604700690000006020009080956247009043810000800000,825369471963174528417582963592731684748695132136428759381956247679243815254817396,1
000000106200040087065070002010200903003000270080390601008035710300020869040009320,479852136231946587865173492714268953693514278582397641928635714357421869146789325,1
000600590190070460000900000000060030436009020010054000009080000021000340048123907,287641593193875462564932781975268134436719825812354679359487216721596348648123957,1
704050002028000730000070940210940300000001050900800000052000003069000500000006080,794153862528469731631278945216945378387621459945837126852714693469382517173596284,1
900006800300408000040050392008060540600000907090000006200074650409530708500002009,951326874372498165846157392128769543634215987795843216283974651469531728517682439,1
069000020007000800300520000020304007000200030013060000102906004034082070805470012,569847123247631859381529746928314567756298431413765298172956384634182975895473612,1
000040630320870950906032000090050720500008003210003005039000500182900300070080000,758149632321876954946532871893451726564728193217693485439217568182965347675384219,1
570000200001004030294037000005080090010000000020600070708050003130000009000003410,573916284681524937294837165465781392817392546329645871748159623132468759956273418,1
004000000000060340610070029007004068460019500930600400006042701000057603000000080,254983176789261345613475829127534968468719532935628417396842751842157693571396284,1
403576080510000070000931040704090803002007004001043760605700000040068002000400000,493576281516824379278931546764195823352687194981243765625719438147368952839452617,1
902461805040000006008705900000056090280070050000002080050680010026009300800234000,932461875547398126168725934371856492284973651695142783453687219726519348819234567,1
084010090006000000900000078002409000460000709809007040501040007248506010097020500,384715296176892435925364178752439861463281759819657342531948627248576913697123584,1
080000004030008000405003800640012000700900006500000712010020065000350000004089000,982576134137248659465193827648712593721935486593864712819427365276351948354689271,1
000500004000300650002090080000030270800001060079260800007800100004010098000009437,783526914491387652562194783146938275825471369379265841957843126634712598218659437,1
107003000483090007690017000500700008000020150800009400900100004705230080210000503,157463892483592617692817345569741238374628159821359476936185724745236981218974563,1
020910000003650000106000907900230040040176000000098103281000004060040010000000070,824917365793652481156384927918235746345176892672498153281769534567843219439521678,1
090403080003000000058670340087200000609500700000307006000148000174932000002050010,796413582413825967258679341387264195629581734541397826965148273174932658832756419,1
400086030000934002001700469700090140006047593900010600670300000005000000308070906,429186735567934812831725469752693148186247593943518627674359281295861374318472956,1
600300920009700380005090007000100000060030010700008500072800009196000842050029000,617385924249716385835294167983152476564937218721468593372841659196573842458629731,1
047109000000038076803000000000000090002070013705010002450027180078000000090840307,547169238129438576863752941614283795982675413735914862456327189378591624291846357,1
270510400801000067009000001300002006600050718500600030000000009900003180000920600,276518493831249567459736821347182956692354718518697234124865379965473182783921645,1
500204900090700000030000041309047860000609010006005402940076038000482009050300600,517264983894713526632958741329147865485629317176835492941576238763482159258391674,1
062170008000503006803604070004000600000867200000240500080406700345002069700930000,462179358197583426853624971214395687539867214678241593981456732345712869726938145,1
025086000800030920097000006030650200050413009060700000040072008000095400500800302,425986173816537924397241586739658241258413769164729835943172658682395417571864392,1
078040600600200000300006270030002007000090050569700400000173006006005800000800720,278349615615287394394516278831452967427698153569731482982173546746925831153864729,1
105409806003078100000105200030000007006800020098000601000003740802046310300012508,125439876463278195987165234234651987516897423798324651651983742872546319349712568,1
610000420050000000000080500076000008040070250905006304067200010500061030003007000,618795423259643781734182569376524198841379256925816374467238915592461837183957642,1
560000080003802001008760003374206000006495030000310000001008360030001094000030008,562143789793852641148769253374286915216495837985317426451978362837621594629534178,1
085000009000000000200970518091080056006500402802000100008095064040120000009300001,185632749974851623263974518491287356736519482852463197318795264647128935529346871,1
003000765056078290790064010209007580000000600040010027900640000001092000020000000,483129765156378294792564813269437581317285649845916327978643152531892476624751938,1
060003000031070000208000503050067000000008601080030020027000016693100700405096008,564823197931574862278619543152467389349258671786931425827345916693182754415796238,1
030050007000030560200407000403009000020006000006700430957800603361502084040000700,639251847714938562285467391473189256528346179196725438957814623361572984842693715,1
000743000340600875006008340004000500580090000060001483008005760620000134000200008,859743621341629875276158349714832596583496217962571483498315762625987134137264958,1
060051000752060100010700060931020608007000021600000300806070010295603040003802006,369251784752468139418739562931524678587396421624187395846975213295613847173842956,1
045127830080500210001900054076004000200618043000750000000000080000400071300800002,645127839983546217721983654176234598259618743834759126462371985598462371317895462,1
000156480001002000050009002039204801007800000008500340402008063080000094300005708,923156487871342956654789132539264871147893625268517349412978563785631294396425718,1
010400005400000000000820070000002000150380740004650000240973080087000213030008400,718496325492735861563821974379142658156389742824657139241973586987564213635218497,1
649813725000600890080040060004001030100030080000200071803050907507004208400008000,649813725731625894285749163974581632126437589358296471863152947597364218412978356,1
000900080240000003509020641100200000708490000920075034400080905000600010012009400,673914582241568793589327641154236879738491256926875134467183925895642317312759468,1
001000009009500038030076450070803000000040970023709006307080500002005000850000300,541328769769514238238976451974863125685241973123759846317682594492135687856497312,1
069040507800260040000000080000905438900000005078324001090058002080700090740690800,169843527853267149427519386612975438934186275578324961396458712285731694741692853,1
004500003700030000000420009040003060000642875000085304260014900010809620050076401,924568713785931246136427589548793162391642875672185394267314958413859627859276431,1
007402300502090060940060502028040030000027004009530806700006050095004001060905000,617452389582193467943768512128649735356827194479531826734216958295384671861975243,1
106507034000630001000040800370000000900304150061200000030810540000705002000000608,196587234854632971723941865375168429982374156461259783239816547648795312517423698,1
060000013000000082300200090846109007920806000037500800000000070059021340003700056,264985713591367482378214695846139527925876134137542869682453971759621348413798256,1
400015263013006000009080001000007602700000030000030010048052176002001049300009500,487915263513426897269783451134597682725168934896234715948352176652871349371649528,1
000020690300674000006080000008093700000100300600050812200019080900000200570040936,817325694395674128426981573148293765752168349639457812263519487984736251571842936,1
006001408000078006802006100000560241620840003005000600408005060000089010007300000,576931428914278536832456179789563241621847953345192687498715362253689714167324895,1
000000000000030729070019030025400006003090800800003902054000103200350078600700290,396274581481635729572819634925487316163592847847163952754928163219356478638741295,1
002700159705160002000025007001650073000008000040307001053070610070001004010000000,862743159735169842194825367981652473327418596546397281253974618678531924419286735,1
025830000340000078706002300070300006510000007000059030000628900602103085030900040,125837469349516278786492351974381526513264897268759134457628913692143785831975642,1
008402036203600907605000040000000001109070063080916500030090005000064080890500014,978452136243681957615739248762345891159278463384916572431897625527164389896523714,1
075980604000705090902063000000100006600872001017009032008000003200040500000200060,375981624146725398982463715529134876634872951817659432798516243261347589453298167,1
060000009090027030010369050187092003903508207000700190020900010500040006000206000,362185479895427631714369852187692543943518267256734198628953714579841326431276985,1
398040000052000047070300008000430600060008000004206715041000800005860070080900021,398742156152689347476315298519437682267158934834296715741523869925861473683974521,1
007010000000765034400003010000002100090078340180000527620940000001500000008036401,237419685819765234456823719764352198592178346183694527625941873341587962978236451,1
000542030010000074503000092200000057400090000057820001380000000020006000004000063,879542136612389574543617892238461957461795328957823641386974215725136489194258763,1
100073040000000200000405790090300067060708002042060008900604000206050300400000680,159273846374986251628415793891342567563798412742561938987634125216859374435127689,1
800460005000179840904000001500000080060900104310600209200508007180020093000000000,821463975653179842974852361549231786762985134318647259236598417185724693497316528,1
480097002000004700000002060170920000960405070004076050090200005800060907600000300,486197532523684791719532864175923486968415273234876159397248615852361947641759328,1
003050800000000000260003000000472001470000600000180409004000700802700905600094003,143657892758219364269843157986472531471935628325186479594328716832761945617594283,1
050000000029000850300500607070108920060300080480005001047200008000010430000004000,754683219629471853318529647573168924961342785482795361147236598295817436836954172,1
024800000000910024000302000900108000050400607843607000092500008038000001017004006,124875369385916724769342815976128543251493687843657192692531478438769251517284936,1
700001200030206097000700040071060000820009003000014070083627000005940700047000030,798431265134256897562798341471362589826579413359814672983627154615943728247185936,1
561300040900001680700000001470000800600478500309560100206930710000020360800010002,561389247924751683738246951475193826612478539389562174246935718197824365853617492,1
251700000403000902090026010300004001500981300010005498805092040000000089040000005,251739864463158972798426513389264751574981326612375498835692147127543689946817235,1
000010060020905003400026000000200080095680001070541006040000000006108200000490635,359814762628975413417326859164239587295687341873541926542763198936158274781492635,1
000430000720000308980070000475006290010000000090200040009007050006501000050089004,561438972724965318983172465475816293312794586698253147239647851846521739157389624,1
600104003801002956200900001420009010000010320005008094008050000000800009104003000,659184273841372956273965841426539718987416325315728694798651432532847169164293587,1
100800060006030570020060004030009740000003029204008635500106400002080006460305007,159874263846932571327561894631259748785643129294718635573196482912487356468325917,1
000006108040085609098000000860109200000040000007000004009700020052093807006800400,275936148341285679698417532864179253923548761517362984189754326452693817736821495,1
000800000034050001000214500150009060009401000000500107870190004000700003020600780,516837249234956871798214536157329468689471352342568197873195624465782913921643785,1
306004050000000900420057106250040700070002000034000002840095300197036000003401000,316924857785163924429857136251649783678312495934578612842795361197236548563481279,1
000730680000586043860000009008002007056000000300068510087005006000000470031070020,524739681719586243863421759948152367156347892372968514487295136295613478631874925,1
987000004523004000060890500000300400230046001008009005391070208050402090472000050,987523614523164879164897523719358462235746981648219735391675248856432197472981356,1
038010700000006351001397002806000037457630008309070000703960010000020009000400070,238514796974286351561397482826145937457639128319872564743968215185723649692451873,1
600000008000000040701308095290006030010000004467135029070500083300090016080210450,629451378835679142741328695298746531513982764467135829172564983354897216986213457,1
081000004000600920000030060740103502000940000106007000304500607805096000000000000,681279354473685921952431768749163582538942176126857439394528617815796243267314895,1
000090580007308000900040000394805002078400095000007430840070003700002040139580070,423796581617358924985241367394865712278413695561927438842679153756132849139584276,1
960813204010000000085409300000000001009320000800960020400090030000005067030040080,967813254314652879285479316623584791579321648841967523456798132198235467732146985,1
007090500003000807100600004020403609000000000306050000400002100008160000500908306,287394561643521897195687234821473659954816723376259418469732185738165942512948376,1
900002070200000005003400001080000209309528060672001080000005600000200098000386400,941852376268713945753469821485637219319528764672941583824195637536274198197386452,1
027008000863005010500000080009001600105800007230050041000009073000003020004710960,427168539863295714591374286789431652145826397236957841612589473978643125354712968,1
948007520000040080000038100082609010009000700570400030000024070000000300060005000,948167523135942687627538194382679415419253768576481239851324976794816352263795841,1
005100040490602370020048000206010400174000036000000800010280763000000900042030005,765193248498652371321748659286315497174829536953476812519284763837561924642937185,1
410060050020000301900020064007001005001007420000500010060005002502000030140902000,418763259726459381935128764387241695651897423294536817869375142572614938143982576,1
000000509480050071006100480008060042000300807004089005809040100007000900620090734,172438569483956271596172483918567342265314897734289615859743126347621958621895734,1
030000000000030750490071800000900041608002003900013080523100069000006000069004100,237865914186439752495271836372958641618742593954613287523187469741596328869324175,1
000100706970060000614905208008500640000200070560000320000009080030000050850040002,385124796972368514614975238298537641143296875567481329721659483436812957859743162,1
108000390094300600036008001400800003700139800301240009600793058800004000903000004,178462395294315687536978421429856713765139842381247569642793158817524936953681274,1
800090060059000020200010897504080370907000080300000940400060000002501000008230059,813792564759846123246315897524189376967453281381627945435968712692571438178234659,1
203901600060020394000600081000000000070032860020807003002060030400200056609000100,243981675861725394597643281384196527175432869926857413712564938438219756659378142,1
000420070001037005007000200600003000578060320039270068780010040010000600002009800,356428179291637485847195236624583791578961324139274568785316942913842657462759813,1
005002037348050000070094005400503100003000000050006720030000000910205060080031079,695812437348657912271394685427583196163729854859146723732968541914275368586431279,1
800312000273840600400079080638720050000190000912060030004000015100000400009450800,896312547273845691451679382638724159547193268912568734784236915165987423329451876,1
020080900300904001450000060503000000060300004007042635005090010600000800081076000,126785943378964521459123768543619287862357194917842635735298416694531872281476359,1
601750004007613000083002010804001070000000026210300800062007001100800060370020000,621758934947613258583942617894261573735489126216375849462597381159834762378126495,1
060000910100382000048000020935008000000049352400000109000215004200006001601090000,362457918179382645548961723935128476817649352426573189793215864284736591651894237,1
108000902079000008030096000490560100063000200800040500780000023026000015051070094,148357962679124358235896471492563187563781249817249536784915623926438715351672894,1
503007046401050379807309002159000600006900200000000000004001930605704020000530400,593127846421856379867349512159273684746918253382465791274681935635794128918532467,1
790102065080450000025963000860000031003000009000030600040806153930705400050000007,794182365386457912125963874862549731413678529579231648247896153931725486658314297,1
001030007900000000405080060007200600800403000090008001003105009020006004050800100,261534897938627415475981263347219658816453972592768341683145729129376584754892136,1
080910000014056097009004500800000000400260108192000003900080705041705080508000030,685917324214356897739824516867431259453269178192578463926183745341795682578642931,1
870040010040500076060000090057001800608394000000800002310008609790030081086900003,879643215241589376563172498957261834628394157134857962315728649792436581486915723,1
000509020935200810240817005000004002564000000080605000013062050000158070050000200,178539426935246817246817395791384562564921738382675149813762954429158673657493281,1
308000094005030680906000503030001008072300000000705006100050000050400001000208035,318562794745139682926847513534691278672384159891725346183956427259473861467218935,1
075004001090060400040730050010300004800190020720605090080003000950070200030450810,375924681192568437648731952519382764864197325723645198486213579951876243237459816,1
038012000952603170600904008006047080003090010005000000000408001000000840780100035,438712659952683174617954328196247583273895416845361297529438761361579842784126935,1
090008074860400900504009600005087023032014800048200760106800000009700100000190040,391568274867421935524379618615987423732614859948253761176845392459732186283196547,1
000930000500800004900501080050018090006397100000005870200000005040203009310700608,827934561561872934934561287752618493486397152193425876279186345648253719315749628,1
905807630460200701070040050080090040002006105000500007019000062056000403000065000,925817634468253791173649258587192346392476185641538927719384562856921473234765819,1
159004020002000050060001003500406090001023000800510700000000006910000500670005009,159834627382967451764251983537486192491723865826519734245198376913672548678345219,1
671004003000000704900000021102800406407001050000006130056040010703050048049000205,671284593325169784984537621132895476467321859598476132256948317713652948849713265,1
095080034000000681860400950006300100500090360008002549600700093000000000307200000,795186234243957681861423957926345178574891362138672549652714893419538726387269415,1
100006000090500086000000030050021090001704000007650004700200410349080005012005070,183976542294513786576842931458321697621794853937658124765239418349187265812465379,1
500090107902007000000300002010040009069700040000000008050429000298070003006008200,584296137932187564671354982317845629869712345425963718153429876298671453746538291,1
960700002000060800030905000051009430089104000000056001310000985000080607070000040,964718352527463819138925764651279438289134576743856291312647985495381627876592143,1
007009084086025100300784020002400013800053002000902000203006071008040036600000009,527619384486325197319784625962478513874153962135962748253896471798541236641237859,1
006071040010004600498032001921000004000310026600400050160080090879040000042000005,256871349713954682498632571921568734584317926637429158165283497879145263342796815,1
700004010009000604045608000010000006004050900003000082200900400570000029000010305,762594813389271654145638297817329546624857931953146782231965478576483129498712365,1
010005000400902000078641000001460097067009040000530000000000070000020308084793001,916385724453972186278641935321468597567219843849537612132856479795124368684793251,1
350000070026000850090500361000000009083060020000200010800002500000605240070003186,358146972126379854497528361612854739783961425549237618864712593931685247275493186,1
050009700207000609000070008030007085000090400010008973700902001020056007605713842,158639724247581639369274158934167285872395416516428973783942561421856397695713842,1
002830740068000090000000800081000600230004050004087021000308460403002009800450200,192836745368745192745291836981523674237164958654987321529318467413672589876459213,1
060000702001783560050900840005090600600034295300006000002001906500629000000050000,968415732241783569753962841415298673687134295329576418872341956534629187196857324,1
020009000730000001500730820000005000602400700950067040000604980094520006000003000,428159637736842591519736824347285169682491753951367248273614985194528376865973412,1
000400237021000000000000006173240908000305000094800000600100080050607421010900070,965418237421763895738529146173246958286395714594871362647132589359687421812954673,1
050400800001003700002010009067201900900000000108034000843700090710359080200008370,359427861681593724472816539567281943934675218128934657843762195716359482295148376,1
632097451000200008005000090800050132070401000000600040008042003250936000306070029,632897451419265378785314296864759132973421685521683947198542763257936814346178529,1
000000000690208000007014063030405000005301802080000057150020006006049100348100000,514736289693258714827914563732485691965371842481692357159823476276549138348167925,1
820005300931007000576010000090008200060100800410000030350001600100590003600280050,824965371931827564576314982795438216263179845418652739352741698187596423649283157,1
920000060305000179006000000004007605003010040000052001000000000530060800670104090,927581463385246179146973258814397625253618947769452381491825736532769814678134592,1
306080900085049002001000000500270009000903500069008400150400006000801030004000050,326185947785649312941732685538274169417963528269518473153427896692851734874396251,1
280004000300002000050730000438050100105283470027001530040800901812349000000000040,281964357374512689956738214438657192195283476627491538543876921812349765769125843,1
100070003090053002020104000204500800750900000830400050000600200470300600360781000,148279563697853412523164798214536879756918324839427156981645237475392681362781945,1
015000020294010307807300500030540802702000005908030170120400000009650283000900000,315764928294815367867329541631547892742198635958236174126483759479651283583972416,1
016080403003004980002000071108200095000030207000596108001079802040308009000000010,916785423573124986482963571138247695659831247724596138361479852245318769897652314,1
020010453000604000400050000050038009001000300097000025000001500500800960003400087,826719453135684792479352618654238179281597346397146825768921534542873961913465287,1
100000078407010500009037100001000065200060900000894300010050030000243000364081000,135429678427618593689537142891372465243165987576894321712956834958243716364781259,1
500002000109008053340005001025300108000000026004050000090420035200083017400007000,587132964169748253342695781625379148973814526814256379798421635256983417431567892,1
009700004000093700006401039025309006100007000603000475060005002038000000040002090,359786214412593768876421539725349186184657923693218475967135842238974651541862397,1
201500074970130600530040900807000100000710000040090007310000542000000016700021003,261589374974132658538647921897264135623715489145398267319876542482953716756421893,1
050902000290067000003805002900308020007056903800000050000574809600000345580690000,451932678298167534763845192945318726127456983836729451312574869679281345584693217,1
060080000498502300300914008000408170007051406000037200053100804040320701000006000,165783942498562317372914658236498175987251436514637289653179824849325761721846593,1
085001340000002000600094000100405009004000120709000050596000203270500004001007060,985671342413852697627394581162485739854739126739216458596148273278563914341927865,1
674000005085100040009045000100208054500004080740900203050602008032000070000000090,674823915285196347319745826193268754526374189748951263957612438432589671861437592,1
000209000000050008047800000230580091050090000000070354005908000300000819690307500,186239475923754168547861923234586791751493286869172354415928637372645819698317542,1
138000040009108020206000090060000900905407036803090400000054068600070010004200079,138926745579148623246735891467513982925487136813692457791354268652879314384261579,1
000900006070058194000170030000030000063802000214007083800305012000080340030201005,148923576372658194659174238785439621963812457214567983896345712521786349437291865,1
300800075057061003200005000900048500082500001506910000620053400003100052095600000,364892175857461923219375864971248536482536791536917248628753419743189652195624387,1
106400780000067000900000000600735041000690500007104020751040000240870015809000037,126453789384967152975218364692735841418692573537184926751346298243879615869521437,1
007903100300074000008000430761002094000009671000607050080751200090000706002490000,427983165356174928918265437761532894235849671849617352683751249594328716172496583,1
310600407600070230047300090701806920830000105904000000000907002073080009090500004,312698457689475231547312698751846923836729145924153786465937812173284569298561374,1
410805600258000000630002085105000000900150007062300050090500001300009004520601090,419835672258467319637912485145728936983156247762394158896543721371289564524671893,1
030896020500070000016004000000000800000018000200430700600002580350001907000957200,437896125528173694916524378194765832763218459285439716679342581352681947841957263,1
060009501800302607009006038000590800000830060098620000006075900000268000042910086,263789541814352697759146238637591824425837169198624375386475912971268453542913786,1
700090000940008157000000030004001003071543096302980504000850000007300040050702300,738195462946238157125476938594621873871543296362987514613854729287319645459762381,1
000081000650000400030500020000000800002018000008030709400002003023060008000143050,274681395659327481831594627395476812762918534148235769416852973523769148987143256,1
001500083000800400834060001500406012000150007410007000708240006160000000000030100,691574283275813469834962751587496312329158647416327895758241936163789524942635178,1
000090600800054000054021087000500418010008309008006020563000091000003006080900200,231897654879654132654321987726539418415278369398416725563742891942183576187965243,1
239415687000000300750060004000500030085002406600080072000650090000900200003007040,239415687846279351751368924172546839385792416694183572428651793517934268963827145,1
030091700040207000670008900020680001390000872080970003208000040007026380003804000,832591764549267138671348925725683491396415872184972653218739546457126389963854217,1
702084010003002460105600000270000856008000000000090073600900040524003600097006530,762584319983172465145639782279341856318765924456298173631957248524813697897426531,1
009080020100000503570090004030104006001968030856070901000000008090807300080000060,349581627168742593572396814937154286421968735856273941215639478694817352783425169,1
006000001073150200801200356608000172002001984040020030300510000085000010207080009,526398741473156298891274356638945172752631984149827635364519827985762413217483569,1
050460000630290700009050002000300048300501000000800020060780409000910006007600105,258467913631298754479153862716329548382541697594876321165782439843915276927634185,1
020008051405010007980070640819002004000900000247100090090000006100300200572000000,726438951435619827981275643819752364653984712247163598398521476164397285572846139,1
702004803905008071340710260604005000800063010231000004000002000100000509080500006,712654893965238471348719265674125938859463712231987654596342187123876549487591326,1
000704060600001009710683204001057000050900000090016020000240600108005900030100700,582794163643521879719683254421857396856932417397416528975248631168375942234169785,1
090600200500304906300970010019000305000009064040000720072090001000706030103000097,497681253581324976326975418219467385738259164645138729872593641954716832163842597,1
057893241400160030810070569000040008780601025000000070300080600020050003500000004,657893241492165837813274569236547918789631425145928376371489652924756183568312794,1
000007040010000007750304600026008700097500081000200050100093000000702000000061923,238617549614925837759384612526138794397546281481279356162893475943752168875461923,1
040690305279830600305000709030002800000906000050318000400000030093000402087200060,148697325279835614365124789731452896824976153956318247412769538693581472587243961,1
010320049003000000050010763047001000182496350009080000000000008060170204001048075,816327549793654821254819763647531982182496357539782416475263198968175234321948675,1
500200060009008003006900200010090500050000006000085000461820905902006108305700640,547231869129468753836957214614392587258174396793685421461823975972546138385719642,1
300006020500007090000009138780010460000002803100804007000000370903271000057008001,394186725518327694276459138789513462465792813132864957821645379943271586657938241,1
000870009400000002708000400001080060000030010503091270000008007847500001060100800,236874159495316782718259436971482563624735918583691274152968347847523691369147825,1
350407100097010050002900060200600005803254900549170000700500030020000786000700000,356427198497816352182935467271693845863254971549178623718569234925341786634782519,1
105290340200000106070004592007000830300000604850403700000820405000000060540609000,185296347294537186673184592467952831329718654851463729936821475712345968548679213,1
059000700003940180001308000005072093020090850900005001072600500500020310000000002,859261734263947185741358926615872493324196857987435261172683549596724318438519672,1
090600040040500006706009010980004700060008100010753080070080000009070008428006005,592631847841527936736849512985164723367298154214753689673485291159372468428916375,1
840000000120350064005000001200070538400800070058030000070598206500610400001002953,843126795127359864965487321216974538439865172758231649374598216592613487681742953,1
800309760000100005095060080000040009000031000043905000004206950008490001960010047,821359764476128395395764182187642539259831476643975218714286953538497621962513847,1
004509060008060930600008150000800300043000007807090601000903800701085000300100000,134529768578461932692738154216857349943612587857394621425973816761285493389146275,1
090402068607030205500000000008004000201080403704120080800040630026000000010765040,193452768647831295582697314938574126251986473764123589875249631426318957319765842,1
203500600010200984004001030000140000008300200000089070439000056506400000800006003,283594617615237984794861532357142869968375241142689375439728156526413798871956423,1
085000473097300000301000600900000030010005000536800214703080001800201050050060000,685129473497356182321748695974612538218435769536897214763584921849271356152963847,1
000010359000008601000000842021805000005900100093020500540001060930056204007080030,874612359259438671316579842721865493685943127493127586542391768938756214167284935,1
006042503000000017001030000005000980008406000000500400063970250509060008047800000,786142593234659817951738642475213986318496725692587431863971254529364178147825369,1
005800600030600000602000007580100006900486003000520010250740309003069040000300102,795812634834675291612934587587193426921486753346527918258741369173269845469358172,1
405000001003000260260100050700020809009400600021000745500003190080701002000090006,495672381173958264268134957734526819859417623621389745547263198986741532312895476,1
700008000050020070000500020017860000006002831005009706008076010674003985001400300,762348159859621473143597628317864592496752831285139746538976214674213985921485367,1
560030007301672004070100030040200100006380070218047000100800003830729001000000009,569438217381672954472195836743256198956381472218947365197864523835729641624513789,1
600000000000000054537100602200405807170203006080760500400900000752000309008000060,641528793829637154537194682296415837175283946384769521463951278752846319918372465,1
000000103000003000348000007100007069073206841090510030760100028082700300001000005,659472183217853694348961257124387569573296841896514732765139428982745316431628975,1
006000900000060070840509063200901007070050310003000040760000124000006030305020000,136247958592863471847519263254931687678452319913678542769385124421796835385124796,1
600100500109005000752680004065001000907060010400000206043070090200050040806900005,634127589189435762752689134365241978927568413418793256543872691291356847876914325,1
600529103900860704380470690000600050000900210000010940400150800003090400809000002,647529183951863724382471695194682357765934218238715946426157839573298461819346572,1
624187050007000000080463070403605029002090000005200730000000695050000010000050384,624187953137529468589463172413675829762398541895241736348712695956834217271956384,1
008200004400100608010000700006020009100054000000001050200000431084015260701002005,978263514453179628612548793536827149129354876847691352295786431384915267761432985,1
009060800000908000073125000486000010000850706000000002900040107047000020102700960,219467835564938271873125649486279513321854796795316482938642157647591328152783964,1
600000002190060084300008000015030096900000240200800000001905600070000400820614500,658349172192567384347128965715432896983756241264891753431975628576283419829614537,1
900020040030401029012000000079003010005870004080000500790000082803090001041700060,958327146637451829412968375279543618165879234384216597796135482823694751541782963,1
001005830005600009036001000004070600097000010803000702300000060050092000109006084,921745836785623149436981527214379658597268413863154792342817965658492371179536284,1
700902000000053070600070219460000023003040005070030090008597602026000547050004901,714962358892153476635478219469815723283749165571236894148597632926381547357624981,1
908070041070820956050010700002000000609100070081030000860700000097054000403006000,928675341174823956356419782742568139639142875581937264865791423297354618413286597,1
629050003007000050100000097500000369710009008000586270000020130200005004300007020,629754813847913652135862497582471369716239548493586271974628135261395784358147926,1
008017005712500000503900107005100803000075000004800090450709038027000000036400050,698217345712543689543986127265194873389675412174832596451769238827351964936428751,1
009083400570900308430207000710800000005000000092741000200100039050029700000356004,129583467576914328438267195713895642845632971692741853264178539351429786987356214,1
090070000100000007605203000960000030020060785047000000053601070000408500406005319,894176253132859647675243198968517432321964785547382961253691874719438526486725319,1
030705109091030000000096200750000000109000080086000002370000800062408005000200006,638725149291834567547196238753682491129547683486319752375961824962478315814253976,1
030100090080050073000700640000002916010040020572016034007401050000000007850007460,736124598184659273925738641348572916619843725572916834267481359493265187851397462,1
050003204300960000610207030100700485900000010870501000080609040400150003001000050,759813264342965178618247539136792485925486317874531692583629741467158923291374856,1
008740623000600500000130087900006030003900000400203700020851000005092806039060001,158749623397628514246135987972516438583974162461283795624851379715392846839467251,1
014607002056130400890200300001003694980500100600970020169000040005400000008000710,314697852256138479897254361571823694982546137643971528169785243735412986428369715,1
040000001080003060000600800800400090005006100302070000900305070700024005506010943,647289351289153764153647829861432597475896132392571486914365278738924615526718943,1
090700350503009280000035600005302090009000006704056100030200460050060000410500070,691728354543619287872435619165342798329187546784956123938271465257864931416593872,1
800000409010000628000004703609027085005000076001006004908001040000800001164079830,872163459413795628596284713639427185245918376781356294928631547357842961164579832,1
008426037060000000007005008000000020002608000010000845970810356051007200000004100,198426537465783912237195468789541623542638791613279845974812356351967284826354179,1
005002900080514320000070084000360140000490075014000036050086410198040000000050008,745832961689514327231679584572368149863491275914725836357986412198247653426153798,1
000600800010080045048030070986023000704800000000405960820090406497006000063008590,579614823312987645648532179986123754754869312231475968825791436497356281163248597,1
000003061082000005000102000035800010800031009001060043400007600000496002600318000,574983261182674395963152487235849716846731529791265843419527638358496172627318954,1
600070010807200040400000800970012003100053980032089174706300400080000006200001008,629874315817235649453196827978412563164753982532689174796328451381547296245961738,1
040100009002409780005800140000380450701604008008200010004910000900000304080000000,847165239162439785395872146629381457731654928458297613574913862916528374283746591,1
000400070080609403204050600350201904971300258040000701805064000000000000796800000,169483572587629413234157689358271964971346258642598731815964327423715896796832145,1
002003050000280007761900008120008000078000900006157003050000012007019500004500309,982763154345281697761945238123698475578324961496157823859436712237819546614572389,1
620803100008006003345000080070084309260395071093000250080000006000030900000907010,627843195918526743345719682571284369264395871893671254789152436156438927432967518,1
050807009004001300700920600200079000005003700078200090860002570400305000000000006,652837149984651327731924658246579813195483762378216495863192574427365981519748236,1
006004008307100200408905000000002390901400082824003006503081000089007000000040860,296734158357168249418925673765812394931476582824593716543681927689257431172349865,1
368410270000050000000803910030001002600905100109040000000120700207094863596000020,368419275941752386725863914834671592672935148159248637483126759217594863596387421,1
039001400400000186006052000095700200247000009603200010901000507308070094000020031,739681452452397186816452973195763248247518369683249715961834527328175694574926831,1
000000010010230070785000200007806350300750106100000700462307000000500027509000400,293675814614238975785941263947816352328759146156423789462387591831594627579162438,1
000000004090400007100008005054103080000000041700005020502390008030600000409000310,387259164295416837146738295654123789923867541718945623562391478831674952479582316,1
028754603001000007673000000000800164060501800000260005090635000000080091005900006,928754613541326987673198452259873164367541829814269375192635748736482591485917236,1
031047000096020080702010040200001800060070000000300009000005018900000704800430090,531847962496523187782619345254961873369278451178354629643795218925186734817432596,1
083500706210006800500700000020607350000043000009120084001000502400060073602301008,983512746217496835546738921124687359865943217739125684391874562458269173672351498,1
600002090193080007200017030309000500700390086810074003002043800080000000000809000,678432195193685247254917638349268571725391486816574923562743819987126354431859762,1
068730400000001690107000003000070900000000060030952780203010040000094200400200109,968735421352481697147629853824376915579148362631952784293817546716594238485263179,1
547869210000045008208107000050003000706490500000070601003900000000000029001004080,547869213139245768268137954952613847716498532384572691823951476475386129691724385,1
104500000700801605956204700070000000010760009600053800400007006500000300060300100,184576923723891645956234718378429561215768439649153872431987256597612384862345197,1
407051800810790300000842000000000003069080105700000600100900508050003210006008000,427351896815796342693842751581679423369284175742135689134927568958463217276518934,1
000030200800209700002500039201045073065170002000980600020701408004006300008094020,619437285853219764742568139281645973965173842437982651326751498594826317178394526,1
040007000008000420500403007065300900139002000800000000056298000002070830400005200,243867159678519423591423687765381942139742568824956371356298714912674835487135296,1
010704609340020080000380240084907000005040006700005010470500000060008000023090500,218754639346129785957386241684917352135842976792635814479563128561278493823491567,1
650200930037806120009003000003002060001600093960000070006020700394580000200060009,658214937437896125129753846783942561541678293962135478816329754394587612275461389,1
003600020096000004000900705080300000000005490004100500005001906042090070600008200,753684129196752384428913765587349612231865497964127538875231946342596871619478253,1
912000075000800003000001600000004062053020009000098300060009000008205010200700030,912463875746852193835971624189534762653127489427698351561389247378245916294716538,1
600009002100720030704380609072000004000000000840000006200670803007030000403002967,635419782198726435724385619372861594956243178841597326219674853567938241483152967,1
403810607608050001907000800041085000809020010530600000074000500000003048100040000,453819627628457391917236854741985236869324715532671489374198562295763148186542973,1
400730000010028050083000000106804900090010000748093065074380590501060280060000030,425739618617428359983156472156874923392615847748293165274381596531967284869542731,1
001020060805903210900500040050002600302000000600000970000005081500009700070000300,431827569865943217927561843759412638382796154614358972293675481548139726176284395,1
090200080720400500003100000078309100000000009019047030087054020200010040904602710,591276384726438591843195267478329156352861479619547832187954623265713948934682715,1
000073090803000006109000873082504039004000207000200040010000060007049300030008700,645873192873921456129465873782514639594386217361297548418732965257649381936158724,1
059007010008090007000531849000008031040073060600000400002069100000812090000054300,459287613138496257726531849297648531845173962613925478572369184364812795981754326,1
895400007670020004400090008000960400040307080000000179089204000564100002000680040,895431267673528914421796358718965423942317685356842179189254736564173892237689541,1
080070006000140080704200090039050862000803150008060070097604030800020009600900740,381579426952146387764238591439751862276893154518462973197684235845327619623915748,1
600000050000000980054801360500080006210409000037200090080000003301020509005100200,698342751123567984754891362549783126216459837837216495482975613371628549965134278,1
000863120100900073830271000001000380000150700408320016000009000609010230040000501,795863124126945873834271659271496385963158742458327916512739468689514237347682591,1
000900000200400000100237804803010040090000001060094000012003086378040010500108093,634985172287461359159237864823516947495872631761394528912753486378649215546128793,1
010200703470000000008137004901000000020004319006900070000003207090005001100709060,519246783473598126268137954951372648827654319346981572685413297792865431134729865,1
580000600072000140001000050200085000009200060010093000100900006003002094900304007,584721639672539148391846752236485971859217463417693285145978326763152894928364517,1
080700062091006500600040379005002400020070090800000000000900710010307004240100000,483759162791236548652841379935612487124578693876493251368924715519367824247185936,1
020070001007000034100020875000705316050200000010004000908042100070906483534000090,825473961697518234143629875482795316359261748716834529968342157271956483534187692,1
000009430000205601692340700000007000040068000721003069950802040204090500070500920,185679432437285691692341758568927314349168275721453869956832147214796583873514926,1
007010040150764020000508100000401000890650000020000001080000000500047062009100400,367219548158764329942538176736491285891652734425873691684325917513947862279186453,1
900762000203591000700004900510000704070000000009073501600010040105207690090000005,958762413243591876761384952516829734374156289829473561682915347135247698497638125,1
000089001006000704048007002300000608050016070700508000089000010000900000007804906,273489561916235784548167392391742658852316479764598123489673215635921847127854936,1
060200190380000005091346208400020009810053040250470030000030080907004000008500000,764285193382719465591346278473628519816953742259471836645132987927864351138597624,1
050003290002700304003000500048630100009140000030070000800007030500386940300020007,457863291982751364613492578748635129269148753135279486824917635571386942396524817,1
706000903080700004020905000060307002200000000934000708091008200608100300000036001,756241983189763524423985167865397412217854639934612758391578246648129375572436891,1
603097012000060900790000053900831000104000035030750190000000064340276500500040009,683597412452163978791482653965831247174629835238754196827915364349276581516348729,1
100002600586049107400100030200003040004000002063520001800230065000690270070480000,139752684586349127427168539258913746914876352763524891891237465345691278672485913,1
500048020010090004820000030057000812000051090100007640001080253300500478000034061,579348126613295784824176539957463812462851397138927645741689253396512478285734961,1
005806000900200070000914060820530094070109006059460087601000009090001608500098000,415876932968253471732914865826537194374189526159462387681325749293741658547698213,1
006070400090000003304092000200809000960030005003021806507010900000007000680045072,826173459791458623354692781215869347968734215473521896547216938132987564689345172,1
703500980600700021010000400170003069800000000409080502200800004384200600097300208,743512986658749321912638457175423869826957143439186572261895734384271695597364218,1
870610903100020007000700006490060000007009000000240190680002750000076200732800600,875614923146923587923785416491568372257139864368247195684392751519476238732851649,1
007590300010200500205400679000800040004002050008145000400001038003720160001380400,647598312319267584285413679152839746934672851768145923476951238893724165521386497,1
001850000500470301007300000052000008700580000030127050940015700010008006005003080,361859427589472361427361895152934678794586213836127954948615732213798546675243189,1
902060307000000000051280004089010006000825039020796015000078060000030041036100070,942561387863947152751283694589314726617825439324796815195478263278639541436152978,1
100328070308090400920417580400600010010800000037005000000000000842900700793204000,154328679378596421926417583485639217619872354237145896561783942842961735793254168,1
400010000016005948095000007049070830500000000701380009857030100930000005004809200,478913526316725948295468317649571832583294761721386459857632194932147685164859273,1
000060830006020100080391504640080017002600400010004290003000000029100780000950000,491765832356428179287391564645289317932617458718534296163872945529146783874953621,1
070004000005238040003010205540920001000003000006040000060102053307000080900080070,672594318195238647483617295548926731219753864736841529864172953357469182921385476,1
237014060005600000840003001002090380000700004104000000001049000009080032583027006,237914568915678423846253791762491385398765214154832679621349857479586132583127946,1
000030800006008003780009046500860497340001080008470105900016508800000700005000300,429637851156248973783159246512863497347591682698472135974316528831925764265784319,1
000000300504020007070005000147800093390067020006390475000006831700000000051200000,812749356564123987973685214147852693395467128286391475429576831738914562651238749,1
000079002030020069209501380024600030350200004086000200400000923070000841800012000,568379412137824569249561387924657138351298674786143295415786923672935841893412756,1
004000500930501800085740006300002000200190408049007002000004000872006004091070000,724638519936521847185749326318462795257193468649857132563984271872316954491275683,1
007040010805231007006050008000000306063002004400063051000670000004120700001095600,297846513845231967136759428512487396963512874478963251329674185654128739781395642,1
000780001801600700000040000540300000000000304602194800700820400096073010003910000,954782631821639745367541982548367129179258364632194857715826493296473518483915276,1
000000804850403010001009000270916300010034627060728041037602000009005002000100003,793261854856473219421859736274916385918534627365728941137642598649385172582197463,1
086000590000605000000084736000840003030520017200017000820001060170408000904053170,486732591317695842592184736751846923638529417249317685825971364173468259964253178,1
703090000800000200045000000070001632030006090000050000007005000002640573000037106,713592468896314257245768319579481632431276895628953741367125984182649573954837126,1
000509820125007009000003004060000015530800000010050900000205000001700508003010200,347569821125487369986123754869372415534891672712654983478235196291746538653918247,1
000120687007008000050000340000902400000060091300000026009200170702019804000004200,943125687627438915851697342516972438274863591398541726489256173762319854135784269,1
003000000060500019829003000280070000000190080491806700602000090500000400030060007,153947826764582319829613574286375941375194682491826735642758193517239468938461257,1
000023501010000270005600003500090810400800350720305000000057128100208000802000704,967423581314589276285671943536794812491862357728315469643957128179248635852136794,1
150006800700590100930800040500008001263000780010400600005000310002000000071250008,154736829728594136936821547547368291263915784819472653495687312682143975371259468,1
203048607068000009970320000089407060620013904000200081000002400002704000700635000,253948617468571329971326548189457263627813954345269781836192475592784136714635892,1
640000500072000004100620790003201000000360000020005000050400109400007300300010480,649178532872953614135624798563281947784369251921745863258436179416897325397512486,1
000680000681400030002971480140038000520109000803247905000702098000000501000000004,794683152681425739352971486149538627527169843863247915416752398278394561935816274,1
980000000004700806007340000006003900130420570042050000060500390000010400205004600,983265714524791836617348259856173942139426578742859163461582397398617425275934681,1
009038600004601270000000031006100090200060087801307000000050763300070000060803024,179238645534691278682745931756184392243569187891327456418952763325476819967813524,1
000000401004006080007019306060500210409300000520070004300000002005000070002040503,236758491194236785857419326763594218419382657528671934371965842645823179982147563,1
000050000503410000970080500000100050010005063854006200146000790000004006725961308,481259637563417982972683514637128459219745863854396271146832795398574126725961348,1
695083140004000200370000800000450760546000008000008500008500000000802001001900602,695283147814769235372145896289451763546327918137698524428516379963872451751934682,1
600000000005031080041800200000740508000008602000009740524000009030960004006480070,682574931795231486341896257269743518473158692158629743524317869837965124916482375,1
600000100002000040030780092053000080907000000840032050000470010029010800701320064,678294135192653748534781692253967481917845326846132957365478219429516873781329564,1
174800006500709023090650407901000802800026930400900600025004000040007000000060000,174832596586749123293651487961473852857126934432985671625394718348517269719268345,1
035407000600021000010006000748360005090005043000000009800600070070050020306002098,235487961689521437417936852748369215192875643563214789821693574974158326356742198,1
058000200009008004040021098301000405080700960000450007005270049060000051400000600,158947236629538174743621598371869425584712963296453817815276349962384751437195682,1
621008003095670100000005089010030096000006010004001358102300007000060231706000940,621948573895673124473215689218534796357896412964721358142359867589467231736182945,1
004030670000160320600000000845601037071800000000720100400007000003200090019080000,124539678957168324638472519845691237271853946396724185462917853583246791719385462,1
001847903009006180003902045200009504000761030300004000794100050000098000030070009,521847963479536182863912745216389574945761238387254691794123856652498317138675429,1
300080029148200060007000000450108602021005038080300570504903000006004000030000900,365487129148239765297561843453178692721695438689342571574913286916824357832756914,1
503000000100203940020076005302040506805062100000009003051037009009000200480000030,543891762176253948928476315312748596895362174764519823251637489639184257487925631,1
006008200080000140924000070097600800200004000030090010801007305000030700079005080,156478239783259146924361578497613852215784963638592417861947325542836791379125684,1
000000700270100684000700392869020540007000900450000003604001000500870400000564130,938642715275193684146758392869327541327415968451986273694231857513879426782564139,1
310800006000120073200500080702001690800092305093006000008940002400210007000000000,319874256685129473274563189742351698861792345593486721138947562456218937927635814,1
000006070079130264020080000347000000060040702952801043000000027000608031000007500,413296875879135264526784319347562198168349752952871643681453927795628431234917586,1
024000000000007005070300040007004081000500002090831500700008030240690107100045820,824956713316487295975312648537264981481579362692831574759128436248693157163745829,1
750006039000840000002090008240680000001000200900000006500028900004071003010000070,758216439196843527432795168245687391671439285983152746567328914824971653319564872,1
007000304000607005001048700009105038500903107036074250900080400810000502060402000,657219384248637915391548726479125638582963147136874259925781463814396572763452891,1
139605048600007210002091000207000430960000001300040000091000004020950000703004050,139625748645387219872491365257819436964573821318246597591732684426958173783164952,1
005018406000000007409000000501000030000021008802060901604180070910602380008937000,725318496163459827489276513571894632396521748842763951634185279917642385258937164,1
000000502005109006069254100004000908170003054080005020050300400000006080007980005,413768592725139846869254137534612978172893654986475321658327419291546783347981265,1
009004705070059010810000049000067000000218590200045107000071000020090068083000071,639184725472659813815732649158967234347218596296345187964871352721593468583426971,1
590000060000076004000000700100063400006019508435200009000020000008300920020700100,597834261312976854864152793189563472276419538435287619941625387758341926623798145,1
830059102000000485064000973000000001901003704000014030010000006003600010700128009,837459162129736485564281973345872691981563724672914538418397256293645817756128349,1
400000500000000082095000100038000026506080010027300908603100290000006800700820600,472618539361495782895732164938571426546289317127364958683147295214956873759823641,1
917050203425010000030047009000905002090481300000726401800070000050060100070090820,917658243425319768638247519741935682296481357583726491862174935359862174174593826,1
600000003709200005300001879408020001006049000090806050007004506000900042004062910,685497123719283465342651879478325691156749238293816754927134586561978342834562917,1
000005003000309762930608014010400200020890007743000090050000409100034820000002000,462715983581349762937628514819473256625891347743256198258167439176934825394582671,1
304000801000010900190040005800020590000006008406580210710000020908700103003000089,364295871587613942192847365871324596259176438436589217715938624948762153623451789,1
000030106001000000073201480000490751104820639090000002502074000000300064340002007,425938176681745923973261485238496751154827639796513842562174398817359264349682517,1
400905801500108073080000000100300500090600004300000096013050009002403100054801632,437965821569128473281734965126349587795682314348517296813256749672493158954871632,1
580100000060000040001000650050080316800010097002067004000050809005638001600009400,583146972269875143471293658754982316836514297192367584327451869945638721618729435,1
300000000010304000960071200006040018400008002891267000085430701030052000100786003,328695147517324869964871235276543918453918672891267354685439721739152486142786593,1
060200000000008000003041020300060400078405009450000600010904300804026700020570040,167239584249658173583741926391862457678415239452397618715984362834126795926573841,1
060908400809704602407230000002500040074000200300000007920060530000000004003000709,261958473839714652457236918182579346674183295395642187928467531716395824543821769,1
015000090028000005003051008540803002090020000802000030204719300009305217100600009,415278693928436175763951428541893762396127854872564931254719386689345217137682549,1
940007230100030860800100005070000500000200300060090120080041900010008002350072000,945687231127435869836129745273814596491256387568793124682541973719368452354972618,1
800069030040100905000004007104900008008001009392705000030000001400057000086203054,817569432243178965659324817164932578578641329392785146735496281421857693986213754,1
000040300480300600030580040860053400070290006090100037620000000700000060000625803,517946328482371659936582741861753492375294186294168537628437915753819264149625873,1
000060001190000004040300500004900020630014000000030000800040702000007090067093400,375469281196528374248371569784956123632814957951732846819645732423187695567293418,1
006007040400000000290030065580060007700000610600203800841000500900010270027000000,156827943473956182298431765584169327732548619619273854841792536965314278327685491,1
095700060760351008010009070000607800007900004643025017800500700450000000000000000,395782461764351298218469375129647853587913624643825917831596742456278139972134586,1
004000031587000906020060870070008194010240000645030700400000007100000360006000428,964785231587321946321964875273658194819247653645139782432896517158472369796513428,1
000040050002705008495082100300206000007030400000400203009020000046879000700504820,178943652632715948495682137384296571527138496961457283859321764246879315713564829,1
400502086900060700006040592690480007080005900000930005060200009040010608009000070,471592386952863741836147592695481237183725964724936815368274159547319628219658473,1
003700900270000003010006400000070091400800200527009300000000109040307025182090030,653742918274981653819536472368274591491853267527169384735628149946317825182495736,1
800200004019045206040760009400302000007004000192000043500000318020008060001050400,876239154319845276245761839458372691637194582192586743564927318723418965981653427,1
010700000394200001276000504000010040000000006030487002060000400780500300450009027,815764293394258671276193584527316948148925736639487152963872415782541369451639827,1
600583102280900000090712048158300904702109000300020700037000081000000009020000030,674583192281946357593712648158367924742159863369428715437695281816234579925871436,1
026409000000570400004002593000156309005000001000890200600715902000300754003004600,526439187839571426174682593287156349395247861461893275648715932912368754753924618,1
600208010900004802003000000041006000020380600760001003407000108000040060896703000,674238519915674832283195476341926785529387641768451923437562198152849367896713254,1
784000000002670483316400002000004005000795000047000390090017000100000230000020507,784253961952671483316489752629834175831795624547162398295317846178546239463928517,1
520080070070620004400050000010008907700000462600040000040800629003076140000000705,529184376871623594436759281314268957785391462692547813147835629253976148968412735,1
750000300340020010106900720000850000010000200000070906870261503090000472030000801,752618349349527618186934725967852134513496287428173956874261593691385472235749861,1
005700010031098067006000090000920000050067008960800745000000200079000006000601070,495736812231598467786142593847925631153467928962813745618379254379254186524681379,1
020060100007001400100002706200094053800300910003000204340109800700008009000600071,429567138637981425158432796271894653864325917593716284345179862716258349982643571,1
508600039670800000004010876060002700000970000000003004400000010000000350002300067,528647139671839245394215876165482793243976581789153624437568912916724358852391467,1
800000301240000009900008000010300004000000173305740060060009230000050006100230000,856927341241563789973418625617382594428695173395741862564179238732854916189236457,1
000090501040005800801000060700600090200071000014009000400200600027006438008704250,673892541942165873851347962785623194296471385314589726439258617527916438168734259,1
000000500000205008300107940060000300094800007203000406572901000039000100000350000,926483571741295638385167942867524319194836257253719486572941863439678125618352794,1
000301907890050060600080020050200109109000200008014030965803002000600890080007406,524361987897452361613789524456238179139576248278914635965843712741625893382197456,1
000700050748000000000090040100503400000009000900060301305008000092400500400050206,269784153748315962531296847126573489873149625954862371315628794692437518487951236,1
030840100070210008001000700810000000207004300350120009000701020720050904103000507,932847165675219438481635792819573246267984351354126879548791623726358914193462587,1
000006190000850060030100805560080307010060028870400510000000600903012704647000201,785346192291857463436129875569281347314765928872493516128574639953612784647938251,1
006080005108309704074100830319056000600007009087200006800000041700040503000000627,236784195158329764974165832319456278625837419487291356862573941791642583543918627,1
000703090240010007803504020002070609601080470000009000900800500420050000035000000,516723894249618357873594126382475619691382475754169283967831542428956731135247968,1
870094203000020480400078000500000000700803090090040500280060910905030800610085340,871594263359126487462378159538619724724853691196742538283467915945231876617985342,1
000608020070200010206900405005736000320590100600100500000827001000465800500010740,951648327874253916236971485185736294327594168649182573493827651712465839568319742,1
001509002490081000205000900000708695058496203000100000002000009910802700030004108,381579462496281357275643981143728695758496213629135874862317549914852736537964128,1
001020300082403769703000000230500000008040000060900408300200070000005100000008030,691827345582413769743659281234586917958741623167932458315294876826375194479168532,1
000400030000823000002500040930064108710000096006010400060930500049000000100005987,658491732471823659392576841935764128714258396286319475867932514549187263123645987,1
984006000003859406060007800090600005600098100350004062000260300500000200000080670,984126537713859426265347891491632785627598143358714962879261354546973218132485679,1
000400000250000090006052017000240709500689102192000008030000501800317064000024800,971463285253178496486952317368241759547689132192735648734896521825317964619524873,1
039005017700100400016400090600004050070600301000500800190003020000056000568041000,439865217752139468816427593681374952275698341943512876194783625327956184568241739,1
000005003008400076041200500800050920019600000400900300000349000004001059006500004,672895143958413276341276598863154927719632485425987361587349612234761859196528734,1
005000080407001900800007640000100400054908100018720030040300005103470006000009000,935642781467831952821597643792153468354968127618724539249316875183475296576289314,1
078000100000045307000160000007931042040052000309478610060009400082010000904500200,578293164216845397493167528657931842841652739329478615165729483782314956934586271,1
010000750327050840050002103001006000200070390700038510600319075500000000170005000,416983752327651849958742163831596427265174398749238516684319275593427681172865934,1
