800070406000900000007040050500027003000300800080060024690000500008030200000600009,825173496431956782967248351549827613216394875783561924694712538158439267372685149,0,XWing
009050000007060918400902700002000600500000090600080001030020485020041000000000006,319758264257364918468912753182495637574136892693287541731629485826541379945873126,0,NakedTriples
000508000002300059090020030035000000700000400000700010000004108823005690600000300,376598241142367859598421736435812967761953482289746513957634128823175694614289375,0,XWing
720000100050040700400003005000020900070038401300000500000100000980060000000009620,729856143853241796461793285146527938275938461398614572634172859982465317517389624,0,XWing
010000203000020060000040070000083700380000014100007020060000080700000600900050400,815976243473821569692345871249183756387562914156497328564739182738214695921658437,0,HiddenTriples
700400000600070090050030000000090100020040060310000002000054310005000806200960500,789421653643875291152639487564792138928143765317586942876254319495317826231968574,0,HiddenTriples
100002079000000060900570000000301597000000320400000000040100000060900003009083002,154632879873419265926578431682341597791865324435297186347126958268954713519783642,0,XWing
000900007710083000000000061006090200090100003280000000000008000000040306020070410,862914537715683942349752861136895274594127683287436195451368729978241356623579418,0,HiddenTriples
005004060900020000006000300003001050090005807010069000000018400304000008000050000,875134962931826574426597381743281659692345817518769243267918435354672198189453726,0,XWing
708060000000005000100070003007000004030001065504200300200000000000193200000000790,798364512623815947145972683867539124932741865514286379289657431476193258351428796,0,NakedTriples
000000004050470010000600030070100000008000320000009000760040208200000000304010009,127395684653478912849621537472136895918754326536289471761943258295867143384512769,0,HiddenTriples
970003000502008000000200000700001835000600710200000046050000000006000004390076500,971543268542768193683219457764921835839654712215387946457132689126895374398476521,0,XWing
070980603000045000000003159000600000098030007000000320009514000800090400003000000,175982643936145782482763159354627891298431567617859324769514238821396475543278916,0,NakedTriples
000000300600200015401053200395024000700000000000009060000000658503076002002100000,259861347638247915471953286395624871716538429824719563147392658583476192962185734,0,XWing
009002040600013070003897006104006008070008010000109000090271030007300001040900087,789652143625413879413897526154726398976538412832149765598271634267384951341965287,0,XWing
001076009098000700002040081030000005100080400870050006080409037000068100000002900,341876529698125743752943681234691875165387492879254316586419237923768154417532968,0,XWing
025000000000000043000004210000040001090021060000906300080050700200400000070080620,425713896719268543863594217632845971597321468148976352981652734256437189374189625,0,XWing
908020003427003009030090070100700600040902130290031040004109000072054900009000700,968527413427813569531496278183745692746982135295631847854179326672354981319268754,0,XWing
050060040000500107000000000000040000906000050037000000700102080023009700004008930,352761849498523167671894523285946371946317258137285694769132485823459716514678932,0,XWing
030006570000400300010007064503190000049700020000000040070083050000000000050000630,234816579796425318815937264523194786649758123187362945971683452362541897458279631,0,XWing
000000000007000024000800597059400100370900000100528000005600200008200700040001000,593742618687195324421863597859437162372916485164528973735689241918254736246371859,0,XWing
300001700004080000000400600000020003000063007008000040080705090090030008015000000,369251784574386921821479635157924863942863517638517249283745196796132458415698372,0,XWing
000000467700300000000009000000006005002700100006010800008520003000160020105000000,239851467761342958584679231817296345342785196956413872698524713473168529125937684,0,XWing
780060013020000004004500008908200100010005000005890400030009000400100600090000001,789462513523918764164537298948276135216345987375891426631759842452183679897624351,0,XWing
050800670026000000001600905040390510000004000000070009090065000002009308004000000,953842671726951834481637925847396512169524783235178469398265147672419358514783296,0,HiddenTriples
800002000000007860059000000005008006170009203023105004590000040001006000200500079,864352197312947865759681432945238716178469253623175984597823641431796528286514379,0,HiddenTriples
500000810300000006206001000007193002000800004903200100060034900000020000002900643,574362819318459276296781435647193582125876394983245167761534928439628751852917643,0,XWing
000400201004061980100029030009700603708030004000090000000950010205000760000002300,896473251324561987157829436519748623768235194432196578643957812285314769971682345,0,XWing
300010000000400000279006100000008070005009240000200083084002900030000006000500000,348915762651427398279836154123648579865379241497251683784162935532794816916583427,0,XWing
900008062000500400000023000060001009800000003300200085600480090008100500007050000,953748162286519437741623958562831749874965213319274685625487391438192576197356824,0,XWing
045000800000070000300000060000025901091060500000009300000730058083000400000014000,245691837168573249379248165637425981891367524452189376914732658783956412526814793,0,HiddenTriples
500004002090050080080260090047001350000700000000540020069000807800000540400000009,513984672692157483784263195247691358158732964936548721369425817821379546475816239,0,XWing
000008000600030001391700020000500080500297000000000000006004500020600900015800200,254168379687932451391745826749513682568297134132486795976324518823651947415879263,0,HiddenTriples
500900100010030406000000890900210000046000080000005000000870030007000000084006000,562948173819537426473162895958214367246793581731685942695871234327459618184326759,0,XWing
750002000000000017000069800040070093620050000000000020000005001009000070060800240,758142936296583417134769852541278693623951784987634125872495361419326578365817249,0,NakedTriples
800005063060079020007004010300000000002030007000906500020000040100200000000008001,849125763561379428237864915386752194952431687714986532628517349195243876473698251,0,XWing
010092000600000070080001005100000000300804007045000600590040206401000030000000710,714592863652438971983671425178965342369824157245317698597143286421786539836259714,0,XWing
650003024010000900000800700003706000009050001070040630000030060000020400900000007,658973124217564983394812756123796845469358271875241639781439562536127498942685317,0,HiddenTriples
080002400009605000030700600003006000000097006000010370000100030005000800620000019,186932457279645183534781692753826941841397526962514378497168235315279864628453719,0,XWing
003900002200000000000008004040006300029001500100000000904050080810769200060000007,453917862281643795796528134548276319629431578137895426974352681815769243362184957,0,NakedTriples
400009608006003021902008000700300002040100050000090003890004000004031070013000000,471529638586473921932618547768345192349182756125796483897264315654831279213957864,0,XWing
030006800100200700600053009000090002070300010000060500000000005800400000020700190,234976851159248763687153249348591672576324918912867534791632485865419327423785196,0,XWing
700003409830006000009000003003091006620080950910620000040060300008130600000208070,752813469834956217169472583483591726627384951915627834241765398578139642396248175,0,XWing
030056000010000470400002060070100024549070001000000000003000000100600083058000200,937456812612893475485712369876135924549278631321964758263589147194627583758341296,0,XWing
000018000000300000000700901090204075602050080300000000079080030008000700020000010,964518327715329468283746951891234675642957183357861294479182536138695742526473819,0,XWing
501034000400000000920050400300200190000000060000008007100000006050170000007500308,571834629463729581928651473384267195792315864615948237139482756856173942247596318,0,NakedTriples
082000106010800250000007080540009020000564800068200000094030002025900400100050000,782345196413896257659127384541789623237564819968213745894631572325978461176452938,0,XWing
860910000050000061002000070000067052000401000070800000130050400500000000000108003,867912345359784261412536978941367852685421739273895614138659427594273186726148593,0,HiddenTriples
008003041104000080700004020005000000000090000209501007400005000000700350000402800,928653741134927586756184923315276498647398215289541637493865172862719354571432869,0,HiddenTriples
000600400090004850000200000046090320030070500000010000050000940000007000084020000,573681492192734856468259173746598321831472569925316784257163948619847235384925617,0,HiddenTriples
004090000090030000600070010008000064000009800100000905700000240050100006000080070,274891653591634782683572419938725164465319827127468935716953248852147396349286571,0,HiddenTriples
000820000008400905090050010000040000005000007000106000017002030060000500509300602,751829346638417925294653718176245893425938167983176254817562439362794581549381672,0,XWing
100007305004000120006000009000050000070000031065000000002965000500003004080040000,128497365954836127736512489241358796879624531365179248412965873597283614683741952,0,NakedTriples
006320100700000008004100000900005600008040207000090000207000080005000400800076002,586327149721954368394168725972815634158643297463792851247531986615289473839476512,0,XWing
000000040000090316080100020030000000001504000000000054200003007370060102090000530,612357849547298316983146725435689271761524983829731654258913467374865192196472538,0,XWing
140057000370200160059000200000000800006002004090000000020030900000100000005080000,142657389378249165659813247437561892586392714291478536824736951963125478715984623,0,HiddenTriples
100050098500390000800000023050040000408901002307006000700800000000000710000000009,136752498542398176879164523951243687468971352327586941793815264284639715615427839,0,HiddenTriples
200004009010305000506200000000570008600009000090000000030000001007100803100002000,283764159719385246546291387421573698678419532395628714832957461957146823164832975,0,XWing
200070000030060000900000003040000530000107904000500010300900070000450300108006049,216375498435869721987214653841692537523187964679543812364928175792451386158736249,0,XWing
009070000300500040000009006000081002030000701000300000807000003204900000100002800,649273518328516947715849236976481352432695781581327469897154623264938175153762894,0,HiddenTriples
940716002006500001001020600800000000200370009003000500002090100000005007007030250,945716382726583491381924675869452713254371869173869524532697148618245937497138256,0,XWing
015000000000030210020800009400007300000090000000401026543000000060008000109600070,915762438678934215324815769496287351251396847837451926543179682762548193189623574,0,HiddenTriples
000000000405730000070008000600002040000000701000400380701604000050001060902300010,836129475425736198179548632613872549548963721297415386781694253354281967962357814,0,XWing
001020006060000000000008010800306400200500000590001000000400803040000700000103004,981725346365914278472638915817396452236547189594281637159472863643859721728163594,0,HiddenTriples
000084000020675000805300000000090103003000090004006508978000002040000300050002710,137984256429675831865321974582497163613258497794136528978513642241769385356842719,0,XWing
000080760002040800000001405008090000030000002001003000070900086500600001020004500,415289763362547819897361425258196374736458192941723658174935286583672941629814537,0,XWing
300108620060030005001000300080010903693047000040900000800079002000080500410005890,374158629968732415521694378287516943693847251145923786856479132739281564412365897,0,XWing
500004000000090000000530418483000200070000001005049030030000180040950060000163094,518674923324891576697532418483716259279385641165249837936427185741958362852163794,0,XWing
080960021003000000000007804040000000069015400000000002090000003020030010000849006,487963521253481679916527834142678395369215487875394162698152743524736918731849256,0,HiddenTriples
000020000070000500005800961000000000400100857000059320100008070092000600003900000,916425738378691542245873961537284196429136857681759324154368279892547613763912485,0,HiddenTriples
003008000290000056500030400000100904080000000039860001000006005006740000907000040,643528197298417356571639428762153984185974263439862571814296735326745819957381642,0,XWing
708460000063050001000000000080000594001700208000009000030000700870102060000000802,758461923263957481149328657387216594691745238425839176532684719874192365916573842,0,XWing
050100004074002000000000900000007060065000030000890002009500006700000400000084000,953178624174962385628435917492357168865241739317896542249513876781629453536784291,0,XWing
080072016609003007002000000097401000003050000800000100000020600000806054004000809,385972416619543287472168593597481362123657948846239175958724631231896754764315829,0,HiddenTriples
000005046000080000600400205000050000506300001800906302371800060000007009000500000,718235946452689713639471285123754698596328471847916352371892564265147839984563127,0,HiddenTriples
050004000040200900300000500070000006003008000010670400005190000009005030700000800,956784312147253968382961547274539186693418275518672493835197624469825731721346859,0,XWing
600980000341700800000000020910400050000000900080009603004302080000000000790100064,625984371341726895879531426912463758436875912587219643164392587258647139793158264,0,XWing
102405000000000602005060000750008100000070004000000030004019300086000000009000500,162485973847931652935762841753248196691573284428196735574619328286357419319824567,0,XWing
080004030700001400000000000001900080009000675000085310400210908090006100060500000,986724531723851496514369827651937284839142675247685319475213968398476152162598743,0,XWing
920081000000093000000000006090000748700006030800000020000040203004008050010007000,925681374467593812381724596196352748742816935853479621679145283234968157518237469,0,HiddenTriples
049000000050400027800000500000500400130002090000080070000010000010046250700300008,349257681651438927872961534287593416134672895596184372423815769918746253765329148,0,XWing
001030250950080000006000000000802010000540090000003508070001034030600000400020001,781439256954286173326715489549862317813547692267193548672951834138674925495328761,0,XWing
050009010260300009000000053000590400004100095000060002310000000002710000706250000,453679218261385749879421653187592436624137895935864172318946527592718364746253981,0,HiddenTriples
000007000000340800000008039860090001700004000240100000490083060008001000070500084,386957412917342856524618739863795241751824693249136578495283167638471925172569384,0,XWing
070000080500000907000400000000040000004680000780509060003000500450100002206090000,371952684548316927629478135965241378134687259782539461893724516457163892216895743,0,XWing
120500000000300007005900800009000000000005062000708090016030050090000001000020300,127586934968314527435972816679243185843195762251768493716439258392857641584621379,0,HiddenTriples
005108003000430800006020001601004200030000060024000030000091006007260000000803000,245178693179436852386529741691384275738952164524617938853791426417265389962843517,0,XWing
000000000009004003840000002000010028004300700270000500003000000057600310600050009,132596847769284153845137962396715428584362791271849536423971685957628314618453279,0,XWing
000050007600000354030060800073000008020670905500100000000000000369008100400200009,948351267612897354735462891173925648824673915596184723251739486369548172487216539,0,XWing
700140000860020000300000070009000000580000930000060000000005800020600500010280400,752149386864327159391856274179532648586714932243968715637495821428671593915283467,0,NakedTriples
070040300801005700002010005050000007219000400600009000080090000005800003000000061,576248319891635724432917685358462197219783456647159238184396572765821943923574861,0,HiddenTriples
462000000000060700005040000000002004001000006009050020100600008700001090000079100,462517839918263745375948261637892514521734986849156327193625478754381692286479153,0,HiddenTriples
900800700320905000001000930000500000000000450010089002085003004007200000000000100,946831725328975641751426938273564819869312457514789362685193274137248596492657183,0,XWing
004000090090300000000500048000000020007009160002046000301750400000000007008000000,134687592895324716276591348613875924487239165952146873361752489529418637748963251,0,HiddenTriples
053700040600000009400000100580010020002040080030000000000080354900000000040060200,853791642621438579497256138584619723762543981139872465216987354975324816348165297,0,HiddenTriples
005000002006034108040010000213000074700042060000000000000603080030450000000029600,185967432976234158342815796213596874798342561564781329421673985639458217857129643,0,NakedTriples
900030008200010004043002700039000000400050006050064090000100059008020000004709003,916437528275618934843592761639271485482953176751864392327146859198325647564789213,0,XWing
205000870300000005009700000000003060094200003600450120000040002507100630000030000,265314879371986245489725316152873964794261583638459127913648752547192638826537491,0,XWing
076005140005001800000070000900000500207030004010006000702900000050780000001003200,376825149495361872128479365983147526267538914514296783732914658659782431841653297,0,XWing
400000005009000380000030002001800000047005930000046010000000240050204000000009100,438912675629457381715638492561893724847125936392746518976581243153274869284369157,0,NakedTriples
200810043130000700406700209000100000000007360704030008000008050600940002008500004,279816543135294786486753219563189427891427365724635198942378651657941832318562974,0,XWing
210080009000035000500001800970000040045306000003010000004090007100000050080000000,217684539498735126536921874971852643845376912623419785354198267169247358782563491,0,HiddenTriples
000000076000000400030600900306070000007350008500000009008900000200010080015006002,152493876679581423834627951386179245927354168541268739468932517293715684715846392,0,HiddenTriples
000000800200070000980540030040000003500200090070064125390700500050090060600000710,435629871216873954987541236142957683563218497879364125391786542754192368628435719,0,XWing
500900780090005000002030004600200000007000860000000409004109020030700000001063040,546912783398475216172638954689247135457391862213586479764159328835724691921863547,0,XWing
030807004400060000005320800004580002000400710000712468047200100306001000120000000,231897654478165329965324871714586932682439715593712468847253196356941287129678543,0,XWing
020000130000070000009603000000000901000491600030000000000005700400089000700100062,527948136316572498849613527654327981278491653931856274183265749462789315795134862,0,NakedTriples
800500064000000000632000001700009000004070000060810090050000200010407580000030000,879521364145963827632748951721659438984372615563814792357186249216497583498235176,0,HiddenTriples
000060070809050400600008059700006000200100003365080000937000000500009020020870001,153964278879251436642738159791326845284195763365487912937512684518649327426873591,0,XWing
000000050003710000720006000007230000010080500000900020031000600580009000900300041,169423758453718962728596413697235184312684579845971326231847695584169237976352841,0,XWing
300480005060000003080020700250001008090000000000006201000000070900008002604702800,371489625462517983589623714256371498198245367743896251825934176937168542614752839,0,XWing
030000060000094800900600070054810000000047020800000009706000000010038006000002000,138275964627194853945683271254819637369547128871326549796451382512738496483962715,0,XWing
090005000860000500700020009300000180080091057000000900004050060973600040000030000,492185673861973524735426819349567182286391457517842936124759368973618245658234791,0,HiddenTriples
790010034000080050000007269634208000902001040000050020020009000500020170017000000,795612834263984751481537269634298517952761348178453926326179485549826173817345692,0,XWing
073501000600900000080020000008030500000009073000060800036208000700645001000000004,973581462642973158581426937298734516164859273357162849436218795729645381815397624,0,XWing
007500040000900302010800000005380006000007000089600007004700000006035000370000010,927563841468971352513842769745389126631257498289614537154726983896135274372498615,0,NakedTriples
300000020501028700000104000006030900050600010030700060005091280000000600089000105,374956821591328746628174539146832957857649312932715468765491283213587694489263175,0,XWing
000502000900010050840000000400080000028406003000100000080030079000000010007209046,761592438932814657845367921473985162128476593659123784584631279296748315317259846,0,XWing
800600000020050000074030090001007000003000401007090023050970832002000100000000000,835619247629754318174832596261347985983265471547198623456971832792583164318426759,0,XWing
900030000050180070010060000005006000000020004006809010080000260002700000507000001,964237185253184976718965423125476398879321654346859712481593267632718549597642831,0,XWing
200040000030900006400000509008000950007069280000010000010096000050300710000000000,269145378835927146471638529628473951147569283593812467714296835956384712382751694,0,HiddenTriples
530000004000007050000020900000050002965001800070004000000405209600910030008000065,531896724829147356746523918184359672965271843273684591317465289652918437498732165,0,XWing
000000029003004010142080000000010905070306200004900130210800300009100000600000500,768531429593624817142789653326418975971356248854972136215897364439165782687243591,0,XWing
400009006000100200107042008002006080930204000000000004000071000500800000070000300,425389716386157249197642538742596183938214657651738924263471895519863472874925361,0,XWing
000010200009060030080500000090200060040050007700000500210900400850020006000001005,673419258529768134481532679395247861142856397768193542216975483857324916934681725,0,XWing
000700001000050900590008734170080200005600079900003005000000002216004000800000410,428739651637451928591268734174985263385642179962173845743816592216594387859327416,0,XWing
030000516000070020000006000940020030005030940000000002000008401004000000310502080,739284516651973824428156397946827135275631948183495762592368471864719253317542689,0,XWing
031000700000008920800010006406170090005200107000060000009000052050037609000000800,531926784647358921892714536426175398985243167713869245379681452258437619164592873,0,XWing
037900000804001300006002000000640009000000007953207006000006020300500000005090400,237985164894761352516432798782643519461859237953217846148376925379524681625198473,0,HiddenTriples
003009200080070000007300040100000000700000002095060007000030006000050001012400300,543619278281574693967328145128793564736845912495162837854931726379256481612487359,0,XWing
000007200590000004003809000006003000900200105000050920870000040000000300000010070,468537219597621834123849756256193487934278165781456923879362541615784392342915678,0,HiddenTriples
000920053607010000000000000060390005005800400000002000700600900200030004800000070,481927653697513248532468197168394725925876431374152869743685912216739584859241376,0,XWing
523800000000190030000000008000010009050000800090706040700002004004000370238401000,523864791486197235179253468347518629652349817891726543765932184914685372238471956,0,NakedTriples
000006080908000050000205004030000000400030200060000001009600025610040900000003000,543196782928374156176285394831762549495831267267459831389617425612548973754923618,0,XWing
604000050020000308000012060000806105800070030003004000900000702008051000000047000,634798251721465398589312467497836125852179634163524879945683712378251946216947583,0,XWing
820750000507009820409008700008500001100087006350002408090000107700000040005001600,823756914567149823419238765978564231142387596356912478694823157781695342235471689,0,XWing
040905000908237600070000000003006802000000000000710306090000000000520010200003007,142965783958237641376841529713456892569382174824719356491678235637524918285193467,0,HiddenTriples
000080000001009003000052640000000000130047000020800060400028000070090000050030827,562384179841679253397152648784965312136247985925813764413728596278596431659431827,0,NakedTriples
005000000009400000008500720000061500000040030040300860806030000030080692027000000,475823916219476358368519724783261549651948237942357861896132475134785692527694183,0,XWing
032004009500000060600278003004600070001700000200381900000806100006010092000000000,732564819548139267619278453384692571961745328275381946497826135856413792123957684,0,XWing
000708090008500620050001000007003000000050006009100050200000063004009000605000700,123768594978534621456291378567983142812457936349126857291875463734619285685342719,0,XWing
000504200000900065010000000000100000950030804300060920200700400800023000090000000,679514238483972165512386749728149653956237814341865927235791486867423591194658372,0,XWing
050020070304000210820009405903100080685000000000830000530270091710000004000001807,156423978394587216827619435973146582685792143241835769538274691712968354469351827,0,XWing
080100002307000100000600308008000003030000000502000700010240000600007000020569004,986135472347928156251674398178496523439752681562381749815243967694817235723569814,0,XWing
000470010028090700050002600000064900030700000807000060000050006980200000000003201,369478512128695743754132689512364978436789125897521364241957836983216457675843291,0,HiddenTriples
010070400078500060000800003452009607700000040863000000084032100600007200000000000,319276458278543961546891723452189637791365842863724519984632175635917284127458396,0,XWing
200180050000000000104200030000091000000560000301002070403000006000000247906000500,297183654635974182184256739752391468849567321361842975423715896518639247976428513,0,XWing
300001000020000005507002080002000067090400000000270000006010020013805000000009401,384561279129387645567942183842193567791456832635278914956714328413825796278639451,0,XWing
000060000007008040005400007010000600900740500500001080800000005000000426020059300,241967853697538241385412967714285639938746512562391784873624195159873426426159378,0,XWing
050086090600700003000000040760800100000000000000005082020003060000090000400602008,154386297689724513237951846762839154518247639943165782821473965376598421495612378,0,XWing
000003020070005008900010400205060300083000001010079000000000000050400800009001503,568943127174625938932817456295168374783254691416379285841532769357496812629781543,0,HiddenTriples
090020500000600031400300900003200007810076000005004000000400003008000640200000010,396128574572649831481357926963215487814976352725834169657481293138792645249563718,0,XWing
300005040080300000904000205500000090000000007000693020020059008000020950400100000,312975846685342179974861235561287493293514687847693521726459318138726954459138762,0,XWing
040900801010000020000406005060130200023000160004000000000829000000000300701600000,346952871519387426278416935967134258823795164154268793435829617682571349791643582,0,NakedTriples
000500000700062903200400800500609004000008200002000060800007100001000000030050400,489573621715862943263491875578629314346718259192345768854237196621984537937156482,0,XWing
080000000003000710290600004000800090000065000470901608000000000030092800518006000,184759263653284719297613584361827495829465137475931628942178356736592841518346972,0,XWing
000020000800054009210700000104000900000000673030006400050003100000000032600080004,345921867876354219219768345164537928598412673732896451957243186481679532623185794,0,XWing
600000000900000053002090060300509000010260700000000010031700000005000021060054000,653841972948627153172395864327519648514268739896473215431782596785936421269154387,0,NakedTriples
700040509300000080050080420000000810020000340060500070003100000000802000046000000,782341569394256187651987423537429816129678345468513972273194658915862734846735291,0,HiddenTriples
005000903040000000020306000000032540002800000007004300000100005000053020900048031,865421973341579268729386154618732549432895617597614382283167495174953826956248731,0,XWing
062070000045000020000200070000000001004068000130902000300000004070600890006700005,962571483745386129813294576698437251254168937137952648329815764571643892486729315,0,NakedTriples
507000806000000200000010059008100600010502080002090000200000000065040008070023400,527439816139856247486217359958174632713562984642398571294785163365941728871623495,0,XWing
000900400007020010000005007036010500010000900500400000090768000000000000053001800,125976438987324615364185297436819572812657943579432186291768354648593721753241869,0,XWing
005080000304020000601009700200004106000050080006100900000500000007900004000463000,725681493394725861681349725273894156149256387856137942438572619567918234912463578,0,NakedTriples
010000005500608000200001040000000076000900308003000004620004003000200000830007200,316429785549678132278351649451832976762945318983716524627194853195283467834567291,0,HiddenTriples
000406000800000700054000098107008900000017020040050070000001300300560400020000080,792486531813925746654173298137248965965317824248659173476891352389562417521734689,0,XWing
039006080700043120200005000070100060804000000600007004000008096002500800000600000,539216487786943125241785639975124368814369752623857914157438296462591873398672541,0,XWing
020000090040001000005300020000050060058000000090060300700100000000024000902500810,827645193349281576165397428273458961658913247491762385784139652516824739932576814,0,XWing
030000210000000000000106009020000900000500001600329508800400000100070045902000000,536798214491253786278146359725814963389567421614329578857431692163972845942685137,0,XWing
000050060500000007287000000010002004000060100304500008060001470000008000000020000,143257869596183247287946531615832794928764153374519628862391475459678312731425986,0,NakedTriples
000870300005034090400020007058047000700000800003010000000001000060080210500000004,219875346875634192436129587158947623794362851623518479342751968967483215581296734,0,XWing
005007100006030420204500003400001630007000090020600080002960310100400000068003000,835247169976138425214596873459821637687354291321679584742965318193482756568713942,0,XWing
069070100075390000000068090004030020000780000080000500021950400000000075700020001,869472153475391682132568794594136827216785349387249516621957438948613275753824961,0,XWing
005000700300090600070105000061700302000000060900500004000000000609300500050002801,295468713314297658876135429561749382742813965938526174187954236629381547453672891,0,XWing
000005160000200000070140390000000030809010000400709000290000050050630700060900000,982375164341296587576148392617824935829513476435769218293487651158632749764951823,0,HiddenTriples
400003020000050700809600000305090002600520013002000000003904000000000030760008005,457183629236459781819672354375891462694527813182346597523964178948715236761238945,0,NakedTriples
206090000000210008890070031930107000008000703070003050000509017000000040000000062,216398574357214698894675231935127486148956723672483159423569817761832945589741362,0,XWing
100060090980000000020701086800503020630000000000000004000120509000985700000007000,147368295986452371523791486819543627634279158752816934378124569261985743495637812,0,HiddenTriples
000001003800090760040000005059700006068340009704000002006000500500009008003158090,695871423832594761147623985359712846268345179714986352986237514571469238423158697,0,XWing
200000000007048021800009300035000000000000897980072000000020015000003700500000040,219736458367548921854219376735984162142365897986172534493827615621453789578691243,0,HiddenTriples
000090230000000090001800000013000009000074300080030050040000005005320004009060700,564791238738246591291853647613582479952174386487639152346917825175328964829465713,0,HiddenTriples
100230560950060000007005000800690300496000000523107906639000800015980002008000000,184239567952768413367415298871692345496853721523147986639521874715984632248376159,0,XWing
000008000310075008000309004100000000704923001009000000000600300000050400080000672,496218537312475968857369124128546793764923851539781246241697385673852419985134672,0,NakedTriples
000090000700020160900800002092000600100900074000000020071000000360074050000503000,253196487748325169916847532492738615185962374637451928571689243369274851824513796,0,XWing
000300000002000710504000000180000009600708000005000020008020000001004050090005470,879341562362589714514276983187452639623798145945613827458127396731964258296835471,0,HiddenTriples
009050008058017609000009010002903060000000005400075300100702050004000000700400800,319654278258317649647829513572983461831246795496175382183762954964538127725491836,0,XWing
007030068300400000009280040050000086000950100000001370200000800600003007030000000,427139568386475291519286743751342986863957124942861375275614839698523417134798652,0,XWing
000200008006000094002006000065400002000500800018030050000800005321700000000000170,147295368536178294982346517765481932293567841418932756679813425321754689854629173,0,XWing
000050001150000200007200400001090060594000010060700005800600140010040803400003000,243957681159468237687231459721895364594326718368714925835679142916542873472183596,0,XWing
050070000002100000300804570200000140000090038000208000004002300000930080709000000,158673924472159863396824571285367149647591238913248756864712395521936487739485612,0,XWing
000020870670300050000000000006904020508600700200030600000008400080060003004100000,493526871672381954851749362736954128548612739219837645365298417187465293924173586,0,XWing
000000100000000007059000403040208000000300210005700009062001300400070905000040000,874536192136429587259187463341298756987365214625714839762951348418673925593842671,0,HiddenTriples
006000150100700400030000090080947020002005000000380000010000030070400000000029016,896234157125798463437651892583947621942165378761382549218576934679413285354829716,0,NakedTriples
630050000100009200020010030050840007200007500009000600000090000408000001000600020,637258419184379256925416738356842197241967583879531642562193874498725361713684925,0,HiddenTriples
510030000004020000006005700000000009309000650650100030700004800080000000001052060,512738946974621583836495712128563479349287651657149238763914825285376194491852367,0,XWing
300190500010000000082006000243000900000001000000020640000010087000037000809000006,367194528914285763582376194243568971756941832198723645435619287621837459879452316,0,XWing
003906001004075003500002097000003004060010080045007010000000008430060170701004006,873946251924175863516382497198653724267419385345827619652731948439568172781294536,0,XWing
000001070530807000006000000004000120600014000800000300000080000000090250050600093,289361574531847962746259831974538126623914785815726349392485617467193258158672493,0,HiddenTriples
000153002080070030001000000005020009000006000004700360090000020000030058800400976,769153842482679531531248697615324789378596214924781365197865423246937158853412976,0,XWing
300016000040900000000000020060000008182000600090030400500043090800009000010000540,359216784241987365678354129463721958182495637795638412527143896834569271916872543,0,XWing
070000000000040090001603004007900000002001600000530409000000035700050900503002100,479215386635748291821693754347926518952481673186537429264179835718354962593862147,0,XWing
100305000050020040800090000609030000000002007005000080007100003020000605000060004,192345768753826149846791532689537421314682957275914386467158293928473615531269874,0,HiddenTriples
600040350007000090000500000000000008060870010009000200050703000320000006400150000,612948357537621894894537621145296738263875419789314265958763142321489576476152983,0,HiddenTriples
200005100160790000070003000000900000009040080000060200807500006090000800040000035,234685197165794328978123564326958471759241683481367259817532946593476812642819735,0,XWing
007219000600500872400000000300000000040090086002007030050600029000701500000005400,587219643619543872423876951376158294145392786892467135751684329934721568268935417,0,XWing
700000000002000539000064000540300070000000001008006000003080096000900000100005008,781593264462871539935264817549318672627459381318726945253187496876942153194635728,0,HiddenTriples
720408591350001680018050030160005920000000000000869300200000870690002050005010000,726438591359271684418956732167345928983127465542869317231594876694782153875613249,0,XWing
300806000006000040807001005010003097030100400092407103900708000000900001080025000,359846712126579348847231965514683297738192456692457183963718524275964831481325679,0,XWing
031000060900080000802300410320470000000000000010509000000001200050040083008050004,531924768964187325872365419325478691489216537617539842743891256156742983298653174,0,XWing
005009240080062007000000013307800000000000000000900050700500030800001402060000000,635179248481362597972458613347815926598624371216937854724586139853791462169243785,0,HiddenTriples
045900000980700500000000010000504700030070020000600000600000000190002070007050003,245981367981736542376245918862514739534879126719623854653497281198362475427158693,0,XWing
070000023001000000008009500004060700600007250300000004002070900000001000010040005,975684123461523897238719546154268739689437251327195684542376918793851462816942375,0,XWing
000040090093010200140028003620000500000000060850000004030870002000300000480000005,278543196593716248146928753629487531314295867857631924935874612761352489482169375,0,XWing
000520090025007000400000000000400035600300900000102000060080007900030140002000000,713524698825697413496813572281469735647358921539172864364981257978235146152746389,0,HiddenTriples
003580000100600400004017036000003000002000347000000508008001900700000005045000710,693584172187632459524917836459873621862195347371426598238751964716349285945268713,0,XWing
100008090007000000000060014080203050502000040000500600008700003200000500400010009,164328795397451286825967314986243157532176948741589632618795423279834561453612879,0,NakedTriples
060090000000040950001000073000007090803000710940010060504160000002000000000503000,765391428238746951491285673156437892823659714947812365574168239312974586689523147,0,NakedTriples
800000624009000000000040010600003007000020306010600000000310700093200000050089200,871935624439162875562748913625893147947521386318674592284316759193257468756489231,0,NakedTriples
037000090680000002200090340000500700700413005513070060008100900070030600000000020,437251896689347512251698347824569731796413285513872469368125974172934658945786123,0,XWing
005600700030590000900720000500070014702806590003000200000200435006007002004005000,285613749637594821941728356598372614712846593463159278879261435156437982324985167,0,HiddenTriples
000060000700300052000508070000730004001000609084000000090006000400000028000805000,852167493716394852943528176629731584571482639384659217198276345465913728237845961,0,XWing
017000000004059000900000010001907000005040600600008000703000060500300908080006040,217683459364159782958472316431967825895241637672538194743895261526314978189726543,0,HiddenTriples
000009050150000094080000006000034000700008200809600000037010005001000000090460010,376849152152376894984251736625134978743598261819627543437912685561783429298465317,0,HiddenTriples
000200300003900010070850009045000070200010500000400902000002706900000800057000030,594261387823974615176853429645329178289716543731485962318542796962137854457698231,0,XWing
290005000050603020010900000003000008070400050800006209000001502020000091000070400,296845137758613924314927865963152748172498653845736219489361572627584391531279486,0,NakedTriples
008000250600207000020008300406000030000600000930000048004701000300000005000002081,748913256653247819129568374416829537875634192932175648284751963391486725567392481,0,XWing
050076030000080600019005028000040003097000100003002000000800500021000000000097010,852176439374289651619435728165948273297563184483712965936821547721354896548697312,0,HiddenTriples
041070000020300000008421973003100029070090030002005160007986000000010000000000098,341579682729368415658421973863147529175692834492835167537986241984213756216754398,0,HiddenTriples
600000700000020300009001006005200001020087400000000000004005000000074800800030170,642398715517426398389751246765243981921587463438169527274815639193674852856932174,0,XWing
009002500000304000820000000000080700700009450068000010001420007200016040007000025,419872536576394281823651974154283769732169458968547312381425697295716843647938125,0,XWing
500000900700013005096000200000048002000060100000079000640000007300000009020006810,531624978782913645496857231169348752874265193253179486648591327317482569925736814,0,XWing
003006100000400000850009000200090730000370600000000051027104006500800000006000070,493786125672415389851239467264591738915378642738642951327154896549867213186923574,0,XWing
007926300000000000205080100020810906000070040046003200000000038000000000100048700,817926354694135827235487169523814976981672543746593281479251638358769412162348795,0,XWing
000209000009546080000000050070002095004008201100000600023890070040300000005070000,451289763739546182268137459376412895594768231182953647623891574847325916915674328,0,XWing
205090000000006030006105029902040000000003070018000240620304000000000600040080302,235498716491276538786135429972541863564823971318967245629354187853712694147689352,0,XWing
320000000000001900740000000000360020000080510000000300004050009600704000010030008,329675481856241973741893652175369824963482517482517396234158769698724135517936248,0,HiddenTriples
800302017000000000097081040419050000308000001000000400030000952000010006060005000,845392617123467895697581243419653728378924561256178439731846952584219376962735184,0,HiddenTriples
000630040020004030000002508018900000000027005007850000900000004076000280000080003,751638942829574631463192578518946327694327815237851496982763154376415289145289763,0,XWing
760002100032000000050094060200400013084001000000009600008100405100540020500000030,769832154432615789851794362297486513684351297315279648928163475173548926546927831,0,XWing
000050007201000000400800002600000590000003000004706000800107000000000068002030001,986352147231674985457819632673281594198543276524796813845167329319425768762938451,0,NakedTriples
000000960071006804560007100006231000030000000400670000800000500015008600020510008,243185967971326854568947123756231489139854276482679315897462531315798642624513798,0,XWing
002807004100000200030241600000000900307900000091000058700360000018400007000700860,962837514174596283835241679586174932327985146491623758759368421618452397243719865,0,XWing
000900860000300700207801000012037050730008000008409007003080570805000001004000680,341975862586324719297861435412637958739258146658419327923186574865743291174592683,0,XWing
000006807008570000907008060704010000830700100500003040100329085209800300000000000,315496827648572913927138564794215638832764159561983742176329485259841376483657291,0,XWing
000004002040007038705030090000000000403060001951043800630009205007000900000002407,369584172142697538785231694876125349423968751951743826634879215217456983598312467,0,XWing
000000009542001008001800000050209004000080050080004106403056000000408000000390070,738645219542931768691827543157269384264183957389574126423756891975418632816392475,0,XWing
100000200070920006309000000080009400405000090900501700000000308007010000000230067,156487239874923516329156874782369451415872693963541782641795328237618945598234167,0,XWing
000006420090200000007509100080000000701000200529003006002030000008000600000860750,815376429394281567267549183486927315731658294529413876672135948158794632943862751,0,XWing
210980700008000000300001060000000290000000000020650107090000400503070000000490502,216984753458367921379521864135748296867219345924653187692135478543872619781496532,0,XWing
004000008960001020000060037000004050803100006012000000050000600030605470400000000,324579168967381524185462937679234851843157296512896743751943682238615479496728315,0,XWing
000004805000009002300057000006905000020000080408300100007000620602090000910000000,271634895564819732389257461136985274725461983498372156857143629642598317913726548,0,XWing
000081600200700038000000005001000000004000700030020004006510900907008060300060000,543281697269745138178396245621874359894153726735629814486512973917438562352967481,0,HiddenTriples
700100000039004000000800060200000750060000009907400008680520003000300000005090000,726135894839264517451879362248913756563782149917456238684521973192347685375698421,0,HiddenTriples
001000620000030010803071000002000000600400080004000700006007051040000002100009300,751894623469532817823671594982763145637415289514928736296387451348156972175249368,0,XWing
700456003010900085000100470460009008000000700500861000045790032090325000002610000,789456213214937685356182479461279358928543761573861924645798132197325846832614597,0,XWing
000400030000007012000000800007020050000089070010000603002610007800200000096000200,581462739649837512723951846437126958265389174918574623352618497874295361196743285,0,XWing
800000000975003000003008000007000100390050006150400000020700080000840050000009060,861974532975623418243518697687392145394157826152486973429765381736841259518239764,0,HiddenTriples
600100809510000000000206000000001900700400021080000007002800000100309205900050400,623145879514987362897236154465721938739468521281593647352814796146379285978652413,0,XWing
009800000023051900000000070000006300600000001030010200000000005002034080400098000,769843512823751946514629873281976354645382791937415268398167425172534689456298137,0,HiddenTriples
000006030000380005700500200004105800007000000805000709000090023003720000010000000,589246137241387695736519248394175862127968354865432719478691523653724981912853476,0,XWing
020000400001890030600000002089506000060019000700000009800040500000050000340000007,927163485451892736638475912289536174564719328713284659892347561176958243345621897,0,HiddenTriples
040002000007000800090103240000060000300025094000000003060400080005001060100080400,541892736237546819896173245759364128318725694624918573962457381485231967173689452,0,XWing
000560040000000007200000001810400900037020000590800000080017200000900013000000400,179562348648193527253784691816475932437629185592831764984317256725946813361258479,0,NakedTriples
305100608000400000020035000008000001700009050000240800000000200809006007000900006,345197628981462735627835914298753461714689352563241879476518293859326147132974586,0,XWing
000090000020000040010305000307802000000540000000000801900008005700400008051700003,578694312623187549419325786397812654186543297245976831964238175732451968851769423,0,HiddenTriples
000090000060005072020600030500000091092000850000000700800500000200107500000860900,317294685968315472425678139543786291792431856681952743876529314239147568154863927,0,XWing
200380140400600503003000000030500407000200068760000005300800074000700900070109000,256387149497612583183954726832596417945271368761438295319825674628743951574169832,0,HiddenTriples
004001200000009000010030005400070050823000100009000600040620073002400000030007080,384751269256849731917236845461972358823564197579318624148625973792483516635197482,0,XWing
650740000209038745080201000070300059300010620006000031000000903701090560030070000,653749218219638745487251396174362859398415627526987431865124973741893562932576184,0,XWing
048023700000000000900006000002500970600040030000070001097080000000600020005001000,548923716726814359931756482312568974679142538854379261197285643483697125265431897,0,XWing
009050080700000100000108020600700000000004610490200730080600300000001000060020008,219357486748962153356148927625713894837594612491286735982675341574831269163429578,0,XWing
003008000040007059509000006900000060670003010000100705200800000000506048000070000,763958124842617359519234876981725463675483912324169785296841537137596248458372691,0,XWing
005040000800500403370080900000009000080000007700630000903020005018006004000100060,625943871891567423374281956436719582189452637752638149963824715518376294247195368,0,XWing
007000002500002400003010065000060000200401600000030009600958007300000000901000006,467593182519682473823714965734869251295471638186235749642958317378126594951347826,0,XWing
000109400500230000017004000000060710020500036009000000000000004801000009000318005,632189457584237691917654823345962718728541936169873542253796184871425369496318275,0,XWing
000100904009600000000000037070000820004001700060023005000006000020400000530080100,653172984749638512182549637375964821294851763861723495417396258928415376536287149,0,HiddenTriples
000020039800045600000900400301060007020008000600000320040007081068000590010009000,154726839839145672276983415381562947427398156695471328943657281768214593512839764,0,NakedTriples
050090000800000019000508300030002000006000040010000790048070030700809200002000000,653197428874326519129548367437912685986753142215684793548271936761839254392465871,0,XWing
000000000000900040785000200050800006000050007824700000000300600002006308400009000,349275861261938745785614239157893426693452187824761953518327694972546318436189572,0,HiddenTriples
030000080500008200060032100003500000904000007270000060080006010009000006300000700,432715689591648273867932145613587492954261837278493561785326914129874356346159728,0,HiddenTriples
070062815000000002000407000050020094200030000840600000000000500090046070000570006,974362815638951742521487963756128394219734658843695127467213589395846271182579436,0,NakedTriples
020001000900003000400500000070000096160790008300800004500060049002000300809000060,723641985956283471481579623278134596164795238395826714517362849642918357839457162,0,HiddenTriples
053000060000700000010000950000078000005034000000100600040020080200003004000009370,453982761698751243712346958936278415175634829824195637349527186267813594581469372,0,HiddenTriples
003470000709000000600000800000800307000000000100000690008300059360004100200010000,583476921729183564641295873956821347874639215132547698418362759367954182295718436,0,NakedTriples
030690000410050000008000300900080000004000010050200000000030152100400900800060040,537698421416352897298714365962183574384576219751249638649837152173425986825961743,0,HiddenTriples
009020003080000972072006054700069240204307060000200000800630700027915038093070020,459728613186453972372196854738569241214387569965241387841632795627915438593874126,0,XWing
000020407109060020005700000000000080527000010900450000000000006000306800802009000,638125497179864325245793168413672589527938614986451273351287946794316852862549731,0,XWing
000740000080120009000503000000600100048000300021030700060010030005000200000380016,912748653583126479476593821359672148748951362621834795867215934135469287294387516,0,HiddenTriples
070940500000000000900050708700000000004000003306071000600010005805207001020800900,173948526548726319962153748789632154214589673356471892697314285835297461421865937,0,HiddenTriples
050000006100040009400500000000020000000860100208701090010057020300400800009100005,952378416187246359436519287741925638593864172268731594814657923375492861629183745,0,NakedTriples
840000230620307001000400000500106090900000800700920000000200600081700003000004007,847651239629387541153492768538176492912543876764928315375219684481765923296834157,0,HiddenTriples
009000035070004000004020000405010008030000007060052010000003070257001090800000000,629178435571634289384925761495716328132849657768352914946583172257461893813297546,0,XWing
039040000000307000400200800300800000001060005040050000900080040000400502050071008,739648251528317964416295873375829416891764325642153789963582147187436592254971638,0,NakedTriples
360050200020000050070000090005400062000561000800200009604007000000000007000302004,369854271421739856578126493715498362293561748846273519634987125182645937957312684,0,XWing
174000000805010400090040087000000002600070800008000053900000040530200608400003001,174938526865712439293645187349851762652379814718426953926187345531294678487563291,0,NakedTriples
920000000070150390030062000200007038004030001090400000000006000600070200000000705,921743586476158392538962174215697438764835921893421657357216849689574213142389765,0,NakedTriples
006203009400080000070400050007048000010000700003001028002000005690300070000090006,586273149421589367379416852267948513815632794943751628732164985698325471154897236,0,XWing
000000003320009680890003400500000070000207800100408000000100360650002900000900705,765824193324519687891763452548631279936257841172498536289175364657342918413986725,0,XWing
000000000410000500053000007001805402000000060080001005905002170000004003800090000,278456319419723586653918247791865432524379861386241795945632178167584923832197654,0,HiddenTriples
000000100000400062003200009027000000600080390400600700804500000009000000050901040,246859137981473562573216489327194658615782394498635721834527916169348275752961843,0,XWing
803900000000008400007000006010200000020000603000040000942800001000060009600000500,863974125251638497497512836314296758529781643786345912942857361175463289638129574,0,HiddenTriples
800000070090000000010036400500200030000070090400800001000003000040620009003109068,865412973394758612217936485571294836682371594439865721926583147148627359753149268,0,XWing
000000004068209000000700009009000003105890600200501000057006301000000000690480000,912365874768249135543718269489672513135894627276531498857926341324157986691483752,0,XWing
000070000427010000500482010000000000901600405700100829000705000040000008000008206,618379542427516983593482617254897361981623475736154829862735194349261758175948236,0,XWing
900200000000918302008000000300024000054090000062000090600700900700053108005000060,973265481546918372218437659397524816154896723862371594681742935729653148435189267,0,NakedTriples
000070980060001500400000000090000058002700000000030100030000700501604090004000020,123475986768291534459863217697142358312758469845936172236589741571624893984317625,0,HiddenTriples
001607005400002000007050000000030029080900610000000400200000000809720100034008000,391687245458312976627459831746831529582974613913265487275146398869723154134598762,0,XWing
007100000031082000000005400000096073002007000000000200010700004209000100083500900,597134628431682795826975431154296873362817549978453216615729384249368157783541962,0,NakedTriples
800030001000207008500040030008174000400090600009003000000000706020006000000080004,862935471943217568517648932658174329431592687279863145385429716124756893796381254,0,HiddenTriples
020070800003000200900065013001400000000050080040090007360709000000008600008600050,126973845753814296984265713531487962697352481842196537365749128219538674478621359,0,NakedTriples
020004000000100800300860009600010000450000090008730026060000205090500081000000000,826954317549173862371862549632419758457286193918735426164398275293547681785621934,0,XWing
709000008000000000020060005001290000008400006070300140003020054500008001800000320,719543268685712493324869715431296587258471936976385142193627854542938671867154329,0,HiddenTriples
090000850305000000000090610180062590050100080002800000000500100070001400006204070,691427853325618947847395612183762594759143286462859731934576128278931465516284379,0,XWing
150300008000400000600072000030700005005080020000020000000000009001006204007205300,152369748793458162648172593236794815415683927879521436324817659581936274967245381,0,XWing
030060004800000010600002803709000350300000040002100089000056090150900200000008000,937861524824375916615492873789624351361589742542137689473256198158943267296718435,0,XWing
001000009090400020400000607140902000000000050250036000710000090030060040000001706,371625489698417325425389617147952863863174952259836174716543298932768541584291736,0,XWing
070001000020000070000000806000050098700600013600010500800060000094807000000020005,476381259928546371153279846241753698785692413639418527812965734594837162367124985,0,XWing
001600059000000000093000071700000000402008600900054280000000108008067000000041000,271683459854719326693425871785236914412978635936154287367592148148367592529841763,0,NakedTriples
009470200008010000200000605307000100020000000000050702004590000100840009900000070,639475218548612937271938645397284156825761493416359782764593821152847369983126574,0,HiddenTriples
090001008300076040600040000500010800160098250089000007000003570002980010030005000,294531768318276945675849321523417896167398254489652137846123579752984613931765482,0,XWing
300070060086000749040009000090003400805107900410800050200000800000008010060000094,329574168586312749741689532697253481835147926412896357254961873973428615168735294,0,XWing
900070001082000000000250000000300620000097000006040009820004010090003072500000008,965478231482931756371256894149385627238697145756142389827564913694813572513729468,0,XWing
060095010080000000705004060603020400024087000000900000206400700050172046140009520,362795814481236957795814263673521489924687135518943672236458791859172346147369528,0,XWing
000530700003001000070009036090800003800000920000005080061000002400006809500000400,246538791953671248178429536695842173814367925327195684761984352432756819589213467,0,XWing
000000609000400730400007008046080000000500000150000400008760900000008060035000001,327815649581496732469327518746281395893574126152639487218763954974158263635942871,0,HiddenTriples
028605000000700100060008009000900001003000004040000820501000032400306000000000010,128695743954723168367148259285964371613872594749531826591487632472316985836259417,0,XWing
402900050060000000070030042090001003804090000000300470300005700200600000700100500,482967351563214897971538642697451283834792165125386479319845726258673914746129538,0,XWing
310800650200000001500030000050790000480060000060000007000072019000050700000004020,319827654278546931546931872152798463487263195963415287834672519621359748795184326,0,XWing
087063000502080000000000010000000000006130200200070009000059038000004000309000605,187463592592781346463295817815942763976138254234576189721659438658324971349817625,0,HiddenTriples
000400000800950100902008300600040020104007890307000000260004910000700600001060040,516473289873952164942618375689145723154327896327896451268534917495781632731269548,0,XWing
090008000000400908002000051708905060020000000500002010006013700350006090001700000,495128376163457928872369451718945263629831547534672819946513782357286194281794635,0,XWing
607010500000000008001007003462070000000000000900006010000008600000023090085000001,637814529594632178821957463462371985718495236953286714379148652146523897285769341,0,XWing
130002000070040908500610020008500000000400806407000050001006080005800790000000000,139782645276345918584619327918567234352491876467238159721956483645823791893174562,0,XWing
370506409000007002000000700800703590900005038003480001400070060001904000780000000,378526419196847352254391786812763594947215638563489271425178963631954827789632145,0,XWing
020007060930000000005800300500100000190200700008009000000050607000083290000021538,824537169936412875715896342547168923193245786268379451382954617651783294479621538,0,HiddenTriples
700005030000008000000700200180009002900000300603400007010020000008000071040600900,726145839435298716891763245184379652972516384653482197519827463268934571347651928,0,XWing
608000002000600000027030500870050000105708040060100000000015700000000308000040609,638574192519682437427931586872453961195768243364129875986315724741296358253847619,0,XWing
080000010000002080200000700030206000050090800040010029900050000007100000500800630,483765912671932485295481763839246157152397846746518329918653274367124598524879631,0,XWing
300210000190000070050008900000075000200400000700102005060000012000000800000590607,387219456196354278452768931638975124215436789749182365963847512574621893821593647,0,XWing
010007020280040070000962400090000006005300000403006001008001054700080060650000800,914837625286145379537962418192478536865319247473256981328691754749583162651724893,0,XWing
130062000000050003070000002400000920250014000000000050080000706500798000000300500,134962875892457613675183492417635928259814367368279154983521746546798231721346589,0,XWing
000002001000080000010006038500001060000675000908000000005000409006700050003029000,687932541354187926219456738572891364431675892968243175725368419896714253143529687,0,HiddenTriples
300400050000070000904500300460010070501000063000060085000050000000002700208100000,326491857815273649974586321463815972581729463792364185637958214159642738248137596,0,XWing
000000000840906200650400710380000004000000000407600090000000040090305800034700020,279513486841976235653482719386297154915834672427651398768129543192345867534768921,0,HiddenTriples
170000006820009040049000200000050700400003080700904120007620000501040900000000050,175432896823769541649518273918256734452173689736984125397625418581347962264891357,0,XWing
160007030009000001400008090000070906508009000010840000700000209002054100600020000,165297834389465721427318695234571986578639412916842357753186249892754163641923578,0,XWing
000500060600000700000030000402700098070400000100092057060050001840210000700006200,318574962654129783927638514432765198579481326186392457263957841845213679791846235,0,XWing
000004070020100000078600400600090050000400983040000000084000510005060000002005300,916384275423157869578629431637298154251476983849513627784932516395861742162745398,0,XWing
089000000500078600006940007008300000400002056030400000000050009000200010000000075,789526134543178692126943587258369741491782356637415928374851269865297413912634875,0,XWing
530000000008000901000009078400000090000500040080607003000910000170032000000800020,539781462728364951641259378467123895213598647985647213852916734176432589394875126,0,XWing
047030060200700001600000090000805000860001402000000000000002800080300009000500026,547139268298764351613258794329845617865971432471623985156492873782316549934587126,0,XWing
041095008000000001500006740400207050026300080300000000000802900000000000085000000,641795238879423561532186749498217653126359487357648192764832915913574826285961374,0,XWing
010300060030200000005070000008900000003510070706000901002450008000003007000001620,217398564834265719965174283128947356493516872756832941672459138581623497349781625,0,HiddenTriples
009200300000803050070040080300009208247380010090000000910000700086500000005070000,859217364624893157173645982361759248247386519598124673912468735786532491435971826,0,XWing
700000054000000003004790200600380000000050007090016000100402005070000060030870009,763128954921645783854793216645387192218954637397216548189462375472539861536871429,0,XWing
028000000000003000700601023000300000002080730105000004061205000290100000000070000,328957416614823597759641823876314259942586731135792684461235978297168345583479162,0,XWing
090500036000000020006030408010054060083010000000007340720100000000080005050060000,194528736835476129276931458917354862483612597562897341729145683641283975358769214,0,XWing
000653090650000024009000000400500007000012000000008400300000700007064030510937600,274653891651789324839241576423596187768412953195378462346825719987164235512937648,0,XWing
097085030045000000160000090000000006000800370700526000029100000500007082000008100,297685431345971268168342795981734526652819374734526819829153647513467982476298153,0,HiddenTriples
049800500107026000000400070020007900000002005030900020600030700010000080004708100,249873516187526493563419278825367941976142835431985627698231754712654389354798162,0,XWing
030001670185067000000040001070006910601000820804010000000400200200108700000652009,439521678185367492762849531573286914691734825824915367918473256256198743347652189,0,XWing
060000007708050030930720600000500970040200050670000203000902001100005300020010560,562341897718659432934728615281536974349287156675194283853962741196475328427813569,0,XWing
600000090300900016000300000000190003090407002003000800000500020100600007048000005,671825394382974516459361278524198763896437152713256849967583421135642987248719635,0,NakedTriples
030040010000006300060008597493070000026000000700009002000000905001500070075020800,539247618817956324264318597493872156126435789758169432342781965681594273975623841,0,XWing
700000200060501090000007563001784000000006702006000000800200004000405000900000010,745963281368521497192847563231784956489156732576392148853219674617435829924678315,0,XWing
000000000700068000005000639000000050020031708000000302000027000270006100600080040,962513874743968521185274639317892456524631798896745312438127965279456183651389247,0,HiddenTriples
008040001300900000064002000030010702000000000000200300900307050040000200607500908,798643521325981647164752893839415762276839415451276389982367154543198276617524938,0,XWing
070600003006000740030009001000908000043700005080010004000000060005000000060304158,479621583126835749538479621751948236943762815682513974894157362315286497267394158,0,HiddenTriples
048900000050010820300000060080003000600200080900060510200000000030000050004608000,148926735756314829392785461481593672675241983923867514267159348839472156514638297,0,XWing
000000004000090310005610000000007452090080060004000000203000000070003008100500040,918735624627498315345612987831967452592384761764251839253849176476123598189576243,0,HiddenTriples
000030900009052000008900104030000002040000060502000000004610030100800000080005706,465138927719452683328976154631784592847529361592361478254617839176893245983245716,0,XWing
010000060005000030806700100008003005000090000700020904000000000009000082450001000,314958267975162438826734159298413675541697823763825914682379541139546782457281396,0,HiddenTriples
800030006000080040050900000030000402000700000600040850700005030006000100009003070,871534926963287541254916783137859462485762319692341857718695234326478195549123678,0,XWing
000502001000003062000000900607040005000009200000000000806000050300705000405080007,943562781781493562562178934637241895154839276298657413876324159329715648415986327,0,HiddenTriples
000000000209000500800020007415006700060050004070002030000934000000800090000070300,157643829249187563836529147415396782362758914978412635581934276723865491694271358,0,XWing
000570204300000000015000000800600300609002000007930408508040603000006070000000900,986573214372164589415829736854617392639482157127935468598741623241396875763258941,0,XWing
007406002010082006020500090409800000036020004250000000000090040905000060002601309,597436812314982756628517493479863125836125974251749638163298547985374261742651389,0,HiddenTriples
000009540000000700057004916730000050004007000000096030000040000076025001001000200,368179542149652783257384916732418659694537128815296437923741865476825391581963274,0,NakedTriples
760000005080400060900005000050040000020000300003680400000000080500020000006300047,764138925385492761912765834659243178428517396173689452241976583537824619896351247,0,XWing
005206000002000001000010830000000000409500206000190050050000028000081400708000000,185236947372849561694715832537628194419573286826194753951467328263981475748352619,0,XWing
800720030040580009052006040087000050960005870000400000000609000070053094000800005,819724536643581729752396148387962451964135872521478963435619287178253694296847315,0,XWing
000021670700000015000900480920403700840076000000005000010000530059000001080000000,498521673762348915531967482925413768843276159176895324214689537659732841387154296,0,NakedTriples
000000058007020360030095200005009402906000000020031005469082001850000020003500000,142367958597128364638495217315679482986254173724831695469782531851943726273516849,0,XWing
007190006600045087000000490300500001005014630700008900050001800000850069002000510,487192356629345187513687492348569721295714638761238945956421873174853269832976514,0,XWing
040000000706000208000801000050004000087193000100007090000700104000305067000010003,348672519716459238592831476953264781287193645164587392639728154821345967475916823,0,HiddenTriples
700004000005000060000586090500403609600290400000000010003000900104000000020070300,768924135495731268312586794587413629631298457249657813853142976174369582926875341,0,XWing
003700600006400081000500090800000500007804000000000049070000000005230000900105002,123789654596423781784561293849612537357894126261357849672948315415236978938175462,0,XWing
090062800006940000004000002008009076005120000000500000500000007060000003012004960,791362854256948731834751692128439576975126348643587219589613427467295183312874965,0,XWing
200000900000100700140008000000900041300000250500420000030059000000601020700002000,278563914653194782149278536827935641364817259591426873432759168985641327716382495,0,XWing
370200010080004250005000709000020080000480607000300000000000000794000000020108904,376259418981734256245816739459627183132485697867391542618942375794563821523178964,0,XWing
080200900600310508003000400095002070032060800000000009004001000000500002050680000,781245963649317528523896417895432176132769854476158239364921785918573642257684391,0,HiddenTriples
000000006290000710130420090000009400400080020002340001000030100600800000504100060,745918236298563714136427895361259487459781623872346951927635148613894572584172369,0,XWing
005020040080100090070000300000000000207600530030079008610040000020001003000008000,965823147384157692172496385856312974297684531431579268613745829728961453549238716,0,XWing
070020000000071006800409000000600020020010053003082007000000070710000094240000035,471326589952871346836459712587643921624917853193582467365194278718235694249768135,0,HiddenTriples
003000000290800050001007008002030000089500003100402080400000096007200000000100000,873654219294813657651927348542738961789561423136492785428375196917286534365149872,0,HiddenTriples
072400000800020000000106025400000087000200450003600000230040008064005100050000040,572493816816527934349186725425319687691278453783654291237941568964835172158762349,0,XWing
080700004540802003000000105900000006000200500000098700000000000400160009070009600,189753264546812973237946185928574316764231598315698742691385427452167839873429651,0,XWing
000005000700060004100030090000079005380012000000400300060800200503000000004000630,496785123732961584158234796241379865385612947679458312967843251523196478814527639,0,HiddenTriples
386000020000000017000000000030004100007006030590700200000500000000040059400078000,386917524925483617714625893632894175147256938598731246273569481861342759459178362,0,HiddenTriples
008000306000240000031000092406100000000070000080005104003008700000510000005004200,248791356569243817731856492456182973312479568987365124193628745824517639675934281,0,XWing
000000000009120045006000007820300000107500090000001200040016000050000000002009008,235674981789123645416985327824397516167542893593861274348216759951738462672459138,0,HiddenTriples
050003080001000000600249000904050600860400590005070000700098410000000003000005000,452163789391587264678249351914852637867431592235976148723698415586714923149325876,0,NakedTriples
200005600010008030060070002900203718300000040051800300600000007000009103100030000,283495671517628934469371852946253718328917546751864329635182497872549163194736285,0,HiddenTriples
308600010000000200009041008600000580800070000001560000100700004200905061000010705,378652419416897253529341678692134587854279136731568942165723894247985361983416725,0,XWing
309004160600000000500031080000070000900020030203000005000742000006180400000000002,389254167641897523572631984458376291917425638263918745895742316726183459134569872,0,NakedTriples
000007019067005000050000030000070000080500400040009028000060040076280300300000000,832647519167395284459812637293478165781526493645139728518763942976284351324951876,0,HiddenTriples
000007105200006000040310000810000400069004002032100900000090846000400000000003070,386247195271956384945318627817629453569834712432175968153792846728461539694583271,0,XWing
300804000806000000910030000080009620001000800000005703403500200000206009200000000,357824916846951372912637458584379621731462895629185743493518267178246539265793184,0,HiddenTriples
000000079000030560020710003010800090900160700607300204000600051003070000105040007,438256179791438562526719843314827695952164738687395214279683451843571926165942387,0,XWing
080400500050000029090600000700000000000008005060200800800704063000065018000020400,281479536654183729397652184748516392123948675569237841815794263472365918936821457,0,XWing
018000076006800301000000090000560000000040920000908000003009600400000105200000040,518394276946872351327156894892563417635741928174928563753419682469287135281635749,0,XWing
003000000000000254500700009000010847900060000000005001058006070600030000400000030,843952716197683254526741389265319847981467523734825961358196472672534198419278635,0,NakedTriples
040002006003940050000000002608713000090000010700200000000100005000800040409000031,941572386263948157587361492658713924392456718714289563836194275125837649479625831,0,XWing
010040006000005800090800200000000070350701480021004009000000010430008700009000008,817249536243165897695873241984526173356791482721384659578632914432918765169457328,0,XWing
900062010000007040001500020040008900002100503005090000050080006000400030000000200,934862715526917348871543629147358962692174583385296174253781496769425831418639257,0,XWing
060000839200900400000604000600370900030295700050000000000400290020000008013008000,164752839275983416398614572642371985831295764759846123586437291427169358913528647,0,XWing
340000000700090006005080040000907100050002300002000600908000000000800090200600007,349216758781495236625783941863947125457162389192538674918374562576821493234659817,0,XWing
000200003086000000003000085000050000068400001005800062607095020001020300000170050,579281643286543719413769285124956837768432591395817462647395128951628374832174956,0,XWing
408000006000060000050090100200004008000007301007000000006030450570008060002000000,428175936719463582653892174235614798964587321187329645896231457571948263342756819,0,XWing
603000000000007010090100050002008090000409300060000007735000000006040080800000200,613584972584927613297163458472638591158479326369215847735892164926341785841756239,0,HiddenTriples
000000010008000269006070000089204700200908030000000000000000040460030000070005300,934682517758143269126579483389264751217958634645317892593726148462831975871495326,0,NakedTriples
005000207000006030018400060060000074089100000402000000901000000000905003000040029,695318247274596138318472965163259874789134652452687391941723586827965413536841729,0,XWing
091000047007900008000034000000000000002000003000540010200005306070000050850071020,391258647427916538685734192139627485542189763768543219214895376973462851856371924,0,XWing
006709502005300006000005030791000000602000000003100004060210040000090080200000090,436789512925341876178625439791564328642938157583172964869213745357496281214857693,0,XWing
000070000001086530000102806604000912000000600005000004100640095000007300002093000,568379421271486539493152876684735912719824653325961784137648295956217348842593167,0,NakedTriples
002009100401000000007200050000000090703004060025001400000060000000308040038100002,562489137481753629397216854846532791713894265925671483254967318179328546638145972,0,XWing
000028010002136000000007000160002300003000000709000604000500200600000090000061850,437928516592136748816457932165842379243679185789315624378594261651283497924761853,0,XWing
000600100870150406000020070000070000350000900009002048200000500005004003000000091,524687139873159426196423875648971352352846917719532648231798564965214783487365291,0,XWing
600003910300000004409020030702800001005300280000700050800200000570000090001060000,627483915358691724419527836762859341945316287183742659894275163576138492231964578,0,XWing
000600800900000000470000306020003500007508200000100008083001600160200000540800000,235674891916385742478912356821793564697548213354126978783451629169237485542869137,0,XWing
000000050800030940015400000070590860001302090496001030000003000600700209000200300,347926158862135947915487623273594861581362794496871532729613485634758219158249376,0,NakedTriples
308000002000900750070000060009068100030000900001407080200036508006000000080050609,318675492462983751975142863549368127837521946621497385294736518756819234183254679,0,XWing
001000250000906000000080100005700000280001007040030090800004005060000040000600000,691473258528916374437285169315749826289561437746832591872394615963158742154627983,0,XWing
000006050000003070063000901086000300095000000720000010500100090000370000270409000,917846253452913876863257941186594327395721468724638519538162794649375182271489635,0,XWing
000000008050802000002001390040190000100300059008000000090067001005000000680400200,416973528359842167872651394543196782127384659968725413294567831735218946681439275,0,XWing
700900600020078000104030009800094700093200400007100000000000000000010206040000903,735941628926578134184632579812394765693257481457186392361429857579813246248765913,0,XWing
024360000000002000370050200010008000000000130436000070009016700000800004500020000,824361957695782341371954268712638495958247136436195872249516783163879524587423619,0,XWing
002009000040030950508000030000040600003096570700000040007200000201650000000908100,372589461146732958598461237825347619413896572769125843957214386281653794634978125,0,XWing
002000040090000000100400690000502100023007005007030402000650200400000009000000030,682795341794361528135428697946582173823147965517936482378659214461273859259814736,0,XWing
700000090030000005000400000000050060018090070300012000090000700001020043006309000,745231698632987415189465237927853164518694372364712589293148756871526943456379821,0,XWing
070000050809050010010600802700086000000700030900000706000319200560800400000000000,276148953849253617315697842731986524658724139924531786487319265563872491192465378,0,XWing
007008000004009702030010000050060040710000200000800600305000000020001900000000087,167258493584639712239714865852167349716493258943825671375986124428571936691342587,0,XWing
670003104320100690400009002030000800057030240090800306000005000908320000002790000,679253184325184697481679532136542879857936241294817356713465928948321765562798413,0,XWing
000030609204000007060070040310000700000000000080009020490080006001003800000016005,157234689234698157968571243319825764542167938786349521495782316671453892823916475,0,HiddenTriples
000000004300007008025041700004005903700000000000300000003900560102008400009000000,817563294346297158925841736264785913738419625591326847483972561152638479679154382,0,HiddenTriples
400000000067400300000009002000000000540100200000728000006070000050004009030800061,489237615267415398315689472172543986548196237693728154826971543751364829934852761,0,XWing
000060004000240085809000000000003056000000000905100020600005037093000000002900000,251768394367249185849351672128493756436572819975186423614825937593617248782934561,0,HiddenTriples
804700000070056204020000001500028000069400003700900040000203009300040060000500000,834712956971356284625894371543628197169475823782931645456283719398147562217569438,0,XWing
120000000060001050400080000017000000080103200000025600030004890609008030000000004,123457986968231457475986321217869543586143279394725618732614895649578132851392764,0,XWing
000096010005004900080250000801900072000000090000041000000062001307000400600000000,432896517765314928189257346841935672573628194296741853958462731327189465614573289,0,NakedTriples
740500809020308000800097000000051604400200700080000020008003050956074000204005000,741562839529348167863197245392751684415286793687439521178923456956874312234615978,0,XWing
000000010070150006010906702050000000000540069806000000132600040000000000408700900,689472315273158496514936782951863274327541869846297153132689547795314628468725931,0,XWing
800200006006007000090600025000000090000300004050008700620500080000070000900040100,815234976236957841497681325364715298782369514159428763621593487548172639973846152,0,XWing
093000040000000200008030000500700031002000000400008050600009100004005060000104300,193826547746951283258437619569742831872513496431698752625389174314275968987164325,0,XWing
004508700000000010090000200108079602047120803002000004009734001010600000000200000,324518769756942318891367245138479652547126893962853174689734521213695487475281936,0,XWing
402008001000010095600000000080060023500300804003001000000020000905704000200100050,452938671837416295619257348184569723596372814723841569341625987965784132278193456,0,HiddenTriples
050090000000007001000043805037400000200006400001005003024030000700200500000000906,856192347349857261172643895937418652285376419461925783624539178798261534513784926,0,XWing
000060000080309040200001603170230000003005000000000069000000700000800036015000904,531467892786329541294581673179236458863945217452718369648193725927854136315672984,0,XWing
000092000300704100000000847050001006070000000400500003006010008900006000700930001,847192365365784192192653847259371486673248519418569273526417938931826754784935621,0,XWing
500000703260080001070000004700005000020148007000000062002030400050001900800400006,598614723264387591371592684783265149629148357145973862912836475456721938837459216,0,NakedTriples
300000050042016908000590200007050493650430000003001005030025019000100342010040500,369782154542316978871594236127658493658439721493271865734825619985167342216943587,0,XWing
009005700080090302050720009000150040300000000510000800870030200100000000000260007,429315768781496352653728419268157943394682571517943826876531294142879635935264187,0,XWing
748351000035000700096000034600007080400600000000800900000408107900013000004000020,748351269235946718196782534659137482482695371371824956523468197967213845814579623,0,XWing
000300600060000007490000500032986000900005000050004760000001000000000002001060300,217359648865142937493678521732986415946715283158234769379421856684593172521867394,0,HiddenTriples
008700005050009030040000000860510000004270050000000006920100000500090000006000108,618732945752849631349651287867513429194276853235984716923168574581497362476325198,0,XWing
680000000097000084000000950000200008000706020400030700000090000100302070904058060,685479231397521684241863957763214598519786423428935716832697145156342879974158362,0,XWing
000005600000400070040832000503000000000090003200006400300008000006000901004700800,831975642925461378647832195573184269468297513219356487392618754786543921154729836,0,NakedTriples
500030010070008900000000048867050200001700000000000004000005000000062807092300106,584639712173248965926517348867453291241796583359821674638175429415962837792384156,0,XWing
050200000400009007001084000000003000980070340000000018000000500019000080070560002,653217894428359167791684253165843729982176345347925618236498571519732486874561932,0,HiddenTriples
000700092000000000600091085030029574070000008904005000000906007009200030050137400,485763192391582746627491385138629574572314968964875213213946857749258631856137429,0,XWing
728000610001000090506000004007008000060302000000001000000703002400200003000504080,728439615341865297596127834957648321164352978283971546815793462479286153632514789,0,HiddenTriples
000063205000000090003007000690100008051000470002000000000010360840300900000500000,718963245564281793923457186697124538351698472482735619275819364846372951139546827,0,XWing
030000718000040000970800000000700060000300540100004900000050000009000400080160009,436925718851647392972831654345792861298316547167584923723459186619278435584163279,0,XWing
800004000059000000001000095000070000704506210906001500000000023100027009007000040,862954371459713682371268495518372964734596218926481537685149723143627859297835146,0,HiddenTriples
900000000000600008037000400090008007300000090200100350601207030000900000000080700,956874213412693578837512469195438627364725891278169354681247935743956182529381746,0,XWing
000061000001000005000050093640030080002100600010000079000026400830000000006000900,953761842281493765764258193649537281372189654518642379195826437837914526426375918,0,XWing
070004900000002008000000003090100020060000700087590000000000864009010000006700000,678354912134972658952861473493187526561423789287596341715239864849615237326748195,0,NakedTriples
800007006070000000500001000000000508610028040004370000003000050000042000040050010,821597436479236185536481972397164528615928743284375691763819254158742369942653817,0,XWing
600000007041009000057840030190500600400010805000960103002093700000002304004080200,639125487841379526257846931198534672463217895725968143512493768986752314374681259,0,XWing
000007840030840902008003051023080090009000038000000600300050020140600509005400006,952167843731845962468293751523786194679514238814329675386951427147632589295478316,0,XWing
090080067400000200010009085900031058053090000100000000000000000020006000006207013,295184367438765291617329485962431758753698142184572639571943826329816574846257913,0,XWing
092100008000008500006500003603004020104607900900000000400705000300009451000000000,592173648731468592846592713653984127124637985978251364489715236367829451215346879,0,XWing
000400000060090070000300006090030057500000000403060008000000000004670902001005400,217456839365298174948317526192834657586729341473561298639142785854673912721985463,0,XWing
000102000400000007000000405800060100000380060002000080000700003020600000950014000,576142398419538627238976415895267134147389562362451789681725943724693851953814276,0,XWing
008000000090208000010000207070500602050010000000360001000000040726030900009000700,268173594597248163314956287871594632653812479942367851185729346726435918439681725,0,HiddenTriples
010900000508600041004080000050000700701840095000700068102090080080172006300400009,617934852538627941294581673853269714761843295429715368142396587985172436376458129,0,XWing
080000000307080060504070030008040090030000000700930150009400300000201504000000080,681523749397184265524679831158742693936815427742936158279458316863291574415367982,0,NakedTriples
000004000900738650005200000000003062000069001000007500010000320070000006308000900,783654219921738654645291873897513462452869731136427598514986327279345186368172945,0,XWing
000008410008007000090203000080000006402000000300000058005800062000500000670100000,237658419548917623196243587781395246452786931369421758915874362823569174674132895,0,HiddenTriples
000048003703900400010500060005807016000000080070060500300004000001000000950000830,569748123723916458814532967495827316136495782278163549387254691641389275952671834,0,HiddenTriples
900356008040000009000098100070000060004000800000579000050081300001000000000020007,912356748843217659567498123175834962394162875628579431256781394731945286489623517,0,XWing
000204000000010800900800041100540006608130002002000000006470098400000000000380174,861294537754613829923857641139542786678139452542768913316475298487921365295386174,0,XWing
000030000360000900000008046605092001000510000070004000480001002001060004007000000,798436125364125978512978346645792831829513467173684259486351792931267584257849613,0,XWing
010840000072090100800000200100000008009308600000070000000700001000005360040019020,913842756472596183856137249135264978729358614684971532568723491291485367347619825,0,XWing
807000021000000008000806940480003106020900084050000000074180200200409000508032000,897354621645291738132876945489523176326917584751648392974185263213469857568732419,0,XWing
040000008700005024000070050500096001060000080003010002600080003002050009070000000,345261798786935124219478356527896431461523987893714562654189273132657849978342615,0,XWing
000008100090000370003500000070052804000000002040100003010000000005600090608007000,257938146894261375163574289976352814381746952542189763419825637725613498638497521,0,NakedTriples
380000702700060480009800000007000620092740005031008000000950007000607100900001000,386415792725369481419872563547193628892746315631528974168954237253687149974231856,0,XWing
000307000096080000001000050070000000300000002085060000003900018900800007060000309,458317296296485731731692854672143985349758162185269473523974618914836527867521349,0,XWing
000000500437005000008040230020080009060070100000000480000100806000504000103000090,692713548437825961518946237325481679864379125971652483249137856786594312153268794,0,HiddenTriples
032501084008700000070800002000000800700000419809105073000000040000910000500087960,632591784498726135175843692213479856756238419849165273981652347367914528524387961,0,NakedTriples
000500400080300100761080005600400000000000501079008300000160000030000000896050000,923571486485396127761284935612435798348927561579618342254169873137842659896753214,0,XWing
005000000180302705900000060000420007000600100000703040000000070570000003041005008,765194382184362795932587461613429857427658139859713246296831574578246913341975628,0,XWing
107090040000000860026001030000900074000000500030070000500002380360000000040005090,187396245953247861426851739815923674794168523632574918579412386361789452248635197,0,NakedTriples
030510702000600000501020000050200890000000000170000305700000500090142000080060000,639514782827639451541827963453271896968453217172986345716398524395142678284765139,0,XWing
050100400000000100000380000090028007000600005300005020704002030200000860500000000,952176483438259176176384259695428317827613945341795628784962531219537864563841792,0,XWing
001008405050000710000400090000080630003704509980030007030002004500000200400507308,391678425854329716276451893147985632623714589985236147738162954569843271412597368,0,XWing
000230000802004000010095007040020300000170000300800706006000003200300001000050020,579238164862714935413695287748526319695173842321849756156982473284367591937451628,0,XWing
935061000006000900100009000002810500000050600600203001000070005008600207003008000,935761428786542913124389756342816579891457632657293841269174385418635297573928164,0,XWing
200000300040000006070100000600470000120860007000005000004020060000701080003080095,291546378348297156576138924635472819129863547487915632854329761962751483713684295,0,XWing
004030010000009243003064005500010900000700050680000002100400000006090000348021000,274538619865179243913264875527316984439782156681945732192457368756893421348621597,0,XWing
600048010000206000000310008020000000004500001908023007035060170107030085800100020,659748312381296754472315968523471896764589231918623547235864179147932685896157423,0,XWing
000000000700690000000025407070000054068000009100200060000350001020008000400000603,512437896784691532639825417973186254268543179145279368896354721321768945457912683,0,XWing
004020008700030905900000020060004090040000600000200030050000070008005004100807000,634529718721638945985471326362784591547913682819256437453162879278395164196847253,0,XWing
000069000100420008060500000000200300053000040700000900090000050006010790008040030,845769123179423568362581479984276315653198247721354986497632851236815794518947632,0,XWing
400000000000008000003000076500009083000380700100700005001903008006000000040502600,412637859675298314983451276567129483294385761138746925721963548356874192849512637,0,HiddenTriples
000600200020800097000070003074000185019003040000000000590302000007060000000040000,738695214126834597945271863374926185819753642652418739591382476487569321263147958,0,HiddenTriples
000050609006100040000047000059700800200030000060000291001000720000003000400000000,714352689526198347983647152159726834248931576367584291831469725695273418472815963,0,XWing
530190040000300000800062000000007400007200090000001680605000020040003000200000100,532198746796345218814762539168937452457286391329451687675814923941623875283579164,0,HiddenTriples
000000000830004009600003008000301040150800000004720000400005600001000020060008300,517982463832564179649173258728351946156849732394726815473295681981637524265418397,0,HiddenTriples
201084000300607094000030020000750000020300047006040001000000970070000000604000050,261984735385627194947531628413758269829316547756249381138465972572893416694172853,0,XWing
009020010040601005005047800000090300900000000100000072000008030078000500200060009,789523614342681795615947823857192346924376158163854972596418237478239561231765489,0,XWing
067000000000000050003000609200000000006043820001000540800706034030109000000400007,567294318198367452423851679245618793976543821381972546859726134734189265612435987,0,NakedTriples
000800300010000846000007000040000600102300900300409002500000010000603000007004008,295846371713925846684137529849251637172368954356479182568792413421683795937514268,0,HiddenTriples
040080005005021790000000610030000200002008000000095000003060500607900000000000400,146789325385621794279453618938146257512378946764295183493862571657914832821537469,0,HiddenTriples
000320100021400007000061000350000006002700830000000010005000400000080000016005002,968327145521498367743561928354819276192756834687243519835672491279184653416935782,0,XWing
740603000050009000000058000000000000300002860800000070070040000620000009000090105,741623958258179436936458217514867392397512864862934571179245683625381749483796125,0,HiddenTriples
009046000015700000234000800002081503300009006040070080003050000000360402400810000,879246351615738924234195867962481573387529146541673289723954618158367492496812735,0,XWing
004009102030050000502700800200000900040000085080000000000306400000005070006042009,874639152631258794592714863265483917347961285189527346958376421423195678716842539,0,XWing
701000006000040003000906058002080007106000000080400092004020000090100080000090000,751832946869541273423976158942683517176259834385417692514328769297164385638795421,0,XWing
004082000080001090100700006010000580000000002050027060005000000003650900000000070,564982317387561294129743856712496583936815742458327169245179638873654921691238475,0,HiddenTriples
000002510000860000060000030000010000950040007740200100098000000000400700106000200,834972516519863472267154839682317945951648327743295168498721653325486791176539284,0,XWing
010003000040009031700200040000076000000305900507000000403900008080000050000600010,816543792245769831739281546398176425164325987527894163453912678681437259972658314,0,HiddenTriples
000010408100000000000302590800005073000900600503067000081000000700000012006040000,372519468195684237648372591869425173417938625523167984981253746754896312236741859,0,HiddenTriples
000000053000060210500041009084000000900000000001007300073000090008509000000008070,816792453749365218532841769384156927967423581251987346673214895128579634495638172,0,HiddenTriples
200401090043050000000000000000200300090100050605000900500809070007040100328000000,256471893143958267789326415471295386892163754635784921514839672967542138328617549,0,XWing
720004010000000400000006709004100090090000000060950001000000104800402050035700020,726894513981375462543216789354127896198643275267958341672589134819432657435761928,0,XWing
001009700000065000008040010903050800000000004000020000136500000200004008050700023,561839742742165389398247615923451876615978234487623951136582497279314568854796123,0,XWing
600000000000004070103000804000007030000600100405092000010203900900000008000006050,647821593289354671153769824861547239792638145435192786514283967926475318378916452,0,XWing
401070000000040800007108026130060580000001000000800004018703000090400005600000000,481672953926345871357198426139264587874951362265837194518723649793486215642519738,0,XWing
000000900004208000670000000008000060001020043069800502000080007437050000100960030,813746925594218376672395481248531769751629843369874512926483157437152698185967234,0,XWing
000080000300000004900027503005700000074900200000060800000001058400000000096030700,542183697387596124961427583835712469674958231219364875723641958458279316196835742,0,XWing
920100370007003000000700090106037000000040900000080026310000840000000700085000000,928164375547893261631752498196237584852641937473985126319576842264318759785429613,0,NakedTriples
001009873500001000840030500068007930010083000000004000000000010070060005380040702,621459873537821469849736521268517934914683257753294186495372618172968345386145792,0,XWing
000000802069000000080250000910026530570010600006000000005800940000000300700560001,457639812269481753381257469914726538572318694836945127125873946648192375793564281,0,HiddenTriples
085001700000004000002009001000976084000000000090100035008307000070000009500080000,985261743631754298742839561253976184816543972497128635128397456374615829569482317,0,XWing
009070010000040600006012003100050004050000270340000500001000000760800000020000005,589673412213948657476512983197256834658394271342187596931465728765821349824739165,0,XWing
000010300600900087800060400900000000000307500170500000002800043009105000000004090,257418369614953287893762451935281674426397518178546932562879143749135826381624795,0,HiddenTriples
651200403000040010000806002040000069000960200000002005062005004005039000703020051,651297483829543716374816592247358169538961247196472835962185374415739628783624951,0,XWing
000000860200000040600400053000800009030019000007020400050000000840500307309070000,574193862283756941691482753125847639438619275967325418756938124842561397319274586,0,HiddenTriples
000072600950800740030040000000000060020000500400900020008001000210000000700400109,841372695952816743637549218175283964329164587486957321598631472214795836763428159,0,XWing
002000097860100003000206000000000070005460009300798400240680000058930104000500000,512843697867159243934276581496315872785462319321798456249681735658937124173524968,0,XWing
030002000608000007000003100300090050020000406001004000900380000000000604000025030,435712968618549327792863145364297851529138476871654293947386512253971684186425739,0,NakedTriples
000000004600001008001090003700300009500060400200504080000006005020805900009040060,975683214632451798841792653764318529518269437293574186187926345426835971359147862,0,XWing
003090408095004070000700010000070060800043000000000809000002000040800000120050700,713296458295184673684735912932578164861943527457621839579462381346817295128359746,0,HiddenTriples
040070000980000200000600800072300006000507000000090050320000005000004000100006740,243978561986415273715623894572341986498567132631892457324789615867154329159236748,0,XWing
000008002040000703605200090020600008000305000000820576900000004003960000060700030,731498652249156783685237491527649318816375249394821576972583164153964827468712935,0,XWing
000001400031070009000000020070400000003000002058000000900003641080200003000609000,562891437431572869897346125279438516143965782658127394925783641786214953314659278,0,HiddenTriples
080000160004500000000000200019000080007300000020007601500400900060050000000800004,982734165134562879756198243319625487647381592825947631578413926463259718291876354,0,HiddenTriples
000200000000005300020090005250400930300000204490700000000107800100908063043000009,635281497984675321721394685257416938316859274498723156569137842172948563843562719,0,XWing
078400900300000060000095000004100000037500000020078500150007000000000312003800000,278463951395281467416795238564129873837546129921378546152937684789654312643812795,0,XWing
078961300000042900023000001000400067100000503006008100000000030600205009350094000,478961352561342978923857641895413267142679583736528194219786435684235719357194826,0,XWing
180095000406003008000000020970040503300000001000700000003009004000000030060007080,182495376496273158537168429971842563328956741645731892753689214819524637264317985,0,NakedTriples
567000000003100060000400000800000200000200390005040008300901002691000000000306000,567893421943152867128467539819735246476218395235649178384971652691524783752386914,0,HiddenTriples
050000060620008091000300004060807000000030080000069210208070000000091000501000040,754912368623748591819356724165827439942135687387469215298674153436591872571283946,0,HiddenTriples
090020070000060830300004005005003000400007006230000090000001007180470203000800400,896325174754169832321784965965213748418597326237648591542931687189476253673852419,0,XWing
030489651900650000000032009500370018070090200090208070080000060060920000100060702,732489651948651327615732849524376918876195234391248576289517463467923185153864792,0,XWing
100300000000005000008061007500200960090007012000600053204000096003000401010006320,179324685642785139358961247537218964496537812821649753284173596963852471715496328,0,XWing
009040000000007008700800659003120000090000031000008500507000010001006070080000000,869541723325967148714832659653124987498675231172398564547289316931456872286713495,0,XWing
004200000916003070500010000020705031040020800003000000000080003800500010000009205,384257169916843572572916348628795431749321856153468927265184793897532614431679285,0,XWing
700800590080040200001570008279100800050000000814600003005000009020010300098700160,732861594586349217941572638279135846653498721814627953165283479427916385398754162,0,XWing
090010057000006030003050002089000046506940010174608000000105000620080005050400000,492813657715296834863754192289571346536942718174638529947165283621389475358427961,0,XWing
601480000800692000040003080000060800000207400060000032309500000000009003000000017,671485329853692174942713586237164895598237461164958732329571648716849253485326917,0,NakedTriples
800000000004008010002100009000056000500000002000270403090700001401800030003000600,815693274974528316632147589327456198549381762168279453296735841451862937783914625,0,XWing
000000307000280000006107204380060400020900000090010006042600000000035000000000900,218546397974283651536197284385762419621954873497318526842679135169835742753421968,0,HiddenTriples
050000100010006800008370000620090050000700090000083007006508002000000000900060000,752849163319256874468371529627194358831725496594683217176538942243917685985462731,0,XWing
400006020003000540062350007000085470000000000000409008920060000308000009000201000,457916823193728546862354197639185472584672931271439658925863714318547269746291385,0,XWing
200306900000700003001002004000000002600800000089004005000400250006000070900001400,257346918864719523391582764513697842642835197789124635178463259426958371935271486,0,NakedTriples
000300000704000030090107005001002000600093002370800090005009010000000640100060000,516384927724956831893127465951672384648593172372841596465239718289715643137468259,0,XWing
400000000030009000109000604268003007300000008000060000002904081900002040001850003,425671839836249175179385624268193457314527968597468312652934781983712546741856293,0,NakedTriples
003208400070000000000007632090000800240080015001005020000492106500803040000500380,953268471672134598418957632395721864246389715781645923837492156569813247124576389,0,XWing
070300900003048000085000200001030000000000570000012800008001000400800095030200400,174325986263948157985176243851739624329684571647512839798451362412863795536297418,0,XWing
000650000030000620004000007800400070007003108000000000390000000002847060000020080,279654813135978624684132957863491275457263198921785436398516742512847369746329581,0,NakedTriples
100000000006040001090000500400030005860410092302009600001000200200096000030070160,184563927526947831793821546419632785867415392352789614641358279278196453935274168,0,XWing
060000001000004000000300870000607000004000000010500408006000205003760000120009760,362875941871924536459316872285647319934281657617593428746138295593762184128459763,0,HiddenTriples
004107000100020000000060070865003400000000000200000300300400502007000080018006040,684157239173829654952364178865913427731642895249785361396478512427531986518296743,0,XWing
000400209000050080708002000003000000800009320670530000000000907106700004400800060,561483279329657481748912653913268745854179326672534198285346917196725834437891562,0,XWing
000000740720800000000050002000200000001000080040030017103900000508000003200580090,385126749726894351419357862957218634631479285842635917163942578598761423274583196,0,NakedTriples
000600503004103000501000080008090030700000000090060000002007840800400000000002900,927648513684153297531279684268794135713825469495361728152937846879416352346582971,0,XWing
200004000065300000000009430000638540000050100000700090006290008002000000900000300,293164875465387219871529436719638542634952187528741693146293758382475961957816324,0,HiddenTriples
000050800409000060000003020006084300000000100930700000000300902004076000300040008,263457819459821763187693425526184397748932156931765284675318942894276531312549678,0,XWing
406000207000600000200034000605000000700003010000070085100400050009250600570000001,436815297857692143291734568615948732748523916923176485162487359389251674574369821,0,XWing
045630000700000500060000900004058600097000004002000003000060170081097000900000000,145639287739182546268475931314758692697321854852946713523864179481297365976513428,0,XWing
003008000060000400705000600041000709090000030500070040004050010006104000010900000,423618975169725483785493621841362759697541832532879146974256318356184297218937564,0,HiddenTriples
900000250060000000582900060000097006050004710200001030000000370001800004600000000,947618253163752948582943167314297586859364712276581439498126375721835694635479821,0,HiddenTriples
056000700000500800390000000009005008000040600070001040701080090060030000040000180,856394721214567839397218564439675218182943657675821943721486395568139472943752186,0,XWing
000700520005009304000040610900200000070000080408000000049003000080060000300500900,694731528815629374732845619956218437173496285428357196549173862281964753367582941,0,XWing
007000291000807600600050080030200900090000062700009003004000008380705400920380000,857436291249817635613952784135268947498573162762149853574691328386725419921384576,0,NakedTriples
070004500000002004000138090056010080030000900200000000300700006710080030400021000,173964528698572314524138697956417283837256941241893765382749156719685432465321879,0,XWing
900600100010000080000000034600050000000802950000730000501260400406083502000400000,943678125715324689268591734624159378137842956859736241581267493476983512392415867,0,XWing
040270009000005000080000017100000000024000000300000268700090600060520000205300100,541276839937185426682943517176832945824659371359714268713498652468521793295367184,0,XWing
008500000009003010020094800030002005600040378400000602000700920000000000010008063,768521439549873216123694857837962145692145378451387692385716924276439581914258763,0,XWing
010030005006050300083100060000000270250000900300600001920000000030820400000007000,412736895796258314583149762864915273251473986379682541928564137637821459145397628,0,XWing
007000000810095000200100003000006000000703100304000870008000497050000001900070000,497362518813495762265187943179826354586743129324519876638251497752934681941678235,0,XWing
000423000800000000300050007010000070006090042000000039400000003005010000700200580,157423968842976351369851427913642875586397142274185639428569713635718294791234586,0,XWing
300020000000090003070600900000000050203006040409500060800000005007100290001040000,395821476682794513174653928768412359253986741419537862846279135537168294921345687,0,HiddenTriples
920800600000630005000007000000500000701040900040071000000058000000000003018024050,923815674487632195165497328239586417751243986846971532394758261572169843618324759,0,HiddenTriples
420380010001507000030009004000000009090000643100000000000210780000000002040005000,425386917961547238837129564683452179592871643174693825359214786716938452248765391,0,XWing
600000000002030607057000009000063500800209004400150200006000900200610045000900006,643791852982534617157826439721463598835279164469158273576342981298617345314985726,0,XWing
009201000020070093800900000900420010080000350014005000008060000000004108003050420,639241785421578693875936241956423817287619354314785962748162539562394178193857426,0,XWing
043000050000000900000270040800000760000010000000805000005047082600009000070503400,243961857786354921519278643851432769492716538367895214935647182624189375178523496,0,NakedTriples
506000070430000009900010500005102600060300007002060005000005204000000730000003000,586934172431527869927816543345172698168359427792468315613795284859241736274683951,0,XWing
720000600040800002000090000000000700007020954910005000600500007000006108000003400,728351649149867532536492871285649713367128954914735286691584327453276198872913465,0,HiddenTriples
002000060000000100901630800000500390200000004780000000500020000000904513090805020,372481965648259137951637842164572398235198674789346251516723489827964513493815726,0,XWing
007001800960400000500000000284190007036000200000002010000710009000064080840000076,427931865963485721518276943284193657136857294795642318652718439379564182841329576,0,XWing
000091700007000050041060800400050207800209060000003000009040000300006004000005610,238591746697824351541367829413658297875219463926473185169742538352186974784935612,0,XWing
005002903100007000040380100800070000002560000007004000000000430004090068008001002,685412973123957846749386125831279654492568317567134289976825431214793568358641792,0,XWing
000940007200010600030008200040000000090084050087000002006830901000001076800070000,168942537279513684435768219542397168691284753387156492726835941953421876814679325,0,HiddenTriples
030700800810340007000009000600000001000020500704006000100000409300008100000100002,236751894819342657475689213623875941981423576754916328162537489347298165598164732,0,XWing
070000001009000620500200093750000006000003050003006000002000800000084900900100070,274639581839415627561278493758941236496723158123856749642397815317584962985162374,0,XWing
608040000300000005000300600004700009009000070000000410097680000005010040006000002,658249137341867925972351684514738269869124573723596418497682351285913746136475892,0,HiddenTriples
000402000600000000070000080000004000080907205006580300001005006702600100004800020,318452697649178532275396481157234869483967215926581374831725946792643158564819723,0,HiddenTriples
005100730000300000002000509054870300900002006000013000000600000000000010803700900,645129738798365241312487569154876392937542186286913457521694873479238615863751924,0,HiddenTriples
240100000000058000009600100000006000190000204070400800000200000350080070000543000,245179386617358429839624157423816795198735264576492831981267543354981672762543918,0,HiddenTriples
000000009002074300003210004010005000005602900040000080000050030801000006009020070,478563129152974368693218754916785243385642917247391685764159832821437596539826471,0,NakedTriples
081009600000000809300008020920003007070080000003275000010004060030600000760091030,281749653654132879397568124926413587175986342843275916519324768438657291762891435,0,XWing
000000310000004070003008006150300064000007020000080700030010590005000007906000040,469275318581634279723198456157329864348567921692481735834716592215943687976852143,0,NakedTriples
004009100080600003000050000006040530541000000000000070000010900000090005053760002,724839156185627493639451728876942531541376289392185674268513947417298365953764812,0,XWing
400003000000172004007000100200097000000205008000080650005000860300000000006800001,412563789869172534537948126258697413641235978973481652195324867384716295726859341,0,XWing
006001300000050080708904020000000070900107500000503906030010200001002700207300010,526871394349256187718934625653429871984167532172583946435718269891642753267395418,0,XWing
090400300608000000700080002000540900000002010060008005054600109002390000000000000,295476381618253794743189652327541968589762413461938275854627139172395846936814527,0,XWing
000008000109203000603050900002380000000000047500406000030000801900060000007009600,724698135159243768683751924492387516368915247571426389236574891915862473847139652,0,XWing
100004000400009270009600300901087000000015600000400000000000020800006047570008000,138274596456839271729651384961387452247915638385462719614793825893526147572148963,0,HiddenTriples
900000008002005340600000001800410000006300700010006400700080620400601005068204090,953147268182965347674823951897412536246358719315796482731589624429631875568274193,0,XWing
004103900600050004108000050800060000900000001070000000006008400000230560000001073,754183926693752184128496357841965732965327841372814695236578419417239568589641273,0,XWing
089700000010060590004005003300080000900010040000000002000000000001000986006400300,589731264213864597674925813347682159925317648168549732832196475451273986796458321,0,HiddenTriples
040010530006003007030820010000180000000000073050037002060900000005408000090060040,942716538816593427537824916273189654689245173451637892364952781125478369798361245,0,XWing
080000050060034000401007006904010080500000001000950400000000000853040070100080940,382196754765834219491527836934712685527468391618953427249371568853649172176285943,0,XWing
340000200001000005090050804000005000000890400050160009000600000930000008804930002,345718296681249375297356814129475683763892451458163729512684937936527148874931562,0,NakedTriples
000030000060009000009758010007900108050800900000004050600070802001000000030506000,518632479763149285429758316347965128156827943982314657695471832871293564234586791,0,HiddenTriples
009000000603502000500080001040000600000004800000603015000008109027000060000000030,489317256613542987572986341145829673736154892298673415354768129927431568861295734,0,HiddenTriples
570001020080002000001008003003080079000000000007000584000470000600000095030060400,576341928389652147421798653163584279854927361297136584912475836648213795735869412,0,NakedTriples
059800000010053000000600070000009060098400000500000800000008294000001000402500710,659827431714953682823614975241789563398465127576132849165378294987241356432596718,0,XWing
054800007102700040006000029000507094600004070000020300000000060080009000501000000,954812637132796548876345129318567294625934871749128356493281765287659413561473982,0,XWing
070200000004000006800100000000071094000900007008002030020800050150700300000503000,973286415514397286862145973235671894641938527798452631327864159156729348489513762,0,NakedTriples
065310000000000102270005006002000008000000010900206000000500043800007020000603800,465312987389764152271895436542971368637458219918236574126589743893147625754623891,0,HiddenTriples
008000000003600700000000048600007230000004900002090680090400000000006800000302005,478129563513648729926735148659817234387264951142593687295481376734956812861372495,0,HiddenTriples
701080004840600030090001000000020185000300040010000307003009070982070000070830000,721583694845692731396741852639427185257318946418965327163259478982174563574836219,0,XWing
000000097000000000021090430070310860000500000300076050000080000010000900089001604,834162597957843126621795438275314869196528743348976251762489315413657982589231674,0,HiddenTriples
070060000002703900010080500200000030098370000007500600025000090000000403000109705,479265318582713946316984572254698137698371254137542689725436891961857423843129765,0,HiddenTriples
000030046000018000060000100009100080053900004000407600800000503500000000074000000,917532846425618397368794152649123785753986214281457639896241573532879461174365928,0,XWing
000000000000406300003972080700034500001000003040700001060000270502000900000009000,874351692295486317613972485728134569951268743346795821169543278582617934437829156,0,HiddenTriples
800500103040000000300006002100000046703004000005760000604105000008030001000007900,826549173547213698319876452192358746763924815485761329634195287978432561251687934,0,NakedTriples
000010000178530400600002500027300040091008002000200008069000800000009610005000003,952814736178536429634972581827361945591748362346295178769123854283459617415687293,0,XWing
650000080802004000000000200000092041010000500004050002907005030000060000003080410,651923784832574196479816253785692341216438579394751862927145638148367925563289417,0,HiddenTriples
000025080050000006081600020006800097903100500040000000015006070000300000704000800,637425189259718346481639725126853497973142568548967213315286974892374651764591832,0,HiddenTriples
800010000504900000090074010000000040001200800000085600020001360706300000005006020,867512439514963287392874516289637145651249873473185692928751364746328951135496728,0,XWing
009802000040000590010009080000000000000357040000406200734000001185900600200000070,569842317842713596317569482453291768628357149971486235734628951185974623296135874,0,XWing
004793050000400306000000090030902004050040000010000260000009030103080000090050040,624793158579418326381526497836972514952641783417835269745169832163284975298357641,0,HiddenTriples
000000001300080000000490362040700000002018400000004025071000050034050180090036004,456273891329681547187495362543729618762518439918364725671842953234957186895136274,0,XWing
003000200000600000102008069000803600900040070000007008026500007708002000000000400,673915284859624731142378569217893645985146372364257918426531897798462153531789426,0,HiddenTriples
100079000027000800000000003200000006049003001000020000050090000000500014700014068,134879625527361849986452173278145396649783251315926487451698732862537914793214568,0,XWing
000605002007100400090000003009304180700000920006000000000040000051982060070000000,314695872267138459895427613529374186743816925186259734632741598451982367978563241,0,HiddenTriples
030008570090005080005070209080640000400009030300000000002000700900510020100000400,234198576697425381815376249781643952456289137329751864562934718948517623173862495,0,NakedTriples
005007300400000802900080001000809207000070003006004000010040000000005090007020000,825167349461593872973482651134859267592671483786234915319746528248315796657928134,0,NakedTriples
200008000008700001070510000000306020600000004000000105150000900004000682000030000,215498376948763251376512498581346729697125834423879165152687943734951682869234517,0,NakedTriples
000060001050000700000402090082009000000300410064000000031000008000073000906000507,493768251258931764617452893182549376579386412364127985731295648845673129926814537,0,HiddenTriples
042107500010080070080502100090000705020000090006000200900003020850600000030708601,342167589615984372789532164498216735123875496576349218961453827857621943234798651,0,XWing
500000002406100000090500801040000035805400100000205604070000200004030090200800006,581347962426189357397526841142968735865473129739215684978654213614732598253891476,0,HiddenTriples
007190000000002600020300009035871000218050907400009000043020590000005003652000084,867194325394582671521367849935871462218456937476239158143728596789645213652913784,0,XWing
000005600000900042308010000500001007037009020001500063003190080005000000600208000,194725638756983142328614759562831497837469521941572863473196285285347916619258374,0,HiddenTriples
305008010017090000800200007096000000100005030500407060000000450058020000000000000,325748619417396825869251347796132584184965732532487961273819456958624173641573298,0,XWing
000070000400030008012040003000000650004001000900000300090000500206090100170800400,389176245467235918512948763721389654634751892958624371893417526246593187175862439,0,HiddenTriples
700500000000063020080000045000020000030000060590700000800000612050040090002000300,729514836415863927386297145168429573237158469594736281843975612651342798972681354,0,XWing
000480000200005007050600000060000270002004060790000300031000820000090000800000690,379482516216935487458617932163859274582374169794261358931746825625198743847523691,0,HiddenTriples
000041096000000003006790000000984000080000400500030000067000000209000075000108900,728341596194856723356792148673984251982615437541237689867529314219463875435178962,0,HiddenTriples
934810500620000000000306000870900201000007048041080760080000095450008000000040800,934812576625479183718356924876934251592167348341285769187623495453798612269541837,0,XWing
000000400200008060080600009003060000100070024042000970000400010000300046300701500,576129438239548761481637259793264185158973624642815973825496317917352846364781592,0,NakedTriples
680000007000005040020000300800170000030200000001050200500002004000000001019800063,683924157197635842425781396852176439734298615961453278576312984348569721219847563,0,XWing
300006009120000000007300000700200090006105034000000006005400000070000480098000007,354716829129548673867392145713264598986175234542839716235487961671953482498621357,0,HiddenTriples
600130000050070040780009000000300200000051000805060410000010000000200803000706900,624135798359678142781429536916347285472851369835962417298513674167294853543786921,0,HiddenTriples
000003000006000000008065243500804170000017000900000008400000802000001007080050030,142973685356248791798165243523894176864517329917326458475639812239481567681752934,0,HiddenTriples
038000700900000000672890400000005800090000046001030009080603000200000000000504030,538462791914357268672891453326945817795218346841736529489623175253179684167584932,0,HiddenTriples
000004010003050407270080060400023000000400900010000700730005190500000000000000285,659274813183659427274381569497123658825467931316598742732845196568912374941736285,0,XWing
076000080001090020450680007000500140040017008000000069000204000000006090310000006,276341985831795624459682317793568142642917538185423769967234851528176493314859276,0,XWing
005300120008600700030000900050270000000046007007805000042000090310008000000700004,675394128198652743234187965453271689821946357967835412742563891319428576586719234,0,XWing
800419000005030009030000408040000070000000000200608000000090700910500002002000006,826419537475832619139765428648951273791324865253678194564293781917586342382147956,0,HiddenTriples
000050000005006040030402060000000810069000000048010039400020050090300074057000002,624953781985176243731482965573294816169538427248617539416729358892365174357841692,0,XWing
000009300400000090800603100000020000040000005030905020170000000000000602050076040,567219384413758296829643157695824713248137965731965428176482539384591672952376841,0,XWing
000000000400276500670900800200000003036500009005000400060803007100600908040009000,952481376483276591671935824294168753736542189815397462569813247127654938348729615,0,XWing
000490700708000400900000083000029010020530040000006500050902000800000000037050000,563498721718263459942715683475829316126537948389146572654982137891374265237651894,0,XWing
000000004400090570000750001008007030900026700004005000000008000103000000200010690,357681924416392578892754361568147239931826745724935816649278153173569482285413697,0,XWing
900000000701200300030905400090000280000080005008032000000000800602000704000140006,925374168741268359836915472493651287217489635568732941174526893652893714389147526,0,NakedTriples
000000500108004000740000300804020000010650000060000200002400000500091060070002008,329876514158934726746215389834127695217659843965348271692483157583791462471562938,0,HiddenTriples
003010000074560000000002001058700402000096300000400000030007060006000100210050900,523814679174569823869372541658731492741296385392485716935147268486923157217658934,0,XWing
000000000060102080082900740640007005003005000000000300900238006200000900050090070,137584629469172583582963741641327895793815462825649317974238156218756934356491278,0,XWing
800000400960804020007005060690000800080000005504300200400600700000910000070400609,825761493961834527347295168693572841782146935514389276439658712256917384178423659,0,XWing
800000040070910300001600008000000260000020000025001007004006009000570000037049005,893752146476918352251634978748395261169427583325861497514286739982573614637149825,0,XWing
500003800006090050000006070205400060000000700001050000038200900000018000040030000,529173846376894251814526379295487163483961725761352498638245917952718634147639582,0,XWing
200070400450000800070002050000000030000100500010000009304950070008400006090006000,286573491453619827971842653849765132732198564615324789364951278528437916197286345,0,XWing
280700004009200080000060030000095600004000002090004000800000000007009821050100000,286753194539241786471968235128395647364817952795624318813472569647539821952186473,0,XWing
040829030000000740020070000700205004050003000004008056002500000000006000003090081,147829635869351742325674819781265394256943178934718256412587963598136427673492581,0,XWing
010000080000001063300654000027005900809000701005800000001000092000070000400026500,916732485574981263382654179627415938849263751135897624761548392253179846498326517,0,XWing
304000000980032060000400000000001004050000900006007005090060308020803601000000000,314576829985132467672498153239651784758324916146987235491265378527843691863719542,0,HiddenTriples
000000540830005200000417000000060000176030904090700000007100020500000390000000080,761382549834695217259417638428569173176238954395741862987153426542876391613924785,0,HiddenTriples
080090000520040060009305020000000000060502010041600030056000000000708500000000900,384296751527841369619375824235417698968532417741689235856924173193768542472153986,0,XWing
000204008000090005018000070073040102060309000000000600507006000090000000200780000,635274918724198365918563274873645192462319857159827643587936421391452786246781539,0,HiddenTriples
000000700020000301901002000000000000060800010030054002800090047450700600300008000,643185729725946381981372456594217863267839514138654972816593247459721638372468195,0,HiddenTriples
200700000030009000409008000000345800000000050090001006000102008867000040050070000,285736914736419285419528367671345829328697451594281736943162578867953142152874693,0,HiddenTriples
007400000080001000009080501362008009008000005090600070030064200000000900000310000,157496382683251794249783561362578149478139625591642873835964217714825936926317458,0,HiddenTriples
002064000070009010000200000109020006030000058000000000017640083058900041000005009,582164937674359812391287465149528376736491258825736194917642583258973641463815729,0,XWing
071009000000002085050000600008610000600003000040028106190036008005071003030000010,871569324963142785452387691328615947617493852549728136194236578285971463736854219,0,XWing
005370900009008065160950002390017000070060000020403070000009000000680001000041200,245376918739128465168954732396817524874265193521493876412539687957682341683741259,0,NakedTriples
000400350000000000500301000300090480060000000004208507980000702705000000200080100,618472359473859216529361874352796481867514923194238567981645732745123698236987145,0,HiddenTriples
090010030030040000008900040025000073000200004047000010050008026700062001002400007,594816732236547189178923645625184973813279564947635218451798326789362451362451897,0,XWing
580791000001400000032000000000078600000000000010060309007000020000003004090080100,584791236671432958932856417359178642746329581218564379167945823825613794493287165,0,XWing
800050700402000080100002000030020005020000090000400003006000030000809601040201000,893654712452197386167382954731928465624513897589476123916745238275839641348261579,0,HiddenTriples
300000000000001600012600705073009000020706900900800004000000083001007009000058000,346275198759481632812693745173549826428736951965812374297164583581327469634958217,0,NakedTriples
050049080020000000100008006004070000500001030000000610300000002009100003000093005,653249781428617359197538246914376528586421937732985614375864192869152473241793865,0,XWing
000000000401060098200970054008050000650000080100009000500600800900400300000207040,895124637471563298263978154748356912659712483132849765524631879917485326386297541,0,HiddenTriples
700500402504060100102000000000008090000000007000150000000207004005084000001000300,769531482584762139132849756316478295458923617927156843893217564675384921241695378,0,HiddenTriples
100000560002005100000390000071030000090006000005108030200600000740200650300080040,134827569982465173567391824671932485893546712425178936218654397749213658356789241,0,XWing
001004000800070060075200800060090040000041090000703600327000054500000070040000000,691384527832175469475269813263598741758641392914723685327816954589432176146957238,0,XWing
126080005000000102003004008600008000007500003000070000200001800070300090300006200,126987345984635172753214968635428719817569423492173586269751834578342691341896257,0,XWing
840020007000003080010078009002010000900500700050007042570000010060000000009000803,846925137297143685315678429732416598984532761651897342573284916168359274429761853,0,HiddenTriples
010408305000790000200003800060000700030006400902000000000001004020009600007050030,619428375483795126275163849568942713731586492942317568356271984124839657897654231,0,XWing
000081003040290000000300000106000070200054080400900005000000907070000050001060020,729681543345297168618345792156823479297154386483976215864512937972438651531769824,0,NakedTriples
000050000004009085009080476032400900800021004106003200408030060070900800000000040,781654392264379185359182476532468917897521634146793258418237569673945821925816743,0,XWing
200007000000395000070000089010600000000028400860000027000000850500904030040000000,239817645684395271175462389412673598957128463863549127796231854521984736348756912,0,XWing
106005070500000800900037005098000040000071000000300009000000002207090008000084750,136825974572469831984137265398652147425971386761348529853716492247593618619284753,0,XWing
073000004800004500000100309006000000000075900027300000350400002010050000000006000,173598264869234517245167389536982741481675923927341856358419672612753498794826135,0,XWing
409000800000900003013005000700000000800500040001200700007041060030000019000300000,479123856586974123213685974765419238892537641341268795957841362638752419124396587,0,XWing
800070060104000000600000001008015340000800010940200800009080400450090108000020070,895371264174962583623458791268715349537849612941236857719583426452697138386124975,0,NakedTriples
000060000950000800000080624009020000237800900000700010010000069000070040602003007,824361795956247831371985624189526473237814956465739218718452369593678142642193587,0,NakedTriples
702403000300060082900000600600940800000100009800070140506000000097000000040032090,762483951351769482984251673613945827475128369829376145536897214297614538148532796,0,XWing
501030708000000000340267500600009380080000610000000004030610050000000020400005000,521934768796581243348267591674159382289473615153826974837612459965348127412795836,0,XWing
005000100800060092230009067006028070080050021007000000000006004010080056700003209,695237148871465392234819567146328975389754621527691483952176834413982756768543219,0,XWing
000000893000000010060001002001430000920070005605090000400000027050007000700023400,517264893248359716369781542871435269924176385635892174493518627152647938786923451,0,XWing
030852000000900000020000100004068007210400000090005000000009060801000035000003004,139852476687941523425376189354168297216497358798235641543719862871624935962583714,0,HiddenTriples
251300000000000000000709005040007000100034020060000030000900180800000000304016007,251348976697152843438769215943287651185634729762591438576923184819475362324816597,0,XWing
000860000900005000080902400500108000300047050490000100002600903609000080001000206,274861395963475812185932467526198734318247659497356128852614973649723581731589246,0,XWing
000400000016005000000000000000009040043200600007080200001900003300870020900001560,725493816816725394439168752268539147543217689197684235681952473354876921972341568,0,XWing
000005940000400000709800020300000010020501380000902000004050000000008090007000506,638215947152497863749863125395684712426571389871932654914356278563728491287149536,0,XWing
004800057700541060300009008039200500060000003507006000006000801002070030003104670,694823157728541369315769428439217586261485793587936214976352841142678935853194672,0,XWing
004000057700041060000009008039200500000000003500006000006000801002070030003104670,694823157728541369315769428439217586261485793587936214976352841142678935853194672,0,XWing
006400000070009508000280010030960000200008090004000000010000250000007100008050900,186475329372619548459283716531964872267538491894721635913846257625397184748152963,0,HiddenTriples
080000600000004009900350000140007098090800106030009007000000000308000200062010000,584291673623784519971356842146527398297843156835169427459632781318975264762418935,0,XWing
000390000300600908702080005030500700000000000054001020006000000920700040000005089,865397412341652978792184365138526794279843156654971823586419237923768541417235689,0,XWing
903000700850000010000201008304170900000600000000000050000007040040009100106000300,913586724852794613467231598384175962795628431621943857539817246248369175176452389,0,HiddenTriples
070000601000003002000461500200500900040019300950000007010094000400705103000000000,874952631165873492329461578281537964647219385953648217712394856496785123538126749,0,XWing
000000300092810000000600070000040090070301405050090100065920700209000060080500900,617452389392817654548639271123745896976381425854296137465928713239174568781563942,0,HiddenTriples
507000200006024001100007000000030809002005306800002150009800000700003600600040500,547198263396524781128367945475631829912485376863972154239856417754213698681749532,0,XWing
720800010006079000040000029200500900600000000004910005000000200000700030000090804,729845613136279458548163729213586947695437182874912365467358291981724536352691874,0,XWing
000409100005000000030581000010000003027800060840000000000000402000700380000306070,268479135195632748734581629619247853527813964843965217376158492951724386482396571,0,HiddenTriples
400000001108940500309010004002400108004090000007005000980000020000560000000000070,476258391128943567359617284592476138634891752817325946981734625743562819265189473,0,XWing
000085900805092000609100050004000097706004010090721040300010600008200070962003000,471685932835492761629137458214368597786954213593721846347819625158246379962573184,0,XWing
000900400010004870009100302920000000005020000800060007400003910002000000000007600,358972461216534879749186352924718536675329184831465297467253918582691743193847625,0,HiddenTriples
500400092800050000000000170000008004089000003750300000000060010300002607060070400,571436892892157346634289175123798564489615723756324981947563218318942657265871439,0,XWing
700006000000003090903800406100604020000000000070520068030005600004008000002090500,741956832268143795953872416185634927326789154479521368837215649594368271612497583,0,XWing
800000100002708003050600020000901007040000000000462090600100000093805001010020800,837259164162748953954613728526931487349587216781462395678194532293875641415326879,0,XWing
010004700030718200008090010040529003800007600053001000020075809009100002000940000,912654738435718296768293514647529183891437625253861947124375869379186452586942371,0,XWing
000070021300800050508100603000500470609080030000002000000250007095000200014000000,946375821321869754578124693182536479659487132437912586863251947795643218214798365,0,XWing
050002000007000106000360005009070200001800003060000050100030000040680007700004030,658192374327458196914367825439571268571826943862943751196735482243689517785214639,0,XWing
000102039002458070010700400900000200008000000700021003049500002070030900000000067,487162539392458671516793428963875214128349756754621893649517382871236945235984167,0,XWing
004270003000900600030400000900038714803014000000520086300000000000000592005000000,194276853287953641536481279952638714863714925741529386329845167418367592675192438,0,XWing
130000600000790000082100000003200970007000062020004100000952001050000000000008000,139825647645793218782146593563281974417539862928674135376952481851467329294318756,0,NakedTriples
500600700003000001001020040000035000000804000030000609600007420320040190904082000,549618732273459861861723945786935214192864357435271689658197423327546198914382576,0,XWing
005170083000002640087000000008600000320900000000050130000061300002000010701009050,245176983193582647687394521518623794324917865976458132459261378862735419731849256,0,XWing
090000000050060000370405060030000500005107400167500800009000010000700000640300008,296873145451962387378415269934628571825137496167549832789254613513786924642391758,0,HiddenTriples
700064100030020470000703026000400760160008000000050001002005000080200650500009000,725864193639521478418793526853412769164978235297356841342685917981237654576149382,0,XWing
000400060030008005920001000000205036000040502000009080300800104010050820009010607,158423769437698215926571348741285936893146572562739481375862194614957823289314657,0,NakedTriples
060002000900000300370140090010000500809070000007000600200004000000030800000069725,561392478942687351378145296613928547859476132427513689286754913795231864134869725,0,NakedTriples
107000040000610008500300201070000000860000390021050000010026000900500620050000000,137285946294617538586394271479863152865142397321759864713926485948571623652438719,0,XWing
065000002009000007020000069000400300030709008806000020000800010000063090000004000,765948132319652847428317569592486371134729658876531924943875216287163495651294783,0,HiddenTriples
020800000060000005034000900001700000000004000070009640340005068005003209000070003,529836714168947325734152986491768532256314897873529641347295168615483279982671453,0,HiddenTriples
000000200000904500510000603008000700900400105000002006020008000001500000065090400,384165279276934518519287643658319724932476185147852396723648951491523867865791432,0,XWing
005007420008600700400100000094700006000000080000503100000000000001390058300000010,635987421218634795479125863594718236163249587827563149986451372741392658352876914,0,NakedTriples
004900070950040020108600904000006000000390001700005090040000500001000043260070009,634928175957143628128657934395716482486392751712485396849231567571869243263574819,0,XWing
007000930005400001000806020804020010900000080000100000200709300060000000301000200,487251936625493871193876524854927613916534782732168459248719365569382147371645298,0,XWing
007009400008075002000304000053000000070021009002000000001052007040000200600000350,517269483438175962296384715953748126874621539162593874381952647745836291629417358,0,XWing
000025000200000140800000000900350200100008000000001438010000000030080067409000080,361425879295876143847913652984357216123648795756291438618739524532184967479562381,0,XWing
200008000165040008043052700410007080756400000900000000000000091000800360000074000,279168543165743928843952716412397685756481239938526174687235491524819367391674852,0,XWing
080300402000082000000760001006070000400600058030048100062490000003850007040200095,689315472174982536325764981856179324491623758237548169562497813913856247748231695,0,XWing
480000016090001005000500000000000038032807001100040709800400000007900000200300600,485739216796281345321564897674192538932857461158643729863415972547926183219378654,0,HiddenTriples
004500160170008030580030002000001054040000203000900600600003001000079000007000500,324597168179268435586134792768321954945786213213945687692453871451879326837612549,0,XWing
400003000006500019090000800000700006004010500500600040930000000008020050001906070,412893765386574219795261834129745386864312597573689142937458621648127953251936478,0,XWing
020040870000058000005067200000070000801000006002500100060000900100302000009000002,926143875714258693385967241653871429871429356492536187268715934147392568539684712,0,XWing
400000200000032000010500700000800030790000100500370900080006000107009000200000004,459167283876932415312548769621894537793625148548371926984256371137489652265713894,0,HiddenTriples
070106029000058140100002800203000000040900002009500400700010064060070030300680751,874136529926758143135492876213847695547961382689523417758319264461275938392684751,0,XWing
000000000007006013060530079090080740270001005104000000000090300050000004900000682,329417568587926413461538279695382741278641935134759826816294357752863194943175682,0,XWing
050004720608000000000006300009000104000061000200803000520000900000000003080072001,351984726678235419492716358869527134735461892214893675523148967147659283986372541,0,XWing
840700530020048000390006000002800700003600840100000300700000000000002000009070086,846729531521348697397516428652834719973651842184297365718963254465182973239475186,0,XWing
800090050100402000905010320000000000700600000006500801008005203001703000000000047,827396154163452789945817326584179632712638495396524871478965213251743968639281547,0,HiddenTriples
000005090980060100600090000002004000000580070000006001005000600020003704340250900,217835496984762135653491287532174869461589372798326541175948623829613754346257918,0,XWing
000050207200080064160200005300000050087000001000390600050120000800700000603005000,938654217275981364164273895396418752487562931512397648759126483841739526623845179,0,XWing
001039005080710200600840000900000000040000501100450970000580147000003000000970050,721639485489715236635842719957361824348297561162458973293586147574123698816974352,0,HiddenTriples
400009070080000000500100390700081000006500400032000000003700009000015000070036010,461359278389672145527148396745281963816593427932467851153724689694815732278936514,0,NakedTriples
000080001300700080000602400000070009800000050004300600000100300010590068402000000,645983721329741586178652493261475839837269154594318672986127345713594268452836917,0,XWing
000010800003000010800090007090000080006502000001000503060100009004009170030400052,947213865623857914815694237592731486386542791471986523768125349254369178139478652,0,XWing
040090100000020350120300709000006005070940201834005000450100000601000807083000000,345697128967821354128354769219786435576943281834215976452178693691532847783469512,0,XWing
000000005807003000160800040008001950206000080010008020000060008000010470405900602,942176835857243169163859247378621954296435781514798326721364598689512473435987612,0,XWing
200000060060270008030001000008600009090700840500000000000000001000400370017032000,285349167961275438734861295378624519192753846546198723423987651859416372617532984,0,NakedTriples
010098000400000100702000000094000300800030290003000065000000020900815000000960080,615498732489723156732651948594286317861537294273149865158374629926815473347962581,0,HiddenTriples
700043260003000000000968007000000690520806030006005800164000000307000500000004000,718543269693271458245968317871432695529816734436795821164357982387129546952684173,0,NakedTriples
601520000000030596350600008010074005420800700000002904030000070760005013002060800,691528347284137596357649128813974265429856731576312984935481672768295413142763859,0,XWing
103005020090120500200030001030706902004810356500300080910070200080500070000003000,173985624496127538258634791831756942724819356569342187915478263382561479647293815,0,XWing
060000409000050003000010070000000200850907000036000000007002080004860050020000300,265378419781459623943216578179683245852947136436125897617532984394861752528794361,0,HiddenTriples
700090200020083705000217090072000300008360500316900000030059108900020007000000900,741596283629483715853217496572841369498362571316975824237659148985124637164738952,0,XWing
068030002012000000000000090000800000300001470000070003040007820100005000000480005,768139542912654387453728691671843259325961478894572163549317826186295734237486915,0,XWing
200000070050000000000095401800000000060120000040600300500006007310700060600840002,289461573451387296736295481872534619963128745145679328524916837318752964697843152,0,NakedTriples
008000009040050060000900004400500002000003050073020000000007000001300800730040190,628734519947251368315986274469518732182473956573629481854197623291365847736842195,0,NakedTriples
000008009006000200500000010000000027200610000630009008009500400040030006710090000,473128569196375284528964713951843627284617395637259148369582471842731956715496832,0,XWing
000000002500200900030601400950004001400030509003000040000000053020000006010579000,198457632564283917237691485952864371481732569673915248849126753725348196316579824,0,NakedTriples
006020000700900000008030590005040007010000609000070420209007806000000200800300004,396528741752914368148736592925643187417285639683179425239457816564891273871362954,0,XWing
000000940030009050020050000000006100700020000510007204200030009370905000600018030,185672943436189752927453816892346175764521398513897264251734689378965421649218537,0,XWing
005008300001000000090400000400070000500100000003004100370059060000000500600780920,745618392231597684896432715412975836587163249963824157378259461129346578654781923,0,XWing
080000905006008007001000030270103600090005070010090800000000000000907016020080000,482371965936458127751269438278143659694825371513796842369512784845937216127684593,0,XWing
004000000002070030100000007080020050000031049000800301900010600003200490405003000,574389162892176534136542987381924756257631849649857321928415673713268495465793218,0,XWing
002090805001780000080006000168002003700005081200010004000300020405007000000060040,672194835591783462384256719168472953749635281253918674816349527435827196927561348,0,XWing
000010003000007500000000120009000750040500300000301080307040008050000000064000090,495612873213897546786453129639284751841579362572361984327945618958126437164738295,0,XWing
000091704000605080000000032000000206100040000035700000040000000002800001003206900,268391754374625189519487632487153296126948375935762418641579823792834561853216947,0,HiddenTriples
000703006020050790080000000800600000006080902090000050000407001000060400051000000,549713826123856794687249315875692143316584972294371658968427531732165489451938267,0,HiddenTriples
030000002008000034020000007100070903009400050006009200000000300800007001500106000,934761582718295634625843197152678943389412756476359218261984375893527461547136829,0,HiddenTriples
000960700006045100000001504002030007090000020000056300700000031084000200009000000,541963782276845193938721564652439817493178625817256349725684931184397256369512478,0,XWing
070000090000000602100500000081000304000000000603090050000076905008000000004950080,476283591835419672129567438981725364257634819643198257312876945598341726764952183,0,XWing
010000000700010062040030809000090040000300070030508000500002091002071000000000000,819264735753819462246735819628197543495326178137548926574682391382971654961453287,0,XWing
001800305800400000005600000000001007002000010004000520040000000700003209900052800,461829375827435196395617482539281647682574913174396528243968751758143269916752834,0,NakedTriples
000000197097400005800000000076002008000000040328001060200060000000008003083290000,642835197197426835835179426476952318519683742328741569251367984964518273783294651,0,NakedTriples
005701030106800000009000002000000000720500810000109000030000970890070000000000305,285791634146832597379654182913487256724563819658129743531246978892375461467918325,0,XWing
970000006004900000310004000000000100600705080005002903000030000000000809040807005,978213546524976318316584792492368157631795284785142963857639421263451879149827635,0,NakedTriples
200900001400010090000300284000000007540000000107008040030000900000209708070000020,253984671486712593791365284328496157549173862167528349832647915614259738975831426,0,NakedTriples
007309685000056000060000190048007000009000810056000000000000300080900020071503900,427319685913856472865472193148637259739245816256198734592784361384961527671523948,0,HiddenTriples
010000030005706000008020001040000100100600940092400006800060500300070820000004003,219548637435716298768923451643297185187635942592481376874362519356179824921854763,0,HiddenTriples
800010000000380000060000420430500000017000004005007009200000060000005000000630870,829416753754382196163759428432598617917263584685147239248971365376825941591634872,0,XWing
390000700052960000006000090000010003004870501200000900080036409000084017400000300,391428765852967134746153298579612843634879521218345976187236459923584617465791382,0,NakedTriples
100600320309400700008000000000090000030107000000030090006700100087004002000900000,175689324329451786648273519861592473932147658754836291496728135587314962213965847,0,HiddenTriples
019308000028070000000000837200090080003400060000000704052030000000006403000010006,719348652328675149465129837246597381973481265581263794652734918197856423834912576,0,XWing
000804100090300000002070080000700610600900002000006040500407000001060305069000800,736854129894312756152679483925743618647981532318526947583497261471268395269135874,0,NakedTriples
500061000080020000000408060075000100320700000000004000009000708000070903008503000,543961872186327495297458361875639124324715689961284537639142758452876913718593246,0,NakedTriples
000003009000201080419000000800000030750000002200706000000060040608500100000000068,582643719376291584419875326861952437753184692294736851127368945648529173935417268,0,HiddenTriples
307600900860000010005007600900360000000005080000092400000070006200038000080000502,327651948869423715415987623978364251642715389531892467154279836296538174783146592,0,HiddenTriples
030050200000710004900040600010460080000080000800001347470000000002000003500670000,734856219628719534951243678317465982249387156865921347476132895182594763593678421,0,XWing
580004002004709580000800000902040000000020000600100009800000071007600200010000305,581364792264719583793852614972548136138926457645173829826435971357691248419287365,0,XWing
089001000000200908000000000030100050000000070002006001908035010300907400000000060,289461537617253948453798126836179254194582673572346891948635712361927485725814369,0,XWing
000006007001000092700030600000009801090040000000075000609004000007093120080000006,924516387361487592758932614475269831196348275832175469619824753547693128283751946,0,HiddenTriples
000002100005080000700060003620040000090020500010000009000038070400000000906000204,349752168165384792782169453627945831893621547514873629251438976478296315936517284,0,XWing
070190002003052001000403009020004090300010006750000080100000000008530000400600005,576198342943752861812463759621874593384915276759326184195247638268539417437681925,0,XWing
000000005609005302000906000040090000900207008003000600001000000580402030000000400,874123965619845372352976814748691523965237148123584697431759286586412739297368451,0,NakedTriples
700000000800950001000000000002001070903800000064020000210000040000030092300480500,759213468826954731431678259582391674973846125164725983218569347645137892397482516,0,XWing
000030190300905000049100000708060000200010806005004007400000008057000603600040000,872436195316925784549178362738562419294317856165894237421653978957281643683749521,0,XWing
000021069080050402002080000674000000050000070130000008060300000891502300000040500,543721869786953412912486735674815923258639174139274658465397281891562347327148596,0,NakedTriples
037900410600000920000050000002000000700004008010030200045010000000040006090307000,837926415654871923921453687482165739763294158519738264345619872178542396296387541,0,HiddenTriples
603000009400052000002003600000020004009800000000006050010309000020000100078040003,653784219491652378782913645865127934149835726237496851516379482324568197978241563,0,XWing
000300800008001000900020007500100000000040706020000000760000510059400000100090080,275364891648971325913528467586137942391842756427659138764283519859416273132795684,0,XWing
092004005003005208000600913084760351020003706700001400000500820000030564050000030,892314675613975248547628913984762351125493786736851492361547829278139564459286137,0,XWing
000800000060050008005006003007134080100067000030085001020000100000028045004000070,913842567762351498845796213257134689189267354436985721528479136371628945694513872,0,NakedTriples
025000070000000400690050000030900640000076100000001000009040203004005010000700060,425813976318697425697254381531982647942576138876431592769148253284365719153729864,0,XWing
006070001000000006820005040004500010500008000000030600200003950970000002010900800,346279581159384726827165349634597218591628473782431695268713954975846132413952867,0,XWing
008609000006840000540030086000010700080000021010096000300001800000050013000004670,178629534236845197549137286493218765685473921712596348324761859867952413951384672,0,XWing
003000507000001020070400608900060800000807000400000000100900230000100000600002005,843629517596781324271435698917264853365817942428593761154978236732156489689342175,0,NakedTriples
302405100710060000000800200057008000020000059060000070000934000600000010000000902,392475186718269543546813297157698324823741659964352871281934765639527418475186932,0,HiddenTriples
030000260008200010000963000050000009003006140700040030006014000000000000020000500,935481267468257913172963458654138729283796145719542836596814372847325691321679584,0,HiddenTriples
800000000604820003005000000102000409080003710000000006000706200508390000060008090,821537964694821573735964182172685439986243715453179826349716258518392647267458391,0,NakedTriples
800069000690854000000003000000000900380000005500602070008000700230100490004028003,823769541691854237457213869742531986386497125519682374968345712235176498174928653,0,XWing
020540070430080000005020100000000050203060040100075806500009003000000000076008002,621543978439187265785926134867294351253861749194375826542719683318652497976438512,0,XWing
400000000000000139701000800607200300000600000030040026004000095800407000000092001,483921657265874139791536842657289314942613578138745926324168795819457263576392481,0,XWing
204905000000000201009000750000200010300014800500080000005000006070100300400600008,214975683753468291689321754948236517327514869561789432135847926876192345492653178,0,XWing
000400705400600038070000000598010000000008000004020010046803092003100400000209000,689431725412657938375982641598314276261798354734526819146873592923165487857249163,0,XWing
200000084700002000004900600000040105840300000020005000530600009070800002600000700,253176984796482351184953627367248195845319276921765843538627419479831562612594738,0,XWing
900600070000090300806301000407500020300760004020004050000000900008050600070000030,932648571714295368856371249467519823385762194129834756643127985298453617571986432,0,XWing
070004080040503000000020000500002008300000040080400062096300050000001900000005824,675914283142583679839726415564132798327869541981457362296348157458271936713695824,0,HiddenTriples
170050009000081400000060005007000030200400090390000000408025000000607050000300020,174253689563981472829764315647519238285436791391872546438125967912647853756398124,0,NakedTriples
005000201000103040700004600209506080000802009100070004000030900023000000008000400,465987231892163745731254698249516387357842169186379524614738952523491876978625413,0,HiddenTriples
900700080508000030000600004200000095000000006000091000020004007040050900007000068,914735682568412739732689514271346895395278146486591273829164357643857921157923468,0,XWing
008309007002000100036400000950000600000006080060207000010900000000013000070608900,148329567792865143536471829957184632324596781861237495615942378489713256273658914,0,HiddenTriples
000065300100803700900200080040000000000030017000017000090000006420000800006002030,278965341165843792934271685741628953682539417359417268597384126423156879816792534,0,XWing
000000090200530600400760210000000023090000401510040000040620109060904000003007006,756412398281539674439768215674891523398275461512346987847623159165984732923157846,0,XWing
070610400060004000003070100930082700000009050004350002150000670000000500320507001,279618435561934287843275196935182764612749358784356912158423679497861523326597841,0,XWing
000000000700010000800000062008300000000004950950060700000051009000000400003000287,369482571725613894841579362278395146136724958954168723487251639692837415513946287,0,NakedTriples
000029030430000005100008400601800900000100004000705300000000000907000200006050007,568429731439671825172538469651843972793162584824795316215987643947316258386254197,0,XWing
020050010000100360601409000007004000000002005800001094000603520056000040204810900,923756418745128369681439752517964283469382175832571694198643527356297841274815936,0,XWing
400070005005000438010800002000058070701060500000700306000009100080010000000000040,428973615975126438613845792236458971791362584854791326547289163389614257162537849,0,XWing
000000300300079050000000062960050004005000200730004009504098100000010900000705000,251846397346279851879531462968352714415987236732164589524698173687413925193725648,0,XWing
000400080000008007807900605006000028000089500500102060900046001050391000004000200,395467182461528397827913645136754928742689513589132764973246851258391476614875239,0,XWing
005009000072000005010000908000034070750000004000050009008060290040002601020070000,385149762972683145416527938891234576753916824264758319138465297547392681629871453,0,XWing
750000008091000570200000014002003000007800050345009280000095700470010005013000069,754921638891436572236587914182753496967842153345169287628395741479618325513274869,0,NakedTriples
003004020002300908018297040001000600057000032000078000004002075125006004080000060,693854721472361958518297346941523687857619432236478519364982175125736894789145263,0,XWing
600087040800500000002000000000360090070200006001000032020800607083001020100020008,659187243837542169412936875248365791375219486961478532524893617783651924196724358,0,XWing
070009000308040001042000008000000200000050090083200000500003000000025107020091304,175389642398642571642517938751934286264158793983276415517463829439825167826791354,0,XWing
400900020002030014836200000000000500050040900204800000000002806000300050000006000,415967328972538614836214795368129547751643982294875163149752836627381459583496271,0,XWing
040010050618005000000000000000200000305780001007060090000000400720300009004008000,942617853618435927573892164491253678365789241287164395839576412726341589154928736,0,HiddenTriples
600050400003004000180000009000000030206030000000007500000300078008900004040801020,629758413753194682184623759895416237276539841431287596962345178518972364347861925,0,HiddenTriples
020097836005400009690000000030040000000010047004009380060300000000000108200960070,421597836875436219693128754732845691986213547514679382167384925349752168258961473,0,XWing
020010479000480000000000180400000507300040800080000600509003000001500008000020730,823615479916487352754392186462138597395746821187259643579863214231574968648921735,0,HiddenTriples
005003801000000020080400650009040032508000400002070000017005209090000008000000060,425693871736851924981427653169548732578132496342976185617385249293764518854219367,0,XWing
000080000006004080002500904004060000010090500005300070083000010000029060200000800,149283657536974281872516934794165328318792546625348179983657412451829763267431895,0,NakedTriples
000079010002600000000008200005006008300700000000031006100000009080100700000084300,834279615592613487671548293715426938368795142429831576146357829983162754257984361,0,XWing
080490300060800040700001020000080000070306105000000002093000060006719400010000000,285497316169823547734561829351982674972346185648175932493258761826719453517634298,0,HiddenTriples
306009000010800000050200090000500026600008300920000050800030605000402000500000000,386149572219875463457263198731594826645728319928316754872931645163452987594687231,0,XWing
050003086000910000000000030000001500007200003620080070004106000060090840009000000,952473186736918254148652739493761528817245963625389471584126397361597842279834615,0,XWing
004500200000010000050007069008300000500000000023080400012004700000070930090060001,674539218239618574851427369948351627567942183123786495312894756486175932795263841,0,XWing
200014809008500006001000324006005040000140000103002000080300200000080090902050000,237614859498523716651879324826735941579148632143962578784391265315286497962457183,0,XWing
700000004004106030000800001407031000800420000002700000000300609070000000100050208,761293584584176932923845761497531826856429317312768495248317659675982143139654278,0,XWing
000800040030000500000070926007605000800400000500090080008007003006040000002000100,629851347734926518185374926297685431863412759541793682458167293316249875972538164,0,HiddenTriples
405006030090003000000950008003805400000000600100069087030000060010090500008000029,425786931897143256361952748673815492982374615154269387739521864216498573548637129,0,XWing
000306800000000050030500010000000000018050030650701009002000000080190500590807400,925316874461278953837549612749623185218954736653781249172465398384192567596837421,0,XWing
785940000001000000060020000000008000000000140070061802050000900009000060802003000,785946231291385674364127589416258397528739146973461852657814923139572468842693715,0,HiddenTriples
030078000000100000080000650020015000006200000300000007070604500000000070200090148,635978421492156783187432659829715364716243895354869217971684532548321976263597148,0,XWing
000000003305090010017080005901000080000164007000000000000070200850043000004902600,689451723345297816217386945961735482528164397473829561196578234852643179734912658,0,XWing
800000300030400260050080074000000000700050000000206000042000000000900010006170030,864729351937415268251683974685347129729851643413296587142538796378962415596174832,0,HiddenTriples
020980000030006900006002800002100009490600008600000503005091004070400015000057200,521984637738516942946732851852173469493625178617849523365291784279468315184357296,0,XWing
806000400030005006050000109000900000000020080600700203003000000702840001001009004,816397452239415876457682139125938647374126985698754213943561728762843591581279364,0,NakedTriples
007000410800900700040000006050090000092000500000041023100075604000006000000400300,927653418816924735543187296451392867392768541768541923139275684274836159685419372,0,XWing
000803005470050090030090702006107900000008206809000100080000000960010080104000000,692873415471652893538491762346127958715948236829365174287539641963214587154786329,0,XWing
004190000000700850000003000071020908050000003080019000900400000000030060000060107,824195736136742859795683421371526948659874213482319675967451382218937564543268197,0,HiddenTriples
320090000000005071007000000049080500000000906500000008002850000005032010406700000,324197685968325471157468293649281537281573946573946128712854369895632714436719852,0,XWing
600029800019500400480671920360090100704000000000006000040000700900060008000203009,637429851219538467485671923362794185754812396891356274146985732923167548578243619,0,XWing
070302008000009000000600210002003000100040000080000039400000080000005071810790000,576312498241879563938654217792163854153948726684527139467231985329485671815796342,0,XWing
980040300300000010000090400000630702002000080600008001170800006000001000500004000,981246375346587219725193468819635742452719683637428591174852936263971854598364127,0,XWing
908030020300960040000400000001200000060000500200084600090000274002000090003000008,948135726325967841617428953581276439764319582239584617196853274872641395453792168,0,XWing
000000000078090306650040070800025060400800130000460000900010000005904700001000009,342786591178592346659143872817325964426879135593461287984217653265934718731658429,0,XWing
000300040000040062050000300900020070010009000480060000800006005002798600006000008,629357841378941562154682397965824173213579486487163259891436725532798614746215938,0,HiddenTriples
879204000000030000000079004000000900040056007098700000280091076901500020037008400,879264153416835792325179684753482961142956837698713245284391576961547328537628419,0,XWing
050908460003002001000500000000074100060091020309000070000086000002000916000200003,157938462893462751246517398528674139764391825319825674935186247482753916671249583,0,XWing
300005048085304160104860000801700000002000009003008471200430005000180030036500004,367215948985374162124869753891743526472651389653928471218437695549186237736592814,0,XWing
508200000030000000600000070003000801200000004009100027000310450060070003020005080,578261349134597268692438175753624891216789534849153627987316452465872913321945786,0,NakedTriples
007030800050900060000200000000100300004000009006380107078060010000024900003000000,697435821452918763831276594789142356314657289526389147978563412165724938243891675,0,HiddenTriples
000802390000107000502000600060008030800020006004370000007009405010030000600000010,146852397938167524572493681761548239853921746294376158387219465419635872625784913,0,XWing
098060034000003201700000900009000000820100000000087040000002000030050400160700000,298561734546973281713428965379645128824139576651287349485312697937856412162794853,0,XWing
610000000000004090200307000050000807000102400007050060060080201900000000005400000,613598724578214693249367518152649837836172459497853162364985271981726345725431986,0,XWing
081000006002000009500810000009602000840007000000039000070028004000500080000000097,781293456632745819594816372319682745846157923257439168175928634963574281428361597,0,XWing
040700500008000403700610000300400750006000009000100000007000040620000035000308000,249783516168259473753614298382496751416875329975132684837561942621947835594328167,0,XWing
000019008407000000080000005000090501300700000001082030040000600009100082000027003,253619748417853269986274315824396571395741826671582934142938657739165482568427193,0,NakedTriples
070000006460000853000020000009000000805090760600053000000500007940030020000240030,571384296462971853398625174729816345835492761614753982283569417946137528157248639,0,XWing
608005400000200050003000206940500003106900000205000910000300102000001060810027009,628735491471269358593184276947512683186943725235876914769358142352491867814627539,0,XWing
002009150009003020000060400200005000900000040061000230704010000000002380000006009,672849153489153627315267498243685971957321846861794235734918562196572384528436719,0,XWing
608000920000000000401900030700000450062050070900003610070024000810000000000670590,658137924397542186421968735783216459162459873945783612579824361816395247234671598,0,XWing
000000401000006800063000702608100000000403600040070000090000050037009020800010000,289735461714926835563841792678192543921453687345678219196287354437569128852314976,0,XWing
000000000000540013900001005020004300000009200100007080804100000010030000003070020,451793862782546913936281745627854391348619257195327486874162539219435678563978124,0,XWing
360049000078500300002008000030006001710000005000900040026000800000000079000000006,361249758478561392952378164234756981719824635685913247526497813143682579897135426,0,HiddenTriples
000001053003000100600700000500002400001070000038050002260100700000008000000400200,947281653853946127612735849596312478421879536738654912264193785179528364385467291,0,XWing
037001006100000900000092700820060000060009040009040200000500407050900001008030000,937451826182673954546892713824365179765219348319748265291586437453927681678134592,0,XWing
096400003002000800700060052000035000000200034630914000005001000200040080007000205,896452173452173896713869452924735618571286934638914527385621749269547381147398265,0,XWing
700040000400008030620030000000025009000694500000000003000060001001502700045007000,753146982419258637628739145186325479237694518594871263972463851361582794845917326,0,XWing
008000000000005009540300070000010020017400000002500310709100250000006100400700006,978264531123875469546391872354619728817423695692587314769148253285936147431752986,0,XWing
001000030005300407908700106400008090000100608082000503500000004003020000020090000,741586932265319487938742156456238791397154628182967543519873264673425819824691375,0,XWing
005040030700000000400902007093008600004003800008670000000000005002001340309060018,925847136781536924436912587593428671674193852218675493147389265862751349359264718,0,XWing
300000702500107940090006010000940000000020004480001000000010006070009000050800100,318495762562187943794236815627943581931528674485671239849712356176359428253864197,0,NakedTriples
042600003067100000000000150009000700003000000070203008000076200000080000604902000,142695873567138492398427156259861734813749625476253918985376241721584369634912587,0,XWing
900000041800700300075000000700310000300058007040000000100605000007003009400800056,923586741814729365675134982758312694396458127241967538182695473567243819439871256,0,XWing
003001070009430000070569003040000300000600810017005000020108400000090100001200060,453821976269437581178569243846712395592643817317985624625178439784396152931254768,0,XWing
304000708090000260010003045500000000000287000000001074000004000906070000001936000,324695718795418263618723945567349182143287596289561374872154639936872451451936827,0,XWing
020050070040190030000036004004000003090008500016000090070400001000002900001500000,123854679648197235759236184584921763397648512216375498972463851835712946461589327,0,XWing
000086090700040001000070000600000000082300009010005080060030504050060813371004006,145286397728943651936571248697428135582317469413695782869132574254769813371854926,0,XWing
002709010000600908000000350080500200005900070600010003900006805108490002060000000,852739416317654928496821357781543269235968174649217583923176845178495632564382791,0,XWing
000000006071090200056020008000300700030406000000008000500000027003001040004000090,249837156871695234356124978485319762132476589697258413518943627923761845764582391,0,HiddenTriples
000000350006000070800040000320400010000790500100002009000076040972000000080300000,741869352296513874835247961329458716468791523157632489513976248972184635684325197,0,NakedTriples
003970001020000000007006030068700402700005000400600080900010000300400000006000090,853974621624138975197256834568793412712845369439621587985312746371469258246587193,0,XWing
000490012000800040009002600000170000160000308080006090400000000000230000020009706,678493512312865947549712683934178265165924378287356491453687129796231854821549736,0,XWing
000900000902060001000000040007086000058400070004100060030000000000820430800007095,465913782982764351713258649197386524658492173324175968236549817579821436841637295,0,XWing
030610002000000030080000605200000009100500000000047000709200040020300080000005070,537618492961452837482739615274861359198523764356947128719286543625374981843195276,0,NakedTriples
007000000010630000506000310609570000005000040070061050800100004000026500000047023,397418265218635497546792318689574132125389746473261859862153974734926581951847623,0,XWing
090010006050000030800090410000007805020030000500100002760009200205000000000400000,497813526152746938836295417314927865628534179579168342761359284245681793983472651,0,NakedTriples
060004008000000506300000000100000000090007600086005013050020400870000000002198000,265974138917382546348561279124639857593817624786245913659723481871456392432198765,0,HiddenTriples
090000000720690003406000098000000000080004061300007902060520014000019206030700000,193485627728691543456372198612938475987254361345167982869523714574819236231746859,0,XWing
850020300300000000407000080200400700090600020006080000100290634608100290940007100,859724316321856479467931582283419765594673821716582943175298634638145297942367158,0,XWing
040500030800700090070094658080610000000800076109000300004970003007002800030060007,941586732856723491372194658783615249425839176169247385214978563697352814538461927,0,XWing
500040260060200000000000405004680900020003601003000048000701302005060010000000000,531948267467235189982176435154687923728493651693512748846751392275369814319824576,0,XWing
070080903004630000009002000000316070200000006008500000500060819003000605000000000,672481953154639782389752164495316278231978546768524391547263819913847625826195437,0,HiddenTriples
070800000009040000260091040004105080000009004600000503000000000700034090040007010,475826931189743256263591748324175689857369124691482573532918467716234895948657312,0,XWing
200006003008000000470090002000009200600105004100060070000804000000000947060003000,291546783358217469476398152845739216627185394139462578912874635583621947764953821,0,HiddenTriples
060001800410320070200006003047600200002043005005800600930000000000200060006904051,563471829419328576278596413147659238682743195395812647934165782851237964726984351,0,NakedTriples
000051900200807500790000000600020000003700000900048700030000006800003010160900352,386251974241897563795436281678325149453719628912648735534172896829563417167984352,0,XWing
000400609060057003007000010000004000106020000800010000000002006004103007018060900,582431679961857423437296518329574861146328795875619342753942186694183257218765934,0,XWing
801007003006900070000050000000340000065000304700800000007080001100030690000600500,821467953536918472479253816918346725265179384743825169697584231154732698382691547,0,XWing
200090100906500000000007065003041080000020040480070000890000603100000000000000098,258496137976513824314287965523641789769825341481379256892754613135968472647132598,0,NakedTriples
070308690500740002000000000008070900000000080700020500090000000600100005003500010,271358694589746132436912758368475921952631487714829563195284376627193845843567219,0,XWing
029001070600000090080060004591000042400900080003000001000000020000000058030008007,329451876647823195185769234591386742462917583873245961758134629914672358236598417,0,NakedTriples
000000001000208000007015002600000800003000050490500200030004600040902500710000090,325647981164298735987315462651723849273489156498561273539174628846932517712856394,0,XWing
001000000000200500008604010700000025000500900600302000300050068000000001570080000,231975846467218539958634217793841625124567983685392174312459768849726351576183492,0,HiddenTriples
806009000034000010000700600000600340000024008408003000075010900100052000000007400,826149537734265819951738624297681345563924178418573296375416982149852763682397451,0,XWing
009000007020005000038900100070056300002800700000209060014060200000000640000040003,569314827127685934438927156971456382642831795385279461814563279753192648296748513,0,XWing
301000590000094000900500018092070600080000001000003020000060000004080203070050000,341628597758194362926537418192875634583246971467913825235461789614789253879352146,0,XWing
020000000050089304400210080000000708980070000005024000000005030090060000270000001,628543179157689324439217685342951768981376452765824913814795236593162847276438591,0,XWing
000000350200650009100000076007105004030090700800470000350000800009000000060920000,946217358273658149185349276627135984534896712891472563352764891419583627768921435,0,XWing
576340000002000000000900073600009080090080007001000004050008231000510000000004060,576341829932875146418926573647159382395482617821763954754698231263517498189234765,0,XWing
046000300500600000000002005000010930003200106009000000400507000300100602065000400,246759318578631249931482765624815937753294186189376524412567893397148652865923471,0,XWing
030708006608504000075000000090057000040200090000040013007805349003600001000000080,234798156618534972975162438891357264346281795752946813167825349483679521529413687,0,XWing
050300040600045903000000001500004090032090000000000700041020000000030000800009600,159386247627145983384972561518764392732891456496253718941627835265438179873519624,0,XWing
401670080002010000760030002000000690509400300080000005600800030140300009003000764,451672983932518476768934512314285697579461328286793145695847231147326859823159764,0,XWing
001000803940002500050900002300000000000007085000060000000080000700000910006509207,271645893943872561658913472369158724124397685587264139492781356735426918816539247,0,NakedTriples
000000093000615840050700000000006020000890000940007080500008060003000000480070900,617284593329615847854739216738456129265891734941327685572948361193562478486173952,0,XWing
070030820900000600080000701200613400004090000000405010703008000800050009060300000,476139825921587643385264791297613458154892376638475912713928564842756139569341287,0,XWing
401095280000080000300001075900004002030020407000000030206008340000007508000040706,461795283597283164382461975918374652635829417724516839276958341149637528853142796,0,XWing
800000070600003000032400001064900807000000590000056010420000000350080100086200003,845169372671823945932475681564912837213748596798356214429531768357684129186297453,0,XWing
009703051040000000083010400702000300004005000038000090005070200000054030000280004,269743851147568923583912467752196348914835672638427195495371286821654739376289514,0,XWing
000050000700400820240900000007000009600070185000080300006000000300000000005610004,168752493759431826243968571587143269634279185912586347496325718371894652825617934,0,NakedTriples
090065104040390000000000005206007000300000000000040603005000030060000408001004060,793265184548391276612478395256137849384659712179842653425786931967513428831924567,0,XWing
008006000040200000601000007003000200900408500800050600000004050000070106019500800,298746315547231968631985427153697284962418573874352691386124759425879136719563842,0,XWing
000001020003000006490000700000090010060100059007000000804002030000008000070500200,685741923723859146491263785542396817368127459917485362854972631239618574176534298,0,XWing
000060108040700900006030000000000007083005004000000635090023700070006080108009000,327964158841752963956138472562341897783695214419287635695823741274516389138479526,0,XWing
010590200007008041600010009876900000900230080000080000080000437060000090000070800,413596278597328641628714359876941523941235786352687914285169437764853192139472865,0,XWing
090000000300000200008071050003040920010020560600035000930600000540000000000002010,194258736375469281268371459853146927419827563627935148932614875541783692786592314,0,XWing
607400201200000000000000734030002000904070100000091006005020009700635000000080507,697453281243718695851269734136542978924876153578391426485127369719635842362984517,0,XWing
000080510530000006410000000000050090060030200250004000000020870000007060040800001,627483519538179426419265738874652193961738245253914687396521874185347962742896351,0,XWing
070400100000002000000500803000090305003000080005070010200065009001000200064800000,578439126136782594429516873712698345643251987895374612287165439351947268964823751,0,HiddenTriples
040003500001040060709000040002000007300060081007800020000020006000980000080010005,648173592531249768729658143862491357395762481417835629973524816156987234284316975,0,NakedTriples
005407000000205900040030000000701008080060401006020000030006080400000000790000002,925417836613285947847639215354791628289563471176824359532976184468152793791348562,0,XWing
000402005800000049009000700301000000002100008900000020060520000000000004705000630,617492385853671249429358761371289456542136978986745123164523897238967514795814632,0,HiddenTriples
280034005050070680000000000706090030000006100300000000000009500100002800940103000,289634715453271689671958324716895432594326178328417956832769541167542893945183267,0,XWing
090180000000074009020000030301000000006000040000300705000005060000009084800031070,695183427138274659427596831371458296256917348984362715712845963563729184849631572,0,HiddenTriples
002701000040500090800000405280900607000005020093200008100006000000300070000090006,952741863641538792837629415284913657716485329593267148129876534468352971375194286,0,XWing
760080090005296700030004001604005000010040060500300002008000070050000008000030400,762183594145296783839574621624815937913742865587369142398451276456927318271638459,0,XWing
500070000410000502090000060608009003000520040200000000001000006700290010006400020,563172984417968532892345761648719253179523648235684179321857496784296315956431827,0,HiddenTriples
000000019200400800960020000000080000000701300005000704000003006400007100000209003,854376219213495867967128435372984651648751392195632784521843976439567128786219543,0,HiddenTriples
000000078360500200040000503009000600007008000020000009130060040806100000070002800,295643178368571294741289563489725631617938452523416789132867945856194327974352816,0,HiddenTriples
080000000009410060040028050200570900060000502100000008600003005000200000004900600,581796234329415867746328159238571946467839512195642378672183495953264781814957623,0,XWing
802000513310020000560000027000067200000041008170000640708030000000000470050006080,842679513317825964569413827984567231625341798173982645798234156236158479451796382,0,XWing
085000900620700080000300500200000001000091400060000007000180000400003000850000040,785412936623759184914368572249837651537691428168245397392184765476523819851976243,0,XWing
100000300008010000070000504000900000032000400000034020700000006900805700020640009,146759382258413967379268514415982673832176495697534128784391256963825741521647839,0,HiddenTriples
602000400080060970070125000200607005800200006060000200300070004054012030000403500,632798451185364972479125863291647385843259716567831249328576194754912638916483527,0,XWing
500000810000900004000015002020001043060000508074000000000000300000120067000054100,597432816231986754648715932925871643163249578874563291412697385359128467786354129,0,NakedTriples
800090000593000800400600000100073000000800600948160030652000940000900507000000080,826594173593721864471638259165273498237849615948165732652387941384916527719452386,0,XWing
006050080000602100010000030500800000030170905000009020000080000008360070073000600,396751284485632197217498536549823761832176945761549823654987312128365479973214658,0,XWing
000075000006000020000603000009030460002001080000004000100500003605008200800000700,213475698476189325958623174589237461342961587761854932127596843635748219894312756,0,XWing
065000900003090000000000460007032000801000500630070000200180009000000000010426070,765243981143698752982715463597832614821964537634571298256187349478359126319426875,0,NakedTriples
076400000040000590000032000751080000020007050300140200000608900005900400000000001,276459813843761592519832764751286349624397158398145276437618925165923487982574631,0,NakedTriples
000026800800540001000300460000070000140000700200400000009007006000200000002800005,914726853863549271725318469398672514146985732257431698489157326531264987672893145,0,HiddenTriples
080000005610009000009000040040003009820000000076400020000960208000832700090001060,782146935614359872359287146541723689823695417976418523137964258465832791298571364,0,XWing
300000090960000480010500006020103000040000009000050020000040001031080000080200760,358426197962731485417598236829163574645872319173954628296347851731685942584219763,0,XWing
524800600030005900001400500280910050900006010000003000709000130060000090100000008,524839671837165942691472583283914756975286314416753829749628135368541297152397468,0,HiddenTriples
000900057302000010000100030006040000000005801280000003700003900008004000040090000,814936257352487619967152438536841792479325861281769543725613984198574326643298175,0,HiddenTriples
003000004980750000600032800060000073001200500009040200040501900050000000092800300,723189654984756132615432897268915473431278569579643218347521986856394721192867345,0,HiddenTriples
000048090000000610050100002000019000617083050080000036006000700400000009930004000,162748593794325618358196472543619827617283954289457136826931745471562389935874261,0,XWing
002080000000004602600500970090000004370000006080305090500230000001090000020007000,712689453953714682648523971296871534375942816184365297567238149831496725429157368,0,HiddenTriples
600800304004310005000006008508004000090500087000009000035000700021605030700001000,619857324874312695253496178568724913192563487347189256935248761421675839786931542,0,XWing
000014900071800000200000408000657020030000000706000040600100000005080200009005007,568314972471892635293576418914657823832941756756238149687123594345789261129465387,0,XWing
000400007001005000450092010008000020000003700000028605020060090180509000300040000,839416257261785934457392816518674329642953781973128645724861593186539472395247168,0,XWing
000064000000000095600300070500142900023000500040705800090280003230000050067450000,879564312314827695652319478586142937723698541941735826495281763238976154167453289,0,XWing
000004006000100090050203100000002000006000028807000600000000080000050007340000910,271594836483176592659283174134862759596741328827935641765419283912358467348627915,0,HiddenTriples
000005700000390610308000000009008000000670509001000036090400000070900001180000000,914865723527394618368127495649538172832671549751249836295416387476983251183752964,0,XWing
000001803500700200002004657003170506901200370000000020004082700300007000080045100,476521893598763214132894657823179546941256378765438921614982735359617482287345169,0,XWing
400070002000090000005060380000007020070082000800040700003000010000000800059800630,491378562368295471725461389534617928976582143812943756683759214247136895159824637,0,XWing
000400320004002706000508000030000600007005080000093007163000900000000000092000001,519476328384912756276538419835741692947625183621893547163284975758169234492357861,0,HiddenTriples
090007000006000420084000001360005900000164070000200060009000034430002600050600000,193427586576891423284356791361785942925164378847239165619578234438912657752643819,0,XWing
108600000604300000020001400009004000500710002000000501000020050300000090001000803,178649325654382719923571468819254637536718942742936581497823156385167294261495873,0,NakedTriples
000030010050710430009002700020001000003080050040005201000006504000020300406000000,764538912258719436139642785625971843913284657847365291382196574591427368476853129,0,XWing
004090601890007000360024080003000054080009000005002003100076008008030010730280500,524893671891567432367124985973618254482359167615742893159476328248935716736281549,0,XWing
200800501094300000080021040009000008001906230400200070002000010300000000000500700,237849561194365827586721943729413658851976234463258179942687315375192486618534792,0,NakedTriples
007810000000900700809006000600000130000071050003000980060500002000020000900000375,547812693216953748839746521652498137498371256173265984764539812385127469921684375,0,HiddenTriples
000010000030000400200000176010040008050200030098063000000000000000837000043500009,976412583531678492284359176312945768657281934498763251865194327129837645743526819,0,NakedTriples
710000050002009007400300810000000600900080000000760009180094200300500001000000000,713846952862159347495327816538912674976485123241763589187694235329578461654231798,0,HiddenTriples
109706000000000000600000800000380600900002403000400981004005000060020000500040108,189736245345298716627514839451389627978162453236457981814975362763821594592643178,0,NakedTriples
000600030000000005093070010910704020002000800000100070040005009000396700060000300,185649237726831495493572618918764523672953841534128976347285169251396784869417352,0,XWing
000060309000010057570008000710006000020900001900080720600049010001070000200000605,142765389869213457573498162718326594426957831935184726687549213351672948294831675,0,XWing
050210000008007006000080700004900000060300050901002000000090324600000190000003060,357216489498537216126489735534961872862374951971852643715698324643725198289143567,0,XWing
040003270087000064100000000000000906002000010800100040000060035001030000070820000,945613278387295164126487359714352986652948713839176542298761435461539827573824691,0,XWing
000200040407000300090030000240070003005063708000009000500000000004000052802000010,358297146427651389691834275246178593915463728783529461569712834174386952832945617,0,NakedTriples
000002600900100000730000000000200400000096500008000016405029003080704190070050000,851972634924163857736485921563218479147396582298547316415829763682734195379651248,0,XWing
802610000000004000010070000000800006600730500000001070020000040103000067007090012,892613754765924183314578629271859436648732591539461278926187345183245967457396812,0,NakedTriples
000060308400081000002005170080502000000000700006040009004000031030400096200000000,519764328473281965862395174981572643345619782726843519654927831137458296298136457,0,NakedTriples
005030200030240080000805400700000000000500860010003509300900040040006100020000000,485139276136247985972865431758692314293514867614783529361958742547326198829471653,0,HiddenTriples
010007500806400000700801200000060907039708402500900003001003705003000004060080000,314627598826459371795831246142365987639718452578942613481293765953176824267584139,0,XWing
000050020610020000000763100000100000000000009050006240040000903009800000200070600,873951426615428397492763158324197865186245739957386241548612973769834512231579684,0,HiddenTriples
006000040750003002300068070907000050060000400000807600035200000040000000000390205,186725943754913862392468571917642358568139427423857619835276194249581736671394285,0,XWing
060003004040000006007004100008200000100000603000000700090620000070010000400080902,961853274345172896287964135738296541159748623624531789893625417572419368416387952,0,XWing
050000000300000700000020801700009306940007200006100000004601000080094020009032180,851976432362418759497325861718259346943867215526143978234681597185794623679532184,0,XWing
050030080000450290000960400000000040078603001000009060006000000710000008083000100,954132786167458293832967415691875342278643951345219867426381579719524638583796124,0,HiddenTriples
008046090069000300320070500080002005905030000041600003500001406090000000000000200,158346792769258314324179568683712945975834621241695873537921486892463157416587239,0,XWing
050806200210000000000000008000600000630000009100007504000200097000070002005008300,957836241218794635463512978574689123632451789189327564341265897896173452725948316,0,NakedTriples
090103000806000000004008000000270006040060509003005004007000400009020300000000085,795143628816752943324698157951274836248361579673985214537816492489527361162439785,0,HiddenTriples
000020007500000140001000300070400009600000410095600030000709000009004000080030000,843126957527398146961547328172453869638972415495681732356719284219864573784235691,0,HiddenTriples
008000200000006009300700040400000056600200897000607400005000000002480300710000000,578149263241536789396728541427893156653214897189657432835972614962481375714365928,0,XWing
250000003040300000100007004000240089009050000416000025302605000000000106000030000,258164973647389512193527864735241689829756341416893725372615498584972136961438257,0,XWing
020000960087006000060000157000000205031050070000074000000000530500210040046000702,425731968187596423369428157794163285831952674652874391218647539573219846946385712,0,XWing
000002000903050000102708430600004100001000260708000009000000300000100008306020005,867342951943651872152798436625974183491583267738216549519867324274135698386429715,0,XWing
050320009000005604300900000010000000008000043007600908030010000000009860200040070,756324189892175634341968527913482756568791243427653918635817492174239865289546371,0,XWing
060010020004007003020000945270000000406003000000600090053000070000008000000234600,365419827984527163127386945271895436496173582538642791853961274642758319719234658,0,XWing
005904010000050000000002504630200400009060000800000030080000020900003000052001098,265974813473158269198632574631289457549367182827415936784596321916823745352741698,0,NakedTriples
064000000900004007320500900058000200100080063600020100000300000000002001706000090,864279315915634827327518946458163279192487563673925184241396758589742631736851492,0,XWing
200000004900004100000090020800079060000000400700420001350900800097500200060000040,281357694973264158645891723824179365519683472736425981352946817497518236168732549,0,HiddenTriples
020000400000001006000098020084000000902030000003905840630000000010500003800600500,721356498498271356356498721584167239972834165163925847635782914217549683849613572,0,XWing
900005080008000020050200006309010800000009201000000000080007000004501300506002040,972165483638974125451238976329716854867459231145823697283647519794581362516392748,0,XWing
000100020000000014060007000010003098500091000029060070003020000400900083605000000,854139726937682514261547839716253498548791362329864175183426957472915683695378241,0,XWing
000020000038600007000405300004060200300000610720800004010000700007000491000000020,645327189238691547971485362184569273359742618726813954812954736567238491493176825,0,NakedTriples
400000200072000001000006000040000057001000930850009000010380000280400370300900004,498715263672834591135296748946123857721548936853679412514387629289461375367952184,0,XWing
400070200000002005020500084070040098050013000004080603807050020041006800002000000,465378219183492765729561384376245198958613472214789653837154926541926837692837541,0,NakedTriples
000000900045000000007063010080040502000002463000500000002000000300874100000050000,136725984245198637897463215983641572571982463624537891462319758359874126718256349,0,HiddenTriples
009010000080503046500000300000059460000700001070021030000900604240080000790430000,639214875187593246524867319812359467963748521475621938351972684246185793798436152,0,XWing
600080103803000590790000082904020060000800000000013700006008020000051936520000000,652789143843162597791345682914527368375896214268413759136978425487251936529634871,0,NakedTriples
068074009500080000000209508007050400640700000000000001305040806090005102010000000,268574319539681247471239568187956423642713985953428671325147896794865132816392754,0,XWing
000004002065009010080070504506830000700000300000140050000000705001000060000000089,173584692465329817982671534596832471714956328328147956639218745841795263257463189,0,HiddenTriples
900000500050100032008002400040700000000080000310004007000409700000017290006000000,972346581654178932138952476845791623267583149319264857521439768483617295796825314,0,NakedTriples
004300000007006031650090000000234800000050900030080000076400080000000100009000420,814375692297846531653192748961234857428657913735981264176429385342568179589713426,0,HiddenTriples
000080050400001060000005203090100608003004000010070000306057000107043800040000700,632789154458321967971465283795132648263894571814576329386957412127643895549218736,0,XWing
000007024400060108000000000790001506000002000001050300000200000307500000000004803,958137624423965178176428935792341586635892417841756392584213769367589241219674853,0,XWing
030004050050800600007010000078002090520000004009400002000009003090008700305000918,831964257954827631267513489478632195523791864619485372786149523192358746345276918,0,XWing
800005020060000970002300006000903000100000008005008100000089207700050010000001060,897165423563842971412397586278913654149526738635478192351689247786254319924731865,0,XWing
260000300000004192008000005700000000080070013000001804030200057000000009072058000,261597348357684192498123765713845926684972513529361874836219457145736289972458631,0,XWing
418503060020406000000900403005000100000380609000000030000000390081000000700090002,418523967329476815657918423235649178174382659896751234542867391981235746763194582,0,HiddenTriples
680900010400857000900002050009080260201000300060000000706008000000004005000000900,685943712412857639973612854539481267241576398867329541756198423398264175124735986,0,NakedTriples
048903020000000010500700000021000406009000000430000080000005000002000001017408003,148953627273684915596712834721839456689541372435267189364175298852396741917428563,0,HiddenTriples
300000400500020080000901020000000000023004005065073000081040602000000040200008750,312587469597426183846931527478159236123864975965273814781345692659712348234698751,0,NakedTriples
000400100000201900000000053002000009001807000400003080086090002504060700000000000,657439128348251976219786453872645319931827645465913287786194532524368791193572864,0,HiddenTriples
005000600800073000010004503040000300030001007050400010000009000000300206000008739,375192648864573921912864573146287395238951467759436812683729154497315286521648739,0,HiddenTriples
010000200000600009000000003520000900700800006060900000004320098001009032000050600,917583264235674819486291753523746981749815326168932475654327198871469532392158647,0,XWing
800000060300010004007205000000980070090600001501003000600890030000000002000000008,812349765356718924947265813234981576798652341561473289625894137489137652173526498,0,XWing
000107409005000006000000000078000902000020004100900750080245000006090008090000000,623157489945832176817469325478513962539726814162984753381245697756391248294678531,0,XWing
000070000000003008506040000007020030005004000930180000000900010000002050702060009,348276195279513648516849723187625934625394871934187562463958217891732456752461389,0,HiddenTriples
000000500000000061053480790046700000070052400000000107002504003090070045000020000,918267534427935861653481792246718359179352486835649127782594613391876245564123978,0,XWing
008040700005900000460000010300524009000000006297600000000098140000000098020000000,938241765175936284462857913316524879584179326297683451653798142741362598829415637,0,XWing
100090800040006002008070040000000306004501080000800100590000000003000600867050000,135492867749386512628175943981247356374561289256839174592614738413728695867953421,0,XWing
003406005000008000080050104064000020000090030200000501500000800030000010090001400,913476285745128396682359174364715928158294637279863541521947863436582719897631452,0,NakedTriples
080300062090000080000580901030902100051000600008000000700009000000230005000870200,187394562594621387362587941436952178951748623278163459725419836849236715613875294,0,XWing
000200006200008000065010009000000030041002000050009400704000901016800025000000000,198245376237968154465317289972451638841632597653789412784523961316894725529176843,0,HiddenTriples
000000900082009010040600003806004005900306204030975000090000142000500830000001000,657143928382759416149628753876214395915386274234975681593867142461592837728431569,0,XWing
008031006700000030060080204000300000490605002800014500000050000006800003070400020,248531796719246835563789214657328941491675382832914567384152679126897453975463128,0,XWing
700000000246000005000940000000090700030080024002000030000450690009006201500000007,798561342246378915315942876154293768937685124682714539821457693479836251563129487,0,XWing
802590100010087005900000008003000001000730604080610023308052060060003080000000000,832594176416287935957361248673425891129738654584619723398152467761943582245876319,0,XWing
000300050060000004002040300080007000210800500000000041305601000790000000040030007,479368152863152794152749368586417923214893576937526841325671489791284635648935217,0,XWing
000004850000209000006050009000800000200090000040006070301700680780360905400000013,923674851514289367876153429637812594258497136149536278391745682782361945465928713,0,XWing
000100000050067900120000400007006010000059000504700000040008607008013004000000003,789142365453867921126935478937486512812359746564721839341298657678513294295674183,0,XWing
100300007000000000002800140000206080000070000063000002009007000058000921020008060,196342857834715296572869143417296385285473619963581472649127538758634921321958764,0,XWing
000080610098000500000002090061700000900004000370001000032100000000000140500073900,253987614198346527647512398861729435925634871374851269432198756789265143516473982,0,HiddenTriples
007403000009080004000710082506000000203005610000000040690000000010050007000001900,857423196129586734364719582586194273243875619971362845698237451412958367735641928,0,XWing
000003001490008000380040020700000000032000106000700500000080000008476000060105004,275693841496218357381547629759861432832954176614732598147389265528476913963125784,0,HiddenTriples
000008200000302007030050000800005410000900000006000008907000064240000700050003000,194678235568312947732459186879265413315984672426137598987521364243896751651743829,0,XWing
800024500200060407003000020407080013000000009038000000600007000090008040780400000,876924531219365487543871926457289613162743859938156274624537198395618742781492365,0,XWing
008000030400070008000300500000003007600509000020080900082901700060000000004067180,278695431435172698916348572859413267647529813123786954582931746761854329394267185,0,XWing
000000600540000030029004071050208000002070090000090000000920003600500000003007008,178359624546712839329864571951238746832476195467195382785921463694583217213647958,0,NakedTriples
000007830040900000300050000024006000000425109000070000800300001009000700002040060,596217834241938657378654912724196385683425179915873246857362491469581723132749568,0,HiddenTriples
000004060006008700800200000008010020100400500070802004000300010007000050509000000,723954861456138792891276345348517629162493578975862134684325917217689453539741286,0,HiddenTriples
800000009250090040000810000007000000600009104108300960000000006900030000030402500,814256739256793841379814652597641283623589174148327965482975316965138427731462598,0,XWing
970006002000078300030000001006002000020030400800750000200903006400000000009000140,974316852612578394538294671196482537725639418843751269251943786487165923369827145,0,NakedTriples
000016000106703000420000060504009000090000080600030100000008070800402000007060200,978216534156743892423895761534189627791624385682537149219358476865472913347961258,0,NakedTriples
007030009015007000600000000200040017000305000000001600074000001020000000500600800,487236159315987426692154738263849517741365982958721643874593261126478395539612874,0,XWing
200030060008400007056000000709600012000080600003000040100000009040709000007200004,274538961318496527956172483789645312421387695563921748135864279842759136697213854,0,HiddenTriples
000102000100900370480003002000701040005000000700040800006800025800409000000000003,537182694162954378489673152328761549645398217791245836916837425853429761274516983,0,XWing
002800600000560080010309050090400008070003906000005020450700000900000300001000060,542817639739562481618349257193426578275183946864975123456731892927658314381294765,0,XWing
800005900040060010309021000100000400000040060500200070000000002072500091013092700,861375924247968513359421687126759438798143265534286179985617342672534891413892756,0,HiddenTriples
030005200008000005204180030800090000070000600400000100007503090920600000003009002,139745286768932415254186937816294573372851649495367128647523891921678354583419762,0,NakedTriples
500960020400030000096050100000008004000070065304600010000310080001782006700000090,513964728427831659896257143659128374182473965374695812265319487941782536738546291,0,HiddenTriples
600580030080300010041000082006400070900070001500903040000009460000000107000000098,692581734785342619341697582126458973934276851578913246813729465469835127257164398,0,XWing
003004008040006973790002004020000610008200000100073000070000200900000000000807090,613794528842156973795382164327548619468219357159673842574931286986425731231867495,0,XWing
080340120000000087009000000073600004500000001040900800800100060000000070004008309,786349125431562987259817643973681254568423791142975836897134562315296478624758319,0,XWing
120603000800009300006807001040000100000002070675000040060104580502900030000000700,129643857857219364436857921248765193391482675675391248763124589512978436984536712,0,XWing
095060000080000000060150090009000200300000640000540007000001403000430051000800000,295367184183294576764158392549716238317982645826543917958671423672439851431825769,0,HiddenTriples
000090030030508400700400900003006000805000000000040160000260005050700000210000070,524697831639518427781432956143876592865129743972345168497261385356784219218953674,0,XWing
416005009003000670700000500008000000020007400900020000300009800009008004000140093,416785329593412678782963541678534912125897436934621785341259867269378154857146293,0,HiddenTriples
000030008001065002005020004304006000000300050070040009020800006900000810500000000,462137598891465372735928164354796281619382457278541639123859746946273815587614923,0,XWing
001000080003040000260800500080000040007580009109003000700000003000100865000300020,971625384853741296264839571385916742647582139129473658796258413432197865518364927,0,NakedTriples
000400020060007900023000000000800001000000340900000000034190800080070000090050067,579431628468527913123689574342865791857912346916743285734196852685274139291358467,0,HiddenTriples
079200000003070060600000000000010800000048000900500201000003716040600050020005008,479261583253874169618359427567912834132748695984536271895423716341687952726195348,0,XWing
070009068200030000000400100000000070014090300006540000000100005000004080609070400,473219568281635947965487132592361874814792356736548219348126795127954683659873421,0,XWing
000804325000065080500302000005730092800000103309200657006080430043629018900400006,691874325237165984584392761465731892872956143319248657126587439743629518958413276,0,XWing
054070100000600040900000300000720008070006050060930000600000001009100200500400006,854379162237681549916542387395724618472816953168935724683257491749168235521493876,0,XWing
000800005200054070460920080007009620002360057006000800600000500058000000070010060,719836245283154976465927183537489621892361457146275839621743598358692714974518362,0,HiddenTriples
021000090500060804900200700008920400000000000000007051300042060105600000040700000,821374695537169824964285713758921436213456978496837251389542167175698342642713589,0,NakedTriples
000900000804000700030001600000060850008005001040020000006700020000090000070240100,612937584894652713537481692723164859968375241145829376456713928281596437379248165,0,XWing
020004980006700020500000006009000000810000750000000038060050000090080007000076203,721364985986715324534829176679538412813642759245197638467253891392481567158976243,0,HiddenTriples
075800020000000006002670000100000007000004800090500000001000062040009070700420900,675893124319245786482671539164938257523764891897512643951387462246159378738426915,0,XWing
050708600400560000000009004870100520005000000010007400007002080200800000001000009,159748632432561897768329154874196523625483971913257468547912386296834715381675249,0,XWing
103000000050003020680107000060004000000700000000020034001609057000800200000300140,143298576759463821682157493365984712214736985978521634821649357437815269596372148,0,NakedTriples
000000296900700501010000000205090080000500010780200000803075000500301004006000003,457813296968742531312659478235194687694587312781236945823475169579361824146928753,0,XWing
090703005000000607006000000409005000508200040010000800000500089000004700320080010,894763125253148697176952438469835271538271946712496853641527389985314762327689514,0,HiddenTriples
000280009100040070078000005980000000410690020056071004000000903090020050001000002,645287139129543678378169245987432516413695827256871394562714983894326751731958462,0,HiddenTriples
000908600005400820600000001007090000520000000009800300100000947000000000030017000,213958674795461823648723591387192456521634789469875312152386947876249135934517268,0,XWing
001000060000090708200080000060000004790500000000701096000003000400019230300050007,851327469643195728279486153168932574794568312532741896925873641487619235316254987,0,HiddenTriples
680000400007200000000016900005700009000060000000538004300000005420000000100600080,681957432597243816234816957845721369713469528962538174378192645426385791159674283,0,XWing
000000090070006030420000500500080901000090002300400800007204000080100706000000000,831542697975816234426973518542387961718695342369421875697254183284139756153768429,0,HiddenTriples
000000080000090203608240000000000098300000600070020035000400807000057060090030000,923571486147698253658243971265314798319785642874926135531469827482157369796832514,0,XWing
000009005000005600051040003760200300080000000000030020002000740096800000400000908,678329415324715689951648273765281394283497561149536827812953746596874132437162958,0,HiddenTriples
050000017700000862001000000003607000002001300000203004000004008040010000197300006,258436917734159862961872435483697251672541389519283674325764198846915723197328546,0,XWing
000000000150000820040000109700005900000094037039000050008209000006000000000041002,692418573157936824843752169784325916561894237239167458318279645426583791975641382,0,HiddenTriples
070409000000003004230050000900005730000801040000070200003067050600000000002000019,175429368869713524234658197986245731527831946341976285493167852618592473752384619,0,HiddenTriples
050800200000002004000600038010000000068005000900008067080900000200013080700400010,653841279891372654472659138517264893368795421924138567186927345249513786735486912,0,XWing
010400000050721300008006007402009000000030009300000006000004010940000075005000800,713498652654721398298356147472689531561237489389145726827564913946813275135972864,0,XWing
600500700800079060003082405080000300000010007030890000000045071050900800070008002,642531798815479263793682415281756349469213587537894126928345671156927834374168952,0,XWing
400000000090500000020008109000010000700000020005002300000060915054790008800100000,481279653396541872527638149942317586738956421615482397273864915154793268869125734,0,XWing
084502006900004000300000070007000160100406732000100009800609204000000087002807300,784532916961784523325961478497328165158496732236175849873619254519243687642857391,0,XWing
700000003604500080000000067000090000320045010000107600006000302008260004070010000,781926543694573281253481967167892435329645718845137629416758392538269174972314856,0,XWing
005019004000000209904070000500700600000003000000002800860300500009004000400060010,385219764176438259924576138598741623217683495643952871861397542759124386432865917,0,NakedTriples
902860070000007090008500004037000008005720019060408007004305000000080000020006300,912864573456137892378592164237619458845723619169458237684375921593281746721946385,0,HiddenTriples
002000000740009080006071003000000847009000002000106050500004000070050100200713000,192835764743629581856471923615392847389547612427186359531964278974258136268713495,0,HiddenTriples
050000020609003005200000000000506040000701600006000308000000012402090000300004000,158467923649213785237859164793586241824731659516942378965378412472195836381624597,0,HiddenTriples
100004900900800200603000070000050021207600000000300000060020500810000006050900000,128574963975863214643291875486759321237618459591342687369127548812435796754986132,0,HiddenTriples
008000091000500000900020380047030809000702000000000003080000900005000028030004000,528367491314598762976421385247635819893712546651849273782156934465973128139284657,0,HiddenTriples
000000703000107000804500006020000008067000400003001090000070510000000000006049000,219486753635127849874593126521934678967852431483761295392678514748315962156249387,0,HiddenTriples
100050700362000051000010806500000000098720000000000280000605400000040605000090002,184956723362874951975312846523489167698721534741563289217635498839247615456198372,0,HiddenTriples
700000948000400302000000000200018490010005020900200800000300080006000000031050006,752136948169487352384592617273618495618945723945273861527364189896721534431859276,0,HiddenTriples
050700009010000003006100805000060980002008000000300400500000070600470010200006000,453782169918654723726193845345267981192548637867319452584921376639475218271836594,0,NakedTriples
209076004000080003700000000000302008000000051100090030005004000001000400007060009,239176584654289173718453692576312948893647251142895736365924817921738465487561329,0,XWing
000020003000506000079010000020070001030090000900002400000050900005800306001000080,568729143412536879379418562824375691137694258956182437683257914795841326241963785,0,HiddenTriples
001070600000206900900410000500700309100040700020900400000060170004000030035000000,351879642478256913962413587546781329193642758827935461289364175714598236635127894,0,XWing
103084005000060000084509000458076030000010000610000009500040080000100060000003704,163784295925361847784529316458976132379412658612835479536247981247198563891653724,0,NakedTriples
041302000000005000007480920000240008002007000005169240024030100073014000060008050,641392785298675431357481926916243578432857619785169243824536197573914862169728354,0,XWing
400100020030807010070050030000600008000075100100204000590000000000020549607001200,468139725235867914971452836729613458384975162156284397592348671813726549647591283,0,XWing
097060000200000701000900040109000800080000006006040050010070009000500370030800000,497361528263485791851927643179652834584739216326148957615273489948516372732894165,0,XWing
009000500000130009400000000001060070700250000052000600086070004107003052000400010,329746581678135429415829367831964275764258193952317648286571934147693852593482716,0,NakedTriples
040080006000000010000047000076000000000000500200936040008370900509410000027008003,741583296853269714692147385976854132384721569215936847468375921539412678127698453,0,HiddenTriples
805000406790080030010030000000600098001040000000100007900000000200000010007400009,835291476796584231412736985524673198671849523389152647948315762253967814167428359,0,HiddenTriples
500000006000701000408020000800000602170000300200650000000002005009087000000000703,517839426962741538438526179845173692176298354293654817781362945359487261624915783,0,NakedTriples
000021030480000100107000005000006000060900050005003007300080000900000804000007500,596421738483759126127368945739516482864972351215843697351684279972135864648297513,0,XWing
000002160000000040070100000000609004009000300300085000040900500000000017005800200,493572168516398742872164953751639824689421375324785691247913586938256417165847239,0,XWing
000840900000000007208000106000000000050079000140060050970000002800003609000006000,763841925415692387298537146687315294352479861149268753976184532824753619531926478,0,NakedTriples
050070082100089040000000000001000000902608100060000007000300004008000006600001050,456173982127589643389462571541937268972648135863215497715396824298754316634821759,0,XWing
000005100002800050584700902900057200000003000050000070000000000210640730630512800,379265148162894357584731962943157286726483519851926473495378621218649735637512894,0,XWing
032000000500900201400807000300009010006050300010000590000203765200170830000098100,832615947567934281491827653358769412926451378714382596189243765245176839673598124,0,XWing
020309006100004700030007000000051090070000010400600020000706000013000000060040009,827319546159864732634527981386251497275498613491673825942736158713985264568142379,0,XWing
090000000308002050001050304900007800000004003000000710010000000073968000650703000,795431286348672159261859374936127845127584963584396712819245637473968521652713498,0,XWing
000086002006007000008230040309000080040800700007000005670400090001000360920000400,534186972296547813718239546359721684142865739867394125675413298481952367923678451,0,XWing
015020047300060010600007005000091000004000879050400000080600721001083004000000500,915328647347965218628147395732891456164532879859476132483659721571283964296714583,0,XWing
605003070000049100000000530008090000354007000000000800860000200900000050070004060,685213479237549186419768532128396745354827691796451823863975214941682357572134968,0,HiddenTriples
900002300487300900300040005200001009000400000008030074005060020006100000020000000,951682347487315962362749815274851639613497258598236174835964721746128593129573486,0,XWing
003000090500060800090372000000096530007010060000000400000459080000000200041000000,123845796574961823896372154418796532357214968269583417732459681685137249941628375,0,HiddenTriples
070000010001260405300100000000070050700906000610040703200609540000000080000000109,576493218891267435324185976932871654745936821618542793283619547169754382457328169,0,NakedTriples
006080000000100020210000007000605030008007054060004200003200500104053000000061000,746382195835179426219546387491625738328917654567834219673298541184753962952461873,0,XWing
023006001007000500809004000000002090900070100000490065400600009308000052000000300,523786941647219538819534276185362497964875123732491865451623789398147652276958314,0,NakedTriples
000050020050000607090003004000010900200000060800004000000005000000790058160000200,748659321352481697691273584576812943214937865839564712987125436423796158165348279,0,HiddenTriples
000000000093000708270001009004500100000000003036000002000270000700085300080030204,618397425493652718275841639924563187157428963836719542369274851742185396581936274,0,HiddenTriples
021004008079002010400001200065040002000009705000008030003490000800000900097025000,321964578579382416486571293965743182238619745714258639653497821842136957197825364,0,HiddenTriples
600000000000423060501000023100500600080000510000009200700800041890000000004000700,632158497978423165541697823127584639389276514465319278753862941896741352214935786,0,XWing
006020000000080001041000390080017509000000800004003000200050003090000080000100600,376921458529384761841675392683217549712549836954863127267458913195736284438192675,0,XWing
208090000009027006750040000000002508800000700005470009374000000000000430000100200,268593174419827356753641982697312548842965713135478629374259861921786435586134297,0,XWing
050002000810760050000900000000005031000400009070090000063500084004008010000601000,457182963819763452632954178946825731385417629271396845163579284794238516528641397,0,HiddenTriples
060000002002008700000702004000080010001007039000090057400003500080000000903040070,764159382312468795859732164597384216641527839238691457476913528185276943923845671,0,HiddenTriples
000000400006097013080003700050000020001500007800702000039004050000000930000001000,973156482246897513185423796657348129321569847894712365739284651412675938568931274,0,NakedTriples
000070050000028004610009000360000090000000400900000010008010900530600040000007008,482376159795128634613549287364751892851293476927864315278415963539682741146937528,0,HiddenTriples
020034800005000402080000910802600000060070180070000500900003001000060000048201030,127934865395816472684527913812645397569372184473198526956783241231469758748251639,0,XWing
000020830000900000080015006008000009049000700070300060410000070026100043000050002,591627834264983157783415296658741329349562781172398465415236978826179543937854612,0,XWing
700090008032004007400000000280507006070002500000400000500000000000203060013000790,751396428632854917498721653289517346374962581165438279526179834947283165813645792,0,XWing
003040002070800900000000030080420000205900007009010000000030520000000040000609800,963541782472863951518792634681427395235986417749315268897134526356278149124659873,0,XWing
005000000070306000000080100000070060030000500080403000000000070201790030400100089,815247396972316854643589127124875963736921548589463712398654271261798435457132689,0,HiddenTriples
056080971000250000030007025015040600003705080800090057009126008640570230000000700,256483971187259364934617825715842693493765182862391457379126548641578239528934716,0,XWing
000000000036004150005009400001600900000403007400012830000000000907000000100370002,894156273736824159215739468351687924682493517479512836523968741967241385148375692,0,NakedTriples
008004090000800000100050403005008600800000007074609000000000209000080304506200800,638724195459831726127956483915378642863542917274619538381467259792185364546293871,0,XWing
305000000060340000000002000046080025000007000058009600009000004000001730530000090,315798462962345187487612359746183925293567841158429673879236514624951738531874296,0,XWing
030700006400009010000020080300000000070080000005000002210370500060090004004005930,832751496456839217197426385328647159971582643645913872219374568563198724784265931,0,HiddenTriples
000000000038520000000070423000000814000046097009000605700000000063008000010097506,927634158438521769651879423276953814385146297149782635794265381563418972812397546,0,XWing
000500009032000700040009000000018004300200000000070602010000005000000270006802030,781523469932146758645789123527618394368294517194375682213967845859431276476852931,0,HiddenTriples
000000000170023009200000460490005030000009104000000900080000600700810003030070000,849561372176423859253798461492185736567239184318647925981352647724816593635974218,0,NakedTriples
000040030870000000100000200000520700020706500400090000080100050705000001040002080,596247138872913645134865279618524793329786514457391862283179456765438921941652387,0,XWing
008500000904060700200004900600000300005040698800003210006130000080050000507006000,168597423954362781273814956621985347735241698849673215496138572382759164517426839,0,XWing
000070000304600809000800507001000000040006000003004020002060900060501000500900340,895173264374652819126849537681295473247386195953714628732468951469531782518927346,0,NakedTriples
500400806000000040304002005000000100000305002290000000000006208916080000000030900,579413826162758349384962715657829134841375692293641587435196278916287453728534961,0,XWing
000800031000305970000060000540023090020000750600000800009206000002589067065100080,754892631286315974193467528548723196921648753637951842879236415412589367365174289,0,XWing
060034100080700200200000006007350620000000810009001507028900470900000000500180000,765234198381796254294815736417358629652479813839621547128963475976542381543187962,0,XWing
006080000000900800704002030203590140009140000000306000000000070000050003451000080,936785214512934867784612935273598146869147352145326798328469571697851423451273689,0,HiddenTriples
000028005000000000062000400079081002000040500500003040000050190020100603001060280,147628935395417826862935471479581362283746519516293748634852197928174653751369284,0,XWing
043600000800400902100090007070500000004002000000004069030800025000001000005000008,943627851867415932152398647376589214594162783281734569739846125428951376615273498,0,XWing
030000004015000293900000000000001000060000072301700006000002600000053008007010009,738129564615847293942536817874261935569384172321795486483972651196453728257618349,0,HiddenTriples
600002008780000410050000000800007200006109050500200800000070000300045600000601003,694712538783596412152438976819357264426189357537264891268973145371845629945621783,0,HiddenTriples
700010090200000104000096003000000050080300402000005010900430000050000800320007000,735814296296753184841296573163942758589371462472685319917438625654129837328567941,0,XWing
200070000000000547100046000560000030000058090080900000070000458040000072000020009,254873916638291547197546283569712834423658791781934625372169458946385172815427369,0,NakedTriples
600000300008050020007003481000080000703004510506000000020000009000400700000001040,612748395438159627957263481241587963783694512596312874324876159169425738875931246,0,XWing
402000301080500007900003028701060000000007800008010004030209080204000000090000502,472896351183524967965173428741368295629457813358912674537249186214685739896731542,0,XWing
980070310000100500000086000000040800030001000005600004408000070050230000000018040,986475312347192568521386497172943856634851729895627134418569273759234681263718945,0,XWing
007000009090000080000079001020010005000200060400050030018005094004160503060000000,637581249195324786842679351329816475751243968486957132218735694974168523563492817,0,XWing
007090000060000009200000100010040030300002000009010060000020000103700500008069042,537491628861237459294856173612945837385672914479318265946523781123784596758169342,0,XWing
020594608090081004008020710000307040000008000083000570079200005000070000000035407,127594638396781254548623719912357846754168923683942571479216385835479162261835497,0,XWing
000300000280701000000000200000000020094025000000008610905060080070000501006000004,657392148289741356341586297768913425194625873523478619935164782472839561816257934,0,HiddenTriples
008004700360001000000700906000060032005800000004000500700500800100030007050100000,928654713367981245541723986879465132235817694614392578793546821186239457452178369,0,XWing
720010000900004000006080402000000007000835000302070090480000056000090000060000300,724613985918254763536789412841962537697835241352471698489327156173596824265148379,0,HiddenTriples
060700000503469000900015000005001079200004600700030000100200700000000004008050300,864723915513469827927815463345681279291574638786932541139248756652397184478156392,0,XWing
030004000029800300406019000001230008000600030040500600000005020008060905054000000,135724869729856314486319257561237498897641532342598671913485726278163945654972183,0,NakedTriples
040000080900008520003040190051000000000080010608000950030002000000900000000074260,245197386917638524863245197351729648492586713678413952136852479724961835589374261,0,HiddenTriples
200000003070600090091000500030409000000030000000080102089074050400006000027090600,265948713374615298891723546132469875758132469946587132689274351413856927527391684,0,XWing
000060004000401000081000002003046000604005701000700500006003020010050900000900000,279568314365421897481397652753146289694285731128739546946873125812654973537912468,0,HiddenTriples
000000500003700042000052601800046000000003970000020064200030010005000029700000400,962184537513769842487352691871946253624513978359827164298435716145678329736291485,0,XWing
009100604030007090007000150000000030900400000020050008700900500008001400000600000,589123674134567892267894153846219735975438261321756948713942586658371429492685317,0,NakedTriples
000301004020670030400800900000037000500000706900000000007000013004000000000065208,765391824829674135413852967146937582532148796978526341657289413284713659391465278,0,XWing
006000000050240107040008300030100900000000032609500400000090843378002000010000020,196357284853249167742618395437126958581974632629583471265791843378462519914835726,0,XWing
000086003500009060040000000200000605001090000000070800020030090830000020007041000,792486153513729468648153972279814635381695247465372819126538794834967521957241386,0,XWing
006080120002604000040170000900000000600900073070310006800020090060000500000006010,736589124192634785548172369953267841681945273274318956815423697467891532329756418,0,XWing
082009070700080000010000300005001094000600002003052000050000009806000040040006100,582369471734185926619247358265731894178694532493852617351478269826913745947526183,0,XWing
250070600003001000109600308000000280000029750000500010085007000700480000401000037,258973641673841529149652378596714283814329756327568914985137462732486195461295837,0,XWing
090000000080010090000070305500030002809700000000000601002000009000003400400057060,197345826385216794624879315576431982819762543243598671752684139968123457431957268,0,HiddenTriples
000040103052000000306700500003096700649000000000000000080000020000604007000001000,798245163452163978316789542123596784649378215875412396584937621931624857267851439,0,NakedTriples
000970010000031409000000068002000906000203000100060000537602000009000602080004001,824976513675831429391425768752148936968253147143769285537612894419387652286594371,0,XWing
700200030008010004040060000090003005000970800000640010020000007300000042800502000,719254638638719254542368791196823475453971826287645319921436587365187942874592163,0,XWing
567004010310569000000031050030008001704000000080050046400070003090000100870093065,567824319312569784948731652236948571754612938189357246425176893693485127871293465,0,XWing
460000000000030000019000005820000040000002001001700060030601000040080200007200530,463528197758139624219476385826915743374862951591743862932651478645387219187294536,0,XWing
000000040006040005340102080002900070003006009960000208008070500000600810050300964,891567342726843195345192786582934671173286459964751238618479523439625817257318964,0,XWing
000700010081000000000000940103800005700302000400100000800000460000009200300210090,934725816681943752275681943123894675769352184458176329892537461517469238346218597,0,XWing
000900010000001000070048050100002080048005900906700002000007024600000000000000003,425976318869531247371248659137692485248315976956784132593167824682453791714829563,0,XWing
800000002002090700004100005050000006086000307000037040070384000300050000000900000,817465932562893714934172685753248196486519327291637548679384251328751469145926873,0,XWing
200508670500496020086000005000080000370149000000270540090804200000061700608020050,241538679537496128986712435124685397375149862869273541793854216452961783618327954,0,XWing
000304006400005010097020004050000000002037600304091000009800570000000090003010002,125374986438965217697128354756482139912537648384691725269843571871256493543719862,0,XWing
000000300000009002803040000019600400002100830700035000004000105000000200060401000,425716398176389542893542716319628457652174839748935621984263175531897264267451983,0,XWing
030000000020610704000008000340000000700200005000400192005300600000005007470000900,834792561529613784167548239342159876791286345658437192915374628283965417476821953,0,HiddenTriples
050040608000000000900530400089050106000000009040098300400720001603000070070000204,357241698214689753968537412789352146132476589546198327495723861623814975871965234,0,XWing
000100730600503000000980050010700080003000000204000600900000800070200095020070000,859146732647523918132987456516794283783612549294358671961435827478261395325879164,0,XWing
000080200050600003700009000602000730000008609300100002000090040817000000040000015,169583274258647193734219568682954731471328659395176482526891347817435926943762815,0,XWing
830050074400000000070201000000030046000000009000006210000700900009020050001908000,832659174415387692976241385197532846268174539543896217324715968689423751751968423,0,HiddenTriples
400197000930000000008000000046003500010080002000420600000005093050002040002040005,425197368931268754678354921246713589719586432583429617164875293857932146392641875,0,XWing
006000017000800003420000098007200050000000900008170000600009104570000000090000030,386942517719865423425317698147293856263584971958176342632759184571438269894621735,0,XWing
000401000007600910000000086008000170560000000100200004020000000001000060000097530,689431257457682913312975486298346175564719328173258694925863741731524869846197532,0,XWing
300004009709006240000000000067580000000000900030600008000000001410075300200010400,321854679789136245654297813967583124548721936132649758873462591416975382295318467,0,XWing
000090610030000270400300500010008000000560000308040000060205100150000840000000006,285794613639851274471326598516938427947562381328147965764285139153679842892413756,0,XWing
001900000070005004050100800402000096000000040000210070007001080000060002820007050,681943527273685914954172863432758196718396245596214378367521489145869732829437651,0,XWing
100000003006000000524007060002030040000200009000905120405000080000000200030608071,197826453386459712524317968962731845751284639843965127475192386618573294239648571,0,XWing
800300002090004050000200709078000010003800500010000000760030008040700090000009000,851397462297684351436251789678542913923816574514973826769135248342768195185429637,0,HiddenTriples
500000060300000400070100300105038000000900580780400009000017090010005674000040105,541783962368592417972164358195238746423976581786451239254617893819325674637849125,0,XWing
000008000008740030400300609061000000200607000090020000800000070009003420300500060,136298754958746132427351689561839247284617593793425816845962371679183425312574968,0,HiddenTriples
809000006205806000000057030000000400020700500700009000900004001100608000000010820,879431256235896147614257938596182473421763589783549612958324761142678395367915824,0,XWing
004001385201700069000000000000050200000000500070600090030040008500003000400097130,764921385251738469893465721918354276642879513375612894137246958529183647486597132,0,HiddenTriples
037609024090000000000700060009400017020000800001007600000293001000050000800000000,137689524296345178458712369569438217724561893381927645675293481912854736843176952,0,XWing
000007000009253617560000000840000709705060002090578000000030006250006040600040200,321687495489253617567194823846321759735469182192578364914832576253716948678945231,0,XWing
000000600800050007019800004700003200200500009586020400040700051908400006000005000,475319682823654197619872534794183265231546879586927413342768951958431726167295348,0,XWing
000200041002705090730009000100000089049000000005900100000008060057006300008300070,596283741812745693734169852173652489249817536685934127321578964957426318468391275,0,XWing
000000000700054002004000930015003280000000000263000400000010026090670040600305190,981237654736954812524186937415763289879542361263891475358419726192678543647325198,0,XWing
200600900003009400050000080060400000008230000095010000006001000030800520000000708,217684953683159472459372681162495837748236195395718264876521349931847526524963718,0,XWing
080062000000009100400000082500008026046000300300000097057000003000010000030207000,781562934623849175495371682579138426246795318318624597157986243862413759934257861,0,NakedTriples
186070200309805000000600000000000609930000000005309100007100300000000082002006510,186473295379825461254691873428517639931268754765349128597182346613754982842936517,0,XWing
000005000000000010700031400500410023008000100000006090090000002030064000020850007,914625738653748219782931465569417823348592176271386594495173682837264951126859347,0,HiddenTriples
000004200060300080028107900006030000370540820500001730050020300000005100000410070,913684257765392481428157963246738519371549826589261734157926348634875192892413675,0,XWing
070900000020150670500003009002001003060080000000000010050000192000000005130700000,874962351923154678516873249782491563361587924495236817657348192248619735139725486,0,XWing
000020891084100006102008300000000450010450630040906100500080700060047002000000080,653724891984135276172698345296813457718452639345976128531289764869347512427561983,0,XWing
002600000006050021800007000089200700000000054005400002030000900000803000200000006,192634587746958321853127649489215763627389154315476892534762918961843275278591436,0,XWing
800100203000000000103000709002903501090000000050806030000047000900008307000509000,874195263569732418123684759642973581398451672751826934286347195915268347437519826,0,XWing
600004500705801000100090400003009200207100000850003009004000000070005104300600070,639274581745831692128596437413769258297158346856423719564917823972385164381642975,0,XWing
600004005000000003003805006300041590020000000004200017010038400007000000000029000,692374185851962743743815926378641592129587364564293817216738459987456231435129678,0,NakedTriples
010702000070094030042006001007009100100500084008001900090000500004600700605000008,513782649876194235942356871457839126169527384238461957791248563384615792625973418,0,XWing
500040201074061050036050000000000000000209507000030900020300600700000000093007008,589743261274961853136852794952478136368219547417635982821394675745186329693527418,0,XWing
290000067000000400000507000030005001900400700178300040010070958029803004700901000,293148567857639412641527839432785691965412783178396245316274958529863174784951326,0,XWing
050060003006000000300200040700600300000007290014000600000000007501800000002039805,257964183146378529389215746728691354635487291914523678893152467571846932462739815,0,NakedTriples
020040000000001000751030000160000050200000800003020001609073100000009003800000607,926745318384961572751832946168397254275416839493528761649273185517689423832154697,0,HiddenTriples
032500000000000000000023109000080302106000980000700000807000094060804010050600000,932518476514967823678423159795186342146235987283749561827351694369874215451692738,0,HiddenTriples
000906000000007001300250400009010060030002000508060102000005008010070306000000090,184936527295847631367251489729514863631782945548369172473695218912478356856123794,0,XWing
003070000090030080004800050005300060040600900700002000002080730000000091000103006,853271649697534182124869357985317264241658973736492518412986735368725491579143826,0,NakedTriples
000030806069007000000009000000405030000700200400090070700302005000010007026004100,574231896269847513138659742687425931913768254452193678791382465845916327326574189,0,XWing
008000200000002845000078160000024000704810000002003000050000000020037016600080907,468159273971362845235478169386724591794815632512693784157946328829537416643281957,0,XWing
070100980290003000000500000900001070700406005006000034305907420007002000000000000,573164982291873546648529713934251678782436195156798234365987421817642359429315867,0,HiddenTriples
908000500467500800531098007100060070000070003706000020004153000300020008010000000,928714536467532891531698247183265974259471683746389125894153762375926418612847359,0,XWing
000006030300807500406023070082000013600000200001000400000030000910600840007004000,178456932329817564456923178582749613694381257731265489245138796913672845867594321,0,XWing
000070105000000600050600437095106073100009000070350010030060050410027300000900704,946273185387415692251698437895146273123789546674352819732864951419527368568931724,0,HiddenTriples
000360501000000000140900000007800100609400000400010029070000016208030050051004280,792368541835741692146952378527893164619427835483516729374285916268139457951674283,0,XWing
000020700043080000009700000500000008400000309001200060070000056002000010600030070,156923784743681295289754631527396148468175329931248567374812956892567413615439872,0,NakedTriples
308000500096084001400507003200103000000020000000090080000005204004270000000000010,378912546596384721421567893287153469963428157145796382819635274654271938732849615,0,HiddenTriples
000075830000009060006804001008901026502000380000020005164000050080000000205100048,921675834843219567756834291438951726512467389697328415164782953389546172275193648,0,XWing
561000070009000050048000006600800039000400000000530160302900008400000000000050027,561293874739648251248175396657821439123469785984537162372916548495782613816354927,0,XWing
601000290200400000900007050000040530087000000000389000000130070000000000703000920,641853297275491386938627451129746538387215649564389712496132875852974163713568924,0,XWing
600407900000000008409000700000080003100000082086001057073090200000030000000204000,628457931317962548459813726742586193135749682986321457573698214264135879891274365,0,XWing
000400007034001920907006000060082000200000460009000010000560700000009584000000200,128493657634751928957826143461982375285317469379645812892564731716239584543178296,0,XWing
030640200070500000000037000090005000000000406100004008005200010600000807000300900,839641275471582369256937184394865721587123496162794538945278613623419857718356942,0,HiddenTriples
030001000007000050090206480010002097000000000002708004005800000000340000480000039,234581976867934152591276483613452897748693215952718364325869741179345628486127539,0,XWing
003002400090530000000070080000385001620100800000000000758000060000000034900000070,563812497897534216142679385479385621625197843381426759758943162216758934934261578,0,XWing
007000203008940001090000006000003000006200070780000500009402010002035900870090000,647518293238946751195327846921753684356284179784169532569472318412835967873691425,0,XWing
960008200021000040304900000036000000090420000200801060000095000000000670040060500,965348217821657349374912856436579182198426735257831964683795421519284673742163598,0,XWing
000005002002004790400010306000000000694702000250000000019080030000000060000000409,961375842532864791487219356173598624694732518258641973719486235845923167326157489,0,XWing
800029600020000900050000320005084070004010058000000000070093060000100000306700500,817329645623451987459876321265984173934617258781235496172593864548162739396748512,0,XWing
007046081000000003200003090080470200400300100009800000100607000000050004500004706,937246581615798423248513697381475269452369178769821345194637852876152934523984716,0,XWing
000060003000020040090001000300080000200040080048100060080400532050600400002900000,725864913813529746694371825379286154261745389548193267986417532157632498432958671,0,XWing
107030000000000000200506300400005003000412000600700008000007005090000604040200810,167938452935124786284576391429685173378412569651793248816347925792851634543269817,0,XWing
105064008020050093070000000000500240680000030050320070060000900003070000000001007,135964728426758193879213465317589246682147539954326871761435982593872614248691357,0,HiddenTriples
604002008000003000070900100008050020000300009000470001417000050000000047005000800,654712398981563472273984165138659724746321589529478631417896253862135947395247816,0,HiddenTriples
008007910970050000000060000305008002000200704000004800204080100500040000007600500,638427915971853426452961387345178692189236754726594831264385179513749268897612543,0,XWing
060103000020700400100900005510000090007000130600002500200000900000804200036009000,865143729329765418174928365512387694487596132693412587248671953951834276736259841,0,XWing
000069020069050000004180000000034075050200001007815000000000010230048097740001002,578369124169452738324187659612934875853276941497815263985723416231648597746591382,0,NakedTriples
200700081300000000600000720000001006005209400160087000000090008000002950001850000,259746381317928645648315729924531876785269413163487592572694138836172954491853267,0,XWing
000406098400070000090300700760900000000000520000005000000000800830100002500097340,357416298428579631691382754765921483149638527283745169974263815836154972512897346,0,XWing
000006000200000403000030089040092800010080006000600901305001600080409070070000010,893746152257918463164235789546192837912387546738654921325871694681429375479563218,0,XWing
500067039000009000000000075804030050090020040010000000000005001008206000007900600,541867239782359416369142875874631952695728143213594768926475381438216597157983624,0,HiddenTriples
000005004008030000004610000000000500000009002501000030083700206046300709005002000,612895374758234691394617825869123547437589162521476938983741256246358719175962483,0,NakedTriples
020600900900408500000000004000000070500000006000073040700000000209030800000104003,421657938936418527857392614394286175572941386168573249713869452249735861685124793,0,HiddenTriples
150000000042000305080050060038500100000062003000070048020000400514200800000710000,156328794742691385983457261638549127471862953295173648327985416514236879869714532,0,XWing
350000008400000600002000000000598000004007100003060020008900000000006357000420090,356742918481359672972681534127598463564237189893164725638975241249816357715423896,0,NakedTriples
007040008200009070019600200800000030000804009030060502005106090000000006000720000,657342918248519673319678245896251437572834169431967582725186394183495726964723851,0,XWing
058002670094800000060000002000003080000009000000270503020005000000300705600090040,158932674294867351763154892572413986316589427489276513827645139941328765635791248,0,XWing
000010000094028000000690007809000700003005040000000810000000000530000278008060301,685317492794528136321694587869431725173285649452976813217853964536149278948762351,0,XWing
006050002002708060300000500000007000910600305800000710008060930400000000000500074,176453892542798163389126547635817429917642385824935716758264931461379258293581674,0,XWing
000000000581090670603852109008000030020500400140300000800200500002005391000001000,294176853581493672673852149758914236329568417146327985817239564462785391935641728,0,XWing
000429065025710034004000700000030071009000000803604000006007000500002006008000290,387429165925716834164583729652938471749251683813674952296347518571892346438165297,0,HiddenTriples
000001700000304002100000308400000000081040005902050060300405090047000000250006000,823591746576384912194762358465213879781649235932857164318425697647938521259176483,0,XWing
281406009000720060506000040800063024002009030900200015600070002000950080005000400,281436579439725861576891243857163924162549738943287615698374152714952386325618497,0,XWing
280409705040007000007050420001204900070000000000093061902608000058072600000000004,283469715145827396697351428561284973379516842824793561932648157458172639716935284,0,XWing
600080004020600081000020030540067020200503000380090560060340800810006309000908000,653189274724635981198724635549867123276513498381492567967341852815276349432958716,0,XWing
000102000600040500000096002800030004001904050250080300020000060040009000100300800,937152486682743591415896732879235614361974258254681379523418967748569123196327845,0,XWing
009020000600100000000000300860000290000300600027600840002070000010039000900006050,179423568634158729258967314865714293491382675327695841542871936716539482983246157,0,XWing
087000050250070000300061200070000006000010003400003890010000030502006000000020900,187342659256879341349561278973284516865917423421653897618495732592736184734128965,0,XWing
007600000000070040420005900210060080060000020080200006500183400040700008008002075,197624853853971642426835917215369784769548321384217596572183469941756238638492175,0,XWing
050000020700004050020590708409000000000100500800769030048920600000600803500400000,951876324786234951324591768479352186632148597815769432148923675297615843563487219,0,XWing
000000000375000064800000000050100008600003120000070605000090807004005000910000503,429536781375281964861947352253169478647853129198472635532694817784315296916728543,0,XWing
065010482003008700700604003009050820010982040002300019000031000304200000070400200,965713482143528796728694153439156827617982345852347619296831574384275961571469238,0,XWing
100000200800700100092400300060040070910500000085020000000000086000300000020980400,174635298836792145592418367263849571917563824485127639349251786658374912721986453,0,XWing
005094001103020090060000007300000104080300000092070005007200000000100000010000200,825794631173526498964813527356982174781345962492671385547269813239158746618437259,0,XWing
500020008000000009002000560070830000000209040000040300680000700090400810700050093,567924138148563279932187564476835921853219647219746385684391752395472816721658493,0,XWing
040270000000000008605400300700630000900000000058000009009000100012003050000020006,341278965297356418685491372724639581936815247158742639469587123812963754573124896,0,XWing
096000300000000070004076000043080900000000050900300810000002000010600000469501002,796154328581923476324876195143285967678419253952367814835792641217648539469531782,0,HiddenTriples
040000030001000007090020804063000000900010402200500070039007600600040010000052003,742865139581439267396721854863274591957316482214598376439187625625943718178652943,0,XWing
051040070009076080600000002300600040804700009000000350100000506040000000502001000,251948673439276185687315492375629841814753269926184357198437526743562918562891734,0,XWing
100680000900007000000000190006000500003090000000200480040026008800000010000350640,137689254924517863658432197286741539413895726579263481345126978862974315791358642,0,XWing
000470005000000400007058306008020000070900050002045060835100602700502003600000090,261473985583619427947258316458726139376981254192345768835194672719562843624837591,0,NakedTriples
020900001800000030007106050000007260004000000073000000000005003501308604000001080,426953871815724936937186452159437268284569317673812549768245193591378624342691785,0,XWing
703000000500000090020400010000001500060020100308000007600007008070503060000900000,783192645541836792926475813297341586465728139318659427634217958179583264852964371,0,HiddenTriples
008710000040089070000426030070002040000897005005140002090600000100900006800070953,638715294542389671719426538371562849426897315985143762293654187157938426864271953,0,XWing
000071000004000001000600890000203600060009150009800700040900030005006000003000002,598371246624598371731624895457213689862749153319865724146982537275436918983157462,0,XWing
500600307009000500680009000020040010470060800005000002000127030000000000030805000,512684397749213568683759124326548719471962853895371642968127435257436981134895276,0,NakedTriples
000300820406000500070001009060003090902080000010000060000020000080017003040008000,591364827426879531873251649768143295952786314314592768137425986289617453645938172,0,XWing
900700008000080300206001000020600100500000400000074009000000000800040970407020810,931752648745986321286431795324695187579318462618274539193867254852143976467529813,0,XWing
010500794009000100075000300008000560000030009000005003400097000000008200053060070,312586794849723156675419382138942567567831429924675813481297635796358241253164978,0,HiddenTriples
900600004000000690001000030400005300608001000002008000504000000290000740000050901,925637184843512697761894532479265318658341279132978456514729863296183745387456921,0,HiddenTriples
080000031000082000004760009400000008100000070008600000000020300059040007030056014,286594731397182456514763289473219568165438972928675143641827395859341627732956814,0,HiddenTriples
207000010000600000000003089004000020700002908000900300805400070000005802090070000,287594613319687254546213789964738521753142968128956347835429176471365892692871435,0,XWing
700080500060190000003000060000000008020000610908007050000020000010350074070008000,791286543564193287283574961156942738427835619938617452845721396612359874379468125,0,XWing
000020010006403000478090000500600008000300000800007100010000056000700000090200380,359826417126473895478195623547619238961382574832547169214938756683751942795264381,0,HiddenTriples
000002506000009020700850003009080000800300710020010000004000060500000000108040905,931472586685139427742856193319687254856324719427915638274598361593761842168243975,0,XWing
005060400008320007000508000512000000000070000800002030000005204070001980000200000,135967428698324517724518693512893746349176852867452139981735264273641985456289371,0,NakedTriples
007000080600400301300000007530000700190007004072350800000005000020010070005090068,247531689689472351351968247538146792196827534472359816964785123823614975715293468,0,XWing
000010600009006002804900050010000070000058300406000090500094007000200004007005000,275813649139546782864972153318629475792458316456731298523194867981267534647385921,0,XWing
060059000080000000000201009027800000000000030100004608004010000000500080800706095,263459817981673254475281369327865941648197532159324678534918726796542183812736495,0,XWing
100000900000163207000007830402600090086040700000050000000280043001500000200000000,173825964948163257625497831452671398386942715719358426567289143891534672234716589,0,NakedTriples
500080304004000000000574000056010730900006000080200509005000023020008900800600407,569182374714963285238574691456819732972356148381247569645791823127438956893625417,0,XWing
600009080807000000000000060009004000000001700400700030001002009780400120040050008,654319287827645391193287564279534816538961742416728935361872459785496123942153678,0,XWing
100030060000010002084020009300001070000092000007000006000804000008000790000070020,125938467936417582784526139342681975561792843897345216279864351618253794453179628,0,HiddenTriples
700410090800000040001060000420001030005000000000002000000050009010070320003600075,752418693869235741341967258427581936135796482698342517274153869516879324983624175,0,XWing
000001070006000208820000109000060020000009305103805007000600000075004000901030000,394281576516397248827546139759163824682479315143825967438652791275914683961738452,0,HiddenTriples
010003400938002005007000000004008070000504000009020600000000004000040000050107908,215683497938472165647915832124368579763594281589721643392856714871249356456137928,0,NakedTriples
003080000000600400640020008020701039000500000900400610000000000807050004160000720,753184962289673451641925378524761839316598247978432615492317586837256194165849723,0,XWing
007000500410000070500300800000000040000005003008740000006270000000001036070008001,387914562412586379569327814251839647794165283638742195146273958825491736973658421,0,XWing
410730002003209000000480300008307000050000000000016400360100080007000009080000720,416735892873269145295481367948357216651824973732916458369172584127548639584693721,0,HiddenTriples
200000400004000050780604020400007000000030908800000705050100000000206100090000000,231895476964723851785614329419587632576432918823961745657149283348256197192378564,0,HiddenTriples
000008000004600700700032040000040100302019800010260003801000500060007010000000096,196478235234651789785932641679843152352719864418265973841396527963527418527184396,0,XWing
600090080004000907000018020000500004809006000001070200200600300008000500005000009,652793481184265937973418625726539814849126753531874296297651348318947562465382179,0,XWing
002000000000005000075340008000400600000000000458093000080000023000000009100060500,392786451814925376675341298239417685761258934458693712986574123547132869123869547,0,HiddenTriples
000005841000802600000000003800000730019000000000007400006500000000700080530046000,927365841341892657685174923864219735719453268253687419176528394492731586538946172,0,XWing
400920307021008400000300000903270000000006000704000000030050090000000201000080060,486925317321768459579314682963271548218546973754839126637152894845697231192483765,0,HiddenTriples
008006407000410000600000200000900000805001003001075002209057040070000600000090000,128536497397412586654789231732968154865241973941375862219657348573824619486193725,0,NakedTriples
070000240082100070900000050203950000860010002000800030000508120700000004000200360,671385249582194673934762851243956718867413592159827436396548127725631984418279365,0,XWing
180090000093040000020105000705000430000000080000023600000000013800030000002409700,187396524593842176624175398765918432231654987948723651459267813876531249312489765,0,XWing
040030001000010008001040050000500004003060000057081000620050790705090016300006000,942835671536917428871642359268579134193264587457381962624158793785493216319726845,0,HiddenTriples
009300000064200000370480000000630040000070000000000580940800060006009072000000050,859317624164295738372486915795638241428571396613924587947852163536149872281763459,0,HiddenTriples
406000910000000020300704000034050000002087300809010002008270009000000150000063000,476528913985631724321794586734952861612487395859316472148275639263849157597163248,0,XWing
820000000000060090603058017000004000009610000050000904006000030500300070700000405,821739546475261893693458217268974351349615728157823964986547132514382679732196485,0,XWing
007020000000500002300000708000650007094008000005001000950800073200903006001000800,587326941419587632362149758823654197194738265675291384956812473248973516731465829,0,XWing
043000000806300071000062800250006000000021030000800000705000040900008000080090020,543187296826359471197462853251936784478521639639874512765213948912748365384695127,0,XWing
000300001001200900008001502509040870600000000000000004000080000730064000800900000,926358741451276938378491562519642873647839125283517694192783456735164289864925317,0,NakedTriples
007009000000148000403000501200003400000000120000070006026005008001000070090030000,167359284952148763483267591278613459639584127514972836726495318341826975895731642,0,HiddenTriples
030090700100005040008200060600030100209000000000700600020043000300502080000000004,534896721162375849798214365675438192289651473413729658827943516341562987956187234,0,XWing
004008070050000920302000008791000400500609300000001007030000750600400000000090000,914268573856734921372915648791382465548679312263541897139826754627453189485197236,0,XWing
600500000002000900857000304000002003000700000700086042360070090000108400010005000,693541728142837956857629314986452173524713689731986542365274891279168435418395267,0,XWing
000006000090020400800074200005002070912000000000100000500000000000060130740083020,124356987397821456856974213435692871912738564678145392563219748289467135741583629,0,HiddenTriples
800002004000700000000019068408060009109000070230000000600008000000500300003100805,891652734564783192327419568478361259159824673236975481615238947982547316743196825,0,XWing
010400070000083000000000040000000480005800000900005103003200067700009000089000032,516492378294783651837516249361927485425831796978645123143258967752369814689174532,0,XWing
000002000120007400900300085002600500054030000000010704001000302080000000006009000,543982617128567493967341285712694538654738129839215764491856372285173946376429851,0,NakedTriples
670000200902000003000080100001000304080005000200060000004900580000000031050070900,678319245912654873435782196561897324387245619249163758124936587796528431853471962,0,NakedTriples
003000000100000097060000002009850030000704050400020000908010070010000000050030904,893572146142683597567149382279856431631794258485321769928415673314967825756238914,0,XWing
082070000500000001600100090020000300000091070040008000000086053000002900490007020,182479635579863241634125798721654389368291574945738162217986453856342917493517826,0,XWing
000006201170300000000085060050903000200010070000000030080769000000000008500008000,835476291176392584924185367758923416293614875641857932482769153369541728517238649,0,HiddenTriples
784030210005000400090000070800070000000000720230009580400061300902000050000098100,784935216125786439396124875851472963649853721237619584478561392912347658563298147,0,XWing
200000070000248000000010502500000380013080050002000107060004000008569000004020003,231956478975248631486713592547192386613487259892635147169374825328569714754821963,0,XWing
070008005000400060000700100090200000408900000000547000509010600600000040720000050,372168495815429367964753182197286534458931726236547918549812673681375249723694851,0,XWing
000000080305720000070009010000006002007300000006210074000000160960000007001040000,429163785315728496678459213154976832297384651836215974743592168962831547581647329,0,XWing
500009001100427000400000060001300020002090040060000107000000500000032090090006000,523689471186427359479153862741368925352791648968245137237914586615832794894576213,0,XWing
264030800010406000000000000020000008600509003058000600090000000400003700000070025,264735891819426537375198462923647158641589273758312649597261384482953716136874925,0,NakedTriples
025010000000209000090305004000000306800003090170006000000080009602091080000000025,425817963361249578798365214249178356856423791173956842514782639632591487987634125,0,XWing
700031000000900000302600800070800050000000000608000403016500280000000010000007560,784231695165984732392675841973842156241356978658719423416593287527468319839127564,0,XWing
000015006000002900003000085007200560002000708000960310090631000200000400001000000,789315246156842973423796185917283564632154798845967312594631827268579431371428659,0,HiddenTriples
780300040002064000003000050000910005007000000090052003001003970060000020000020400,786395142952164387143278659234917865517836294698452713421583976369741528875629431,0,XWing
000000100080000043435200800000000350801000000000950008020070036010800700500006000,692438175187569243435217869249681357851743692763952418928174536316895724574326981,0,HiddenTriples
047002080001090030000308002000020090600709023000003000000030045950000000408000001,347162589821495736569378412783521694615749823294683157172836945956214378438957261,0,XWing
407395006000480000100700080800073600072018003630200800040020090200000700000507002,487395216926481537153762489814973625572618943639254871745126398261839754398547162,0,XWing
015200000060000300037100052000400000000630000900000870000300000006020007000070041,415293768269758314837146952652487193781639425943512876574361289196824537328975641,0,XWing
600801000010400020509070010023000000060020007700006001000040000000600509300002000,632891754817465923549273816123784695465129387798536241956348172284617539371952468,0,XWing
401070600000800092000006040006000023300004000572009410100008000000005070008290000,481972635635841792297536841846157923319624587572389416124768359963415278758293164,0,XWing
000600000017000000000000503001078900000004000080030006060040038005000010800000420,348657291517392864926481573631578942259164387784239156162945738475823619893716425,0,HiddenTriples
000006080720100050000000000539000600000078320000600000000000190900050003308002500,154326789723189456896547231539214678641978325287635914475863192962751843318492567,0,XWing
070001000003000100504907000082000500009002071700005090000008700001000639000600000,678431925293856147514927386182749563459362871736185492365298714821574639947613258,0,NakedTriples
000000005050000270207006008104200000008010300000000902709150003015037800000008000,841729635956381274237546198194273586628915347573864912789152463415637829362498751,0,XWing
009007040050300700064000010007650008000000590010480600000002000890100030006000051,139267845258314769764895312947653128683721594512489673471532986895146237326978451,0,HiddenTriples
001009300000020005700801600900000102000070000000206074020000000000650030670008000,281569347396427815754831629947385162562174983138296574825713496419652738673948251,0,NakedTriples
350070004000148300000002019070500090104000000502480030005700000200030008700021000,351976824927148356486352719678513492134269587592487631815794263249635178763821945,0,NakedTriples
073140800104007030000005107500000970000501008030020004000600092000052706600400000,973146825154287639268395147512864973497531268836729514785613492341952786629478351,0,XWing
000090000764000000090001020028000070000430000000500003600002709000006048002040600,213694857764285391895371426328169574156437982479528163641852739537916248982743615,0,XWing
004007000080005900219008000600900308000000000300800125000001070900000410000200800,564197283783425961219638754651972348842513697397864125426381579938756412175249836,0,XWing
900000000050020040026800050063000001700350006000100090290003060040200070000090000,934675812857921643126834957563489721719352486482167395295743168348216579671598234,0,XWing
008790000000000080509020006307400092060500073000000008000600030100080007090007060,618795324274136985539824716357468192862519473941372658785641239126983547493257861,0,XWing
000000300900040200040015080400059001065000000800400000070000030296000005080100900,621987354958643217347215689432859761765321498819476523174592836296738145583164972,0,XWing
900045200001807009070100050205000760030000000008090004009004103000050000400900000,986345217541827639372169458295438761134672895768591324659284173813756942427913586,0,XWing
640010008003080400000000700020608050507002000900057040000000090010075030000900174,645713928173289465892564713421698357537142689986357241764831592219475836358926174,0,XWing
000000200004030807200914000000080150000605070005009000600090080400008003090007000,359876214164532897287914536946783152812645379735129648623491785471258963598367421,0,HiddenTriples
570009003000000200200000495920060000060005300000010800000900501000007000640002700,571429683496538217283671495928763154164895372357214869732986541815347926649152738,0,HiddenTriples
000050008690000500008000007800000000000302070000094201000010050040000003012009000,473956128691728534258143697824571369169382475735694281386417952947265813512839746,0,HiddenTriples
000000200006000005000051700000100006900000002304020059000870100200006000035004000,453769281176482935892351764528193476967548312314627859649875123281936547735214698,0,XWing
000304008000087010073050004005700000060001000000520697748900005052070000010000080,126394578594687213873152964285769431967431852431528697748916325652873149319245786,0,XWing
000500000050000000400301006001039070046000000700408090000283007004000019000000080,213596748659847123478321956581639274946172835732458691195283467824765319367914582,0,NakedTriples
057900003020000070000000900270030006009004000000007050640000308000000400080100600,457928163928361574316475982271539846569284731834617259645792318193856427782143695,0,HiddenTriples
000500004200000060080093050050209070002370000060001000000087000037000000624000780,376528194295714863481693257158249376942376518763851429519487632837162945624935781,0,XWing
003700090090000024200006000900400003004000002010050007100003800009000361700080000,853724196691835724247196538928417653574368912316259487162943875489572361735681249,0,XWing
000923001001500060000004000900040070050000600000002080008270005400030800003000007,684923751291587364735614298912846573857391642346752189168279435479135826523468917,0,XWing
500700000030029000070001580301040208600000003000100000000200000000000190802005004,549768321138529467276431589391647258684952713725183946967214835453876192812395674,0,HiddenTriples
100602000000037500090000000605700000980020006070000009000003020030009700000060104,154682397862937541397154682645798213983521476271346859516473928438219765729865134,0,HiddenTriples
000090000170048200009000301010700406580004010000010000000000630037860090600030708,326197584175348269849256371912783456583624917764519823298471635437865192651932748,0,XWing
002410095100000702300006400007100900020700001050062000010000030000600000000084000,682417395194853762375296418837145926926738541451962873718529634543671289269384157,0,HiddenTriples
000108300867050000000000900090000080501000000000490600008060002050000070200007105,945128367867953214312674958694712583521386749783495621178569432459231876236847195,0,XWing
003200050700000090060300008008052604000070200000000501940005000070800000001090000,483269157712584396569317428138952674654178239297436581946725813375841962821693745,0,HiddenTriples
000000400500000020820600030207001000130000005000400000000079000000003079000020608,371295486546318927829647531257931864134786295968452713615879342482563179793124658,0,HiddenTriples
100000000004003500003059800000042001300001427000300000005600070090080000006007000,158426739974813562623759814567942381389561427412378956235694178791285643846137295,0,HiddenTriples
400000060006047500090060000010200000005000401000050039100003040008000700030000600,451928367386147592297365184713294856925836471864751239172683945648519723539472618,0,XWing
010870009003000015020000000000900000504010000360000080000090001000601502007020800,416875239893462715725139468271984653584316927369257184652798341938641572147523896,0,XWing
007036200000080000500200300200753800800000040070900050300007000080001000050000020,917436285632185479548279316264753891895612743173948652321897564486521937759364128,0,XWing
050700001100954080020000540070010400000027003800600100014000290095060000680090000,459782631163954782728136549976315428541827963832649175314578296295463817687291354,0,XWing
600107000002350060000020100050000010100076000200000950008000000940030000500000248,693187524812354769475629183357942816189576432264813957728465391941238675536791248,0,XWing
000600301603070000500800040007010008005900060000086503030000206208000009000005800,879654321643271985521839647367512498185943762492786513734198256258467139916325874,0,XWing
800030000000000081020680930006004000050001020000720000070506400060000000001400206,895137642637249581124685937216354879758961324943728165372596418469812753581473296,0,XWing
940000050000600009008720000006000130400003007000070506000006000030040005080100020,947318652312654879568729341796285134451963287823471596274536918139842765685197423,0,XWing
100090000000030000768000000630005780001020003950000400000508040000000070000063058,123794865594836217768152934632945781841627593957381426216578349385419672479263158,0,XWing
013000000000020001002006940050000017100065090000003800000300000009000270080009006,613954728945827361872136945354298617128765493796413852461372589539681274287549136,0,XWing
003800070060003000010060009009000000400000602080050130000000000502307000030205000,923841576865973421714562389379126845451738692286459137197684253542317968638295714,0,XWing
601008700250600000000000045000300050700020000020090003400006500080200036000080000,641538729259647381378912645894361257713825964526794813432176598187259436965483172,0,XWing
003900000000002100012040000604003028005490000000006400300209000007080004000000850,463915782789362145512847963694173528275498316831526497348259671957681234126734859,0,XWing
030000009290800060000900780001060070500002003006000520000005030815700000000010000,638127459297854361154936782321568974589472613476391528942685137815743296763219845,0,XWing
000974000010360800204000060043800005000051009000000080000005004120000000060000200,836974512519362847274518963743896125682451739951237486398125674127649358465783291,0,HiddenTriples
000080340000000700000300060009003004700008620800504030070600000610000090504091000,265187349391426758487359162159263874743918625826574931978642513612835497534791286,0,XWing
820040060140302070000000340719000000000000000002100058000600980400000000076005000,823749561145362879697581342719458623584236197362197458231674985458923716976815234,0,HiddenTriples
080000001000000600063000042050700000020060300740001000000030056000090024009000000,482673591597214683163985742356729418921468375748351269874132956635897124219546837,0,HiddenTriples
039570010040000000000100060800090000060008500000000670090027400000000300003050082,639572814741863925285149763857694231362718549914235678198327456526481397473956182,0,XWing
000090085400010069060000200000700006000000010630050072084006000090001000300078050,173692485428315769965487231851723946247869513639154872584236197796541328312978654,0,NakedTriples
000706010700100006010029070080061023620000005000000800000008291000640500070000680,859736412732184956416529378985461723627893145341257869564378291198642537273915684,0,XWing
050009000200004000004020035009076002000800070000002693017000200000060347300400050,753619824298354716164728935539176482642893571871542693417935268985261347326487159,0,HiddenTriples
047502000200000300000146070900000700028400000756200804001000005009700000500809000,147532698265978341893146572914385726328467159756291834471623985689754213532819467,0,XWing
084100020000740008090380017600000940301900000050000000200000100005016000000800065,784165329123749658596382417678531942341928576952674831269457183835216794417893265,0,XWing
001003200204507003760100000000600009000009570000000030008000002400010800007200000,581943267294567183763182954875631429346829571129475638658394712432716895917258346,0,HiddenTriples
000070000000905100000081000069000875002000039000800000020000060005014000073006050,541672983738945126296381547469123875812457639357869214924538761685714392173296458,0,NakedTriples
000000000067000203120400000700850000001040080003001050000002160506000920000507000,394278516867915243125436879742853691651749382983621754478392165536184927219567438,0,XWing
000080790080100000700020803014000000900000008008000906000591000209400000070000000,146385792382179465795624813614958327937246158528713946863591274259437681471862539,0,NakedTriples
000005004350600000009000060700030000001048390000900100068000210002100649000000050,176825934354619728289374561795231486621748395843956172468593217532187649917462853,0,XWing
200000008109000002000030000008200005000006000000904810021600000030000079000095060,243719658159468732867532194618273945495186327372954816921647583536821479784395261,0,NakedTriples
107000803620400009000001000900070081008030040500000090000319000060000000300050100,147295863625483719893761452936574281218936547574128396452319678761842935389657124,0,XWing
000030001000004002000001580600020040000500800050907600200000094470260000905400006,597832461816754932342691587689123745723546819154987623268375194471269358935418276,0,XWing
007001000000200067020090000104006029080010400062900070410020008000000001058030600,397461285841253967625798314134576829789312456562984173413625798276849531958137642,0,XWing
730000009000002004060000103003961200800005090000400000608024000000050600000700040,731648529985312764264579183543961278876235491129487356658124937497853612312796845,0,XWing
000006809003007050060503040000000000019060003000138090930000007507000000400002000,754216839193487652862593741348925176219764583675138294936851427527649318481372965,0,NakedTriples
004000073000060000000003900700000040000800000030009000003010800419050030007000092,864192573391765428275483961758321649942876315136549287623917854419258736587634192,0,XWing
000001203500023600000000900094008002000006000700900000000830000405000190068100040,687491253549723681123685974394518762852376419716942835971834526435267198268159347,0,XWing
010000204000704080800002000000000006064020030027090005000059002090100700000008300,716583294932764581845912673589437126164825937327691845678359412293146758451278369,0,XWing
520000400096800700300502006000100860030065000004200070060020009001000000480600000,527916438196843752348572196275194863839765241614238975763421589951387624482659317,0,NakedTriples
417000003200406008000070000001200000060058000004360007000009030000000502000180006,417825693239416758685973124871294365362758419954361287726549831198637542543182976,0,HiddenTriples
070000010900050400040706000018075092000000800390180005500690000100830509060000000,675943218931258476842716953418375692257469831396182745583694127124837569769521384,0,HiddenTriples
000000000010009200009200080002050900900870400030090500001400003703000000045780002,274538619318649257569217384182354976956872431437196528891425763723961845645783192,0,XWing
004000097000090280097000001000060000000723500003405000400036000651800000030070040,824651397165397284397284651512968473946723518783415962479136825651842739238579146,0,NakedTriples
000009500009250003800070040507600410020490008040500200000005090700000620030010800,162349587479258163853176942587623419326491758941587236218765394795834621634912875,0,XWing
152008000800720010007950200000300060080000300020607050078009006090500000210003900,152438697839726514467951283945382761786195342321647859578219436693574128214863975,0,NakedTriples
050009000620030510000010028406000370000000040003008000240100080000605002000090000,851429763629837514734516928486952371972361845513748296245173689197685432368294157,0,HiddenTriples
000070940640100002000800000007000500000001006510900000000000000130000820000096430,251673948648159372379824165967482513824531796513967284492318657136745829785296431,0,XWing
063150000000000010000300008000700000610020000920080007009000045700000923030002000,863159472475268319192374568358746291617923854924581637289637145746815923531492786,0,XWing
100006000000105080090030002043000000600090000900000715300000500000200007062000003,185926374237145986496837152743518269651792438928364715374689521819253647562471893,0,XWing
000000000000570010007000008010409875009013400060000001296000050040090700000000240,451938627928576314637124598312469875589713462764285931296847153145392786873651249,0,NakedTriples
030000000040006000009050130050010092900000807000008500605000700020060041000007020,532189476148376259769452138856714392914523867273698514695241783327865941481937625,0,HiddenTriples
003040000190002840060009000200600035000174602600200400520900000918000000000050000,853741269197562843462389157241698735385174692679235418526917384918423576734856921,0,HiddenTriples
700000210060004900040000005007016000000000320004000800000208000006740003080503000,753689214162354978849127635237816459698475321514932867375298146926741583481563792,0,XWing
089102450001008000200050008004500000008096104000030795800003900062080001010600500,389162457651478239247359618794521863538796124126834795875213946462985371913647582,0,XWing
002000010090007500000005047010630904000709000000000050080400000400003780030090001,752364819894127563361985247215638974648759132973241658186472395429513786537896421,0,XWing
038100040200090080009360100000003801003850090052016000005000307700009400000000068,638172549217495683549368172964723851173854296852916734495681327786239415321547968,0,XWing
020010000000000035000000820010023080005008970400000000900086400007500000004000200,523819746896274135741635829619723584235468971478951362952386417187542693364197258,0,HiddenTriples
040520030500000070010700500250600910000900850000000006000047008900300100800190000,749528631583461279612739584258674913476913852391852746165247398924385167837196425,0,XWing
001000600000760000050001804700080300000090080300004000000000090008076401400020030,271849653843765912956231874715682349624397185389514267162453798538976421497128536,0,XWing
000080047200907000000200060800001320000700500063090070010300400007000008500009730,659183247234967185781254963875641329492738516163592874918376452327415698546829731,0,XWing
000600905001000080759802460047003200000200000216004007000095600000000009020706150,482637915631459782759812463847563291395271846216984537178395624564128379923746158,0,NakedTriples
080006700001000004090004003062400050040000001300000000630701200007000009019800400,483156792251379864796284513162438957948567321375912648634791285827645139519823476,0,NakedTriples
060000004000000008008041950000070030073000601090000000050009000000080010906014080,562893174419567328738241956184976532273458691695132847851729463347685219926314785,0,XWing
100080200020300000980670000602130500000007000058006000000000902270900610000001057,147589263526314789983672145692138574431257896758496321814765932275943618369821457,0,XWing
069120408000000000042090301093002107070308020000700000026003900050080060000000002,369127458718534296542896371493652187671348529285719634826473915954281763137965842,0,XWing
002004800000025000030800010000063500000000090007040002000380000600000009005002064,962134857781625943534879216248963571356217498197548632479386125623451789815792364,0,NakedTriples
340001000000000603800500000000170000000200000090400701703950014000000500060008000,345691278219847653876532149458173926137269485692485731723956814981324567564718392,0,HiddenTriples
800070204700030050500002070000003029050000100006049083000600800091008000000000002,839175264762834951514962378478513629953286147126749583347621895291458736685397412,0,NakedTriples
000000003000001957530009080008610000000970010300800005600207000905060000082000000,497586123826431957531729684758613249264975318319842765643257891975168432182394576,0,NakedTriples
402000003001046200700000000006008304500090070000600000010700000000030056203004000,482975163351846297769312845976158324528493671134627589615789432847231956293564718,0,XWing
009106070007900000001002500300004020020300006100000700600000005000200001490000800,549186372237945618861732594376854129925371486184629753618497235753268941492513867,0,HiddenTriples
000006400001005000500002307700000000300000598006080001000900000200010003003600042,832176459471395826569842317718539264324761598956284731647923185295418673183657942,0,XWing
087006001000000003604000500000645000002000809001800700090000080000409007000000300,987356421215784963634921578879645132462173859351892746193567284528439617746218395,0,HiddenTriples
000000000206403009080000010400008030060100000090042000000016003100300870000750004,547291368216483759983675412475968231862137945391542687724816593159324876638759124,0,HiddenTriples
870030000260107580000000270000001794080000000410200000300008620000000900000064000,875632419264197583931845276526381794783459162419276358347918625658723941192564837,0,HiddenTriples
003020900002006000000830007065008002380002004000750000209000001500017308100000600,753421986892576143614839257965148732387962514421753869239685471546217398178394625,0,XWing
349000107000080050700001006004700000002048090000060030401000500000090060008000003,349526187126487359785931246834759612612348795957162834491673528273895461568214973,0,XWing
000703000000080040061000327006100200050032070070000004000900008947050100080007090,524763981739281546861549327496178253158432679273695814315924768947856132682317495,0,HiddenTriples
209000010007006002000000700450000000300000048000020005900030800032097000000010007,249378516817956432563241789456189273321765948798423165975634821132897654684512397,0,HiddenTriples
098420010300060000000300800030900500700050004000000078070000951400000000100000007,698425713317869245524371869831947526762158394945236178273684951459713682186592437,0,HiddenTriples
970000020204070100005000034400000000020900080000207600360104090090000003000003500,973415826284376159615829734431568972726941385859237641368154297597682413142793568,0,XWing
004700002200009530500021009820070010079000000100300720350000000002008003090030060,914753682287469531536821479823574916679182345145396728358617294762948153491235867,0,XWing
000000590100000200360098000000005000029680050081300000000104000000003000030000709,278416593194537268365298147643725981729681354581349672952174836817963425436852719,0,HiddenTriples
008700006000090400020001700000030010100000070000078900700060030090402050540000209,418725396657893421923641785874936512139254678265178943782569134396412857541387269,0,XWing
007000048010000000000500000002060000800710305000000900070080500600400081030002090,527396148413278659986541732752963814869714325341825976274189563695437281138652497,0,HiddenTriples
000010000000930040340000601057080400200000030100090070900000000000005002000160784,895614327761932845342857691657283419289741536134596278976428153418375962523169784,0,HiddenTriples
030502408090070000400300000004000200000900030000780000040000057560000040120000600,736592418891476325452318976974653281685921734213784569348269157569137842127845693,0,HiddenTriples
000003475000705000080000030200000006000870052008001004104000009000100000095320000,921683475346715928587942631273459816419876352658231794134567289762198543895324167,0,HiddenTriples
670000080000208001000100000009005004060000500400000970100580700000046000008000020,671453289935278461284169357719625834863794512452831976196582743527346198348917625,0,NakedTriples
340060070078000650006000002000409000010000300000100069000040710500721003000300200,342965178978213654156874932637489521419652387825137469293548716564721893781396245,0,NakedTriples
000000002008510900000049100020350000009001000000097250740800501000000000006100470,195738642468512937237649185824356719579281364613497258742863591351974826986125473,0,HiddenTriples
100800002060090700000010030000054390010070508400000000057049000000680000840000000,174835962368492715529716834782154396916273548435968127657349281291687453843521679,0,NakedTriples
200000940000700000000030086304500000028000000750003000809040027100020090070080600,237856941986714253415932786394568172628471539751293468869145327143627895572389614,0,HiddenTriples
003200600080000040050940000020619005000000000900020030000400020000060100032005009,143258697289736541756941283328619475564873912971524836615497328897362154432185769,0,NakedTriples
080000000300500201000064000708000000006002003000940605042001070100000302600000000,984123567367598241521764839798635124456812793213947685842351976179486352635279418,0,NakedTriples
040000010006000002902005060000060008000001030360080100039004050000500800054700000,743628915516349782982175364491263578278951436365487129639814257127596843854732691,0,HiddenTriples
000020063010350000203000000009000004070002000000508001001600000360000048420030006,795421863816359472243876519589713624174962385632548791951684237367295148428137956,0,HiddenTriples
009730060130900070040560000390000000000006010010400200000340105000000600500000007,859732461136984572742561938394125786275896314618473259967348125481257693523619847,0,NakedTriples
000000600021009007306001005000050040000000200010942300000600000030000510070408000,759384621421569837386721495267853149943176258815942376194635782638297514572418963,0,HiddenTriples
000010002710000006058000000102000090670800000000200003820006054000004609000500001,364715982719428536258369417142653798673891245985247163821976354537184629496532871,0,HiddenTriples
700000000010003000200000065000020180090018040000000000008097000030042007050030006,769285431514963728283174965375426189692718543841359672128697354936542817457831296,0,NakedTriples
000000010104087000000050420000008004050043000070600000000000170008905006005010009,527364918194287563386159427961528734852743691473691852649832175218975346735416289,0,HiddenTriples
390201000000830090007000000000003700060020100700050004000004000015060280000000300,396241578542837691187695432258413769964728153731956824823574916415369287679182345,0,HiddenTriples
120000000005040000003006100002070000450690080907000030000000800200000910070420000,128935746695147328743286159382574691451693287967812435514369872236758914879421563,0,NakedTriples
002000000090000418060000070640010030085900000000005000010040600000001703700582040,872134956593726418461859372649218537185973264327465891918347625254691783736582149,0,HiddenTriples
703000004000806000005100060008005001000900030630040050000000900150009003800000410,763592184412836597985174362298365741547918236631247859326451978154789623879623415,0,HiddenTriples
400800090950000020001000000000087000210006030068000702000070201000008000004031000,472865193956143827831792465349287516217456938568319742683974251195628374724531689,0,HiddenTriples
400019030005740090000000000070002000002073106100060000000500600209000300058000007,467219538385746291921358764576192843892473156134865972713524689249687315658931427,0,HiddenTriples
000600008000000000000281400018000750300100000500060004000090200953000000002804300,231649578486537921795281463618423759349175682527968134874396215953712846162854397,0,HiddenTriples
109070200000000080000600003078000000000501000000300600500209300001040050060005002,149873265736952184852614793278496531693521478415387629584269317321748956967135842,0,HiddenTriples
020006001000070005004020006000000590072109300090087000009000000010000008003800040,728546931136978425954321876841632597672159384395487162589764213417293658263815749,0,HiddenTriples
000005814400700005020000000804000370000098020010000400073002090000070000006000080,739625814481739265625184937864251379357498621912367458173842596298576143546913782,0,HiddenTriples
602000000070500009000002301900000000006380050085060002000001000057004600403700000,692813547371546829548972361934125786216387954785469132829651473157234698463798215,0,NakedTriples
274030800059800300083452900020000001008009000301000408002090156005000000000004700,274936815659817324183452967527348691468179532391265478842793156735681249916524783,0,NakedTriples
000500008005002000060000090923600000050000800700013000300020070008040012000060400,437596128195482367862137594923658741651274839784913256346821975578349612219765483,0,HiddenTriples
000300095020009000100500300901000270200000080050420000000040007570003020006000000,647312895325869741198574362981635274264791583753428619832946157579183426416257938,0,HiddenTriples
000060007000001309107000000300008000020090050004005010096040800040080000003600000,459863127682751349137924685315478962728196453964235718296547831541389276873612594,0,HiddenTriples
002005670607040000083060000008100006000080043920070180065020307000000400010000050,142395678697842531583761294438159726751286943926473185865924317379518462214637859,0,HiddenTriples
000000078000807150000902000080205001000090504309000200728009000000100000640000000,214356978936847152875912643487265391162793584359481267728639415593174826641528739,0,HiddenTriples
405002003080007100000030200004000000500078002008043090000000710910600400000000000,465912873283457169791836254124569387539178642678243591852394716917625438346781925,0,HiddenTriples
400000080070000609900700002000000010060002000007490050210005000005900008000008170,452639781871524639936781542529867413364152897187493256218375964745916328693248175,0,HiddenTriples
600009020004001700000000863502000001970000000000004000001570408050000000000086300,685739124234861759197425863542397681973618542816254937361572498758943216429186375,0,NakedTriples
000000600003007002902000053000034900300105000709000000000012006000000000065900807,574329681613857492982461753128734965346195278759286134897512346431678529265943817,0,HiddenTriples
600240000070003095800900000900010060010000004000050089407320000130000800020000007,695241378271863495843975216952418763718639524364752189487326951136597842529184637,0,NakedTriples
075000100020301000000000002000000009000700001060004007100003080009050070000086003,375829146924361758618547392783615429492738561561294837146973285839152674257486913,0,NakedTriples
879040000040900000000600010001020008000009006490800050620700000010005000700000305,879341562146952873532678914361527498258419736497863251625734189913285647784196325,0,HiddenTriples
903001208010080046000600010000000050650030000000040090800270000500100000090008700,963451278215387946748629315389716452654932187127845693831274569576193824492568731,0,HiddenTriples
002008009060900050000000800090280605000005100010400008300060040050012360000000000,732658419861974253549123876497281635683795124215436798328567941954812367176349582,0,HiddenTriples
890000000000024680200010000000000010100783000604050800000031020001500000000040003,896375241513924687247816539789462315152783496634159872475631928321598764968247153,0,HiddenTriples
300000005012005060000400070950004800040900603800700009100020000090000000003819000,384276195712395468569481372956134827247958613831762549175623984698547231423819756,0,HiddenTriples
000430780000007013040000060002603940004000001800700000320000006000005000901008000,195436782286597413743812569512683947674259831839741625328974156467125398951368274,0,NakedTriples
004000001205104300900207050000800200600000910098500700000700080020009000001040000,764935821285164379913287456437891265652473918198526734549712683826359147371648592,0,HiddenTriples
000000001000020390001700000120000905698003020030000040063074000000080000000006809,249635781576128394381749256124867935698453127735291648863974512917582463452316879,0,HiddenTriples
004203076500904000106070409050000003009030004000000910307020000000841000001000200,894213576572964381136578429458192763219736854763485912387629145925841637641357298,0,NakedTriples
600004090007000802000000000300900050005020060200071000030000006410080000508090100,623814795157639842894752613341968257785423961269571438932147586416285379578396124,0,HiddenTriples
000000090003062105510000000100000630004700009200050007706900000000004068400000300,648517293973862145512349786157298634864731529239456817786923451325174968491685372,0,NakedTriples
000000003260005001009800562070090000000600800043008006000000050590030070002000000,851926743264375981739814562678192435125643897943758126317289654596431278482567319,0,HiddenTriples
001826000700000500800040000000070000000098205000500106500007008020000001007900000,351826497746319582892745613465271839173698245289534176534167928928453761617982354,0,HiddenTriples
107000200000000000006400000008004000040000050031950007000861509200507040000000060,187695234594123876326478915758314692942786351631952487473861529269537148815249763,0,HiddenTriples
090000056001406002200070080000000025000700000460020000100590040000300000003004001,394182756871456932256973184718639425532741869469825317127598643645317298983264571,0,HiddenTriples
400006050000130900005080000210070000000010700500960080000800600000700013082000400,438296157726135948195487236219378564863514792547962381971843625654729813382651479,0,HiddenTriples
000203600007005008030000050140030000000000570090080061000000000000140280000008014,581273649467915328932864157145736892628491573793582461814629735359147286276358914,0,HiddenTriples
000014500000800034000000060402308600000000000700690000084005000000102000003040089,368214597527869134941573862492358671816427953735691428284935716679182345153746289,0,NakedTriples
070900400200008300000000070830071006460030000100002008000300000509000200000000810,371956482256748391984213675832571946465839127197462538618324759549187263723695814,0,HiddenTriples
000000000200500804071036000010087000006204000000100002000050903950000040000000580,385942716269571834471836295512387469736294158894165372147658923958723641623419587,0,HiddenTriples
430800000000170002009000000000700053000001000046003000980020570070000000000400120,432865791865179342719234865198742653327651489546983217981326574274518936653497128,0,HiddenTriples
000090060000014007000206038700000000060400520080900071804000000120000000039005800,258793164396814257417256938742531689961487523583962471874629315125348796639175842,0,HiddenTriples
070000000000000320600200075900003000060005700581000000016048000000060004000020083,275934861148756329639281475927613548463895712581472936316548297892367154754129683,0,HiddenTriples
069030004000000070104000005600000240000005000000092000380010002000040300200600010,869537124532184679174926835695871243428365791713492586386719452951248367247653918,0,HiddenTriples
036000502009002000050000970300017400005004069000000000000600000040020100970400600,136798542789542316254163978362917485815234769497856231523671894648329157971485623,0,HiddenTriples
000094030000003200000010500000000000062700000401005000050007008090600001200080690,715294836648573219329816547583129764962748153471365982156937428894652371237481695,0,HiddenTriples
204000060081000900000000020000068205030100000000090006008500000105004000000700308,254973861681245973793681524917468235836152749542397186368529417175834692429716358,0,HiddenTriples
000384000608907010090000000400500001310092040052100070500030000000800007000000692,125384769648957213793621458487563921316792845952148376579236184264819537831475692,0,HiddenTriples
003006000900001004200008070000090600000007000068000100000000001050009000401050380,543976812987231564216548973124895637395167428768423195639784251852319746471652389,0,HiddenTriples
008090003200600005100020080600080000000200070004000100060000000000000304907050002,548197623273648915196325487651783249389214576724569138465832791812976354937451862,0,NakedTriples
800000075092800006000000000000000007500001064040060309009708003008050000001004000,814236975792845136635197842926483517583971264147562389269718453478359621351624798,0,NakedTriples
004030052050000000090600017528000000700001006600080000000009700070002060300040000,164738952257194638893625417528976143739451826641283579412369785975812364386547291,0,NakedTriples
004000000000083001396002000080064000000700100009010600003050008900000010040030907,814597326257683491396142875182364759635729184479815632763951248928476513541238967,0,NakedTriples
000000000357000002080740000000000100006050090000103800000000007700900060294006050,641382579357619482982745613528497136136258794479163825863521947715934268294876351,0,NakedTriples
009570600700400000501003004000007000008000791000840005020008006005090000000600250,489571623732486519561923874956137482348265791217849365124758936675392148893614257,0,HiddenTriples
000030000206005000000086904507100300001009060040000700005010080070000002020000030,459731826286945173713286954567128349831479265942563718395612487178354692624897531,0,NakedTriples
000070290000094001000010000010000070620001008004830000042000003005040000170003065,531678294287394651496215837813462579629751348754839126942586713365147982178923465,0,HiddenTriples
000403060000200840000560002000678009014000000080000700002090000040005000801000000,129483567675219843438567192253678419714952638986341725562894371347125986891736254,0,NakedTriples
000001000060050840002003000080090700490000200050300000000000607009740500500200000,945871326367952841812463975283195764491687253756324198124539687639748512578216439,0,NakedTriples
000005009000009738490030000000060800720400000100000402007003100050080200000900000,273815649561249738498736521934162857726458913185397462847523196359681274612974385,0,NakedTriples
080907002000860010000005000020000040905402030003000600001000305000070000708009000,386917452572864913419325786127693548965482137843751629691248375234576891758139264,0,HiddenTriples
000010000900020080000007014060900008002036000010005006000000000147000050300060200,734518962951624783628397514563942178872136495419875326296451837147283659385769241,0,HiddenTriples
600000001007420000000060005800000050000000406150002083080001000000030000546009000,625897341317425698498163275869314752732958416154672983283741569971536824546289137,0,HiddenTriples
090100085000058400000006001210400000000000700978000060003600000020090053000040000,692174385731258496854936271215467839346589712978312564183625947427891653569743128,0,HiddenTriples
030064002500032007006000300009000010100000703305007040700800051000000970090001038,937164582584932167216785394479328615168459723325617849743896251851243976692571438,0,NakedTriples
507020090003000006046037500000000000291560030604000000000010000000200309002706010,517628493823459176946137582735982641291564738684371925469813257178245369352796814,0,NakedTriples
030700010000000000000154000060000208075040100001600300006310700000000602400080000,538762419614938527792154863369571248275843196841629375926315784183497652457286931,0,NakedTriples
000800030060000007000570009002010500400000000901023006100009402603080000000000070,297841635865932147314576829732618594486795213951423786178359462643287951529164378,0,NakedTriples
800092000100050008000000500000070163000000005601400002008009000200000001310860007,845192376193756428726348519482975163937621845651483792578219634264537981319864257,0,NakedTriples
780600030510309700003020000009000041470000080100050009900000400000045006000006007,782614935514389762693527814269738541475961283138452679956173428327845196841296357,0,NakedTriples
500708060097050000000000000001000090060005000000900803004002005005107000070006084,543728961197653248826419357731284596968375412452961873614892735385147629279536184,0,NakedTriples
700000000005100700009003600000020090004651003026000800080004000002000010003006005,738965124465182739219743658371428596894651273526397841987514362652839417143276985,0,NakedTriples
809020630000800000040000075657000000000000900000000001003042000020709010094030000,879125634365874129241396875657918342418253967932467581183542796526789413794631258,0,NakedTriples
000708400000000000000940021691000080407006005800000000300000650005004200009600800,532718469914562378786943521691435782427896135853271946378129654165384297249657813,0,HiddenTriples
000509130009000040000007002004962000070000000000000000000001008130000060090685007,847529136329816745651437982514962873273158694986743251765391428138274569492685317,0,HiddenTriples
005000908000000000000610730100000000038050009600800103800100050000705002070006300,765324918913578246284619735127963584438251679659847123896132457341795862572486391,0,HiddenTriples
800009000000006002001530700000070064930000500020000090480000000000021076000000800,873219645549786132261534789158973264937642518624158397482367951395821476716495823,0,HiddenTriples
000020060000000003002700490000400508020038900400900000000090071030000004700100000,514329867879645123362781495693472518127538946485916732256894371931257684748163259,0,HiddenTriples
600200007009600081847000300200010004410938070090000100160070000003060005502000000,651283497329647581847159362238716954415938276796524138164375829983462715572891643,0,NakedTriples
005090730060000001102048590000000000403002100000804960000250000031700040000400009,845196732369527481172348596618935274493672158527814963984253617231769845756481329,0,HiddenTriples
000000000007003000516008002000500708400090105005087000340000500000002060801000004,234659817987123456516478932623514798478396125195287643342761589759842361861935274,0,HiddenTriples
000000000000060240600028050080050060003000010050090307070900100030000408500700000,325471896718569243694328751187253964963847512452196387876934125239615478541782639,0,NakedTriples
000002005091300004000940800600000000308050200002000001000800003000007049106000020,864172935291385674735946812619238457378451296452769381927814563583627149146593728,0,HiddenTriples
900020300085100000030004205040280001002005009000090000000000000003000060058070400,964528317285137946731964285349286571872415639516793824627349158493851762158672493,0,NakedTriples
068300140030000600940000000000080900003007000100000052000006000009103000070429003,768392145531748629942615378457281936293567481186934752314856297829173564675429813,0,HiddenTriples
009000050400100030605000190000230070000006840000000302000900000200008000386007000,819673254472195638635824197948231576123756849567489312751962483294318765386547921,0,HiddenTriples
200075000300000090000936000000047000400009013006100408620000000004600500570001000,298475361365218794741936825132847956487569213956123478623754189814692537579381642,0,HiddenTriples
050704000096050042000000000008090050000000070020001006040300000009008031070400005,152784963796153842483962517638297154914635278527841396845316729269578431371429685,0,HiddenTriples
062400000010000720800070004070000002005030000006058000000900800300000160047080000,762415938514893726893672514978146352425739681136258479251967843389524167647381295,0,HiddenTriples
070609000000000902090040600007003000025007800008000057016002009700090000200700038,872659314654371982391248675467583291925417863138926457516832749783194526249765138,0,NakedTriples
090050600200000800070430000409600002001000900000005000900000076002006030030082000,198257643243169857576438129459613782321874965867925314985341276712596438634782591,0,NakedTriples
060070000030000092005400008000030000001000300020500804300024000800100020000800005,268379541134685792795412638486931257571248369923567814359724186847156923612893475,0,NakedTriples
050000764000007000000000050200700405900850000000019030340260000002000000890000640,159328764486597321723641859218736495934852176567419238341265987672984513895173642,0,NakedTriples
280030010107000020009000006870050000005000001460002800000410002500006080712380004,286734915147569328359128476873651249925843761461972853698417532534296187712385694,0,HiddenTriples
406501302009640000050032600000000200007000060025900810010008020008025000000400000,486591372239647158751832694893156247147283965625974813514368729968725431372419586,0,HiddenTriples
081009007005000012600000000060301200000002803000400001000070900000908005030060024,381629457795834612642517398567381249419752863823496571154273986276948135938165724,0,NakedTriples
007009100010708300200600900001340006800900030004000001000800000600070049080000005,537429168916758324248631957791342586865917432324586791479865213652173849183294675,0,HiddenTriples
000100007209030004500048030305900006000000000900020010703810500000000020400005003,834192657269537184517648932375981246142756398986423715723814569658379421491265873,0,NakedTriples
048100000000002000601000580000230740400000010030006000090050800100008060000900007,248175693359862174671394582815239746462587319937416258794653821123748965586921437,0,HiddenTriples
000000070800409500000150000530000000000700002971060000050900041086000300704300006,415638279867429513329157684532841967648793152971562438253986741186274395794315826,0,HiddenTriples
030000002001005480500094010600003701004070056000000000700000920020007005060008000,439781562271365489586294317652843791394172856817659234743516928128937645965428173,0,HiddenTriples
000750000004009005300000080000000070060300100000020304800000000001502407429000000,286751943174839625395264781943615872762348159518927364857493216631582497429176538,0,HiddenTriples
020000005000702000809010003080000090700000406000400008093000100000040509000600040,327984615516732984849516723684375291731829456952461378493258167268147539175693842,0,NakedTriples
000804300010700000006020001500000030090000705002000010405297000300000070000003002,259814367813756294746329851587142936194638725632975418465297183328461579971583642,0,NakedTriples
460100300000072000000004900070000600090780030210506000000090007040000800320400060,467159382935872146182634975874923651596781234213546798651398427749265813328417569,0,HiddenTriples
300000906097400000001000008000320000009050070800704029080006000006000401000003007,328517946697438512541692738174329865269851374853764129785146293936275481412983657,0,HiddenTriples
006002000400000010009005040005910800900520000060000000000307002042050001500000309,156432978423798516879165243735916824918524637264873195691387452342659781587241369,0,HiddenTriples
704000030010040002000600500000007000000900100200306008920000007081000460030000001,754128639613549782892673514169287345378954126245316978926431857581792463437865291,0,HiddenTriples
000040000000009000301005000700090610050003007000002049097000008800000300502800001,978246135245139786361785492724598613659413827183672549497351268816927354532864971,0,HiddenTriples
000000500305021007190080000000000001000006300000090250027800009600740802009000000,274963518385421697196587423562374981918256374743198256427835169651749832839612745,0,HiddenTriples
090100005700004000023095070000047800000000037000256100002000000100009000500000420,896172345751634982423895671219347856645981237387256194972468513134529768568713429,0,HiddenTriples
060000430405070000010000000030820000657000020008000103000042910000000700200065080,762591438485273691319486257134829576657134829928657143876342915543918762291765384,0,NakedTriples
048000020100000004700030008960400000010009000004080000000360000027000000400290307,648915723139872564752634198965423871813759246274186935591367482327548619486291357,0,HiddenTriples
004000030305700000060000007040012000000006005027005000908001200100207348000000500,714568932385729614269134857543812769891376425627945183938451276156297348472683591,0,HiddenTriples
000006000082940070450000300830000901005004700010590200008000010000010400043009008,971326845382945176456871392834267951295184763617593284768432519529618437143759628,0,NakedTriples
000030002601070000002901605000709050007080203800000900000250007100806000200000500,549638712631572849782941635316729458957184263824365971468253197175896324293417586,0,NakedTriples
000000409008100000200706003300000010059000000080410057000030200003021040000504800,516382479738149562294756183347295618159867324682413957475638291863921745921574836,0,HiddenTriples
704609000900007000260400700000800050301000026000004001000000008003200000409000500,734629185918537642265481739697812354341795826852364971576943218183256497429178563,0,HiddenTriples
520900003090401000300000000060003005070200800000000302040006000000008000002700069,524987613698431257317652984269873145173245896485169372941526738756398421832714569,0,HiddenTriples
000325006901000000030000000004503690000001000000000480020100003807006200000200069,748325916961847325532619748174583692286491537395762481629154873817936254453278169,0,HiddenTriples
000607010571000008000000400050023000014079002900480000000000009000000020849060300,483697215571342968296851437658123794314579682927486153162738549735914826849265371,0,NakedTriples
000020301951803004080000000000002007000000400300040029000000010040000800096500000,674925381951863274283417695418392567729156438365748129537284916142679853896531742,0,HiddenTriples
600000007059000041000400968003040090000000010080206050000501003302970000000002009,614829537859637241237415968523148796496753812781296354978561423362974185145382679,0,NakedTriples
005000004970006003008200100040710000590003000000080000000054009069007030000000000,615378924972146853438295167843712596591463782726589341387654219169827435254931678,0,HiddenTriples
000000700090010000004800003019760040007000000842100000000000029000005001738900006,185634792293517684674892513319768245567249138842153967451376829926485371738921456,0,NakedTriples
400065000205000000086000000007406300000020501000003096300200080009000000000750100,431865972275149863986372415597416328863927541142583796354291687719638254628754139,0,HiddenTriples
340700600008069000920003000060021080000006000000950000000100205000000003071300000,345718629718269534926543718563421987197836452482957361639184275854672193271395846,0,NakedTriples
000000400040070002000190000000600349100030050000000007407200003030008600095003000,719382465348576912526194738852617349174839256963425187487261593231958674695743821,0,HiddenTriples
017080400008000070306090000000070001000800000060000092000000065020500000150030200,517386429298145376346792518485279631932861754761453892873924165624517983159638247,0,HiddenTriples
600000000000003005000018670901000000200006410040000082000007003090400500052000004,629754831817693245534218679971842356285936417346175982468527193793461528152389764,0,HiddenTriples
021700080000960000000820000090000070800400950040090002007000300309150600410070008,921735486738964215564821739695283174872416953143597862257648391389152647416379528,0,NakedTriples
500000000000008095089000600030026700000100040006030010600000001001270009002000400,513692874267348195489715623134926758928157346756834912675489231841273569392561487,0,NakedTriples
060700810058010000009000000000050004010000370400302006000000400082000000000500069,264793815758214693139865247623157984815649372497382156576931428982476531341528769,0,NakedTriples
005200600009004035100000800050007000603080000090050004008700200061040500000000000,375218649289674135146593827854327916613489752792156384438765291961842573527931468,0,NakedTriples
080720001000800507006003000009000080000000604020400003001200700500000316008007000,385729461294861537716543829149376285853192674627458193961235748572984316438617952,0,NakedTriples
230508000000020000600409000001000070003090500589000340800000050000102780006050400,237518964194726835658439127461385279723694518589271346872943651945162783316857492,0,HiddenTriples
000905068290008030080040090038000700000100006760080021005006000000000602621300004,417935268296718435583642197138264759952173846764589321875426913349851672621397584,0,HiddenTriples
001096000289043000000000200040000700000009000908030042060000008800070050017004000,471296583289543167635718294146825739723469815958137642362951478894672351517384926,0,NakedTriples
000002000170000000305600000068059040004000280700000600000090300053020960000040050,846972531172435896395618472268159743514763289739284615681597324453821967927346158,0,HiddenTriples
400000506090000000750800900000008040040079030300650807030000000000087310008200000,483912576192765483756843921679328145845179632321654897537491268264587319918236754,0,HiddenTriples
300000000500270000040005000000700008000002070810000300000060020072510090106000003,329641587561278439748395261295734618634182975817956342953867124472513896186429753,0,NakedTriples
000209700001780040500000000000300006082000010600000090025000080003400007000030002,468259731291783645537164829159348276382976514674512398725691483813425967946837152,0,NakedTriples
090040053400000600000009000704002000200700004006008001020500400053000062000010000,891647253472135698365829147714352986289761534536498721627583419153974862948216375,0,HiddenTriples
003009186000060400000000007001032000000900034080400000050080002706000300008006050,273549186895761423614823597941632875567918234382457619159384762726195348438276951,0,NakedTriples
041029005000605000000010048000000021350002400000700000603004050070000000009000860,741829635832645719596317248967483521358192476214756983683974152175268394429531867,0,HiddenTriples
039000602005000400000002500000037004007900000420600300050200000008001000900000010,839415672275369481614782539596137824387924156421658397153276948748591263962843715,0,HiddenTriples
000007000008000004090100360000070000200045080380900050000010000040509007935004000,623497815518632974794158362451876293269345781387921456876213549142589637935764128,0,HiddenTriples
000000320000007000000032070000000090074100000369004000090000000800001605010600400,751946328932817546486532971128365794574129863369784152693458217847291635215673489,0,HiddenTriples
200100089005630000800009000000300005980012607060090000000000090051000200000003400,246175389195638724837429156712386945984512637563794812478261593351947268629853471,0,NakedTriples
006004003400300800030070000500030160000045008007610000093000050000000200700200096,856124973472369815139578642524837169361945728987612534293786451615493287748251396,0,NakedTriples
000071006100000050004000083000300040050082300009010008010000025020000000906030000,583471296192863754674529183861357942457982361239614578318796425725148639946235817,0,HiddenTriples
068000750030060000400000000006750000954000020300200010000500469000040000000801000,168932754732465198495187632216758943954316827387294516821573469573649281649821375,0,HiddenTriples
000100050000070009004390007000000002060400570052000080000080010075020060600007008,297164853536278149184395627741856932968432571352719486429683715875921364613547298,0,HiddenTriples
360000098500060070078000010000001080030000205400000700000010000800036050700025006,361247598594168372278593614625371489137489265489652731956714823842936157713825946,0,NakedTriples
006030027070000900000800000020090000010004062000008001000503400091026080400000000,846935127175642938932817645628391574319754862754268391267583419591426783483179256,0,NakedTriples
000100090080304007000005003040030009190000500027890000001000060002409308000000005,375128694289364157614975823846531279193247586527896431451783962762459318938612745,0,HiddenTriples
800300010020000805060000000280000507000400030000600204000050000690001000073240000,845392716329167845167584329284913567756428931931675284412859673698731452573246198,0,NakedTriples
002001900000000080090300000800000000063012005005000071001050020400026000006004007,732481956154269783698375412817543269963712845245698371381957624479126538526834197,0,HiddenTriples
400700005000006000007043080800000052039600040200000030710000000003000004540082000,492718365381256497657943281874391652139625748265874139718439526923567814546182973,0,HiddenTriples
820090500090000030000720000009001060560000009000300050600000094000002000002010007,824693571796145832135728946489251763563874129271369458618537294347982615952416387,0,HiddenTriples
000700030004013920010005070600070300900000000007200000800900160006042000040001000,598726431764813925213495678685179342921354786437268519852937164176542893349681257,0,HiddenTriples
200000400000008020030000000000900300010400000300050164020600000780001000600090570,257169483961348725834725916472916358516483297398257164125674839789531642643892571,0,HiddenTriples
560007000073068400009030000000002000302000091150090008005200600000070000004050007,561427839273968415489135762897512346342786591156394278715249683928673154634851927,0,HiddenTriples
400702000060090000000603009043809000501020000000000500104205008007081004300000020,439712685762598431815643279243859716571426893986137542194275368627381954358964127,0,HiddenTriples
001008000670010009408000010007203008006000040040060700500000002002006097030000400,321598674675314829498672315157243968986751243243869751564987132812436597739125486,0,NakedTriples
010070004000004018000019000003040900002000070600005020040030000700060080900007000,518273694329654718467819532853742961192386475674195823246938157735461289981527346,0,HiddenTriples
100000702000082030000400000400009070093607000007005000002000090000300016608000400,184593762976182534325476981451239678893647125267815349512764893749358216638921457,0,HiddenTriples
040500810100000000095000030000200007400090005003640090007003250000100000008060000,342576819186329574795814632859231467461798325273645198917483256624157983538962741,0,NakedTriples
000020000008300705060090034032004179040007056700000200000000010603000000007500600,375428961498361725261795834532684179849217356716953248924836517653179482187542693,0,NakedTriples
000400850000020107800300900021040000000000000050009702000004000203697000008050090,192476853435928167876315924921743685387562419654189732569834271213697548748251396,0,HiddenTriples
063000020200030008000000090000570000020900010609001070090003002071006000000080000,963854127217639548458127396134572689725968413689341275896413752571296834342785961,0,HiddenTriples
000007030900600420208040000104000057600005001002900000000050800000000002030000070,546297138973618425218543769194862357687435291352971684429756813761389542835124976,0,HiddenTriples
090012000006000008800009400000070000000000502030020061000000000000148070327000000,495812637276354198813769425542671389761983542938425761184237956659148273327596814,0,HiddenTriples
000008103000000000006301540000420097000000000067590000010080000800204000709000004,572948163341652978986371542158426397293817456467593821614789235835264719729135684,0,HiddenTriples
063070009040000000900406058006000004030005000000130007207000000000009700000050890,563872419148593276972416358756928134431765982829134567297381645385649721614257893,0,NakedTriples
000000007001063008040091000000000300200004070109600805036000900000000050000008001,692485137751263498348791526465879312283514679179632845536127984817946253924358761,0,NakedTriples
002078000030600400000003002000905080405060030001000000609000005000000723000700006,562478391137629458948153672726935184495861237381247569679312845814596723253784916,0,HiddenTriples
900002000400001603000698000007000500000020000000009024500003068060900000310500000,956432817428751693731698452297364581143825976685179324579243168864917235312586749,0,HiddenTriples
600000000050000230000080509760030000003920000000600100008200040000050000570000386,627395418859164237431782569764531892183927654295648173318276945946853721572419386,0,HiddenTriples
140000000965000300007006051300000070509800206000300800201600000490512000000080004,142953687965178342837426951386291475519847236724365819271634598498512763653789124,0,HiddenTriples
032089000509001030000070000600000490078000000910000007000000000800260504000040076,732589641569421738481376259653817492278934165914652387146795823897263514325148976,0,HiddenTriples
000000034000000200072000010040030000090800320030100056007002901000001000004750000,169528734483917265572364819745236198691845327238179456357682941826491573914753682,0,HiddenTriples
000035900070400605000000000503200700700000000820010046000850002001000098000060107,186735924372498615495126873563249781714683259829517346937851462641372598258964137,0,NakedTriples
000000000200103047010040020000000000060210008000700900004005670300000800005300400,437529186296183547518647329751938264963214758842756931124895673379462815685371492,0,HiddenTriples
150600000000800600309005002000400800000006040400000920601000700900000001000002030,158629374742813695369745182296457813813296547475381926621934758934578261587162439,0,HiddenTriples
000008300907100002003090006000001000849000200002004008200006007000030000006500400,521678394967143852483295176675821943849367215312954768298416537154732689736589421,0,HiddenTriples
000009004004030700000060529900803000300002070067100000402000080000000005680500010,216759834594238761738461529921873456345692178867145392452917683179386245683524917,0,HiddenTriples
165008007080000006020000009700020300300500090040000070090705008000204000000600004,165948237983172546427356819756429381318567492249813675694735128571284963832691754,0,HiddenTriples
690820000400060300020054006000008075008000002004700800030100000060002000500000001,693827514485961327721354986316298475978543162254716893832175649169432758547689231,0,NakedTriples
400000080002000603090800040000500000039007004000008927000060108000720000000300000,413276589582149673697853241874592316239617854156438927725964138368721495941385762,0,HiddenTriples
071902000000010000000307000004690010030000400000000856407000003090006002008100000,371952648962418735845367291284695317536871429719234856427589163193746582658123974,0,NakedTriples
007000300805000001000607890000100608001006500043000002000000020000800100320090700,497218356865349271132657894579124638281936547643785912718563429954872163326491785,0,NakedTriples
000000050000300000008090040000050030050700160090006200014000000075060400600001780,943827651567314829128695347786152934452739168391486275814273596275968413639541782,0,HiddenTriples
009000803000000050002401000920600005087000000000005007040830260070160000003000000,459726813716983452832451796921678345587394621364215987145837269278169534693542178,0,NakedTriples
000503026006080000030069000000007003000000908040030000050090100702004030310700602,491573826276481395835269714168927453523146978947835261654392187782614539319758642,0,NakedTriples
005020900230000000070000000800100000000900030600000078000510400100600000006700105,465827913238491756971356842823175694547968231619234578782513469154689327396742185,0,NakedTriples
200005600000100000004920030900004070007390400000006002082700016700000008051000000,279435681538167924164928537926514873817392465345876192482759316793641258651283749,0,HiddenTriples
806000300007010000040000000690020000000003060302500089000108000053700004000000052,816295347237614598549387621695821473481973265372546189724158936953762814168439752,0,HiddenTriples
009500600046780000000000307800005010003900000210000009007004002000000001000300050,179543628346782195582169347894675213763921584215438769657814932938256471421397856,0,HiddenTriples
003806000000094008840000316000003004300970800700000000060000271000500000900020000,253816497176394528849257316692183754314975862785642139568439271427561983931728645,0,HiddenTriples
000650070103000800050000004000000100000069083030010007070000030060007200901240060,498651372123974856657328914846735129712469583539812647275196438364587291981243765,0,NakedTriples
060800271000020000090670080009760005300080000001030046070000034000000002510000000,463895271187423569295671483849762315356184927721539846978256134634918752512347698,0,HiddenTriples
002000046008090500000002001050060000109000034400000010000000000004180073071209000,732815946618394527945672381853461792169527834427938615286743159594186273371259468,0,HiddenTriples
003250070000009000050100000004000600802040090007000300100700030000600004000920867,463258971781469253259173486534897612812346795697512348126784539978635124345921867,0,NakedTriples
050796400400058300109000700001000600920007000600400030000020908005300040000000000,352796481467158392189234765541983627923567814678412539734621958815379246296845173,0,NakedTriples
006090050000600207053070001400000080090400002000130000900000000700320106000000508,176293854849615237253874961421967385397458612568132479914586723785329146632741598,0,NakedTriples
009080000050003006000005002000000200000710040008000097096000001540001300100502600,629187435854923716371645982715439268962718543438256197296374851547861329183592674,0,NakedTriples
070004902402000500901000030000936001060000003000700400009870600000000000000065380,876354912432189576951627834248936751167548293593712468329871645685493127714265389,0,HiddenTriples
786000000005000002009600040002800003000010000000090500060001054078300000010007306,786142935145739862329658147692875413857413629431296578263981754578364291914527386,0,HiddenTriples
002043000007050402501000007070006001004020000020000390000009060000070000000600010,982743156367951482541862937873596241194328675625417398718239564436175829259684713,0,HiddenTriples
000000029009001004000703000300087000050000300007100050001000000842900000000204600,136845729789621534425793861314587296258469317697132458561378942842956173973214685,0,HiddenTriples
040027300003060590600000007050200719000000030000000006080040000006000070100085000,941527368873164592625398147458236719269871435317459286782643951536912874194785623,0,HiddenTriples
000030090640000080000870200010500070307601800500040000001000003000400000080900060,872136495643259187159874236416528379327691854598347621261785943935462718784913562,0,NakedTriples
010906000000005070000307900006009018700000003500100024009000002004003000678000000,817946235932815476465327981246539718781462593593178624359784162124693857678251349,0,HiddenTriples
062080000070000300500009000900024060040000000003070010010007403000065100000000085,462583791179642358538719246951324867746158932823976514615897423384265179297431685,0,HiddenTriples
010050000020008300000030607000000050002705001109000200030000500001000009007004006,713652894426978315895431627678219453342785961159346278934167582561823749287594136,0,NakedTriples
090630400130002800000000070200008345000000000000010200300050900920003500640009000,798631452134572869562984173216798345873245691459316287381457926927863514645129738,0,NakedTriples
204003010000000000000420803408000090050049200702016000300000004500060120900000060,274983516835671942169425873418532697653749281792816435326198754587364129941257368,0,HiddenTriples
400010570009072400050008006801007900000000800902003000000900618000130000000000000,483619572619572483257348196831467925765291834942853761374925618598136247126784359,0,HiddenTriples
096000800000000041150090000809060000000009000000704280000001700003600000028050106,296147835387526941154398672879265314432819567561734289645981723913672458728453196,0,NakedTriples
504700000000028075000630004607002903150000000000000800000080000860040002905000008,524719386396428175718635294687152943153894627249376851432581769861947532975263418,0,HiddenTriples
000900012004013065060072000005000000300005026400008007800000051010007200009000600,753946812924813765168572943675234189381795426492168537847629351516387294239451678,0,HiddenTriples
400300000500006120020001008800074006009500007040000000002000000760409000000250600,418325769573896124926741358851974236639512487247683591382167945765439812194258673,0,HiddenTriples
000008460000070003008500907607230000130005000250000006700000039425000000000106000,971328465562974813348561927687239154139645278254817396716482539425793681893156742,0,NakedTriples
741000000000000005080700600100502900000109006000000300200000070907016020400300000,741653892396284715582791634134562987875139246629478351263945178957816423418327569,0,NakedTriples
000003901000010000067059300098000002400000053002000600080000000200530004003740000,845623971329817465167459328798365142416982753532174689684291537271536894953748216,0,HiddenTriples
009000800010630029000000001000502000040010000035409002704000008050070030020000010,369241875517638429482795361976582143248317596135469782794123658851976234623854917,0,NakedTriples
009000076030000000000690520008002705006850010000410800020100000097040008000009030,289531476635724981471698523318962745946857312752413869823175694197346258564289137,0,NakedTriples
000000000020070504100080200000000058060000000300900706007800045004005370090006000,476532981829671534135489267942367158761258493358914726217893645684125379593746812,0,HiddenTriples
000060010007930005000700300001004609050000000600800020009000400100008090020090006,238465917417932865596781342781254639952316784643879521369127458175648293824593176,0,HiddenTriples
000000004065200000020080090400109038000005000006000702083596000000400070009000000,817953264965214387324687195472169538138725946596348712783596421651432879249871653,0,HiddenTriples
000002007000000016040006900003040600400069020100028005060180700038007000007000000,651932487389475216742816953823541679475369821196728345564183792938257164217694538,0,HiddenTriples
301000050700000008006003000007200910009700005050801003000002070000009006000510200,381947652794625138526183497837256914169734825452891763948362571215479386673518249,0,NakedTriples
095000807006040095700000000080004152000601300000030000002000000070850000058300009,195263847836147295724985613683794152549621378217538964362479581971852436458316729,0,HiddenTriples
700000030050009012000405000300280000210000084005390270007008000000903600006000048,742816539658739412193425867374281956219567384865394271527648193481973625936152748,0,HiddenTriples
100820700000590003060000000600350004500604930004009060070000009008000002002030000,193826745247591683865473291689357124521684937734219568376142859418965372952738416,0,NakedTriples
070008300900200000002000005000987002000000903400002060050010000000809006700053089,674598321935261847182374695563987412218645973497132568859716234341829756726453189,0,HiddenTriples
001000000050060000408300000005000000700006002300900450006213870070604100200000060,631429587957168243428357691195842736784536912362971458546213879873694125219785364,0,HiddenTriples
000065700070001650000720004000270400420003000700009000059080000000000001803000090,184365729372491658965728134598276413426813975731549862259187346647932581813654297,0,NakedTriples
370060000400900010000037005006000800040000000008076092102000000090020300004000009,379561284465982713281437965926154837743298156518376492132649578697825341854713629,0,NakedTriples
050000000002500000973001000500006384000000500008400791100040009389610005040908030,456732918812594673973861452591276384734189526268453791127345869389617245645928137,0,NakedTriples
000005200080090070006081304000508030000100400000070805403007020100003007009000600,317645298584392176296781354641528739875139462932476815463857921128963547759214683,0,HiddenTriples
000000060000000015001080027057000082400070050000090000070069000032001000000007100,783152469296734815541986327657413982419278653328695741174569238932841576865327194,0,NakedTriples
000004090050700000060000385026000000510308040000000000000000073000500000798401600,283654791951783426467912385826147539519368247374295168145826973632579814798431652,0,NakedTriples
100308900005002043000000000004070000000609500000005107010000090640000000078000025,167348952985712643423596871854173269731629584296485137512834796649257318378961425,0,HiddenTriples
020601003090000008001009240300008700004900000000015800005030000700000000000200306,528641973497523168631789245312468759854972631976315824285136497763894512149257386,0,HiddenTriples
000010080007020005201000000000040902060007300090000006100000000050030000900261003,549613287687429135231785469315846972862197354794352816123574698456938721978261543,0,HiddenTriples
000000900640000000005803400800000710400070060020010000300000870009100000000050100,783241956642795381195863427856432719431579268927618543314926875579184632268357194,0,NakedTriples
001560400060080000500001090020103000109004000706000004097006100603007000000200000,971562438362489751548731296425173869189654327736928514297346185653817942814295673,0,NakedTriples
075000600006000328200000400000000901000003500027004000050002060700460000010900000,375248619146759328289316457863527941491683572527194836954872163738461295612935784,0,HiddenTriples
104000000680050900007000403800900740000607000000802610000700000700060090045000000,134279586682453971597186423863915742251647839479832615316794258728561394945328167,0,HiddenTriples
000100000508030007000000080000000401003004500006082000000300009305001000427000000,764158932518239647932476185859763421273914568146582793681347259395621874427895316,0,HiddenTriples
607030092530100600000740000070000010000490050805001030003000008000200001702000060,647835192538129647219746385476352819321498756895671234153967428964283571782514963,0,HiddenTriples
705100000000040001060300900000070008003004009000080300000021800500000407010000020,745198236329746581861352974254973168683214759197685342476521893532869417918437625,0,NakedTriples
000072000000405108006100050000540080400009007090003000603007000007900030000000006,158672493279435168346198752731546289465289317892713645613857924527964831984321576,0,HiddenTriples
000060150023000800600200000390000000008007000054800090040009020001630000000072600,987364152423751869615298473392546781168927534754813296546189327271635948839472615,0,HiddenTriples
096000000000000300420000006380006000900000105001070000040100900000008010100063700,796345821815692347423781596384516279972834165561279438648127953237958614159463782,0,HiddenTriples
020190000050068001106000700008000600500004100000000029000039270000400080030600000,423197865957268341186345792248913657569724138371856429814539276692471583735682914,0,HiddenTriples
000600000002008004340009060030050270400090050009000006070000805500410000090000002,817645923962378514345129768136854279428796351759231486271963845583412697694587132,0,NakedTriples
010004057002370400000000000009000008008607000000040600500400030001206000900000182,613924857892375461754168329169532748438617295275849613527481936381296574946753182,0,NakedTriples
000800000900015000053092870006000002000020790002508300800000010009400000000100003,627834159948715236153692874536971482481326795792548361864253917319467528275189643,0,NakedTriples
085000096020507000001006500000000060240703000030605000100004600000000019000000803,385421796624597138971836542517982364246713985839645271198354627753268419462179853,0,HiddenTriples
006890005100504907000000060370000090000050000500701008000000000004000206602000040,726893415183564927495217863371486592268359174549721638817642359934175286652938741,0,NakedTriples
000406100009000006400001200000002450800704600000090800093000080706010000050009000,527436198319528746468971235971862453832754619645193872293647581786315924154289367,0,NakedTriples
006000070050900000002080040000060000000100967080003020000000001001206094700401002,496312578358974216172685349217569483543128967689743125924837651831256794765491832,0,NakedTriples
000050070200800000060004000500018000106290000072000014600000738003500600004000001,498651372251873496367924185539418267146297853872365914625149738713582649984736521,0,NakedTriples
000200968004005000003090000000000014700300500500061007000000080410056009305000100,157234968694185273283697451839572614761348592542961837926413785418756329375829146,0,HiddenTriples
120004005005300290046000183008002030000687000070000000060000710000040300000010009,123894675785361294946275183698152437354687921271439856469523718517948362832716549,0,HiddenTriples
840005200060090054000400060500000000300071690021006347000003070000100900010089020,849765213167392854235418769576934182384271695921856347498623571652147938713589426,0,HiddenTriples
000007010000060008938000000000000005001009070870205009000702501400000600702040000,625987314147563298938124756294876135561439872873215469386792541419358627752641983,0,HiddenTriples
010700040700520000500109600000006390290007000600000000100050068000008030000090500,918763245763524819542189673857216394294837156631945782179352468425678931386491527,0,NakedTriples
010059730700032004053600000000080060080706002009425180004900000000008001000267400,412859736796132854853674219245381967381796542679425183524913678967548321138267495,0,HiddenTriples
009800000000000000000040620000000070068405000070230000040020009100000083026109004,639812547482756931751943628213698475968475312574231896845327169197564283326189754,0,HiddenTriples
082050070001000000000004105500600003009000500023000400000400607306210000000000020,482951376951736248637824195548692713769143582123578469215489637396217854874365921,0,HiddenTriples
007280400002070000800000000020000004009001000600900850700500013000003002003740080,137285469492176538865394127521867394389451276674932851746528913958613742213749685,0,HiddenTriples
950001000100302080006009000400000600000107098000000700005200400020036070000000003,953781246147362985286459137471893652562147398398625714735218469824936571619574823,0,HiddenTriples
900000000410006003306049700108600000000010020000000607005080070000000852000001000,987135246412876593356249781178624935569317428243598617635982174791463852824751369,0,HiddenTriples
010000000400000780706300000274060030005000000000008002000490000007000520053001600,519847263432956781786312954274169835895234176361578492628495317147683529953721648,0,HiddenTriples
000000007000401000300806450043007000200060908000000010410300609902008000000000500,164935827785421396329876451843197265271564938596283714417352689952648173638719542,0,HiddenTriples
100000650807200013065700000090500080000040060000007300010604500000003200080070000,132498657847256913965731842693512784728349165451867329319624578574183296286975431,0,NakedTriples
000007405002600000400080003007009000100000000004060201000900050050000100030072940,816397425372654819495281763527139684163428597984765231748916352259843176631572948,0,HiddenTriples
300901000607000000014000070009006001000000600000003809100607040000020010030040000,382971465697534182514862973259486731873219654461753829125697348946328517738145296,0,HiddenTriples
008600000200070061000001300003900007060050090082006000000193040800000000000002059,148635972235879461679241385453928617761354298982716534527193846894567123316482759,0,HiddenTriples
100000900000850060740003000000000002003700000020906047097004000000300001500600400,158467923932851764746293815679148352413725698825936147397514286264389571581672439,0,HiddenTriples
600000049900038012000000000050040078300007090000000000100003050709605000000800003,673512849945738612812964735256149378381257496497386521168493257739625184524871963,0,HiddenTriples
067000000030504010004090000005200406000007001200006070300085100000000300090470050,167832549839564712524791683975218436486357921213946875342685197758129364691473258,0,HiddenTriples
000702603000008000300009010700050082893004000005000000000000024040000008010800000,489712653671538249352469817764951382893624571125387496538196724946275138217843965,0,HiddenTriples
000000740108000000000982000000000620034600000000040010700001006400035800000400002,952163748168574239347982165819357624234619587675248913793821456426735891581496372,0,HiddenTriples
403109800600000040000000000000010030000006002500800004706031590304000200008062000,473159826695328741281674359849217635137546982562893174726431598314985267958762413,0,HiddenTriples
005002600208070050600000049007214000000000000000000360954080000000700000000003010,435192678298476153671835249367214895519368427842957361954681732123749586786523914,0,NakedTriples
000670003000000908380000400004030001000100769020000000801090000000040000650000000,419678253276453918385912476964735821538124769127869345841296537793541682652387194,0,HiddenTriples
000820010000056070006000000900600700580001300700000400000094608200100000009070000,497823516321956874856417293914632785582741369763589421175294638238165947649378152,0,NakedTriples
001097260000000078406000300050028000200000090008000600000000004020105000000079000,381497265592361478476582319159628743264753891738914652917836524623145987845279136,0,HiddenTriples
000190030306054002000000600410028000000000001070000020000001005830205009240000070,752196834386754912194832657413528796528967341679413528967341285831275469245689173,0,HiddenTriples
000307400900800000073100000489000001031405002000001000047018093090530200020974058,852367419914852736673149825489623571731485962265791384547218693198536247326974158,0,HiddenTriples
060000900040100000008270015000002800000090020500780030004061000000000000731000060,165438972247159386398276415973612854486593721512784639824361597659827143731945268,0,NakedTriples
030000000540096000020001080090085000180004600000000900000500040700030002008040560,831452796547896231926371485693785124185924673472163958269518347754639812318247569,0,HiddenTriples
002701098009600057000002030006008000910000500400500000001000000304106005020079013,632751498189634257547892136256948371913267584478513962761325849394186725825479613,0,NakedTriples
000009050080070901050800007000037095000006204020050000003080000170095000048001000,367149852482573961951862347814237695735916284629458173293784516176395428548621739,0,HiddenTriples
000020000000005003900000580840090060000600035000000400002800700000970301100042000,538729614716485293924163587843597162279614835651238479392851746485976321167342958,0,HiddenTriples
900005080020106000006000170409000030000407902000000400090000000004600005500200014,941735286723186549856924173469852731385417962172369458698541327214673895537298614,0,HiddenTriples
000070000080004030490203001000800100907400003006309004060005040000000000020000508,632571489781694235495283671243857196917462853856319724168925347574138962329746518,0,NakedTriples
100000200000100000009008074000009308900540000026080000004000065000915400000007000,148376259257194683639258174571629348983541726426783591714832965862915437395467812,0,NakedTriples
020000000400000800007030000080070002600100347000900080000700000304608200060010009,526841793439567821817239564183476952695182347742953186951724638374698215268315479,0,HiddenTriples
040000001700100090090008300300000000000085012080700900020004007010000500004006003,248693751736152894195478326351249678967385412482761935829534167613827549574916283,0,HiddenTriples
907000004000200008064000000508000000000060003000700095001034600000009000070000010,927851364153246978864397251538912746719465823642783195291534687486179532375628419,0,NakedTriples
009006000005091048080000006030000000010300874700040005000010000006009007250000000,429836751675291348183457296534978612912365874768142935897614523346529187251783469,0,HiddenTriples
720095013006800700003070008004080000000901000169040000200410035000008000001700080,728695413516834729943172568354287691872961354169543872287416935695328147431759286,0,HiddenTriples
801000000900000005305016004010060000200000010097004006000037280000041050000200000,861459732974823165325716894418362579236975418597184326649537281782641953153298647,0,HiddenTriples
042000000800000090000000204500002006096000420700500000000801300001000070000309010,142957863853624197679183254518492736396718425724536981265871349931245678487369512,0,HiddenTriples
002000060100002000940058002085109000010040000000007020008400000070500680000000340,852714963137692458946358172285169734713245896469837521698473215374521689521986347,0,HiddenTriples
001005403007009000800070010060002850000900007400000060325067000000030006000000000,691825473547319682832674915763142859218956347459783261325467198984531726176298534,0,HiddenTriples
000000051000060420000090000500600003020800100000502048847050300010020007250083010,962347851735168429481295736578614293624839175193572648847951362319426587256783914,0,NakedTriples
500300800003000000600700020070000100004020500000000090045078200080059301000000000,527396814493281675618745923879564132134927586256813497345178269782659341961432758,0,HiddenTriples
020000001030008000084350000100000057600007000000604019000003400000000000400000068,526479381731268594984351726148932657692517843357684219865193472279846135413725968,0,NakedTriples
500840007007006203040070600062500000000013820050400000000109000000000190000005000,536842917817956243249371658362598471974613825158427369723169584685734192491285736,0,NakedTriples
003000000402710060000040005500000407080300000270500081000001600120000050000000802,793625148452718963618943275536182497981374526274569381847251639129836754365497812,0,NakedTriples
500890000008420300000007198400580000003000005020100040600008000901000000070000602,537891264198426357246357198469582731713649825825173946652738419981264573374915682,0,NakedTriples
003002006402500003000400100100206004009000700640705000700800500090100007000000000,853912476412567893976438125137286954529341768648795312761824539294153687385679241,0,NakedTriples
500070804360000501904000030406100000000000005070003900000740089700200003020830407,512376894367984521984512736456198372893427615271653948635741289748269153129835467,0,HiddenTriples
000001008600004000007930105005700020000000003001405000700000600060000904402000000,594271368613854279287936145945763821876192453321485796759348612168527934432619587,0,HiddenTriples
900050810700060045810000000008020000070009006002510070000700060000000000006000051,964352817723861945815974632548627193371489526692513478189735264257146389436298751,0,HiddenTriples
000920000070300000302047000508060000004002500007000006020005600010003004000790200,451928367976351428382647195538169742164872539297534816729415683615283974843796251,0,HiddenTriples
000002700003000090000004060009107040410000000006089300300045007091070400007820500,964312758173568294825794163239157846418236975756489321382945617591673482647821539,0,HiddenTriples
080005000050000100604000079070910020000070030900000050000040097100260000048000000,781495263259637184634182579875913426412576938963824751526341897197268345348759612,0,HiddenTriples
900000000034009000060400700000080409000004136000001800520000078890500000000300900,952873641734169582168452793317685429285794136649231857521946378893517264476328915,0,HiddenTriples
000807390070600001900000000500200400000000036008001005045000070102070000000010050,651847392873629541924135687537286419219754836468391725345962178182573964796418253,0,HiddenTriples
047002500002090000890300007200000406000040000300200000400067081600500700000001000,147682539532794168896315247289153476751846923364279815425967381613528794978431652,0,NakedTriples
801900020045000000000860000408010030026003047000020910200600000500300092000000700,871935624645172389932864571498716235126593847753428916289647153567381492314259768,0,HiddenTriples
040000005002001900007800602630980020009000030120004590080060070000070100006098200,941627385862351947357849612634985721579216834128734596285163479493572168716498253,0,NakedTriples
000410900900006000005000368070000230000003080000640000000002400000000015008370000,386415927927836541145297368874159236569723184213648759691582473732964815458371692,0,HiddenTriples
007500000830100000600700029000040007200973106000001000002000000006007485080005030,927564813835129764614738529169842357258973146473651298542386971396217485781495632,0,HiddenTriples
400057820800006004650481700000010470040000380780003000000500008308009600000060900,491357826873926154652481793235618479146795382789243561967534218328179645514862937,0,NakedTriples
000005000405900200000206093000570300009002007100000000300000002010000040020060800,293715684465938271781246593842571369639482157157693428376854912518329746924167835,0,HiddenTriples
500900001040017008000630000000000020700060000801003006680000005005000700000098040,526984371349217568178635294463859127752461839891723456684372915935146782217598643,0,HiddenTriples
000050002000200600040070005000000730702000809080030100100903000006000080009006500,867359412593214678241678395615892734732461859984537126158943267476125983329786541,0,HiddenTriples
000700603800004201700000040070030000260005000058009006000027039000006020000300100,945712683836954271712863945479631852261485397358279416684127539193546728527398164,0,NakedTriples
050021040300000000471800000100098003000000007082100000000200005000010070048600300,859321746326947851471856239164798523935462187782135964617283495293514678548679312,0,HiddenTriples
000100027700090010804000900080030000653000000007000400000005000045803200000901006,569184327732596814814327965481739652653412798297658431976245183145863279328971546,0,NakedTriples
000203740700000000050006000830000000090567300000300601000001900070002034000900060,918253746763814259254796813836129475491567382527348691685431927179682534342975168,0,HiddenTriples
001040780080000004300000900005100000000005027010480090200030001000509670060000000,921643785586971234374258916735192468498365127612487593259736841843519672167824359,0,HiddenTriples
900005000003000200000020760800069003324000000009500470001300000000008050000750000,982675314763941285145823769857469123324187596619532478571396842436218957298754631,0,HiddenTriples
000000203030007056008000000007095004900000600060800002000160000004509100100308500,715486293432917856698253741287695314943721685561834972859162437324579168176348529,0,NakedTriples
100070000000340026035600000020000000090710600000000754000100500217060009800000000,162978435978345126435621978724856391593714682681239754349182567217563849856497213,0,NakedTriples
000800621004300000000000700437002000560000007000000000003901040100007060020000005,359874621714326958286519734437192586561438297892765413673951842145287369928643175,0,HiddenTriples
400070002000005390000000000501000000020500800070040906013006070700089000090000005,439871562187625394652394718541968237926537841378142956813256479765489123294713685,0,NakedTriples
000003002040060000000900001000000500003004900020070000900046070064002080800009430,196483752245167398378925641417698523683254917529371864931846275764532189852719436,0,NakedTriples
900310000700040000435020000004009006003080004867000000000100080000003401080060073,926318547718945362435726198154279836293681754867534219342197685679853421581462973,0,HiddenTriples
000380700328000004000009000090000000500410006030020100700500300000000410050004008,649382751328751964175649832291876543587413296436925187714568329863297415952134678,0,NakedTriples
009004250000302700000096000050700601010000400008000000342600500000540007085000060,839174256461352798527896143254739681913268475678415932342687519196543827785921364,0,NakedTriples
090700250070000006208500000000000060000078010000100897000005020053007109400900730,396741258175892346248563971817259463934678512562134897789315624653427189421986735,0,HiddenTriples
061034200000900000000060000008020019090000000070450060406700003700000002013006050,961834275245971836387562941538627419694318527172459368426785193759143682813296754,0,NakedTriples
008030000405008700010002000190065000500270390007940050002006010801300070950000003,678439125425618739319752486193865247546271398287943651732586914861394572954127863,0,HiddenTriples
900000000706100000010380006000053490600047300500000002000000040007900080080000230,938762514756194823214385976872653491691247358543819762369528147427931685185476239,0,NakedTriples
000800000010005009058043010030000000400300050000200091000008047006000002020000900,967812435314765829258943716139586274472391658685274391593628147746139582821457963,0,NakedTriples
008100750000000006153600400000050000300001084000008001060900100007500000000004902,648132759729845316153697428281459637396271584574368291462983175917526843835714962,0,HiddenTriples
060000080103000900000000400800010500000705300070008000040000203005061000600000090,469153782183427956257896431834612579916745328572938614741589263395261847628374195,0,HiddenTriples
050002000100006000237000000000000000000700034900068007000010005000507026010300040,456132879189476253237895461571943682862751934943268517728614395394587126615329748,0,NakedTriples
058042900604007503000060084000900076800000000000410809105000000083000600096050300,758342961614897523932561784341985276869273145527416839175638492483129657296754318,0,NakedTriples
000380900901000200000000003002019006609007050104000000006890004000000000000600570,245381967931746285867952413372519846689437152154268739716895324523174698498623571,0,HiddenTriples
057060003400200700000000000000050802040000001100030470900000000060042000524670000,257468913413295768689317524736154892845729631192836475971583246368942157524671389,0,HiddenTriples
070000000408000090209007600000600201000704080906000040004028003000000000020001005,671892534438156792259347618347689251512734986986215347794528163165473829823961475,0,NakedTriples
070009000000300076092000801005600010900000500030040000700000000000100468001850002,876519243514382976392764851425678319967231584138945627789426135253197468641853792,0,HiddenTriples
002400050006030000100600028070000805000060000309001200003700100028100746000002500,832417659596238471147695328674329815215864937389571264453786192928153746761942583,0,HiddenTriples
001070030000003608040608009000000006050290000090000025400010000609700000003900700,861579234925143678347628519238457196154296387796381425472815963619734852583962741,0,HiddenTriples
760040900000000060000097000008300000470106050009080023000002045000860000900000002,762543918394218567581697234128359476473126859659784123816932745247865391935471682,0,NakedTriples
407001025050600010000000406000090000700002000023000074600004009008000100005000307,467931825259648713381275496516497238794382651823156974632714589978563142145829367,0,HiddenTriples
280307000060000000050000306036002010000701000000005200000020004000010905809004000,284367159367159842951248376736492518592781463148635297615923784473816925829574631,0,NakedTriples
702000000000020000060003500800000000130000409409005010008401600000000020300008071,712584396583926147964713582857149263136872459429635718278491635691357824345268971,0,HiddenTriples
006800700047930008003040009080001500050700094002000000000000100000210080000080006,916852743547936218823147659489361572651728394732495861298674135365219487174583926,0,HiddenTriples
000070002700009050090300040000100000300020680020846000030200000409000000060010398,843571962712469853596382147684153729351927684927846531138295476479638215265714398,0,HiddenTriples
000000000053000080490005021800043750000000804940050000000091030060028490000004000,672189543153462987498375621816243759235917864947856312784591236361728495529634178,0,HiddenTriples
080009420400060000010000068370600090900008000641000700000005000000091000092300040,586139427437862159219547368378624591925718634641953782764285913853491276192376845,0,NakedTriples
000700000040000020200013070002048060050000000000006000100020750390607001600000000,538792614741865329269413875972548163856231497413976582184329756395687241627154938,0,NakedTriples
400108000075030000009200000000000000000000140800060097020905010690000082000001300,463178925275439861189256734932714658756892143814563297327985416691347582548621379,0,HiddenTriples
000008000020300005903607010008000200030190000000005003750000300041000000000006540,175428639624319785983657412518763294237194856469285173756941328841532967392876541,0,NakedTriples
040800063000006000080700402038009000701000308000000000000092001670100005300007200,947821563523946817186735492238519674791264358465378129854692731672183945319457286,0,HiddenTriples
030294100600000000001000027100705860003000000000086000000900310000000078005030000,537294186624178539981653427149725863863419752752386941478962315396541278215837694,0,HiddenTriples
005000407030000060904800000400700009000104028809362040210000070003000000000610000,685231497132479865974856312421785639367194528859362741216548973543927186798613254,0,NakedTriples
000820060000000509102000000000267300070904000005000000900700004710000900004000706,349825167867431529152679843481267395273954681695183472938716254716542938524398716,0,HiddenTriples
270000008901200650050060010009370100000006000000500709300700900692030500500000034,276451398941283657853967412469378125725196843138542769314725986692834571587619234,0,NakedTriples
060500003000000200105300007340007000500402000009000306000004000000010000030600580,764521893893746215125398467348967152516432978279185346681254739957813624432679581,0,HiddenTriples
000600020000020090000000008809001700302000010000400800903080470000090000050307060,491658327586723194237914658869231745342875916715469832923586471674192583158347269,0,HiddenTriples
000000916300070000908000000400000001700601080000900650020000400040002030000830005,274583916316279548958416372465328791739651284182947653823195467541762839697834125,0,NakedTriples
000005092004000805600090100003001700506000900000730204080060020301500086000400000,817345692934612875652897143243951768576284931198736254489163527321579486765428319,0,NakedTriples
400030009500092030001007000200000800050300096009070004000000000302160005000004010,427831569586492137931657428263945871754318296819276354195783642342169785678524913,0,NakedTriples
000000708703204000000500000009000000000630000040005001450700002030090045006000010,514369728783214596962578134679841253125637489348925671451783962237196845896452317,0,NakedTriples
000000260000800000628500400000000100080070000703200500001080700000090004097034000,159347268374826951628519473246953187985471632713268549431682795862795314597134826,0,HiddenTriples
400701095005000000300600000003004000007050209000000804050000000008000610700093000,462781395185439726379625481823964157647158239591372864254816973938547612716293548,0,HiddenTriples
000970000410008000000400602170000053004005800060009021706000100900000000500200070,658972314412638597397451682179826453234715869865349721726594138983167245541283976,0,HiddenTriples
086050000007040015040907000000030507001000300030000000900000076014009000600800090,386152749297348615145967238869431527571296384432785961928513476714629853653874192,0,HiddenTriples
000021000200800067300000890080000300100736000000000000800100400090000000601300900,978621543245893167316457892782914356159736284463582719837169425594278631621345978,0,HiddenTriples
060001007000900060000040203007000530300002086000000709200460010400280000086037004,963821457742953861158746293817694532394572186625318749279465318431289675586137924,0,HiddenTriples
004700069063000071000000005600030000305079040700410050000000000000008000579060002,254781369963542871187693425642835917315279648798416253836127594421958736579364182,0,HiddenTriples
600000000053094000400030020000000010210006039000002087300560000080000000007000091,628175943753294168491638725876359214214786539935412687349561872182947356567823491,0,HiddenTriples
000800000208904050000050000060400000070000190020030007600200710900000000000590048,451862973238974651796351482169487325873625194524139867685243719942718536317596248,0,NakedTriples
005080300000100000000943072051300000600000010020000003000200400006800000090070605,975682341234157986168943572751398264683524719429716853317265498546839127892471635,0,HiddenTriples
000000040000003500805009002509700020040020060200005130000000000006010400001006008,793852641624173589815649372539761824147328965268495137352984716986217453471536298,0,HiddenTriples
080102009002009050100000000006070500800005130000000042050004070400000000009060000,587142369642739851193856427326471598874295136915683742258914673461327985739568214,0,HiddenTriples
003206970005039000000500000200000000060080040000300001704000080150900200800000000,483216975675839124921574368218497653369185742547362891734621589156948237892753416,0,HiddenTriples
090000058800036900600500200250000004060000000903000500420700000000050000070068002,392147658845236971617589243251973864764825139983614527426791385138452796579368412,0,HiddenTriples
040020009008400210000100080003050000900700050710090006300645100000000903002000060,147528639538469217296137485863251794924786351715394826389645172651872943472913568,0,NakedTriples
008600700000000000136479020009001030080306000720050600040000300000000086600500470,958612743274835169136479825569741238481326957723958614845167392317294586692583471,0,HiddenTriples
000000003030612000007008900703000048000000615602000030000100080500200000064050000,846975123935612874127348956713596248498723615652481739379164582581239467264857391,0,NakedTriples
008700300040100080500000000035040000480000900719830500000010090000000004050908002,628794351943156287571283469235649178486571923719832546362417895897325614154968732,0,HiddenTriples
200000800000000090014000200000039020070040003000006000100065000940010070385004019,293457861568321794714698235851739426679542183432186957127965348946813572385274619,0,HiddenTriples
501804000000000000302057000009060007000908001000030000094000370600000120250000800,571894263968123754342657918439261587725948631816735492194582376683479125257316849,0,NakedTriples
000400020560080039007050000200600804008070000950000002000000100005060000010040980,189437526564281739327956418271693854438572691956814372843729165795168243612345987,0,HiddenTriples
809004003000000900010003078200007800080030500001640000000071320904086000000000000,829764153367815942415923678243597861786132594591648237658471329934286715172359486,0,HiddenTriples
000003020100809005024000007093054000060008090000000000000900762005240038000000000,586473129137829645924561387893754216762138594451692873348915762615247938279386451,0,HiddenTriples
300060000002013000500400000000500908000000006010020000000002400700600030069800070,381265794942713685576498213637541928295387146418926357853172469724659831169834572,0,NakedTriples
180005600570090080003080000000600903000000057050007001309000000000200000800001000,184725639576493182293186745741658923638912457952347861329874516415269378867531294,0,HiddenTriples
000400600004080900230950000470305060000000400000009080000000200901000000080030007,895473621714286953236951874478325169569817432123649785347598216951762348682134597,0,HiddenTriples
007000500000400026030000104000580042900307000000010000283000000000200085015000090,847162539591473826632958174176589342954327618328614957283795461469231785715846293,0,HiddenTriples
004907000000000080050200007403070000000413098006000000007000025000040010005630009,284967531769351284351284967493876152572413698816529743637198425928745316145632879,0,HiddenTriples
280007006000000030010000000050000002800706000000045007500000001000390700706002309,283417956675289134914563278457831692891726543362945817539678421128394765746152389,0,NakedTriples
705003060008065104010008020500001000000000009003007000000070240000030000170804093,725413968938265174614798325597681432861342759243957816389576241452139687176824593,0,HiddenTriples
100040007070530000000001020008400009060200700020168450800074000700800600009000000,185642937672539148493781526318457269564293781927168453856974312731825694249316875,0,NakedTriples
030000900000050200900407030071040020060005003002000500700090000040170008810000000,137682945684359217925417836571843629468925173392761584753298461249176358816534792,0,HiddenTriples
040200095500108000000000007420000050003024080860000040000003009090500002070000060,146237895537198624982456317421389756753624981869715243214863579698571432375942168,0,NakedTriples
901006000000000019800002400200403096000050000010000350738005002690800000050000003,921546738546387219873192465285473196367951824419268357738615942692834571154729683,0,NakedTriples
000002005060710009005080376300000700004300000089007000007900008006000000000208900,978632415463715289125489376352894761714356892689127543237941658896573124541268937,0,HiddenTriples
250800000000000740004050800700009004009007000006105000000000190000030470030200060,251874639893612745674953821785369214129487356346125987562748193918536472437291568,0,HiddenTriples
002000051009730000000000300007060000040300560000800070900000702100024098000000000,732648951419735826685291347597462183248317569361859274954186732173524698826973415,0,HiddenTriples
000009800800060070000007056000106000004500060002090010020070000010000200509608700,671459832845263179293817456957186324184532967362794518428371695716945283539628741,0,NakedTriples
300000090005007400006200000008000000700002356000000020010009040500061207000000008,324658791185937462976214583268593174791482356453176829817329645549861237632745918,0,HiddenTriples
000002800000047000970100000700600920040703060000084000000030090500200040002000600,451392876236847159978156432783615924149723568625984713864531297597268341312479685,0,HiddenTriples
370000010902000703010000005000000000090302061100850900060007000008000000000940080,375294816982561743416738295657419328894372561123856974569187432748623159231945687,0,NakedTriples
900307050700000009000200000050006700008000310001090000000060028200900000000000106,964387251723651489185249673352816794698472315471593862537164928216938547849725136,0,HiddenTriples
100000060002000000700050004000091200006032000000570083050000970000010300208000000,145328769892764531763159824387491256516832497924576183451683972679215348238947615,0,HiddenTriples
080300040005000000100264000600700030090026000050008710000010060000000073901000500,782359641465871392139264857618745239397126485254938716523417968846592173971683524,0,HiddenTriples
080000910000060004200000070020400390004000020890020100400380000000205000900700030,786542913153967284249831576621458397534179628897623145412386759378295461965714832,0,HiddenTriples
109400050080090000000100800000800000030015040521000000006500700000006080210704006,179468253685293417342157869964872135738615942521349678896531724457926381213784596,0,HiddenTriples
000800010020300000019000607090000000082009400500000100004200570008040000030500009,475896312826371954319425687693184725182759436547632198964218573758943261231567849,0,HiddenTriples
000004000934510600060090010710029004000040000000100500000803000020000090300000100,172634985934518627568297413715329864689745231243186579491863752827451396356972148,0,NakedTriples
000006040024005000530084000000000008000090000003057100800020907005000010007800206,178236549624915783539784621751362498462198375983457162846521937295673814317849256,0,HiddenTriples
079001050623000000080000090000036002007100000000900084000000425000040060050700003,479621358623598741185374296918436572547182639362957184796813425831245967254769813,0,HiddenTriples
000007000000080010003950200850000000006201400200090601000000070900000000025604000,582147369469382715173956284851463927396271458247598631614839572938725146725614893,0,HiddenTriples
100800457030060020400000000005000000810057000090000002000000801950700046000023000,169832457537164928428579613345286179812957364796341582274695831953718246681423795,0,HiddenTriples
000031500600007104700080000000000602090000031000009400000020000007093080509000040,942631578683957124751284369375148692496572831218369457834725916167493285529816743,0,HiddenTriples
000470000000003000107056000395000100080000020010040000008000905000500086020607000,963472851852193647147856392395728164784361529216945738638214975471539286529687413,0,NakedTriples
040320009009000030002000000000940006000000000000260108036000000200090370058001400,541327689869514237372689514183945726625178943497263158736452891214896375958731462,0,HiddenTriples
700160000040800007000020008182000000300000500500000009090000060000400902050610003,728163495641895237935724618182956374379241586564378129493582761816437952257619843,0,HiddenTriples
700050020020001036006009008100070004000000500008000000950006800080300010300000040,739658421825741936416239758192875364643912587578463192954126873287394615361587249,0,HiddenTriples
000000000900006084804012000002300050047028000000000006370000000058030010000050300,725483961913576284864912735682391457547628193139745826371869542458237619296154378,0,NakedTriples
080900157007000309300100800010250006205400001060010003670080204500000000841300075,482936157157824369396175842718253496235469781964718523679581234523647918841392675,0,NakedTriples
007009300002700080000050000025070000014000508000080009600000000009002043003000950,587149362492736185361258497825971634914623578736485219658394721179562843243817956,0,HiddenTriples
002000005076008003090000260000000408000010050009706000037000000900604000000000304,142369785576128943398475261613592478724813659859746132437251896981634527265987314,0,HiddenTriples
301002000600007002008630700000000605000000010049200000000400501703000000000075000,371592468695847132428631759217384695836759214549216387982463571753128946164975823,0,HiddenTriples
007093001000000200000600003000009605419000000006040008300050000090408057850000100,267593481935184276148672593783219645419865732526347918372951864691428357854736129,0,NakedTriples
020500008000090007000286050030902071009001300010000002406100000003400500000005000,324517698568394217791286453635942871249871365817653942456138729173429586982765134,0,HiddenTriples
000007040000000621490000000730005010000002005001804900040000000075000200000060007,126587349857439621493126578732695814984312765561874932248753196675941283319268457,0,HiddenTriples
004900000500207608000000000029000084810090006000006190900010302051000000400050000,164938725593247618278561943629173584817495236345826197986714352751382469432659871,0,NakedTriples
000100000509002408024000500406000010370006000000300005060009000040083009000000250,837145926519632478624897531456928317371456892982371645263519784745283169198764253,0,NakedTriples
200030000000025043060007001000890100090000006005004000708601004000000007900000000,251436798879125643463987251642893175397512486185764329728651934536249817914378562,0,HiddenTriples
008700500020900068000000002100002053082001000005400007000000000019054030006000070,938726514427915368561348792174692853382571649695483127243167985719854236856239471,0,NakedTriples
030200007500007000900030060380569000007000045000000009706010203000000010020090000,431256987568947321972138564384569172297381645615472839746815293859723416123694758,0,NakedTriples
200004000700590000080060500008000000000000040040301020000206400109000080060008031,215874963736592814984163572328649157691725348547381629873216495159437286462958731,0,HiddenTriples
004000008500090000023700000059016000800000000402007001301000207080270010000003804,974625138568391742123748596759816423816432975432957681341589267685274319297163854,0,NakedTriples
000210690000003100003900000400000080000680079065000000002040060080000000700150040,578214693946573128213968754497321586321685479865497231152849367684732915739156842,0,NakedTriples
041000000000800005900070000210003850000000900053000004007032000800540706000700200,741256389326819475985374612219463857478125963653987124197632548832541796564798231,0,HiddenTriples
900050000403000080051400000000597008000100000010002700100700000036000540028040370,982653417473219685651478923264597138397184256815362794149735862736821549528946371,0,HiddenTriples
600054030003000000502100400090003108200700000000820000000006010730000006000000085,679254831143698572582137469497563128218749653356821947825976314731485296964312785,0,NakedTriples
000007000917000000008006000800652000000400070500000100009028350003000400000005020,625937814917284635438516297871652943362491578594873162749128356253769481186345729,0,HiddenTriples
009500003000000800030010020060090000000004700804705000003002040000000050100407600,289576413516243879437918526765391284391824765824765931973652148642189357158437692,0,NakedTriples
010060000007500100020007000000000070009003586000409000000000008050008002100940000,315864297847592163926317854231685479479123586568479321793251648654738912182946735,0,NakedTriples
460000007003800090000070004100028000006000030520900670000090005000085400040200000,468519327753842196291376854137628549986754231524931678612493785379185462845267913,0,NakedTriples
030000009007000630250000007100600950000040706000780020000006000091800004800300000,638157249417298635259463187174632958382549716965781423543916872791825364826374591,0,NakedTriples
000090006500000080000700200870500100900030000205089070304006001050070060000040009,718295346562413987493768215876524193941637852235189674384956721159372468627841539,0,HiddenTriples
300100840000008200000067000050010070602000090083600000590000003006004900000200000,367125849145938267928467135459812376612573498783649512594781623276354981831296754,0,HiddenTriples
000009027200400300708050000805020004006308000070000801000006150000000000000213060,164839527259471386738652419895127634416398275372564891983746152621985743547213968,0,NakedTriples
002709000061000004800000300470506090050320700010097000000005008006000409900200000,342759186761832954895641327473516892659328741218497635134975268526183479987264513,0,NakedTriples
000006000900400100482090500000072000004000003500010780030000007090000600700020050,157236894963458172482197536319872465874965213526314789638541927295783641741629358,0,HiddenTriples
000037405090650000000400000000000097589000201000002300007000008160000000800010740,216937485493658172758421936342165897589374261671892354927543618164789523835216749,0,HiddenTriples
000800730005074000020100509000030000470000200006017000037502001200000090600000000,169825734385974162724163589512438976473659218896217453937582641251346897648791325,0,HiddenTriples
000000800500100007600000020700561008000497000000000600207000480150200000000040900,921374856548126397673958124739561248862497531415832679297613485154289763386745912,0,NakedTriples
400500290080000000000019400006270500000090001900050020090000006000000000652800073,461583297389427615527619438136274589245398761978156324894732156713965842652841973,0,HiddenTriples
000050680800000020006900704030000060200000503967000812000000001600102000001530070,314257689879463125526981734135829467248716593967345812782694351653172948491538276,0,NakedTriples
400000209050060000000800000010620000090040076300000000082300005000000090000005004,438571269759462138126839547814627953295143876367958421682394715541786392973215684,0,HiddenTriples
000060007230700004005400603107000500309000000040000000003004700700002006400901300,914263857236758194875419623127846539359127468648395271593684712781532946462971385,0,HiddenTriples
070050600002300008000400709001008050000000800200600040600003000000010270005760003,873951624492376518516482739961248357734195862258637941647823195389514276125769483,0,HiddenTriples
165900000730000100000000000000002000000386910006400020900000365000500800004100002,165937284738624159249815673891752436452386917376491528917248365623579841584163792,0,HiddenTriples
070600500030100060060050003000000084000406000003070009000005000520048700000090040,974623518235184967168957423712539684859416372643872159497265831521348796386791245,0,HiddenTriples
007200000803700904900010003200000000100006250080000090000000400030807000000050070,647239581813765924952418763275981346194376258386524197768192435539847612421653879,0,NakedTriples
200005000000600030007000094000041009068750002040800070000000400000207000080000050,236495718491678235857123694725341869368759142149862573973586421514237986682914357,0,HiddenTriples
000020806073098200000000001000050070140080003002000900000030000008009510560400000,914527836673198245285643791896354172147982653352716984721835469438269517569471328,0,NakedTriples
510009000900640700000050000070000000000287050000060090600400030304890006020000400,516729843932648715847153962473915628169287354285364197698472531354891276721536489,0,HiddenTriples
000026000030040000071800020050000300069080000004000019510092007402000600000000030,948726153235941768671835924857219346169384572324567819513692487482173695796458231,0,NakedTriples
000600902050080000000000350000002100004890006000730000071400680600900500900000070,783654912259183467416279358867542193534891726192736845371425689628917534945368271,0,HiddenTriples
000090200001000090309810000010005007000000600050748003800200070000000400740000000,674593218581472396329816754218635947437129685956748123893264571165987432742351869,0,HiddenTriples
060402000008900060000500032010090200000760005900300000090200600600000000520003700,165432978238917564479586132713895246842761395956324817394278651687159423521643789,0,NakedTriples
000430700000600502015000000020000000970000683036000900050000000002007090000010036,268435719397681542415729368821963457974152683536874921153296874682347195749518236,0,HiddenTriples
000000007005084100300060002098000060001000000040500300000070000950300200023000080,482913657675284193319765842298437561531826479746591328864172935957348216123659784,0,HiddenTriples
003000285000005000009400000000210000800000050007004900640007000000091006010000720,473169285286735194159482637594216378861973452327854961648327519732591846915648723,0,NakedTriples
500000004030980500200060000006007100050000600400100800009208001300040900000300006,568713294134982567297465318986527143751834629423196875649258731375641982812379456,0,NakedTriples
716009002000000000000078009678000050020000001400000000000800000004021065800095004,716439582389152476245678139678214953523987641491563728152846397934721865867395214,0,HiddenTriples
750004000000000009002500670007200040030009280090800000100600000024038700000000005,759364812641782539382591674817256943435179286296843157173625498524938761968417325,0,HiddenTriples
060070200000042063000500004006005000050020800000907042007000350140000008008000000,964378215875142963213596784426835179759421836381967542697284351142753698538619427,0,HiddenTriples
790080040000030006340600170000003000200000400080917000510000080004170200000800014,796281543158734926342695178679423851231568497485917362517342689864179235923856714,0,HiddenTriples
005001003040070600360000000004106020600820950000900060002093000800000700056200000,295461873148372695367589214984156327673824951521937468412793586839615742756248139,0,NakedTriples
010090000007015002000000800406070000003050706805006400300000690200309004000000080,518294367637815942942637815426973158193458726875126439354782691281369574769541283,0,HiddenTriples
000801007020007900900000040010058009600000058007000000040000000760004820300009070,435891267126547983978326541214758639693412758587963412841275396769134825352689174,0,NakedTriples
309004000000907200000080395000050000000200001100043958406000020801000560050000004,369524187518937246742186395984751632635298471127643958476315829891472563253869714,0,HiddenTriples
000400000120800000003607000700310005060000109000504200007000000001000050005002460,978451326126893574453627918782319645564278139319564287637145892241986753895732461,0,HiddenTriples
000037200600850400080000009700090000000000004000001520900080001003600090000100040,415937286697852413382416759726594138531728964849361527954283671173645892268179345,0,HiddenTriples
500007400609020010000000000730040060060300000001008000206870040003006050000009020,512937486689524317347681295735142869864395172921768534256873941493216758178459623,0,HiddenTriples
004000051000700000000038000000920008406005020000600040002807900105000600600000000,834296751269751834517438296753924168486175329921683547342867915175349682698512473,0,NakedTriples
700090020020000008180270009001050002030000081000003500000000070000765000300020040,756398124923514768184276359891657432537942681462183597618439275249765813375821946,0,HiddenTriples
070000020600000003241000000000810905020305000000007004000400010000051700008060000,573189426689274153241536897364812975927345681815697234756428319432951768198763542,0,NakedTriples
000750190012060400000000000000090000007025003200008006030400000100000000096007004,463752198912863475578941632351694827687125943249378516735489261124536789896217354,0,NakedTriples
000068031000090002300001890760030100000080400902040000003000945401000008050000010,549268731817493562326751894764532189135689427982147356273816945491325678658974213,0,NakedTriples
000023000592001000000000000000800490000030080910070200001500020067040008000007000,876423519592761843134958672723815496645239781918674235481596327367142958259387164,0,HiddenTriples
700000020003081000000040000010600500904500300500000010096800003200000049000050082,749365821623981475851247936312678594974512368568493217196824753285736149437159682,0,HiddenTriples
000060030700040009001000007000000000060970200185002000200800000000017400006090300,592768134738541629641329857927186543463975218185432796274853961359617482816294375,0,HiddenTriples
980020000500000600000000010241908000000040000000005007009080300130057800700010000,986721435517834629324596718241978563675143982893265147459682371132457896768319254,0,HiddenTriples
900106053000050009003000000080004027000065300001702000070080000062000400008007600,924176853816253749753948162685314927297865314341792586479681235162539478538427691,0,HiddenTriples
300009600000400000000075003004000926000000050020508000041000890007002000003080001,372819645615423789498675213854731926739246158126598437541367892987152364263984571,0,NakedTriples
000090000670200800000080940047010500390070000020000090002607000001040006000300000,284195637679234851513786942847912563396578214125463798432657189751849326968321475,0,NakedTriples
000010390009502800600000050040000000100600000500090470300240008008000000002008040,285417396739562814614389257843751629197624583526893471371245968458976132962138745,0,HiddenTriples
400000007009000038005400060000020000010003800800765090007000650000007002028006000,481639527769152438235478169976821345512943876843765291197284653654317982328596714,0,HiddenTriples
009030000000008603000000470000004002200007109018000000030050000060082051580900000,879436215145278693326195478697514832253867149418329567732651984964782351581943726,0,HiddenTriples
800702000010000000090006000025801970000620000080004032150000084000007029700090060,834752691516389247297416853425831976973625418681974532159263784368547129742198365,0,NakedTriples
084607050300000800009000060000005020040000007500010390000800002008250000200030100,184697253356124879729583461971345628843962517562718394635871942418259736297436185,0,HiddenTriples
009030050860009020000276000000900300090814005046020080010000000000300891000000034,279138456861549723435276918187965342392814675546723189913482567624357891758691234,0,HiddenTriples
000700004000600230807504009300000068000010003010000000900005000206080000000000580,692731854145698237837524619324957168569812473718346925981275346256483791473169582,0,HiddenTriples
000013200100900007000006500005000013800000700070000005024070080006000002001305400,467513298158942637392786541245867913813259764679134825524671389736498152981325476,0,HiddenTriples
003000018100950000000002070000500020007060000806000001000100900000680153000040080,593476218172958364468312579941537826237861495856294731685123947724689153319745682,0,NakedTriples
700000000054680000000070020001046000000005030080000009200000860408000970100000003,726351498954682317813974526391246785647895132582137649235719864468523971179468253,0,HiddenTriples
000600008090051006100030004050400019308000000070000000000300000000206800005009060,537624198894751236162938574256483719318597642479162385681345927943276851725819463,0,HiddenTriples
000000006500004001470008500020000630000030000000106009005000084180007000300200005,912753846568924371473618592721495638659832417834176259295361784186547923347289165,0,HiddenTriples
173002800009107000000800006090600005001000032200050009805000000020008000900210000,173562894689147523452839176798623415561984732234751689815396247326478951947215368,0,HiddenTriples
001300068906080000780600300607204805040900070200570094020000000005002006360000127,451327968936481752782659341697234815548916273213578694124763589875192436369845127,0,HiddenTriples
000000683090000000802000400680350090000009000240800000470021000000000705000405000,751294683394168572862537419687352194513749826249816357475621938126983745938475261,0,HiddenTriples
000000480260000000003005000000001029010430070300790004000800000001020036070050008,157269483264378951893145267746581329918432675325796814639817542581924736472653198,0,HiddenTriples
000200000000008970480060203050089100040305090070000020000002000000070600300100050,796231548132458976485967213253789164641325897879614325567892431914573682328146759,0,HiddenTriples
000040010200800000005000002700104000002685000008000006800000570657000001000300040,963542817271869453485731962796124385312685794548973126834216579657498231129357648,0,NakedTriples
010003070060850400000107800000506000305070000008090000009000000000700064030005120,812463579763859412954127836197546283345278691628391745279614358581732964436985127,0,HiddenTriples
080000010010026030034080002009500700000400000000000960000034080005092000000800000,982345617517926438634781592469518723273469851158273964791634285845192376326857149,0,HiddenTriples
000694030008700009003000000500003100000080700000000060000000010401905002020400650,752694831648731529913852476596273148234186795187549263865327914471965382329418657,0,NakedTriples
100000000000000430083070000760024050000007060050000009500061020008000100200500006,125438697976215438483679512769324851812957364354186279547861923638792145291543786,0,HiddenTriples
000200050403080000007000000010037005008510030009000000000800079004003000020060010,196274853453681297287395146612937485748516932539428761361842579974153628825769314,0,NakedTriples
000490060090608210000000000000040032500706000080200700000000600012005800007000000,178492365395678214246513978761849532529736481483251796834127659912365847657984123,0,NakedTriples
046000009090050300000040870000080000305006100000002090850000200000000000401809000,746238519198657324532941876914783652325496187687512493859374261273165948461829735,0,NakedTriples
000004005300006400000090020009710000000050000420000070500000003010009087080000604,291834765358276419764195328839712546176458932425963871542687193613549287987321654,0,HiddenTriples
600000008030002050000006400050000004004509026900001000000080001370000000005070200,642357918138492657597816432251768394784539126963241785429683571376125849815974263,0,HiddenTriples
008900020150000003000400670200060000305000900000320004409007010007001040000000000,748936521156782493923415678294568137385174962671329854439857216867291345512643789,0,HiddenTriples
070010000004260089000030210006000000000090100200800004008007042000000030500006000,672918453134265789985734216816542397457693128293871564368157942721489635549326871,0,NakedTriples
000801005000000060210070040500000000300000900602340000009000000000708631000600200,946821375857439162213576849581967423374182956692345718769213584425798631138654297,0,HiddenTriples
000009000070320006060005021000513000800000300021000000900280053000006208000000040,582169734179324586463875921694513872857642319321798465946287153715436298238951647,0,NakedTriples
000000000000300920006102007000000094090407000000003000034060015100080030605000200,912875463857346921346192587571628394293417658468953172734269815129584736685731249,0,HiddenTriples
000802300420500000007960000070000008500008030000030200103000027040000609000600000,659842371421573896837961452372154968516298734984736215163489527245317689798625143,0,HiddenTriples
709320408038001000600000090302970000060080000000000020005004280080000040000000037,759326418438791652621548793312975864564182379897463125975634281183257946246819537,0,NakedTriples
000080500000300640009260001408000000000000000000631000730000005002005300040800070,364187529127359648859264731498572163613498257275631894731926485982745316546813972,0,HiddenTriples
000006000000030498000100060002610000900003201007008030058000024070502800003800005,329486157761235498845179362532614789986753241417928536158367924674592813293841675,0,NakedTriples
205300700009006500000010030004009000700000400090060100407000000051700060060080000,215348796349276581678915234124859673786123459593467128437692815851734962962581347,0,NakedTriples
030000000700000006680010300070000000000590040005037209000008001020003685850001700,531269478792384156684715392978142563213596847465837219347658921129473685856921734,0,NakedTriples
040021060081000700000030009007063000300080001000000040000000205100800000700905000,943721568581694723276538419457163892329487651618259347894316275165872934732945186,0,HiddenTriples
800506140010000000000040052003800261000300000076000090600490000008700000000085020,892536147514927386367148952453879261289361574176254893625493718948712635731685429,0,NakedTriples
630200940400000020900006000000012003060000015080000000090630007000000800000048000,631257948478193526952486371749512683263879415185364792894631257317925864526748139,0,NakedTriples
053140060000000030708506210907000300001020600400900000300060720000005000006800000,253147968614289537798536214927658341831724659465913872389461725172395486546872193,0,HiddenTriples
000023004060007000000800360075300800006000900029400703000700000050000027000050080,598623174364517298217849365475392816836175942129486753982764531651938427743251689,0,HiddenTriples
009000010010007000760130000890043001005070008030060050000000204000000003000980500,489652317513497862762138945896543721145279638237861459678315294954726183321984576,0,NakedTriples
800300006100000000003240900070000840000500031005020007000017000060900000900000400,824391756196785324753246918279163845648579231315428697432817569567934182981652473,0,HiddenTriples
000320010600800903000900000002000090340008500086000100000000027009006400000740000,598324716627851943134967285752413698341698572986572134465189327879236451213745869,0,HiddenTriples
000048600070000000300510000010600008040050007000900040460870000000005070980000001,521748693874369215396512784719624538248153967653987142465871329132495876987236451,0,HiddenTriples
000300805000700000060000140450000620820410000000000000010030000200107900007029580,194362875538741296762598143451973628829416357673285419915834762286157934347629581,0,HiddenTriples
000083207000400000006201000840009000007000000590002070060090000928070410700004006,154983267289467531376251948842719653637548129591632874463195782928376415715824396,0,NakedTriples
605000000000304080802007000390000200107008090000000006000952070009000000008070030,635289147971364582842517963396745218157628394284193756463952871719836425528471639,0,HiddenTriples
000004050406200008850019000000000064500000000060000083007090600032070009080060010,729684351416235798853719426371928564598346172264157983147892635632571849985463217,0,HiddenTriples
000500602090000030020003000700000010000750300001080709500400000600905803208060094,347519682895276431126843957783694215962751348451382769579438126614925873238167594,0,HiddenTriples
090420030008001640000008000000005016000000700087094000500000087904030000000000320,791426835358971642462358179239785416145263798687194253513642987924837561876519324,0,NakedTriples
005038400010000005073000108007000000130006070200405300060080042300007650009000003,925138467816794235473652198657319824134826579298475316761583942382947651549261783,0,HiddenTriples
700040500100079000208000000000900001006000030020030080400000059030000007010703024,793248516165379248248561793354982671876415932921637485487126359532894167619753824,0,HiddenTriples
000970510000520000400003070500030000000742800740100090007200406000061000320000009,283976514971524368465813972518639247639742851742185693157298436894361725326457189,0,HiddenTriples
000010600000000020093000510045001060700009000002300007030006002070040800400900000,287514693154693728693287514345871269768429351912365487831756942579142836426938175,0,HiddenTriples
000400000700001000800900006029045800000020000430009602008010030001003000000000970,592476183746831529813952746629345817185627394437189652968714235271593468354268971,0,NakedTriples
090310400400070000000000020009048007730000000000007108004000600376900200000000001,897312456423675819561489723159248367738196542642537198914823675376951284285764931,0,HiddenTriples
000020007050700820071840690030200000706908000900070000000032058000097004520180070,698321547354769821271845693435216789716958432982473165147632958863597214529184376,0,HiddenTriples
090310040006070010000008000002050603000100290003000000005090760001002000000000082,298316547436275819157948326912854673564137298783629154825493761641782935379561482,0,NakedTriples
600109405800342060401670089736000200502000906000000000000001792097000000000097010,673189425859342167421675389736958241582714936914236578348561792197823654265497813,0,NakedTriples
040000000002006070963210400400700003000080910000030052010000308005100000000000000,741895236852346179963217485429751863537682914186934752614579328395128647278463591,0,HiddenTriples
350047900204010050800006001000002070070005800000104039000503002000098000000700390,351247968264819753897356241943682175176935824528174639719563482632498517485721396,0,HiddenTriples
090003270100000500000706000504007030000030709000000000400060352000000060000280900,695813274173429586248756193524697831861532749739148625487961352912375468356284917,0,HiddenTriples
001630000040000803000009700602000000098000040000010000000005307000098060580700001,871632459946571823325489716632954178198327645457816932269145387713298564584763291,0,HiddenTriples
000090080800540970000860500090600000705000100000004000034050800107000690009300000,546297381812543976973861542491625738725938164368714259634159827157482693289376415,0,NakedTriples
381009000000002000000050400008760503100000000009000026030000000700006200020000085,381649752457812369692357418248761593163295847579438126836524971715986234924173685,0,HiddenTriples
209300004000020000010094005007000609000100300080700000900000000670000030034000800,269315784845627913713894265157483629496152378382769451928536147671948532534271896,0,HiddenTriples
003800001410600000009030040008001500700000000005703000080006004300475168000000250,253847691417659823869132745948261537736584912125793486581926374392475168674318259,0,NakedTriples
400060005005007001081000370000000020000103050000298006100900000896000700020000000,479361285235847691681529374318654927962173458754298136147982563896435712523716849,0,HiddenTriples
009008000000000076050000803670000510004021030010030007000006000020000048000084000,769318254438952176251467893673849512584721639912635487847196325126573948395284761,0,HiddenTriples
008090500030050400007000003020004060705000004040510000070900100009200600000300200,218493576936857421457126893821734965795682314643519782372965148589241637164378259,0,HiddenTriples
005003200090000008000140000000006702000300000000085600900070006004000000760400319,475893261391562478826147953543916782687324195219785634938271546154639827762458319,0,HiddenTriples
000800070850000300030400200074015000006900050500000000000070130043601080700000020,462839571859127346137456298974315862316982457528764913695278134243691785781543629,0,NakedTriples
600005000000000870019700000500019040030070500000003081065000000870030604302000000,687345912453921876219768435526819347138274569794653281965487123871532694342196758,0,NakedTriples
700000610003400000000500070085004003000060000904058000008000006001800002502000100,759283614813476259426591378285714963137962845964358721378125496691847532542639187,0,HiddenTriples
050302900004700003378005000000507604540090302600020000063000000700600000490003160,156382947924761853378945216281537694547196382639824571863419725712658439495273168,0,HiddenTriples
000910000000000007206007400310500020007009008600000000100600300500030000008200040,743916285851342967296857413319584726427169538685723194174698352562431879938275641,0,HiddenTriples
000004062000070090000602000000039200050000100390000070970510000500000000030700054,713984562265371498849652317687139245452867139391245876974518623526493781138726954,0,HiddenTriples
504600003020010000000000007000000704601500900080040021390000000700002000008070000,574689213826713459139254687253891764641527938987346521392468175715932846468175392,0,NakedTriples
070000100006500700084000060000001002000000930400086000300400000100903058000025000,573862194216549783984137265657391842821754936439286571395418627162973458748625319,0,NakedTriples
400000800009801000008530097905600000000000065200000009100000000040090100000007083,457962831329871546618534297975613428831429765264785319183256974746398152592147683,0,HiddenTriples
594010000000200000100700000000000009040000683250600001000903100006040005002005800,594318267367254918128796354681437529749521683253689471875963142916842735432175896,0,HiddenTriples
040003000620005000000010406007200005360000081080000002000071364070000000400020050,741683529629745813853912476917238645362457981584196732298571364175364298436829157,0,NakedTriples
000000090045020300100000007090061000080070000070580004002007063000300800003816009,638745192745129386129638457594261738381974625276583914812497563967352841453816279,0,HiddenTriples
030020040400005071100900000200800100060204098008003002300080400600509000070000000,936721845482365971157948623293876154761254398548193762325687419614539287879412536,0,HiddenTriples
020003100014900500000000060000007002000400085000000900409100000037289000002500070,526843197714962538398715264845697312963421785271358946459176823637289451182534679,0,HiddenTriples
700000500006030000040001070000000090900620005010000084001000000600813000830097000,783942561156738942249561873364185297978624315512379684491256738627813459835497126,0,HiddenTriples
003800400802009700007050020000796041000040076000010000014500000000070500020080000,153827469842169753967453128538796241291345876476218395614532987389674512725981634,0,NakedTriples
030000000000061500100840000410070608000000007007000100025003809640000000800000063,536729481984361572172845396419572638268134957357986124725613849643298715891457263,0,HiddenTriples
000308000030001052000750900000000100560089000087010069006007000000000085300020004,625398417739641852814752936943576128561289743287413569456837291172964385398125674,0,HiddenTriples
070000200049007100100000060000180359000000000401500008906002000000010005807030000,678351294549627183123498567762184359385279416491563728956742831234816975817935642,0,NakedTriples
006000500030102600000800070201050004004700069090000000007500000009000020000498000,186973542735142698942865371271659834354781269698234157417526983869317425523498716,0,HiddenTriples
009000006705000810000000200060028040007960000050004000034170960000082470602000000,189247356725396814346851297963528741417963528258714639834175962591682473672439185,0,NakedTriples
200670800780020005000000000000008010003004200570030000004000000000500601002080030,241675893789423165365819724426958317193764258578231946814396572937542681652187439,0,NakedTriples
006900000000000000005071830050000040000000105008030600700090310040006000090082006,386924751174853269925671834257168943639247185418539627762495318843716592591382476,0,NakedTriples
090800010300900000000001064040002107000300005020070000001020000000008000008709420,496857312312946578785231964549682137167394285823175649971423856234568791658719423,0,HiddenTriples
030000020004050009000080050003045600060100090000300000000007100208000060000034082,537496821684251739912783456123945678465178293879362514396827145248519367751634982,0,NakedTriples
000090030070006000009408000057020000400300100000000000200005407008004005001000860,185792634374516289629438751857621943462359178913847526236185497798264315541973862,0,NakedTriples
002000450000000001901006000009501003050260908000000000400007000006300040003100069,872913456564872391931456287249581673357264918618739524485697132196328745723145869,0,HiddenTriples
207508094080004200000000000009200700003709082000000050000940003000005000010026009,267538194381694275495172368849251736153769482672483951526947813934815627718326549,0,HiddenTriples
005000030030200700010900000000608070000015300050000080000000002506000900008706000,265187439839264751417953628394628175782415396651379284973541862546832917128796543,0,NakedTriples
000000009702068050105000000000650010001400000050300007900000604070000000008020000,864235179792168453135794862247659318381472596659381247923517684576843921418926735,0,HiddenTriples
000090500009806700500003009090000000010000492603700000020000007300000006000008000,462197538139856724587243169295481673718635492643729815821964357374512986956378241,0,NakedTriples
006980000004000506000000940000005000002003000700420000900200003001070020600509100,576984312294137586318652947869715234142893765735426891987261453451378629623549178,0,HiddenTriples
047086000000004001800000000900050000050002169000030025730020000000000040001000703,147586392693274581825193674912658437358742169476931825734825916569317248281469753,0,HiddenTriples
302050010060804000040003700071060004000900000000035100003070008000000090700000500,382657419167894253945123786571268934236941875894735162413579628658412397729386541,0,NakedTriples
000024001003680005400070000007005000080200007900700042000100600190000280062000000,658924371723681495419573826247395168581246937936718542874132659195467283362859714,0,HiddenTriples
000700000000015082001800070002090001000000003090080000020060050080070000354000900,865742139739615482241839576572396841418257693693481725127964358986573214354128967,0,HiddenTriples
000000830060900000020000010008605000090003000004800700010007005007190003300500060,945761832861932574723458619278645391196273458534819726612387945457196283389524167,0,NakedTriples
000080010506003007000000000002010430009300020010700009900400200000050000270000800,497586312586123947123974568762819435849365721315742689951438276638257194274691853,0,HiddenTriples
400072000057400010600000000000205000071009040000000030000004007080000029000056400,438172965957468213612593874346215798271389546895647132169824357584731629723956481,0,HiddenTriples
800030000700000001000201600040009020000000004015046003380057000000600050050008900,861934572792865341534271689648319725973582164215746893389457216127693458456128937,0,NakedTriples
000080000070000180094500020003040070007020600200900000610003000040708000000004008,136482795572639184894517326963841572487325619251976843618293457349758261725164938,0,HiddenTriples
070800040400329001000060203040080060100900004009000000000503008008070050001000000,273851946486329571915764283542187369167935824839642715724513698398476152651298437,0,NakedTriples
080004200092000700600100000005002000704000003010600080000961000000000035000003900,381794256492356718657128349835472691764819523219635487523961874946287135178543962,0,HiddenTriples
080700620300004000000010070500007000008003010074500000000050007802000030010900008,481795623327864951659312874536187492298643715174529386943258167862471539715936248,0,HiddenTriples
800030004020060000037000000750802103000500408000091000000007901000410380080003002,896135274125764839437928615759842163213576498648391527364287951572419386981653742,0,NakedTriples
000060500009701800300900000000800200030040000706012049074009000000008000000070015,218364597459721863367985421145893276932647158786512349574139682691258734823476915,0,HiddenTriples
607192000000004090300000007100000400003020800000807600000000062031008000000941000,657192348812374596394586217178639425963425871245817639489753162731268954526941783,0,HiddenTriples
080000500100000402004900061000380020005006000000100903003207000200000034048000000,386412597197635482524978361471389625935726148862154973613247859259861734748593216,0,HiddenTriples
000023000000950800020006091105240000000005007070300080008000000000060400090000038,869123745731954826524876391185247963943685217276391584658439172312768459497512638,0,NakedTriples
100000005007060013000001600200000030000608007700030086080002000003800500004900000,196384725847265913352791648268157439439628157715439286681572394923846571574913862,0,HiddenTriples
067000000000409060000001500201000040900005207005100008000080050000003080020040300,467358129152479863893261574231897645984635217675124938319782456546913782728546391,0,HiddenTriples
009004500000006701000090000000000000801200007270060100400030069050000018900020000,789314526324856791165792843546187932891243657273965184417538269652479318938621475,0,HiddenTriples
003400802098000050000090700000300000100054600000000000004007006700009200210800000,573416892698723451421598763965372148182954637347681529854237916736149285219865374,0,NakedTriples
080206040000000007600510029005008300230060708000700500000000000000900006809040000,983276145152894637674513829795128364231465798468739512546382971327951486819647253,0,NakedTriples
700000030603009087090000200010208040900100000007000000200000000000300900040002360,751824639623519487894736215315298746962147853487653192239461578176385924548972361,0,HiddenTriples
790006100000000300180000604600005009030080001008200000302591480000800000804067000,793456128246918357185723694627135849539684271418279563372591486961842735854367912,0,NakedTriples
051000000200000000060002015076001004000400500800020900007006009000930100500007260,751364892298715643463892715976581324312479586845623971187256439624938157539147268,0,HiddenTriples
007300000000000450094100073030090004000030000000854092000060900000200800805000001,257346189381927456694185273538692714942731568176854392413568927769213845825479631,0,NakedTriples
501000006290306000000000000000600030000080057700020100000004800029000075850060020,531492786298376514476518293185647932942183657763925148317254869629831475854769321,0,HiddenTriples
902050000000040200003000506000200300000000000000097018040670900008003650000000007,972356841651748239483129576817264395594831762236597418145672983728913654369485127,0,HiddenTriples
080400000001023000005097000000080090700000804000100605106008040003040009800001030,987416352461523978235897461614285793752369814398174625126938547573642189849751236,0,HiddenTriples
002010000300400000710260000003040105000000006054070903090000061605091002400000000,542317698386459217719268534963842175178935426254176983897524361635791842421683759,0,HiddenTriples
003010570000000000685030000900007032000200400008100007000650009000000640400000008,293418576147526893685739214954867132716293485328145967831654729579382641462971358,0,HiddenTriples
037000600400002007500076100084000010000860000000000000600001092002000070300205004,137948625468152937529376148984523716213867459756419283645781392892634571371295864,0,NakedTriples
003000050800000937020000800480000300700009000000007609000004705107900080000300010,973846152864521937521793864489652371716439528352187649638214795147965283295378416,0,NakedTriples
030070000508060700010000000090018650003000900050200180040900500000020010000034006,936471825528369741714852369492718653183645972657293184241986537369527418875134296,0,HiddenTriples
003000700002805000500010008000009042030000070000060001700900020080004100000200806,813426759672895413594317268156789342938142675427563981761938524289654137345271896,0,HiddenTriples
000000050040086100600000200070013020091000060204000500000000900000032080059740000,983124756742586193615397248576413829891275364234869571428651937167932485359748612,0,NakedTriples
940700008005400610000000400200003000019080700500000800890205003001000500000900040,946721358785439612132856497278543961419682735563197824894265173621374589357918246,0,NakedTriples
050060000000900000602087000067001005000000004004800060020000300010408090400320100,759164823841932576632587419367241985185796234294853761928615347513478692476329158,0,NakedTriples
000000700001290000097500004985006040020005003000000000600010000000020180002800900,853461792461297358297538614985376241126945873374182569638719425549623187712854936,0,NakedTriples
020000080150000600080006930210040000000009700700080054000500009000097000000000300,926435187153978642487126935215743896864259713739681254378512469641397528592864371,0,NakedTriples
600000280900520700000800000040001305000040000790030800410050000020000900579000000,657419283984523716132867549248791365365248197791635824413952678826374951579186432,0,HiddenTriples
010050208300900000008040015200403500007000900960500000000010000049000002000600070,416357298325981746798246315281493567537168924964572831672819453149735682853624179,0,NakedTriples
003920000000006070002305000407000010000000600630000509900037000000100400301800000,743928165895416372162375984457269813219583647638741529984637251576192438321854796,0,NakedTriples
006003000000000001107405600000007200000092150720000000230060000054080090000000000,546813972382976541197425638913657284468392157725148369239764815654281793871539426,0,HiddenTriples
700160000080000000921580000000007803100450006602000059000040000000001070009070005,753164298486792531921583647594627813138459726672318459817945362265831974349276185,0,NakedTriples
040000020000730000203001080000000030600300007005090002800006009020104300400070010,147859623568732194293641785974268531682315947315497862831526479729184356456973218,0,HiddenTriples
058003000100000000049000800500000000080009307000200009670004000000058700000007103,758493261162875934349612875591736482286549317437281659673124598914358726825967143,0,HiddenTriples
030900000008001026200805000400000800000070500680000000021000003000350070070009000,136927485758431926249865317417596832392178564685243791921784653864352179573619248,0,NakedTriples
006000300000050009000007100620400980075000000080010006910000620000802000007001090,856129347741358269392647158623475981175986432489213576918734625564892713237561894,0,HiddenTriples
081003000602800307000000041000000400000100000300270096009010000003908704700002010,481753269692841357537629841915386472276194583348275196829417635153968724764532918,0,NakedTriples
009000300020703500000180009970006005040002000000000010005800000000000200013027004,589264371421793586637185429972316845148952763356478912265849137794631258813527694,0,NakedTriples
005960100609000003080200000903020001100000406060080932050000300306400025000030007,235967148679841253481253769943726581128395476567184932752618394316479825894532617,0,NakedTriples
008003012013609000060080000000070001000001009000900470000700200040050000090000308,978543612513629784264187935639475821427831569185962473351798246842356197796214358,0,HiddenTriples
000000021500000040069008000401082000097005000600400030930000000210800050008003000,874536921523917648169248573451382796397165482682479135935721864216894357748653219,0,HiddenTriples
000493000000000600020000080000800300030000000001065407700008005004002000205000010,658493172149287653327156984572849361436721598891365427763918245914572836285634719,0,HiddenTriples
050003201000000000008000004900604000470000000030002005006305190000000040090068030,754983261219546378368217954982654713475831629631792485846325197523179846197468532,0,HiddenTriples
000003804004100090986000000068490000070005000400000030700200000001049370000008905,517923864234186597986574123368492751179365248425817639793251486851649372642738915,0,HiddenTriples
501002090000000036700090008000007302000800000005030907100700000000614000090000000,581362794924578136736491528618947352379825461245136987162759843853614279497283615,0,HiddenTriples
942000100000050006600000034000065203000003070000700008504080092018000000000300000,942637185731458926685921734497865213856213479123749568574186392318592647269374851,0,NakedTriples
001096080000080970000700000002000000080520309400308100200030800010800500600000200,371296485564183972829754613132469758786521349495378126247635891913842567658917234,0,NakedTriples
000001020000500010040800706000200600030040005007000001900060000608750300700400008,875691423362574819149823756491285637236147985587936241954368172618752394723419568,0,HiddenTriples
063040000090007000020900043050080030000004600000300008700000050201000090000001064,163548972495237186827916543654182739318794625972365418786429351241653897539871264,0,HiddenTriples
700000064000070900063008007000000409000000000090007623000050000570006038140000000,781529364254673981963418257827365419316294875495187623639851742572946138148732596,0,NakedTriples
060900080000040007009002000002010008030804900800005462020000600001000040000063000,165937284283641597479582136942716358536824971817395462328479615691258743754163829,0,NakedTriples
000708000000500097005040001040390020000002000500000100200000000108039060037800200,914768532386521497725943681641397825873152946592684173269475318158239764437816259,0,NakedTriples
080214006000003125000000400000009000000002047609400001067500000800070000002000700,985214376746893125213657489421739658538162947679485231367521894894376512152948763,0,NakedTriples
000003007340090000710080040006004902000000800100079000000000561000705000030040090,569423187348197625712586349856314972497652813123879456274938561981765234635241798,0,HiddenTriples
530700801000000000008001903200980007010000060090005030005170090700400300004302000,539764821172839654648521973256983147813247569497615238365178492721496385984352716,0,HiddenTriples
020109830600300010000000054200907000030000080704600000005000040000090001000020300,527149836649385217183762954218957463936214785754638129395871642862493571471526398,0,HiddenTriples
400001000000000090106000075090203000070000000008000500007065200060800400300070900,439751628785326194126498375594283761673519842218647539847965213961832457352174986,0,NakedTriples
900603007005900802700080000000000048000000710820700000400000000006070105030009000,982613457615947832743285961371596248569428713824731596458162379296374185137859624,0,NakedTriples
720003000000271006000009003070000000530000080008004650000000010400100200000020509,729683145345271896681549723976852431534716982218394657852967314497135268163428579,0,HiddenTriples
009000010010030000050076900004600003000940768200000000302700000000000400960000000,729854316618239574453176982874615293531942768296387145342798651187563429965421837,0,HiddenTriples
200600000000004012000080506000000057000009000050028030080103700070040000109005320,298651473765934812431287596824316957316579284957428631682193745573842169149765328,0,HiddenTriples
080400000700010200302076540000000000200000405090600700460003050000005000801004003,689452317745319286312876549136547892278931465594628731467293158923185674851764923,0,HiddenTriples
000570000060090030904020000000002008701000040000000109600048200105000700040750006,382574961567891432914326857439612578721985643856437129673148295195263784248759316,0,HiddenTriples
009000000000700104000340000003507000020003500058100030092000005080000900000810640,849651723236798154517342896963527418421983567758164239192476385684235971375819642,0,HiddenTriples
005040000910003005000700901000030009087009040600000000000004030009205680050000000,275941368916823475843756921524637819387519246691482753768194532139275684452368197,0,HiddenTriples
603020700000000096000007004090000005008030000317000000700800000000403900840106000,653924718471385296982617354294768135568231479317549862735892641126453987849176523,0,NakedTriples
006002800040000065309000000010284007000013000002056043080000000005040010004000720,156472839748139265329865471513284697467913582892756143981627354275348916634591728,0,HiddenTriples
002000395000001000800030600200800913601000002005090000000008709500960000010000030,172684395963571248854239671247856913691743582385192467426318759538967124719425836,0,HiddenTriples
000570000300600700906000002000001200607000000040000009000030000100020008000098054,218579463354682791976314582593861247627943815841257639489735126135426978762198354,0,HiddenTriples
000020090005000308006000105090070500000004000000096000030800070840000000071009600,384125796915647328726983145193278564267514839458396217639852471842761953571439682,0,HiddenTriples
085100000060000000390500706002000068007090000500600001100070030000910045000300000,285167394764839152391542786932751468617498523548623971156274839873916245429385617,0,HiddenTriples
000203000000619003000500046076001000090000005005906004000120000200000000050004790,618243957547619283932578146876451329493782615125936874769125438284397561351864792,0,HiddenTriples
908003650006000010030008704000000800400090100057004000070380400000009000009076000,918743652746925318235168794693251847482697135157834926571382469864519273329476581,0,NakedTriples
456000010080960430020000070005186000007000008800004100070608000510409600004020000,456837219781962435923541876245186397167293548839754162372618954518479623694325781,0,HiddenTriples
104080500000409800000005034070600300402000090008000007000390000000007020050000018,124783569365429871897165234579614382432578196618932457286391745941857623753246918,0,HiddenTriples
002047000903050004005003010080000020400070050000010300000008090020000401006000200,812647539973152864645983712587394126431276958269815347154728693328569471796431285,0,HiddenTriples
000000100000003040000600029038050000002006000590400800700900004000000700000087513,326794158819523647475618329638159472142876935597432861753961284281345796964287513,0,NakedTriples
040750000100640000520003040000009500310000029006030007960007100008001000000000094,649758231183642975527913846472169583315874629896235417964327158758491362231586794,0,NakedTriples
020036000000007100000200080070905020080000503900020400050000009008040001007000060,821436975536897142749251386473915628182764593965328417654172839298643751317589264,0,HiddenTriples
001306500230800600040010000900000000068400010070000908090000006000030020005700090,781396542239854671546217389952681437368479215174523968893142756617935824425768193,0,HiddenTriples
000050000069024000024100000400005090200006305007000000000043000000000930000600270,178359426569824713324167859483215697291476385657938142912743568746582931835691274,0,HiddenTriples
000701000300900000058000902000000600170060008030104090021300000500000006000000105,964721853312958764758436912485297631179563248236184597621375489547819326893642175,0,NakedTriples
800407210300000000000000506000100039046000000900000600030701020400002100009805000,865497213321658794794213586572186439146379852983524671638741925457932168219865347,0,NakedTriples
000002006072000005063140000020009000008000209904080000105700840000800103000000000,891352476472968315563147928327619584618574239954283761135796842746825193289431657,0,NakedTriples
500000087060000140009200500900500060650392000004000000000003000200004000031000090,512436987367859142849217536973541268658392471124768359496183725285974613731625894,0,NakedTriples
040300200005000080000019063307001000090000045000000000000060004806104070002008000,649387251135642789728519463367451928291873645584926137973265814856194372412738596,0,NakedTriples
007040012048000960200650040300004000780000004000820050070080006500000001000500020,657948312148273965293651847365194278782365194419827653971482536526739481834516729,0,HiddenTriples
700050046030000000100973000004000000000730008080020400000001000090460500000000230,729158346538246197146973825354819762612734958987625413275391684893462571461587239,0,HiddenTriples
000900050302070001040800002600000200054000003000030070009200000206000105000004007,167942358382675491945813762693587214754129683821436579479251836236798145518364927,0,HiddenTriples
510000000007800630200900000300400089005013006000000000000067000058000100000008040,513746928947852631286931754361475289895213476472689315124567893758394162639128547,0,HiddenTriples
000503000000000470017900530003060000600000100072008090005400060041050000060000800,496573218538612479217984536983165742654729183172348695825497361341856927769231854,0,HiddenTriples
000030009000010300000098604010000800005000002090200030400000050800000000006700901,584637219967412385132598674213956847645873192798241536421369758879125463356784921,0,HiddenTriples
500308107000001000700042000800000500207069004030400000600500020310000900000000000,524398167963751482781642359846237591257169834139485276698514723312876945475923618,0,HiddenTriples
002000300009040680500300907000000700000000001100750806400007000096038000005064000,842679315379145682561382947658491723937826451124753896483217569296538174715964238,0,HiddenTriples
030090200480000070009720005003007000040200700900060000600000010008900056000002000,735194268482536179169728435823457691546219783917863524694375812278941356351682947,0,HiddenTriples
008007000007500013000300000000000000000010482010206900500004860970005300000090000,238167594647589213159342678392478156765913482814256937521734869976825341483691725,0,HiddenTriples
020019000000060008600000005000050000948000070200400080090002000000000049510700006,827519634154263798639847215371958462948326571265471983496182357782635149513794826,0,HiddenTriples
020000901000700030000041020007080060401390007000000309000830605000000070300610400,728563941149728536653941728937185264461392857582476319214837695896254173375619482,0,NakedTriples
000000500040030000070600001007501400000002905593000800000008604050700009601000200,362147598145839726978625341827591463416382975593476812739218654254763189681954237,0,HiddenTriples
700040083010000500000030020900807000670019000005000000002003050006005900080000000,769542183213678549458931627931857264674219835825364791192783456346125978587496312,0,HiddenTriples
900000070300950600002004000000609003030000409600010000403790500700200000208000190,946132875381957624572864931854679213137528469629413758413796582795281346268345197,0,HiddenTriples
780000000061700900000200370000450006040013000000009700509000820170500090000000000,782395461361784952954261378893457216247613589615829743539146827178532694426978135,0,NakedTriples
000000700210006800004090023009800060800001000006000930007030000900020004000000050,598312746213746895764598123429873561835961472176254938687435219951627384342189657,0,NakedTriples
740000000306000047000030106100806900000000000090010038000000003000945000065000724,741268359386159247529734186134826975857493612692517438418672593273945861965381724,0,NakedTriples
010300005682050347359002008000020053400560070000001064508200000970600000000000000,714386925682159347359472618167924853423568179895731264538217496971643582246895731,0,HiddenTriples
100300000060107009090004000006050008005000290700200000030002087008000105000900300,174395862562187439893624571326459718415876293789231654631542987948763125257918346,0,NakedTriples
030800570000030000100000049004700000080000004603049000701008000000600020040120080,932814576465937812178562349594781263287356194613249758721498635859673421346125987,0,HiddenTriples
900000564000405030000900200098000000006000100040506000000020003200100040080694000,973281564821465937654937281598312476736849125142576398419728653267153849385694712,0,NakedTriples
002000100530001200000040030400860300900010020080709605604020000800004000000180000,742593186538671294196248537475862319963415728281739645614927853827354961359186472,0,NakedTriples
007002350080000020041000007020000008408060000000009704010240000800090600000007000,967482351583971426241536897729314568438765219156829734615248973872193645394657182,0,HiddenTriples
001500009500080004300000100493800000000040700050003000000467010000000008000910200,261534879579186324384729156493871562128645793756293481832467915917352648645918237,0,HiddenTriples
014000900000000005609407800205040000000001000000700060000800007906500410400010300,714285936823169745659437821265348179397651284148792563531824697986573412472916358,0,HiddenTriples
070030000000700000300204000000069007002000100004800000406380200000010056000000004,278631549649758312351294768583169427962547183714823695496385271837412956125976834,0,NakedTriples
001020000208907005700800000006000120000000006130050900045000001000009860000000007,491325678268917435753864219576498123984231756132756984845672391317549862629183547,0,NakedTriples
001020000830000040000009000100400007700000350208000490500900800000640700070030000,691324578835167942427589163153496287749218356268753491516972834382645719974831625,0,HiddenTriples
000000625700805000300000001000050000000607000005008090803020004004060300010000007,481973625762815439359246871697452183138697542245138796873521964524769318916384257,0,HiddenTriples
002000000080204007506010400000103000000076031000450000920007008000601900040092103,492785316183264597576319482869123754254976831317458269921537648738641925645892173,0,NakedTriples
010000000300670000900400020000000760008000000090706300120000030050300009000084002,416235987382679154975418623243891765768543291591726348124957836857362419639184572,0,HiddenTriples
000002310050090004000300006700240001040076000000000800013900780009000030200000000,697452318351698274482317596738249651145876923926135847513964782869721435274583169,0,NakedTriples
200009074000310050000007000009050008000402500500081000008000007060200030704000009,215869374697314852483527691149653728876492513532781946328945167961278435754136289,0,NakedTriples
000000000098000250032000700000002090000097800057100000010000003609080000004060010,746529381198743256532816749483652197261497835957138462815974623629381574374265918,0,HiddenTriples
010290000040307800600000002000800100060000500320001780050004600083000010900000000,518296473249357861637418952794825136861973524325641789152734698483569217976182345,0,HiddenTriples
000700001000092070600000000000000200208005600050100400010049000700500100502300090,429756381381492576675813942137684259248935617956127438813249765794568123562371894,0,NakedTriples
000421060000007100030000000020000080600080020003010090005700230900008007040900000,798421563256397148431865972524679381619583724873214695185746239962138457347952816,0,NakedTriples
000800704800004001009000000056240078300750000020030000005020600071000050200080100,562819734837564921149372586956241378314758269728936415485127693671493852293685147,0,HiddenTriples
409720000000065007000003000900008020000502608700000040200000010070010000300000800,439721586821965437567843192956478321143592678782136945295684713678319254314257869,0,HiddenTriples
070000000006700000040200005080000017103000000900030600000004020020000049590020060,275918436316745298849263175482659317163872954957431682638594721721386549594127863,0,NakedTriples
760504000910008000400000700000000800304020006000007005009000030070230009200905000,763514928912378564485692713697153842354829176128467395549786231876231459231945687,0,NakedTriples
080507009400000000001000230008000400900030100000070000004000305000000021050602800,283547619496321758571896234738165492945238176612974583124789365867453921359612847,0,NakedTriples
000870000000003040103005782200306500500401608000200000408000001700000000010000004,945872136872613945163945782294386517537491628681257493458729361726134859319568274,0,HiddenTriples
700000000850000320009004007400000906000020800910003000000068000003740508080035700,761392485854176329329584617432817956675429831918653274547268193293741568186935742,0,HiddenTriples
000800306009000104000207090010028000200035000030000009000010080150600000640000031,425891376789563124361247598517928463296435817834176259972314685153689742648752931,0,NakedTriples
040805000208000905000061870700120030000000000104500706000000007470910600800470020,647895312218734965593261874756129438389647251124583796962358147475912683831476529,0,NakedTriples
060704025010300000090650300002070010009400800130000004000005000003060000700200050,368714925215389476497652381842976513579431862136528794624895137953167248781243659,0,HiddenTriples
000000084083200600020006010000400000350070100900000050040000070000700900506018000,695137284183245697427896513768451329352679148914382756249563871831724965576918432,0,HiddenTriples
050000096001500800700604000100407000006008040009000003000031705060900001000000000,258173496641529837793684512132497658576318249489256173924831765867945321315762984,0,HiddenTriples
608000103007000920400000060000000006500790200000010080913004000004130000000500000,628957143137468925495321768271845396586793214349216587913674852854132679762589431,0,HiddenTriples
000209430569000002024100000003087000000500040000601900086000700407060080000008000,718259436569843172324176598293487615671592843845631927186324759437965281952718364,0,HiddenTriples
000100602400000030000070008080200000100008090500003001005760040000401000300009007,738194652451826739629375418984217365173658294562943871815762943297431586346589127,0,HiddenTriples
000098605000006010040120083001000490400700020085000006170900000300000000092040000,217398645839456712546127983721635498463789521985214376178963254354872169692541837,0,HiddenTriples
020900700000040002064500009600090000700001000090800004000460020400000500030079480,823916745579348162164527839658794213742631958391852674987465321416283597235179486,0,HiddenTriples
200407060409800000070000400045100700102004300000080005000301090004000803600040050,283457961419836572576219438845193726162574389397682145758321694924765813631948257,0,HiddenTriples
695038000400050000700200004001004025500073000009000701000000600037000080900000072,695438217412657938783219564871964325524173896369825741148792653237546189956381472,0,NakedTriples
002400800600001040000000065000500208230080009009000000351072000028003007760000000,512467893683951742497328165146539278235786419879214536351672984928143657764895321,0,HiddenTriples
003000500591000200000000008000180006080504320000006000070000000658070009040900010,823619574591847263467325198935182746786594321214736985179463852658271439342958617,0,HiddenTriples
000002004300090000080407300007016040260004500000000900000021000070600102800079030,795132684346895721182467395537916248269784513418253967654321879973648152821579436,0,NakedTriples
000003700004001068002400009163005090800010000000009000000004030000560000050098010,918653724574921368632487159163745892849216573725839641286174935391562487457398216,0,HiddenTriples
500003100070050400064000000050900000020006070000000500000210930000000802080035000,592463187371852496864179253753921648928546371416387529647218935135794862289635714,0,NakedTriples
000708600700000030029000050036009000590000000400650000800410200000000008040023100,354798612781562934629134857136249785592387461478651329867415293213976548945823176,0,NakedTriples
000008600000900003500014080050103000173200000084000000030000702000701060001400090,319578624847962153526314987652143879173289546984657231435896712298731465761425398,0,HiddenTriples
007090100160700000000380004000200000089000201040000036005009408003040902000000000,837496125164725893952381674376214589589673241241958736725139468613847952498562317,0,HiddenTriples
060000827008400000300000009800040000431006090000700000000000075000027430500030100,964315827758492361312678549827149653431256798695783214243861975189527436576934182,0,NakedTriples
000000600050000001089600000010000509320010080000004002001900705030060000702003000,243891657657342891189675243814236579325719486976584312461928735538167924792453168,0,NakedTriples
370010650050700020100500408000005003700400000008000000480030000600000730000120800,374218659859746321162593478246975183713482596598361247485637912621859734937124865,0,HiddenTriples
000900034000700600800003050000400002053008000201000000016040000000309007900001200,167952834395784621842613759689437512453128976271596483716245398528369147934871265,0,NakedTriples
461500000000004900720030000800100740150000800000000000038020407040600398000000500,461579283385264971729831654893156742156742839274398165638925417542617398917483526,0,HiddenTriples
700008000502300061043000000000820090000001057305070000090000000004006075607000400,769158324582394761143762589476825193928431657315679248291547836834216975657983412,0,HiddenTriples
098200004400900600002000000800000009009130050050780000035007426000060000000000900,598276134413958672762341895871625349629134758354789261135897426987462513246513987,0,HiddenTriples
940002700020000000005049000500806020001000004090050001000007900000030080000400200,943182756126375498785649132574816329861923574392754861218567943459231687637498215,0,NakedTriples
094000630000400000507000000000081000012000500000060703040038000100007205000004009,294875631831426957567319824379581462612743598458962713945238176183697245726154389,0,HiddenTriples
020000004006000200085009360000000008000947000010000590060005000032000600100020700,921673854376458219485219367293561478658947123714382596867135942532794681149826735,0,NakedTriples
006050900003409001080300400060730000507091000000000107800000009000004632000200000,476158923253479861981326475164735298527891346398642157842563719715984632639217584,0,HiddenTriples
000306259106500000500800007000081035070050064000600000060000000700020000003400081,487316259126579843539842617642781935978253164315694728861935472754128396293467581,0,HiddenTriples
000100200200009086004080730090000300530007010000000070000040000768003090020090000,683174259271359486954682731197865342536427918842931675319546827768213594425798163,0,HiddenTriples
809006730000900005000302000006000100350000090008400070020108000000050019000040600,849516732132974865765382941476895123351627498298431576927168354684753219513249687,0,NakedTriples
004007065100002008020040000050000000300700500000060000000106009070030000810504307,984317265137652948625849731451983672368721594792465183243176859579238416816594327,0,HiddenTriples
000000309060005080400030067023000000007080000508003000002760090000000000000502100,271846359369275481485139267623457918947681532518923746152764893794318625836592174,0,HiddenTriples
067000001900350000001470000000000080506000040000940000072030000000004010809000072,367298451984351726251476893423567189596183247718942635172839564635724918849615372,0,HiddenTriples
023009806680000400000006930004070000000930001001065004490000700000097008002300009,723419856689523417145786932864172395257934681931865274498651723316297548572348169,0,HiddenTriples
002030010300000500040000080003008050010050006970200000020900001030070040007000098,782536419391784562546129783263498157814357926975261834628945371139872645457613298,0,HiddenTriples
000023500004008001800000600060050100903000000000400700005904000000000090001000005,179623548634578921852149673467352189913786254528491736785964312346215897291837465,0,HiddenTriples
000060004560002801007000000006703000000008206040009007008050400200100050003000000,932861574564372891187495362826713945791548236345629187618957423279134658453286719,0,NakedTriples
000047000300090204600000070000002080400000300089000017071006000000009045000030000,192647853357891264648253179735912486416785392289364517571426938823179645964538721,0,HiddenTriples
800070100000010863000000000109000000020000040045000009004007906010405302050920000,862573194597214863431698527179842635628359741345761289284137956916485372753926418,0,HiddenTriples
905000000000507300600000908801000070000200003000000400008001004700008610090005000,915863742482597361637142958841359276576284193329716485268971534753428619194635827,0,HiddenTriples
709080000021790804045060070000012409060000100000000200900000306008900000000070000,739485612621793854845261973587612439462539187193847265974158326358926741216374598,0,HiddenTriples
000000059040102000000039000020300708700001003390000000007000060100008040000094000,813476259945182637276539184621345798758961423394827516487213965169758342532694871,0,HiddenTriples
900100000500000380000006050070020400000800020000460005083000002720003100001040030,934158267567294381218736954876325419145879623392461875483617592729583146651942738,0,HiddenTriples
600170039000000000008003002060050010090000020004600008000001506073000000000020370,625174839319286745748593162867952413591348627234617958482731596973465281156829374,0,NakedTriples
007000002802405000000000100000000000700000806386000007000050043005240000098700060,967318452812475639543962178159687324724593816386124597271856943635249781498731265,0,HiddenTriples
200530900000009000070006300064100090010000250020007100001280700700013580000790000,246531978135879462879426315364152897917348256528967143651284739792613584483795621,0,HiddenTriples
600000000082000039030800201000900005000060710001003000070000302900230054000004006,694321587182675439537849261743918625859462713261753948475186392916237854328594176,0,NakedTriples
000150000004000200000000390070600030000908007102000080700006000500000008806705002,937152846654389271281467395478621539365948127192573684729816453513294768846735912,0,HiddenTriples
500608900000000000030090700100006058000020091600100000060000370004200000900300014,541678923789532146236491785193746258457823691628159437865914372314287569972365814,0,HiddenTriples
209040000000080500001706000000470000506000020000001300820060100465000008000000030,289145673674283519351796842138472965546839721792651384823964157465317298917528436,0,NakedTriples
400000003008060090030007608006010009000050002090200076500490000000000000004000350,465829713728361495139547628256713849847956132391284576513498267672135984984672351,0,HiddenTriples
000003500002080000000020009030500008901000004008040200070056000260000000000300080,487963521592481367316725849634572198921638754758149236879256413263814975145397682,0,HiddenTriples
000100600600050023052000090005300200170005000004006009000600000000000371010040080,798132645641859723352467198965384217173925864284716539839671452426598371517243986,0,HiddenTriples
200400006000630000000007050405000309000790400000000210600005040008010070001900000,213458796857639124964127853475281369126793485389546217632875941598314672741962538,0,NakedTriples
185070004406000020007080000000007650000003002000290070004830000010029008050000000,185972364496315827327486915832147659749653182561298473274831596613529748958764231,0,NakedTriples
000529030200800057000000000007090300902300740000000001731000002050000100006058000,174529638293816457568743219687491325912385746345672891731964582859237164426158973,0,HiddenTriples
000200060035706000207900130900080010400010900050000000000000096000002000510004000,894231567135746289267958134923487615486513972751629348342175896678392451519864723,0,NakedTriples
057020400000600001000000070400000930006000000900008740000804200100002000025010080,857129463234687591691345872482571936576493128913268745369854217148732659725916384,0,HiddenTriples
000003000010040200009051060000410300000000075005270041000590000096000008400006030,574623189618947253329851764867415392241369875935278641783592416196734528452186937,0,HiddenTriples
010930060005001030043080000500000000002140000000067040009300780000000015801700300,217934568685271439943685127594823671762149853138567942459312786376498215821756394,0,HiddenTriples
000050800000907300001008502020700000000089001040000003400000280903104070060000000,394652817258917346671438592126743958537289461849561723415376289983124675762895134,0,HiddenTriples
190800700080200000003690000006070098058006020400900000069035004000000050004000930,192853746685247319743691285326574198958316427471982563269135874837429651514768932,0,NakedTriples
400020056600700000000004000000015000200300070040000003000080000071503000062000309,483921756659738241127654938736415892218369475945872163394286517871593624562147389,0,HiddenTriples
001050960500004000400006002070060020000000070042809006390040005800001003000600000,281357964569124387437986152978563421653412879142879536396248715825791643714635298,0,NakedTriples
500740200400902000021003900000000000000800050309210600800004100200090760010000025,598741236436982571721653948685479312172836459349215687867524193253198764914367825,0,HiddenTriples
060000000000802030000090070090018000800030500205000006030400100100000000600001204,962753841471862935583194672396518427847236519215947386739425168124689753658371294,0,HiddenTriples
000000200318400000500090000003040006800000030201000040060009100000650080009100000,697318254318425697524796318953841726846572931271963845465289173132657489789134562,0,HiddenTriples
018002600020700001040800000000008073600073000080504009060000000000300090400007002,718952634523746981946831725254698173691273548387514269865429317172385496439167852,0,HiddenTriples
000700003095010000006003024030900200000100060400050000804000007000007000070000096,248769153395412678716583924631978245587124369429356781864291537953647812172835496,0,HiddenTriples
040000000170000020900007000501000002000050390020601000050006800800009470000103060,345962187178345926962817534531798642687254391429631758253476819816529473794183265,0,HiddenTriples
460300000009000005002000480000000070900670000580000090004000010800409032006803004,468351927719248365352796481641982573923675148587134296234567819875419632196823754,0,HiddenTriples
000000000068009250000280013800503000050800047040670500014000080000000002009050300,235164879168739254497285613871543926653892147942671538314926785586317492729458361,0,HiddenTriples
000060050002001700800020034007900001300000500006400000000000003019007060000680007,741368259932541786865729134287953641394816572156472398678195423419237865523684917,0,NakedTriples
060890001000000080000020604006980100080010300049000020002600003400000010030007000,564893271723461985891725634356982147287514369149376528912648753475239816638157492,0,HiddenTriples
005000089680000040400601005000200000010006000070040800000700500000903400709400306,125374689683529741497681235836297154514836972972145863341762598268953417759418326,0,HiddenTriples
800000605009200000051803000400000900010900700092050006007000000080040507000090000,873419625649275381251863479468721953315986742792354816527638194986142537134597268,0,HiddenTriples
050000100026708000000900000000400000300800702000079000090004051000000020008050069,957326184426718935813945276679432518345861792281579643792684351564193827138257469,0,HiddenTriples
900004086230600700000090000300850000000020978000000030700000010049001062650302097,975234186234618759168795423392857641516423978487169235723986514849571362651342897,0,NakedTriples
004100900050600130080000070005007310300090700000060050408005000000000400200030000,674183925952674138183952674865247319321598746749361852498715263537826491216439587,0,HiddenTriples
020374000075201000400000000007820010000040003150006090090400020002000300000062050,926374185875291436431658972367829514289145763154736298598413627612587349743962851,0,NakedTriples
340090001102030500080000000890000030700060900000000000020007400500100007010200006,345796821172834569689521743896475132751362984234918675923657418568143297417289356,0,NakedTriples
900050080010000006000047005000900058700200004800000090600080071070003000004006000,937651482415892736286347915361974258759238164842165397623489571178523649594716823,0,NakedTriples
000803000620007000000010004000600875004008009000300000900000300108002050003500061,419853726625947183387216594231694875574128639896375412952761348168432957743589261,0,NakedTriples
608400501000000020952000800400000612080200000000005000000003060094060370000900000,678429531341856927952371846435798612186234795729615483817543269594162378263987154,0,NakedTriples
047008090003000000009462000100000000000504320000010760306000080520080000000000002,647138295213759846859462137132876459768594321495213768376921584524687913981345672,0,HiddenTriples
006000000470009003090045680000032900700000000005070000509003200000100340060000500,256318794478269153193745682641832975782591436935674821519483267827156349364927518,0,HiddenTriples
607001400200900600008050000000000001000000030045006000009070000002000709070308002,657231498213984675498657213986723541721549836345816927869172354132465789574398162,0,NakedTriples
006080000000032000000500309090060054000240703700000000500000137007001000000006400,356789241914632578872514369293167854681245793745893612569428137427351986138976425,0,HiddenTriples
090000030305060080200400001000300250004010800900800060006230000070000000000000016,691728435345169782287453691718346259564912873932875164856231947173694528429587316,0,HiddenTriples
008300004103050600000002100000207000030000002000080075490100006702060000000500009,978316254123854697654792183519237468837645912246981375495173826782469531361528749,0,HiddenTriples
001000603000008090050060000000020700500800004200001900016200000030697000070010080,781952643624138597359764812148329765593876124267541938416285379832697451975413286,0,HiddenTriples
004000210930002000060000009010000800380506000005001000000600038000000700700080590,854963217937412685162758349416279853389546172275831964591627438648395721723184596,0,HiddenTriples
004093500000020004000080320008500700010000030730002009060000000000054290009000008,124693587583127964697485321948536712216749835735812649462978153871354296359261478,0,NakedTriples
007000004020000079008006002900005000005000400000013600030070000000000001400302500,597238164623154879148796352981645723365927418274813695832571946756489231419362587,0,HiddenTriples
300010200007002006809000010206090043400000790000050001000004060682005000700300100,365819274147532986829647315216798543453261798978453621531924867682175439794386152,0,NakedTriples
105900080000610000200004001008070100020005009630000000000000820500300076807009000,165923487483617295279584361958476132721835649634192758396751824512348976847269513,0,NakedTriples
010370008000000046000800000060000012000209600700000000370000500050080300902050004,216374958893125746547896231469537812138249675725618493371462589654981327982753164,0,NakedTriples
007041000900000004040970300010004052000860003720000000054090000008000000000207600,387641529961325784542978316816734952495862173723519468254196837678453291139287645,0,HiddenTriples
650900070070008000000200100740000050000300080030127090903000004060000000007060010,651934872274518639389276145742689351196345287835127496913852764468791523527463918,0,HiddenTriples
047000081000000000000060020002300000700000930056000000000601840400207306070008010,247593681169782453538164729892375164714826935356419278925631847481257396673948512,0,HiddenTriples
400100080700000005090000030905000208010070003000002500034280009000406000080090006,463159782728364915591728634945613278812975463376842591634287159159436827287591346,0,HiddenTriples
007000100000030000430800700000650003200009000016400090001000000003000089680000002,857296134162734958439815726798651243245389671316427895921548367573162489684973512,0,NakedTriples
004800050000712069060000000420001000001003000506000800002030001007400000000000025,174896352835712469269354187423981576781563294596247813952638741617425938348179625,0,NakedTriples
000500000570000080180060070004810002800000000600290000000000100030024900060030040,496587321572341689183962475354816792829473516617295834248759163731624958965138247,0,HiddenTriples
000076105000050004080400090000000002300060000000508709006300020940080601500000000,234976185169853274785421396658197432397264518421538769816345927943782651572619843,0,HiddenTriples
020030080009086030000090507042850700500000900071000000400500870200000004000410000,124735689759286431863194527942853716538671942671942358416529873285367194397418265,0,NakedTriples
000061008003000000090082070000800000600000703004000526000709300002000400070023050,247561938863974215591382674725836149619245783384197526458719362132658497976423851,0,HiddenTriples
000100043001097205000020000530812000102000000000400000010000058060000304908000000,629158743481397265753624819536812497142739586897465132314276958265981374978543621,0,NakedTriples
000700000000300540000506008050000002702603000103005000800000019200008307001000600,518724963627389541439516728956871432782643195143295876865437219294168357371952684,0,NakedTriples
706003100000500900000060050000030005400800020031040800020600508060000000100070204,756493182213587946948162357682739415479851623531246879327614598864925731195378264,0,HiddenTriples
000000007010000080000280690000005000009304076700020340006000030350000004008903000,982436157613597482475281693834675219529314876761829345196742538357168924248953761,0,HiddenTriples
000007003005000400000000501870200010050000009100003000000908060230000000400360000,961457283385129476724836591873295614652714839149683725517948362236571948498362157,0,HiddenTriples
009000540050082600300007000000000271500060900080000000000600300906043002700000000,829316547457982613361457829694835271572164938183729456248671395916543782735298164,0,HiddenTriples
000050200600800910000000000000060000060304000801007000900000064350001008040006190,194653287675842913283179456427968531569314872831527649912785364356491728748236195,0,HiddenTriples
079020600001000000000067005406000000000300028000500003003850090020090100900000000,579428631641935872382167945436782519795316428218549763163854297827693154954271386,0,HiddenTriples
000000700001206409007490010060000001002010800000500000700000300510008007000750020,249185763351276489687493512965847231432619875178532694724961358516328947893754126,0,NakedTriples
030005000400000590020030600780040000500000089100002700000000000040080035007016008,931765842476128593825934617782649351564371289193852764218593476649287135357416928,0,NakedTriples
350000290000000000008400100600070000000089001090100002000003804060045000500000000,354761298126398475978452163681274539237589641495136782719623854862945317543817926,0,HiddenTriples
000010000006004000071200005200000140000708006050060080005000000013080902090600000,924815673536974821871236495268359147149728356357461289685192734413587962792643518,0,HiddenTriples
970000503000900600000020007020150800000030000800090200700000001090000305036700000,978461523215973648364528197627154839149832756853697214782345961491286375536719482,0,HiddenTriples
720010006650708000000000002060800720000300409200057001100006090000280000000000003,724519836653728914981634572369841725517362489248957361135476298496283157872195643,0,HiddenTriples
009000020010000000305040010000400000020001007064300095500070000700008004030069001,649713528218695473375842916957486132823951647164327895581274369796138254432569781,0,HiddenTriples
072000001000000004000704850005009000090000600001000000087350000200040708060090200,472985361518263974936714852625479183893521647741638529187352496259146738364897215,0,HiddenTriples
610704000000005000090000001000002010020586009800040006500020390409000500200000008,618794253342165987795238641964372815127586439853941726581627394479813562236459178,0,HiddenTriples
400000021061008409000005600100500200030900064000876100620000300019000002304000080,453769821761328459982145637196534278837912564245876193628497315519683742374251986,0,HiddenTriples
640070000000001300800003020000000007000910040500000000080032900300100005400009080,643275819972841356851693724198524637237916548564387192785432961329168475416759283,0,HiddenTriples
000060000190025700056300000000000050005003820400070003010750600000000040000048005,742861539193425786856397412631284957975613824428579163314752698587936241269148375,0,HiddenTriples
013008006000340002070000000008500020006000900030460000090600000000007500700000014,213758496659341782874926135148579623526183947937462851395614278481237569762895314,0,HiddenTriples
100800002002097500007200000028000015530480290901002408010903000700104003300000000,193845762642397581857216349428739615536481297971652438214973856785164923369528174,0,NakedTriples
000800009900050030400003000200000370709004026050000000000001054000506007000040200,135862749968457132472913865241695378789134526653278491897321654324586917516749283,0,HiddenTriples
900007004040080006080000500000010000608000000001320000803700100050000040006200035,962537814145982376387641592274819653638475921591326487823754169759163248416298735,0,HiddenTriples
000000000309070065000013000600000790400008100001000052040600803070009000068000000,284965317319874265756213984635142798427598136891736452942651873573489621168327549,0,NakedTriples
800170509000800700040000000910008005000020000304001090000650108000000000082400300,863174529295836714147295683916748235578923461324561897439652178651387942782419356,0,HiddenTriples
080000009001502000400000700058060010003010000060800300000009637000100090005007000,586371249971542863432698751758963412243715986169824375814259637327186594695437128,0,HiddenTriples
048000000000005100207000030000052048406910000000080010705060000003100060100008720,548731296639825174217649835971352648486917352352486917795263481823174569164598723,0,HiddenTriples
000019000000300000305407210020150040180600000009070000000000527600000300001000008,872519634914326875365487219726158943183694752549273186438961527657842391291735468,0,NakedTriples
420590000000060008050030006001300800000080000907000003200801007030900000005000400,426598731173264958859137246561372894342689175987415623294851367738946512615723489,0,HiddenTriples
130420000027503000000670000000000100600040005008900230091000008000050402000000600,136428957927513846584679321342785169619342785758961234491236578863157492275894613,0,HiddenTriples
000075004000009670001040000000030900010200000280000030090083050700000480005017000,962375814458129673371846592647531928513298746289764135194683257736952481825417369,0,HiddenTriples
302000600000430290904600500070000100000070350109008000000013046000256000000700000,382597614567431298914682573473965182826174359159328467295813746748256931631749825,0,HiddenTriples
700000850300008700260000090080000000007024000010900006000300000000096000030705100,741269853359418762268573491582631974697824315413957286175382649824196537936745128,0,NakedTriples
000000006008400790700080010003009060000100200107006003400000000059001030006000075,942317586318465792765982314523749861694138257187526943471853629259671438836294175,0,HiddenTriples
700300019600009004001200800000054006000010085090000000000000098040700000020008100,784365219632189574951247863217854936463912785598673421175426398849731652326598147,0,HiddenTriples
000072500500800060830000000200501300000263800000900105008700639300600200000000080,691372548542819763837456912289541376715263894463987125158724639374698251926135487,0,NakedTriples
080000007000050040400002000600900001100008720240060009800003500060070000530004000,385416297726859143419732685658927431193548726247361859872193564964275318531684972,0,HiddenTriples
200008000000001860000300000090000073000000900043690001080400050009200600062500004,216748395534921867978365142691852473725134986843697521387416259459273618162589734,0,HiddenTriples
000600703200070040009000000500004000900015207000008000802000000060000030001800059,154689723286173945379452186517264398948315267623798514892536471765941832431827659,0,HiddenTriples
070000500600070002004006070109000820280000006000090103900050000000300000000710300,872943561691875432354126978139567824285431796746298153913654287427389615568712349,0,HiddenTriples
002304000000060002030700608000001000004000500000009020070800400203010006051400000,682354971497168352135792648529641837314287569768539124976823415243915786851476293,0,HiddenTriples
000809000200000000000070690300200000604300005050600010400000050005046300700030081,163829547279465138548173692381257964624391875957684213432918756815746329796532481,0,HiddenTriples
002400500008000034400000608040102000023900001000080900000873000050001400001000062,632418579178695234495327618947132856823956741516784923264873195359261487781549362,0,NakedTriples
000008070000704016206003008005000400000980020032400690000000030000019000018630004,541268379983754216276193548195326487467985123832471695629547831354819762718632954,0,HiddenTriples
000060850010000900028900004400000000000000070800109400760025000080010000000400300,349261857617548932528973614436782591195634278872159463763825149984316725251497386,0,NakedTriples
000064030053900000100050000301000070000042000046010050800000000000005400000700813,789164532253978146164253987321589674578642391946317258832491765617835429495726813,0,HiddenTriples
800060900005000000090520070208000100040001300001080000000700060004000500300958001,823167954475839612196524873238475196647291385951386427519743268784612539362958741,0,NakedTriples
500700000060900045000006010000130000020000000900070260800000000713040080002600700,549781326167923845238456917674132598325869174981574263896317452713245689452698731,0,HiddenTriples
000480090030067500000950002000300000093006000076500820002000007460000080007000039,725483691931267548648951372254378916893126754176549823312895467469732185587614239,0,HiddenTriples
020760030000420007098000200600290000082001300000000000030006500000073080009000010,124769835356428197798135264613297458482651379975384621837916542241573986569842713,0,HiddenTriples
000000300400310800801400600000070005000003200900802000008000002010500006056701000,597286341462317859831495627623174985185963274974852163748639512219548736356721498,0,HiddenTriples
103090006000008090069050018000409000005000960010620800800007059004000003090000000,183794526452168397769352418628439175345871962917625834831247659574916283296583741,0,HiddenTriples
200810005701090320000030600009500760000906000000082400900000030100000002037000000,263814975781695324594237681329541768418976253675382419952468137146753892837129546,0,HiddenTriples
009005000600800500010060020000000150000400000000072080504003800906000400130000006,249135768673829541815764329792386154368451972451972683524693817986217435137548296,0,HiddenTriples
400020300600910000010000006000008070005100000900000460040800000000000030700056809,459627318628913754317485296164398572275164983983572461546839127892741635731256849,0,HiddenTriples
200009100000061208040000050907000010300000020684000009050000000000034007400608000,268579143539461278741382956927843615315796824684125739853917462196234587472658391,0,HiddenTriples
800900057491000000000002000000003105200000003307080200042701000070000000160050020,826914357491537862735862491689243175214675983357189246542791638978326514163458729,0,HiddenTriples
900003605002075100000009000096007400103000706204306010040700000519630000000090000,981243675462875193735169824896517432153924786274386519348752961519638247627491358,0,NakedTriples
080170020009024500030609100907060210000702050008900063100430000092000000800000000,586173429719824536234659187957368214361742958428915763175436892692587341843291675,0,NakedTriples
050081096480000000000300000010000040000097068200060700000000000072900001160002005,753481296481629537926375814617538942534297168298164753845713629372956481169842375,0,NakedTriples
051070000208000509000000630400050010000046920803000000000007350007062090600030000,351679284268314579974528631496253817715846923823791465142987356537462198689135742,0,NakedTriples
000008001002100300000903045054000007000010020060500000003000000000800070105070063,537468291942157386618923745254389617389716524761542938873691452426835179195274863,0,NakedTriples
560700090000009000120000060706100030000000000400080700070040000000001308600908004,564712893837659142129834567786125439352497681491386725278543916945261378613978254,0,NakedTriples
000300000000067049030549000006020070000004200900001060003080000718096400000400000,894312756125867349637549812546928173371654298982731564463185927718296435259473681,0,NakedTriples
000702930000003007006400080264000050080000600301500000000830002090000000003001078,148752936952683147736419285264198753589327614371546829617835492895274361423961578,0,NakedTriples
000840200010003500040010600000000807700020004031000060000500080050000010067900000,673845291912673548845219673526194837789326154431758962194532786258467319367981425,0,NakedTriples
340000207009000054106000008401300780000000305500600190900210060204000509080090400,348569217729183654156427938491352786862971345537648192975214863214836579683795421,0,NakedTriples
000000302001050007602040000000200000506000800208004030000430001400907000000001500,784196352931852467652743918143268795576319824298574136869435271415927683327681549,0,NakedTriples
000005000600491280001020506000800052008702000000100000003000408006080000040030007,382675914675491283491328576134869752958742631267153849523917468716284395849536127,0,NakedTriples
000307000030140000100020034579810000010005800000400000290050600000000003005600970,452387169937146285186529734579812346314965827628473591293754618761298453845631972,0,NakedTriples
000050200000100080000709500014008900008000300000460000031900860800010003049680015,173856249952134687486729531514378926628591374397462158731945862865217493249683715,0,NakedTriples
006240010030900020005000000700050000100060000050480009007000000000010008000708043,986245317431976825275831964728159436194367582653482179847693251362514798519728643,0,NakedTriples
090570010000000004012304080000040000004950000280000060860000500003010090009000008,498572613357681924612394785976248351134956872285137469861429537743815296529763148,0,NakedTriples
006000001000000350000050069915760000060010000000004000790000006650800030008040020,526389471849671352371452869915768243463215798287934615794123586652897134138546927,0,NakedTriples
090008000000005040000971600000010005407000100000083400004000008300000500000020091,295648317761235849843971652638412975427569183159783426974156238312897564586324791,0,NakedTriples
854300010010090020700005386000000003000083000300004050008520600500000001060000075,854362917613897524792145386187256493945783162326914758478521639539678241261439875,0,NakedTriples
007000008000700035405030060000002000518000006000080040000400900001007800009518000,367254198182769435495831762934672581518943276276185349853426917621397854749518623,0,NakedTriples
000200308010000700060480000800306010001007000075040000000090070020000500000030142,549271368318569724267483951892356417431927685675148239154692873723814596986735142,0,NakedTriples
000010040002003080000500200000052100187000000003060090071040300009000050000900807,358217946742693581916584273694752138187439625523168794271845369869371452435926817,0,NakedTriples
000300000000006972000004000400210000900000100002000304001050000097040650006020400,689372541314586972725194836453218769968437125172965384841653297297841653536729418,0,NakedTriples
000510000200086000080004900800007040039000500100200008506001487007000091000000005,473519826295386174681724953862157349739648512154293768526931487347865291918472635,0,NakedTriples
070600000060301980000000000000080000057000003000720010300000450200100007001000030,873659142462371985519842376124583769657914823938726514386297451245138697791465238,0,NakedTriples
000067540000300900000000060006508019270000000500003080400026030020100000001400000,182967543654312978937854162346578219278691354519243687495726831723185496861439725,0,NakedTriples
509000000040008005830040700070092006080460090000007501000020000000701900004080100,569273418742918635831546729475192386183465297296837541917624853328751964654389172,0,NakedTriples
806000000002730400000090017600010700020009000030000609014008006000074003000000900,876142395192735468543896217689513742725469831431287659314928576958674123267351984,0,NakedTriples
089007000007800106000200000000000030106000002003400709000012000300704520040000010,689137245237845196415269387924576831176983452853421769598312674361794528742658913,0,NakedTriples
000200060000000540009710300080000000504090070700000106000450930008000000100003000,413285769827639541659714382981376254564192873732548196276451938348927615195863427,0,NakedTriples
008210000000087600017050024004000001002005060380000000000002000020009406036000700,568214937243987615917653824694328571172495368385176249459762183721839456836541792,0,NakedTriples
400000050060000002007080400000806010315000000000900000042060308030000106070002000,421697853863145792957283461294836517315724689786951234142569378539478126678312945,0,NakedTriples
608100000070050000000003000701400900000706004005080620000000040900070000350009080,638147295179852463542963871761425938823796154495381627217638549986574312354219786,0,NakedTriples
580130400000000900000008000740005000008020300090010200804700050100000002000500006,586139427471256938923478561742385619618924375395617284864792153159863742237541896,0,NakedTriples
020000408004085070000001200000806100500010090008390057700108000030000001000060030,925673418164285379873941265397856124546712893218394657752138946639427581481569732,0,NakedTriples
074000060000053004000400300408000290000004008000002410692005000000689000081000030,374128965269753184815496372438571296126934758957862413692315847743689521581247639,0,NakedTriples
700510000006003000001400000000000000060150400102008030000300070000000802800076010,728519643456823197931467528589734261367152489142698735214385976673941852895276314,0,NakedTriples
790000140000400050000060000200307010000902030140050000000030800002508003007000000,795283146681479352324165987269347518578912634143856279956734821412598763837621495,0,NakedTriples
700850900060010050200070000026100000007300500090000760000400000000000400080000391,714852936368914257259673184526197843847326519193548762975431628631289475482765391,0,NakedTriples
000008410040000003009000080410000000000009060002310000000000500008057002930200000,357628419841795623629143785416582937583479261792316854274831596168957342935264178,0,NakedTriples
093025060000000290005000000000300007076200000000007600040060020000548001089000030,793825164618734295425619783254396817876251349931487652147963528362548971589172436,0,NakedTriples
000026000089070050004000970000304007100000008007000010000500000600000020470830000,751926483289473651364185972826314597193657248547298316918562734635741829472839165,0,NakedTriples
052000380000000000037040000080300000009070200000092600701200400000006000003700010,452617389896523174137948562284361795619475238375892641761289453548136927923754816,0,NakedTriples
603100000201004705000080000400020100028003004950001000000090053005000400800006007,693175842281934765574682931436529178128763594957841326712498653365217489849356217,0,NakedTriples
500006000000045009009010703004000007005000000000000328030000280000390100107000000,578936412213745869649812753824163597395287641761459328936571284452398176187624935,0,NakedTriples
000000000600301000001902000003000201500207003800030070300046005005100800007005306,238574619694381752751962438973458261546217983812639574389746125465123897127895346,0,NakedTriples
100070640000900000070600300000085470000000050028060030060050000004090000050103900,139572648486931527275648391691385472743219856528467139962854713314796285857123964,0,NakedTriples
060200010000000700090040003005000000000806000030009680000000040907005000040030056,563297418814653792792148563685324179479816325231579684356981247927465831148732956,0,NakedTriples
004002700001600005090000800000030000000000310050098002700001230039000000000083004,564812793381679425297345861926134587478256319153798642745961238839427156612583974,0,NakedTriples
201050000000080004080900000010007609000009042070000001403000200000028006500000000,241653897759182364386974125812547639635819742974236581463795218197328456528461973,0,NakedTriples
600570004080302700700040020045080000320000600000205000000904001106000209000000030,612579384489362715753841926945683172321497658867215493278934561136758249594126837,0,NakedTriples
380050007000800650000270000006400000900000173000005000000000000070000420002980001,384156297217839654569274318136497582945628173728315946691742835873561429452983761,0,NakedTriples
000280000060000000030607140070000006000940000000006300005004002907001080020000090,714283569568419237239657148471835926356942871892176354685394712947521683123768495,0,NakedTriples
100300420048500100700000000070026000000400290000001864000080009006000300504000000,195367428648592173732148956479826531861453297253971864317285649926714385584639712,0,NakedTriples
304000207062004500000009000100006000096503020050070060040000070000035009000010000,384651297962784513715329684127896435896543721453172968541968372678235149239417856,0,NakedTriples
000280090400067000030000000010040000720100504008600000071800030000000002806000100,165283497482967351937451286613745928729138564548629713271894635394516872856372149,0,NakedTriples
000020001100000630003700000060000070300000080502001003004090352907008000030000000,798326541125849637643715829461983275379562184582471963814697352957238416236154798,0,NakedTriples
010080009000510036700200800960003005008040090000000000000300060570000000000708020,315684279829517436746239851967823145258146793134975682482391567573462918691758324,0,NakedTriples
018070094000080300020509060004901700000040009080000600206004000000000005007000100,618372594795486312423519867564921783371648259982753641256134978139867425847295136,0,NakedTriples
040000003000000071000005940000920710009006080000000400098050000270680300100700060,941267853352849671867135942583924716419376285726518439698453127275681394134792568,0,NakedTriples
027050430009004000045139600000000206970301000000000010002907500000000040000543000,127658439639274185845139672314785296976321854258496317482917563593862741761543928,0,NakedTriples
900002010306005290720010400000100040000000059000000008200900030400000800100607000,984762513316845297725319486539178642871426359642593178268954731497231865153687924,0,NakedTriples
604000700000000000007200560016050090305000010000003040040090001000000000500046030,624531789859467123137289564416852397385974216792613845243798651961325478578146932,0,NakedTriples
000000000060830000431000000902006104000000095000009807600000000387004600010500000,728495316569831742431672589952786134876143295143259867695317428387924651214568973,0,NakedTriples
400010000007060000090302000050006000070000368180000092300700080000100070001000003,432817659817965234695342817953286741274591368186473592369724185528139476741658923,0,NakedTriples
000086010000003000000407200060800050350000800409002007100040506640000070002600090,935286714724513689816497235261874953357169842489352167193748526648925371572631498,0,NakedTriples
300000000004600500007020000000005847600003091000000000000006009003871000200000410,328597164914638572567124983132965847645783291789412356851246739493871625276359418,0,NakedTriples
000000010004008520800067400050080001001006054700005600000201067300000000000090040,536942718974318526812567439653489271281736954749125683498251367365874192127693845,0,NakedTriples
000402000307810000005096002009180400050030800010200003002001000000900060980000000,196472538327815694845396712239187456754639821618254973562741389473928165981563247,0,NakedTriples
004080500800700000005000090027004000040000600530070000061050900000003200000040070,674389512892715364315426798927634851148592637536871429461257983789163245253948176,0,NakedTriples
307020000000006030910300000030000004108000000200900070002700048700205600060409700,387124569425896137916357482639578214178642953254913876592761348743285691861439725,0,NakedTriples
000900000000100204500074180000047010200509060086000000090020000000000600041800300,124958736879163254563274189935647812217589463486312975398726541752431698641895327,0,NakedTriples
008069000000700620004800000003090000721406300609001000010003060000000241000000970,278169534195734628364825197483592716721486359659371482917243865836957241542618973,0,NakedTriples
000200000080900602730010008040020100005300807070000529400000000610507000000680000,961258473584973612732416958849725136125369847376841529498132765613597284257684391,0,NakedTriples
048010350007000000000048000010030000900000012005002700000005200280000400009000061,648217359327659148591348627712534986934876512865192734176485293283961475459723861,0,NakedTriples
000006000000040150000010436000900007008100002940058000050000200300000900600080004,413596728286347159579812436165923847738164592942758613857439261324671985691285374,0,NakedTriples
700040600060830050000760890258000001007000520300000000020300009930008102004000080,782549613469831257513762894258674931647193528391285746825317469936458172174926385,0,NakedTriples
000000007739000006020090010000100000508670000000085000000400000140700050350009001,481526937739814526625397418963142785518673294274985163896451372142738659357269841,0,NakedTriples
040000000105200000000800159000005000080093000030000072003060000950000040008010590,846951327195237864372846159614725938287693415539184672423569781951378246768412593,0,NakedTriples
000000894000068200105000070400900000000000502702000031004003620001006000000050000,236571894947368215185249376413925768698137542752684931574813629821796453369452187,0,NakedTriples
200500070009004000000200506000105000304009080007040030000003010080007000000000740,216598374579364821843271596928135467364729185157846239795483612482617953631952748,0,NakedTriples
980000003300927605000003004830000106009800472500200000050061000000702000400000000,986154723341927685725683914832479156169835472574216398257361849698742531413598267,0,NakedTriples
005000010080340200000000600007508030920070005000000000001600000700009003008700009,275896314689341257134257698417528936926173845853964721391685472762419583548732169,0,NakedTriples
900045008000090000000302006000003610002000800315000000070030004050006000108070020,921645378836791452547382196784253619692417835315869247279138564453926781168574923,0,NakedTriples
300700004028000000706309082000000020000000100600490000007000038100070000809600010,315782694928546371746319582491835726583267149672491853267154938134978265859623417,0,NakedTriples
006300010053007809800000000000970000001040023000050900029006007005000000030000180,976384215253167849814529376362971458591648723748253961429816537185732694637495182,0,NakedTriples
000070000000000490910004278002000600000800132050203004005601800081000003000700540,524978316378126495916354278832417659647895132159263784495631827781542963263789541,0,NakedTriples
203040000160000000000900000400310060006004800000002070000000100900560023080009050,253841697169273548847956231478315962326794815591682374635427189914568723782139456,0,NakedTriples
010000003702080000000950102260070900590000000034600000000035000800290000000000057,915762843742183569386954172268571934597348621134629785671435298853297416429816357,0,NakedTriples
350000008000600070900400600690010200000000000805020009078000003500070000004802700,356297418481635972927481635693518247742369581815724369278946153569173824134852796,0,NakedTriples
600000020000400006000800370008006001106080900003009000701000600000005000200037050,637591428892473516415862379978356241126784935543129867751248693364915782289637154,0,NakedTriples
000080300500070100060000002340000005600000000095060007000090403030400000100003098,217986354583274169469135872341729685672548931895361247756892413938417526124653798,0,NakedTriples
000000050006820300090300000000000560020057040000460089000000030871000000230000708,382671954456829371197345826943182567628957143715463289569718432871234695234596718,0,NakedTriples
090100208060008130000040009026030004300000512000010006080097000000000400005600000,593176248764928135812543769126735894347869512958214376281497653679352481435681927,0,NakedTriples
000054739509308004240900000000000080102000060480700900000803200006000000700000001,861254739579368124243971658697142583132589467485736912954813276316427895728695341,0,NakedTriples
000300000000080200740000500000020040300700080000000903009200810060049050430000000,625371498913584276748692531186923745394765182257418963579236814862149357431857629,0,NakedTriples
000030200007209601000700000340001706000006080000004500100000008020090460700002000,419638275587249631632715849348521796251976384976384512163457928825193467794862153,0,NakedTriples
000250078060000900000000400000900030000000702300040100000700690059100000672500000,941256378268437951735819426186972534594381762327645189413728695859163247672594813,0,NakedTriples
009026305000400060026008070070000936980005002200000000600801500008900641000060000,749126385831457269526398174175284936984635712263719458697841523358972641412563897,0,NakedTriples
203610900601007000008203050000000000060104780005006043802000000940002000000800060,253618974691547328478293156724385619369124785185976243832461597946752831517839462,0,NakedTriples
000300000600000000093050060000000520102007030807090000200001000506000894000000700,485316279621974385793852461964138527152647938837295146279481653516723894348569712,0,NakedTriples
030800000000002010008100502020600000000000050090031007960000070405020091000000003,132857964659342718748196532521674389374289156896531427963418275485723691217965843,0,NakedTriples
030040870470001000000000006902030100000509000000100500000900427800200003007000000,539642871476381259128795346952837164614529738783164592361958427845276913297413685,0,NakedTriples
037200140000034060420000000000600009005009600000413000051300700600000050870020000,537296148189734265426581973718652439345879621962413587251368794693147852874925316,0,NakedTriples
001070306000000091000900400300080600018000020407000000053160002800000000000408070,981274356574836291236915487395782614618543729427691538753169842849327165162458973,0,NakedTriples
000000049000600200000007050370000081060009030500000904006100007105000000027908000,658321749743695218291487356379542681864719532512863974936154827185276493427938165,0,NakedTriples
201040000000002039007000005400076000060003500000000407502010000000000008190000000,251349876648752139937168245415276983769483521823591467582617394374925618196834752,0,NakedTriples
800700000000900000000012906200000057603000409100060000050000000010003008000180030,869754321421936875537812946284391657673528419195467283358279164712643598946185732,0,NakedTriples
000000070060900002070038005700091000000020000000000061034007108000004200201800000,315642879468975312972138645786491523143526987529783461634257198897314256251869734,0,NakedTriples
060705008907000410000000500000670100000503009105090030000000000604009001302060800,461735928957826413238941567893672154746513289125498736519387642684259371372164895,0,NakedTriples
001300200000090000604010039000000000060009000080605700000004020800700150075008090,951346278738592461624817539543271986267489315189635742316954827892763154475128693,0,NakedTriples
325000009000000015069000340601900004200080000000005030000000000070019006040020080,325841769784396215169257348651932874237684951498175632512768493873419526946523187,0,NakedTriples
000000400000710600008006079800530700001080000794000000400005000002000090000301250,267893415935714682148256379826539741351487926794162538413925867572648193689371254,0,NakedTriples
000100008002800570000750400000000600710005000005009030900000060000007020060020003,576142398142893576398756412239418657714635289685279134921384765453967821867521943,0,NakedTriples
103080700000060008060020450000008090030000007589001300007014900000000000200050040,123485769475169238968723451712348695634592817589671324357214986841936572296857143,0,NakedTriples
800000057006200000000600000010000003000400906004000270062000709080010000900004800,821349657346275198795681324219567483578432916634198275162853749487916532953724861,0,NakedTriples
027090306000001000900000000400000082090050030006200001000000403600034000000620750,827495316364781295915362847431976582792158634586243971259817463678534129143629758,0,NakedTriples
006300100000698500009000030000040320000000700030007061700000802050280000001700004,546372189312698547879514236167945328428163795935827461793456812654281973281739654,0,NakedTriples
045070300070000650800000000000009008000300560590000020008100000100097402000020005,945672381372981654861543297613259748287314569594768123428135976156897432739426815,0,NakedTriples
000001590400050200130000408000009000004007000700304060010090000280000005000000900,672841593498753216135962478863519742924687351751324869317295684289476135546138927,0,NakedTriples
000030000000002064800500000100003280070608000980020000200050906000070020601000030,546137892713982564829564371165493287372618459984725613237851946498376125651249738,0,NakedTriples
300000010090000006000005000002900061000608070000070009047810002201000700000003040,358462917194387526726195483872954361915638274463271859547819632231546798689723145,0,NakedTriples
008000004060004300073000100090008741000006950800010000025000607000701830000005002,918362574562174389473859126296538741731246958854917263125483697649721835387695412,0,NakedTriples
000000138050080000007006020000000002020407010000105690046001000035000000000200940,692574138351982467487316529164839752529467813873125694246791385935648271718253946,0,NakedTriples
080020106000014000900008023407000009009530700300070000200651007000040300100000065,783925146562314978941768523457182639829536714316479852238651497695247381174893265,0,NakedTriples
000007004003060000000000081200300506901005000000000029080000600300400000002590010,895127364713864952624953781248319576961275438537648129189732645356481297472596813,0,NakedTriples
906370005000000002057009008000007809700080004008000026000900000600023000540006000,926378415834561972157249368462137859795682134318495726271954683689723541543816297,0,NakedTriples
060400000000000008000506001000300010000000209300021407850004000009007000016059700,568413972143972568972586341724398615681745239395621487857234196239167854416859723,0,NakedTriples
050000680000716030020008000300005809008060057065000040006103900900000020030000000,157392684489716235623548791314275869298461357765839142546123978971684523832957416,0,NakedTriples
001000000200090540930500800003000000400009180020001060000100720000004000007860900,751248396286793541934516872163487259475629183829351467698135724512974638347862915,0,NakedTriples
026405000070000060000009080400010300300700040080000007050030004009000000740000610,826475931971283465534169782497518326315726849682394157158637294269841573743952618,0,NakedTriples
000003000000700203000104060080900400007000010051000620200500000103000080970006000,726853194814769253539124768682915437397642815451378629248531976163497582975286341,0,NakedTriples
000580700000009000570000040200000006000000014001200050090000305325060000600040000,936584721412679538578132649253418976869753214741296853194827365325961487687345192,0,NakedTriples
000180000000040901700006800190052000000000000053000007000570208000300090820010400,932185746568247931741936852196752384287463519453891627319574268674328195825619473,0,NakedTriples
002050048850000703000030002000902000000000000400700010700080005000000900063470000,392657148851294763647831592186942357279513486435768219724189635518326974963475821,0,NakedTriples
040000906009000000000060080000000000080090310010035760050009430874006090100000628,548213976369578241721964583937641852685792314412835769256189437874326195193457628,0,NakedTriples
000090280000050400000001000395064000070000900010020060000000590480035000002000073,541397286729658431638241759395764128276183945814529367163872594487935612952416873,0,NakedTriples
300840000071009008500001300000003021040000700700200090000070000600002010903000000,326847159471539268598621347869753421142968735735214896254176983687392514913485672,0,NakedTriples
020000040040906730007001028036000000090017000800005000000560004000040089000000005,129783546548926731367451928236894157495217863871635492912568374753142689684379215,0,NakedTriples
000450008691700000000600000500000060013006907004020503002000400009000000400910000,327451698691738254845692371578349162213586947964127583732865419159274836486913725,0,NakedTriples
400090210090602000000040006070105902205000473839000000000300000040076308008000009,486593217597612834123847596674135982215968473839724165752389641941276358368451729,0,NakedTriples
000007000003000090490600507000809000005001930000000041070000600004200000032040000,216957483753184296498632517341829765685471932927563841579318624164295378832746159,0,NakedTriples
700002054900030000001000600340200000800009070000008090100500200005827000030004000,763182954954736821281495637349271568816359472527648193178563249495827316632914785,0,NakedTriples
000901000415000000020000004000600501006300020000402080062190043800000915070000200,687941352415723896329856174248679531196385427753412689562198743834267915971534268,0,NakedTriples
300200070051090602007000000009400030000060054000009100000000000013605000200800040,368214579451397682927586413189452736732168954645739128574923861813645297296871345,0,NakedTriples
005704000000095600000000200009050048006900000300407006002300000018000007030006020,125764983843295671697831254279653148456918732381427596762389415918542367534176829,0,NakedTriples
000020500309005020001067300090080600100000000800092004432001008000004000600030000,748329516369815427521467389294783651173546892856192734432651978985274163617938245,0,NakedTriples
090000000701000023600030050049000000000025090000000308063090010000280000000004007,395472681781956423624831759149368275836725194572149368463597812917283546258614937,0,NakedTriples
000000059030005200000060810004000005000070030000690004080700902060100000570006000,627318459138945276945267813714832695296574138853691724481753962362189547579426381,0,NakedTriples
460000000030000090870000605000406000000301062900800300080000104042003000000500003,465938721231657498879142635328476519754391862916825347583269174142783956697514283,0,NakedTriples
930080100100300002005000839403058000002006004050002068020017600300000000078003900,937284156186395472245671839463158297892736514751942368529417683314869725678523941,0,NakedTriples
010600002070000000605000810000201030080500027000047000000094000001002600020800050,418635792972418365635729814547281936189563427263947581856194273791352648324876159,0,NakedTriples
000008600021030000004070800400700000000290400005000000040000090006900501300001006,973458612821639754564172839438716925617295483295384167142567398786923541359841276,0,NakedTriples
000000309900003006004100000020050070000900001800006900280060050000005000050280000,572648319918523746364197582629851473745932861831476925287369154496715238153284697,0,NakedTriples
007050003008002054109000000730000008000020040000040007600030000200608790000004000,427956813368172954159483276734569128516827349982341567691735482243618795875294631,0,NakedTriples
040016703003000600000000000006005000900078004005000897004560020000820000090000000,549216783123987645867354912786495231932178564415632897374569128651823479298741356,0,NakedTriples
084009002300000001010473060006720030500300000000000009021500403060000007800940000,684159372357286941219473568196725834542398716738614259921567483465832197873941625,0,NakedTriples
040000005000052460000001080618300900007006350035007000000900000000010000002000018,743689125189752463256431789618345972427896351935127846571968234864213597392574618,0,NakedTriples
017000004000400000000020670000080020090000300054900000020850007500030008030060000,217396854683475291945128673761583429892647315354912786426851937579234168138769542,0,NakedTriples
704800100000050000000106000000500093000700000800000204050070008098200000002040309,724893165681457932539126847217584693943762581865319274356971428498235716172648359,0,NakedTriples
080000900602008000501030008050002304003000100000004069700500000000010040000406000,387241956692758413541639728956182374473965182128374569764523891239817645815496237,0,NakedTriples
307490816001000490000000000830000000004060071006000208060200100200078000100640000,327495816581726493649381725832517649954862371716934258468259137293178564175643982,0,NakedTriples
200100000000050001610090350509000040000460000060070900030000790020800010007030000,253186479798354261614792358589213647372469185461578932835621794926847513147935826,0,NakedTriples
006100020070000001300050000003760000000500078900080000000010000500098000001000042,486137529275946381319852467823769154164523978957481236738214695542698713691375842,0,NakedTriples
000500000000002160402009007000000000900100000006004830100086050008710003600400000,867541392359872164412639587541328976983167425726954831134286759298715643675493218,0,NakedTriples
000702090000060008030019700102300004000080020000000600560024000004000310070900000,648732591719465238235819746152396874496587123387241659563124987924678315871953462,0,NakedTriples
760010000000020150040078020000002001207000080619000300500000008006007090090006000,762519834983624157145378926458932761237461589619785342574293618826157493391846275,0,NakedTriples
210008900000003000000050000400060002000000600870200150003080000000679010004000020,215748936689123475347956281431865792952317648876294153193482567528679314764531829,0,NakedTriples
008000005069423000020007000000000010090301000083260700000000059000130000000040000,748916235569423187321857946256794813497381562183265794814672359675139428932548671,0,NakedTriples
010000090000205000090004002060000080730006000504907030000000600000003400170500000,217368594648295173395174862961432785732856941584917236423781659859623417176549328,0,NakedTriples
000030450080700100000001000000020098903000070700009061600000002000900000309040010,197238456586794123234561789461327598953186274728459361615873942842915637379642815,0,NakedTriples
090047000000300008000020050740010000000400010009005070070030400302100000000080092,593847126627351948814629753746918235285473619139265874978532461362194587451786392,0,NakedTriples
020100000057000002000300609000076130001200008000030000000012080400000900075400000,629185743357964812814327659298576134731249568546831297963712485482653971175498326,0,NakedTriples
006940003000000000000000804690000207007250030002609000009004005004006370203500006,876941523435862791921735864698413257147258639352679418769324185584196372213587946,0,NakedTriples
096000007001500006005004000803400200000009805000038000010600700000005062000020009,496382517231597486785164923873456291624719835159238674912643758348975162567821349,0,NakedTriples
040007000000600940007000100005260390020100054930800000050000000400030080208700000,149327865382651947567489123715264398826193754934875216653918472471532689298746531,0,NakedTriples
400006205862040000500001300389000002000009000000000050974000500000000023000608009,431796285862543197597821346389415672745269831126387954974132568618954723253678419,0,NakedTriples
005000008090000010100370000010650040000000690200008000000090400004187000060020070,645219738397865214182374569913652847458731692276948351721596483534187926869423175,0,NakedTriples
900000000400050030005100060309000600100000007080960400000007005041003020590621000,912376548476859231835142769359714682164238957287965413623487195741593826598621374,0,NakedTriples
176080000050000081020000000000060300203000006000000420600850000004200950000094200,176489532459623781328571694845762319213945876967138425692857143734216958581394267,0,NakedTriples
000000520070090010001020003008541000000000064200009000080000000400306070017000009,946138527372695418851724693768541932195273864234869751583917246429386175617452389,0,NakedTriples
000090031090020000000800000207300010500000090000070004805000600013006950700200000,678594231194623785352817469247359816581462397936178524825941673413786952769235148,0,NakedTriples
000000000020000460090003071000849000010030000358007000046501708501304020007000000,874916352123758469695423871762849513419235687358167294246591738581374926937682145,0,NakedTriples
005730002003200800901005000800000000052004600090006000700050083000900740000000060,685731492473269851921485376867523914152894637394176528749652183236918745518347269,0,NakedTriples
080005003000103040003900700640200090900000600020509470000807200004001030800300000,186475923792183546453926718647218395915734682328569471531897264274651839869342157,0,NakedTriples
002500100007200009000008000090000000204680000060000030100907320000000401500020060,982576143457213689316498752795342816234681597861759234148967325629835471573124968,0,NakedTriples
003820600400006000001004200000000000020079805000008003070063108069000040000007000,793821654482596731651734289845312976326479815917658423574263198269185347138947562,0,NakedTriples
003000541600005070200000009070360002800092600400800000000000100004006000000080003,983627541641935278257148369179364852835792614462851937528473196394216785716589423,0,NakedTriples
086000100004000005209000800000470000000090007000602001030080060000024000001005204,386549172714238695259716843128473956563891427947652381432187569695324718871965234,0,NakedTriples
060420080108000000070008350000369100030700000900000000000084000201600003000100000,563427981198536472472918356725369148834751269916842735359284617241675893687193524,0,NakedTriples
908200006000003900000000084204079010000000470000000009009000003080006001060001025,978254136642813957351967284234679518596138472817542369129785643485326791763491825,0,NakedTriples
700000002005000000431000000000507004050000009900006708070009000003061020600800005,789615432265734981431982576826597314357148269914326758178259643593461827642873195,0,NakedTriples
007090208300000500000004000040030100203001050080050029000008900600025083000000000,567193248314286597829574631945832176273961854186457329732648915691725483458319762,0,NakedTriples
000000860000052730000000005010400007003108900800000100009005003050703620036000019,592347861168952734374861295915426387643178952827539146289615473451793628736284519,0,NakedTriples
003000000400000200000000465000805300004907008807000000200000130050012000000709080,723456891465198273189273465692845317514937628837621954276584139958312746341769582,0,NakedTriples
001048056000000384000003000024000000613000000700060020000109065002700038009086010,231948756976512384548673192824395671613827549795461823487139265162754938359286417,0,NakedTriples
000000000000400581000100402060000900032850700000020043076000004009083000500600000,214568379697432581385197462768341925432859716951726843876915234149283657523674198,0,NakedTriples
000005000900047050000080069720809000560000070004050208670000010000003000000000087,386195724912647853457382169723819546568234971194756238679428315841573692235961487,0,NakedTriples
812005000300000000070043000050080007000901060000000520040007000009000086120000005,812795643364128759975643812653482197287951364491376528548267931739514286126839475,0,NakedTriples
000060052002000700809503000000000008040080027008007063600010000000000040023000000,431769852562148739879523614257634198346981527918257463694812375785396241123475986,0,NakedTriples
100020000000008040000604980002050090005000700903060004390200000800700030001000600,148529367639178542257634981762451893485392716913867254394286175826715439571943628,0,NakedTriples
002400500100000038600000000006801029040002070900000006410080000090107000000304200,382419567174625938659738142536871429841962375927543816415286793293157684768394251,0,NakedTriples
000004080086000030000500900002090000000002509400605002300000700000137000098000013,523964187986271435174583926652798341817342569439615872361829754245137698798456213,0,NakedTriples
075010006180306000000079000004000207000050900300100000060000045000048000008000009,275814396189326574643579182914683257826457931357192468762931845591748623438265719,0,NakedTriples
004700856800000001020100000300000982940680000008000400000070304000040610000003007,134729856879456231526138749367514982945682173218397465652871394793245618481963527,0,NakedTriples
000900010005040702900000460580420600000030040009000507053260001100000000800001204,674952813315648792928713465581427639267539148439186527753264981142895376896371254,0,NakedTriples
600000800000108032000000901700000040005097000000056200309000010800000000471000009,613529874947168532528743961796281345235497186184356297359672418862914753471835629,0,NakedTriples
300000004051030600000090000100068400080040900000000570004000700000009000008720001,362875194951234687847691235179568423285347916436912578624183759713459862598726341,0,NakedTriples
009000800000020500650400020010007600000090018000500703000000001970004050200030000,429751836183629574657483129312847695745396218896512743534278961978164352261935487,0,NakedTriples
006008000020000800000025900000000000000146005000300024100674300050000000000053006,916738542524961837378425961741582693239146785865397124182674359653219478497853216,0,NakedTriples
000006700040000980830570000000008000500000100700150402000023000024000000006401000,215896743647312985839574216461238579592647138783159462178923654324765891956481327,0,NakedTriples
045700000090380000000040809002000300500008060009016070001002600000000050008007000,845729136296381547173645829682974315517238964439516278751492683924863751368157492,0,NakedTriples
001007000400820500700004860007040003000080900003000002029000000300200700000968000,581637249496821537732594861957142683214386975863759412629473158348215796175968324,0,NakedTriples
001060043000740000300900000064000001000070020750000000003500000412000005000009034,591268743826743159347951862264895371139476528758312496983524617412637985675189234,0,NakedTriples
000000400003000051941700000350002000700065000600100040008000010000900800400200670,527613498863429751941758236359842167714365982682197543298576314176934825435281679,0,NakedTriples
502000040040906000009000500000300026000070000100005830000040000705020000000080073,562718349341956287879432561458391726236874915197265834983147652715623498624589173,0,NakedTriples
900000108001400500003200090010000000050064010009000806700002001200003050000547280,947356128821479563563281794612938475358764912479125836785692341294813657136547289,0,NakedTriples
000000600040705000001020003800003005000200007109006800090500006000008000024300000,257831649346795281981624573862173495435289167179456832798542316513968724624317958,0,NakedTriples
002006000904800700050004008000005004000600081010780900070302400106000000000000050,832976145964851723751234698689125374327649581415783962578362419146598237293417856,0,NakedTriples
000200001080010030940078050090000100003040000008000070107000008200006900030001006,376254891582619437941378652795832164613947285428165379167493528254786913839521746,0,NakedTriples
040803000000090000600007802000000709009005001406300050050006100020008000801500000,142863597785291346693457812518642739239785461476319258357926184924138675861574923,0,NakedTriples
010000084600000020300900001000514090000029005000008000050000700060005849108000000,917256384685341927324987561732514698846729135591638472459862713263175849178493256,0,NakedTriples
003009008010060000024801003000420307009000050400000000100090470008000000000002006,653249718817563249924871563581426397239187654476935821162398475798654132345712986,0,NakedTriples
019000050000070000000609003100034800080056009096017500057401628040000000900708000,619382754834175296572649183125934867783256419496817532357491628248563971961728345,0,NakedTriples
000000793910000026200006400001039040000000000000074300630001000002003508009005000,456128793913457826287396451761839245394512687528674319635281974172943568849765132,0,NakedTriples
000050010970000500020000870600000300000200105401600000000070000000180020840503000,368752914974861532125394876682915347739248165451637289213479658597186423846523791,0,NakedTriples
000001070058096004000000005000004001600207003070000068092008000000010906004000030,346521879258796314719843625923684751681257493475139268192368547537412986864975132,0,NakedTriples
000300670000040100006000002301000850000008000500934000703650400109000060000080001,815392674297846135436175982341267859962518743578934216723651498189423567654789321,0,NakedTriples
073006200000050000200300089000060090920010000851070000500000940100000078009000060,473896215698152734215347689347265891926418357851973426562781943134629578789534162,0,NakedTriples
050002000710000004300090000500040003000000008940001700000007000070900060024065010,456172389719583624382496571561748293237659148948231756695817432173924865824365917,0,NakedTriples
400309000706400530000200406000080000070006000009100084000000095000000302010050000,451369827726418539893275416234587961178946253569132784387624195645891372912753648,0,NakedTriples
001600800800010203030000000000002080006004000400000172050000006690400010074300000,241637859867519243539248761913752684726184935485963172352871496698425317174396528,0,NakedTriples
039000502004000000700908100000600040000700058007019060001000420590000000003000600,839461572154372896762958134925683741316724958487519263671835429598246317243197685,0,NakedTriples
002000000006003509950000080604010090008000000500607300000040006000056000000802103,142985637876423519953761482634218795798534261521697348215349876387156924469872153,0,NakedTriples
010070000090060501050000090000200000000607142020030708170800360400050820000000000,316579284298463571754128693847215936935687142621934758179842365463751829582396417,0,NakedTriples
800500617061000000000008032002000780000000000050090064004750006700200000090010000,829534617361927845475168932932645781648371529157892364284753196716289453593416278,0,NakedTriples
002000000001400060090008000004600001600000500800021070070000010000030804050006003,542769138381452967796318245924675381617843592835921476273584619169237854458196723,0,NakedTriples
000012007400000160000060005030050904000703050100000070300040008000630000028009000,963512487452387169871964235637851924284793651195426873316245798749638512528179346,0,NakedTriples
500100700200080010100070094000000980040000005050000000700000000900712300006003100,598134762274689513163275894312546987847391625659827431731468259985712346426953178,0,NakedTriples
910000700800100004000095000004207030000500601000310040000000000400001380762000000,915482763827136594643795128194267835238549671576318942381974256459621387762853419,0,NakedTriples
030609720700010060000000000059007080000001000608020500000080691000005000004000002,831649725795312468462578139159467283327851946648923517573284691286195374914736852,0,NakedTriples
000000040907800006060040107000590830078000094000000002400980000000031000080200000,831756249947812356265349187624597831578123694193468572412985763759631428386274915,0,NakedTriples
507000068006000000240000309800007003000900056060004000301200000075000000000001094,537192468916438725248756319859627143724913856163584972391245687475869231682371594,0,NakedTriples
320010007400030000900000060000900056000000008000104709030000000041500000508362000,326819547485736291917245863174928356259673418863154729732491685641587932598362174,0,NakedTriples
080300900600000000004509020002003049903001076100070000350000002400000000000720000,285317964639842517714569328572683149943251876168974253351496782427138695896725431,0,NakedTriples
003070800009000260620000004070400903008300020000207000010040000200005400000000098,543672819789134265621598374172456983468319527935287146816943752297865431354721698,0,NakedTriples
002000035900000006300760940000000000001350000600080200006104050020600419004070600,762849135948513726315762948483297561271356894659481273896124357527638419134975682,0,NakedTriples
100040050005000000000006790090010360000700008300004000261000000000008040000001902,186947253975132684423856791894215367652793418317684529261479835739528146548361972,0,NakedTriples
076010000000030028300702000108570030700090000005001070000006003001020060000100050,276815394514639728389742615198574236762398541435261879927456183851923467643187952,0,NakedTriples
900000080300000064065810903500207300209000000076040000040000198000000005000600000,927436581318579264465812973584267319239158746176943852643725198791384625852691437,0,NakedTriples
000190020029000700000007350000600004007009108200000030502000000030800000008006400,745193826329568741861427359193685274457239168286741935512974683634812597978356412,0,NakedTriples
500090000010600002800001093008500001000070640000809000065002000000040000004000780,523498167419637852876251493638524971952173648147869235765982314381746529294315786,0,NakedTriples
010000800340002100000900046060071400700490001090608007004000052005004013000030700,917346825346852179582917346263571498758493261491628537134789652875264913629135784,0,NakedTriples
070023010000904050000000000020000000463000005090000004008050007109070000000009208,675823419382914756914567382827645931463791825591382674238456197149278563756139248,0,NakedTriples
000100000000824000000300082005000710800560000006000900000900600700000104400000070,284195367673824591591376482925483716817569243346712958138947625769258134452631879,0,NakedTriples
004006000000020001080005924017040000900007000030000100008200700000930506050600000,124896375795423861683715924517342698946187253832569147468251739271934586359678412,0,NakedTriples
001400020008009500029006807050000062200000305700000900000032108000091000000704000,531478629678329541429156837854913762296847315713265984947632158382591476165784293,0,NakedTriples
700024000000350000010067000001000807004073050603000000000000020000030006400800590,798124365246358179315967284521496837984273651673581942139645728852739416467812593,0,NakedTriples
800003000002000000000090060691005000007106020000007003015000007000000038000074000,856713492942658371173492865691235784437186529528947613315869247764521938289374156,0,NakedTriples
600040800903850000002000709000000000004093108500000030800000006005400010000000900,651749823973852461482631759738164592264593178519278634827915346395486217146327985,0,NakedTriples
000090100000406000000000040758000200601007038000001000800025003007009010030800009,374592186582416397916738542758943261641257938293681754869125473427369815135874629,0,NakedTriples
790124000200780000000500400603900250000000008000000690002000000030010980500200000,796124835254783169318596427643978251925361748871452693162839574437615982589247316,0,NakedTriples
000060710000001030002800000040000600003900000507400009080009000079000000004008102,398264715456791238712853964941385627863927541527416389285139476179642853634578192,0,NakedTriples
000000007001090240000100600400802506002060031006000002600200004809070000700009005,298456317561397248347128659473812596982765431156943782635281974829574163714639825,0,NakedTriples
000080013500020000000073600210000000000060070090100200030400001700000908000008004,972684513563921847184573692217859436458362179396147285835496721741235968629718354,0,NakedTriples
000009080000035000007806090030000060010040000002508007070000003009003002350620010,643279581981435276527816394735192468816347925492568137274981653169753842358624719,0,NakedTriples
000007003009615040040000067030504000000070250002000001000060000008000000200031000,126847593379615842845392167931524678684173259752986431593268714418759326267431985,0,NakedTriples
400600001028000700000500600000004006804007009009080002000026500000109000700000000,457698231628413795391572648172954386834267159569381472983726514245139867716845923,0,NakedTriples
000040003023100890090000010900000000046000009030469050700000038005096200000270000,871942563623157894594683712957831426146725389238469157762514938485396271319278645,0,NakedTriples
000060080168000040000000005090200410400003060000050200840000009031790000005001000,359462781168537942274189635596278413482913567713654298847326159631795824925841376,0,NakedTriples
064000200000500030009070000000000000000780052200910007870350090930000600100000000,564839271721564839389271546697425318413786952258913467876352194932147685145698723,0,NakedTriples
008090000039508000006700000000000084800302010004000500005000041200000005090604000,178496253439528176526713498962175384857342619314869527685237941243981765791654832,0,NakedTriples
001800200600300790500020006000000005070054100050000860000000000000910000030080904,741869253682345791593127486126798345378654129459231867915472638864913572237586914,0,NakedTriples
010900065030025000004000207000000021203006070008300004000000006005000010300090080,812937465637425198954681237576849321243156879198372654789213546425768913361594782,0,NakedTriples
000690000030100800008000750000409000000030000064002000900307004082000070300010900,547698231239175846618243759723469518895731462164582397951327684482956173376814925,0,NakedTriples
300500804002074503405000000007002960000980000100000020000800007708259000000060200,391526874682174593475398612837412965264985731159637428926843157718259346543761289,0,NakedTriples
700000000006095010000620940000700400309000600070060038050030020063002000402010000,795341862246895713831627945628753491319284657574169238957438126163972584482516379,0,NakedTriples
800060709009400210001008000100700054204005001000000600005070800000000000003209005,842561739659437218371928546168792354234685971597314682425176893916853427783249165,0,NakedTriples
300010905000048010000090003008000640900000000040070020000009700003001000060700302,384216975579348216216597483138952647927164538645873129852439761793621854461785392,0,NakedTriples
000000006350029000890000100000701403100040900200000007010265000000003060000004000,421587396356129748897436152968751423173642985245398617719265834584973261632814579,0,NakedTriples
000070000903500000500019004400060002000798065000030000004000300060000007100000650,218476593943582716576319284487165932321798465659234871794651328865923147132847659,0,NakedTriples
900500040084030200130900078003400000020008004009010020006000090000000631070000002,967582143584731269132964578753429816621378954849615327216843795498257631375196482,0,NakedTriples
510000007290800000000000208000074053600001002000080000006030040000009706000000010,518623497293847561764195238981274653647351982352986174176532849835419726429768315,0,NakedTriples
004900605700000900100004002050008000007400000600015097003000764000003009076002103,284937615735261948169854372351798426897426531642315897523189764418673259976542183,0,NakedTriples
000002000080530000002807140200000573000000000506004002000080057700000000801400030,157642398489531726362897145214968573978253461536714982643189257795326814821475639,0,NakedTriples
030890041050000000000000090010004005000020467800750003500010076100000000069070000,632895741951247638478361592716934825395128467824756913583419276147682359269573184,0,NakedTriples
700300000000000250002004000000095000010000803000400076600001080004060901009000000,751329648943186257862754319376895124415672893298413576627931485584267931139548762,0,NakedTriples
060074000800000050409010020200007800004080001300400000000023080000900600930006702,563274198812639457479815326291567834654382971387491265146723589725948613938156742,0,NakedTriples
000090008100000000006307009009010002520048007801000030000000003200050084000000720,372195468198264375456387219769513842523648197841729536614872953237951684985436721,0,NakedTriples
908000706200107030000090400000006590000850310000000604004000100009024000587001000,918345726245167938673298451831476592496852317752913684324789165169524873587631249,0,NakedTriples
400000070070031000008400036002000500000020900010700008000240000059060020000005000,431956872276831459598472136982613547647528913315794268163249785859167324724385691,0,NakedTriples
000860000089023001030000002000090100650001070000430200001000300067000000500009000,125864793489723651736915482274596138653281974918437265891652347367148529542379816,0,NakedTriples
007400230030000700050800000000350000008000005000100090702004100504903002010002000,867495231439621758251837964146359827978246315325178496792564183584913672613782549,0,NakedTriples
070004000400000009308090200680010000000070005190035000801600020060008000000050100,579264831426381759318597246685912473234876915197435682851649327763128594942753168,0,NakedTriples
300020000000000006415000000000080500002004680049000100900700000000039010104600029,367825941298341756415976238631287594752194683849563172983712465526439817174658329,0,NakedTriples
504028600000000000218090000730060840600004020800507000000000063420005000000200000,574328619369451782218796534731962845695184327842537196157849263423615978986273451,0,NakedTriples
000067900045000000008200070004390000067000500030080000300009008000130460002000000,123867954745913826698254173254396781867421539931785642376549218589132467412678395,0,NakedTriples
000000000000310000120000050305900000000061000607200800004080360000020090008670500,879456123546312789123897654315948276482761935697235841254189367761523498938674512,0,NakedTriples
600700100000004003870500600010052806008096000000000000000920000060085907400000300,642738195195264783873519642914352876758196234236847519587923461361485927429671358,0,NakedTriples
800102009900000021005000700120004080560000000070260000000840060000000000400096800,847152639936487521215639748129574386568913472374268195791845263683721954452396817,0,NakedTriples
983000000102004800000300200009000001350010002000070400400005000007000304000600080,983127645162954873745368219879432561354816792216579438438795126697281354521643987,0,NakedTriples
009570000030010070050340800007000000290060000040005900000000008003000104006109503,619578432834912675752346819567893241298461357341725986125634798983257164476189523,0,NakedTriples
038002000104509000520370000000706108000000056000004200000805600051900070600010000,938642715174589362526371489392756148417238956865194237743825691251963874689417523,0,NakedTriples
000002010000805004009000207600073000010008006002000000003000700007900000080400051,438762519721895634569314287694173825315248976872659143143586792257931468986427351,0,NakedTriples
800000296092100040070000000005408160000000000004000050030000021000005300008034000,841357296592186743673942815325498167986571432714623958437869521269715384158234679,0,NakedTriples
040002516000000000800000023000200000000071005002040790950008600000100900610000050,349782516521634879876915423785269134493871265162543798957328641234156987618497352,0,NakedTriples
000102004000000000080004062000009400701006008006030000200900870090018000000060093,679182354432675189185394762853729416721546938946831527264953871397218645518467293,0,NakedTriples
000000502407000610050160030000009000063015000000048050000900000000006120200700804,631894572487532619952167438524679381863215947179348256348921765795486123216753894,0,NakedTriples
030400000000010000000300508010090063050800000002100004006009300900070000000080002,137458926568912437429367518814795263653824179792136854276549381981273645345681792,0,NakedTriples
002300070000045090000170004065000000030004810000800000010020000090030200600009700,142396578786245193953178624865912347239764815471853962318627459597431286624589731,0,NakedTriples
207003090004000020035800000403058709000014253000390040040039600300500000008002001,267143895184975326935826417413258769879614253652397148541739682326581974798462531,0,NakedTriples
004005060005100070006007001060000300098602000400080000000043200000060015000000009,174825963925136874836497521261974358398652147457381692519743286783269415642518739,0,NakedTriples
000090520800360070000000000000400090196500000000000106904050000000000038032040000,763894521821365974459271863378416295196582347245937186984753612517629438632148759,0,NakedTriples
040690700005000060001007900080046000000000007009850024010000080006000400000004213,248691735795438162631527948582746391463219857179853624914372586326185479857964213,0,NakedTriples
620001000700280006000700300210000500009020008006800097000000700090040000000000069,623491875751283946984756321218967534579324618346815297465139782897642153132578469,0,NakedTriples
008000400006002000020000730000007010409010300700006080080090005204560008000000040,378651492946372851521489736835247619469815327712936584183794265294563178657128943,0,NakedTriples
091008200050091780000600500600000000010086000520040000000009870000200090004060000,491758263256391784837624519648932157713586942529147638362419875185273496974865321,0,NakedTriples
005000000000402306074013005001300000800009000000070020000900401100007000053004000,365798214918452376274613985591326847827549163436871529782965431149237658653184792,0,NakedTriples
040821005500370000300004120008030000000040070070200306090050200000010800100408063,746821935512379684389564127658137492231946578974285316897653241463712859125498763,0,NakedTriples
905000401700600000000000008000020100000073040200400000657308000090007586100090000,935782461781654923462139758846925137519873642273461895657348219394217586128596374,0,NakedTriples
800009600004000000000067000008000002000030045570000806005041000080905004090000503,837429651654813927219567438148756392926138745573294816765341289382975164491682573,0,NakedTriples
010000400300020780009605000025000001098002000000000800080004010004000600500906040,217893465356421789849675132425768391198342576763159824682534917934217658571986243,0,NakedTriples
200004010000800020506290000400000200000000758600030900040320000160000000003715000,238674519914853627576291834457189263391462758682537941749326185165948372823715496,0,NakedTriples
908401003741000600360000810100900000000607001000030905436000000010000008089012400,928461753741583629365279814154928367893657241672134985436895172217346598589712436,0,NakedTriples
000801007000000010056040000820000070900000003507100000000300700070600045390450006,439821657782536914156749238823964571914275863567183492645312789271698345398457126,0,NakedTriples
301500000000080003020004050600000009803000010147000000000631700000050020000700004,371596248465182973928374156652817439893245617147963582284631795736459821519728364,0,NakedTriples
009030000000640087104090002601000509000000031200000000010900070905400000400200000,789532416352641987164897352671384529548729631293165748816953274925478163437216895,0,NakedTriples
000000539080305000000470800100900700043020000026001000010200008000004007000017060,674182539281395674395476812158943726743628951926751483517269348862534197439817265,0,NakedTriples
301006000060000003002085010600201800900070000000800007700000200000003000050640009,381496752569127483472385916647231895938574621125869347716958234294713568853642179,0,NakedTriples
384000009205003000090005002000008090000000103100060000007900025000000006900340070,384612759275493618691875432726138594548729163139564287467981325813257946952346871,0,NakedTriples
030050400080040600500000080000006007000000000900103800200500000010089702070000015,632958471189742653547631289821496537763825194954173826296517348415389762378264915,0,NakedTriples
000106050014700000080030620100040009000079060300800000200000900006000280000400000,923186457614725398785934621162543879548279163379861542237658914496317285851492736,0,NakedTriples
000002000840005072007600080080050000000207010000000900010009630504300000070100000,351782496846935172927641583189453267465297318732816945218579634594368721673124859,0,NakedTriples
081040020500070000730002000009700050020900370000580000003000090100000005200010004,981345627542176983736892541819723456425961378367584219673458192194237865258619734,0,NakedTriples
020030000400050002009008700700900000600070005000025003060000020004000001080001309,526137498478659132319248756753916284642873915891425673165394827934782561287561349,0,NakedTriples
000007004086000200402001000000608000040100090007300102000000800003005007700200905,139827564586439271472561389291658743345172698867394152954713826623985417718246935,0,NakedTriples
400009050300050067000870003000194000030000200004200600057040000000000001200730900,476319852389452167512876493625194738138567249794283615857941326943628571261735984,0,NakedTriples
000001060001040359700930200109360400020004008000009000006090005800070003005000000,593281764281647359764935281159368427627154938438729516316492875842576193975813642,0,NakedTriples
800000030002807409000005008000920107096000000100070900001500070000204000600000300,859642731362817459417395628584923167796158243123476985231569874978234516645781392,0,NakedTriples
007000000210003000000148000001064008009300000000081049460000090000050761000000000,987526134214793856653148927521964378849375612736281549465817293398452761172639485,0,NakedTriples
702010009000000000890400010300901047400000502029700000000000030050030004200040150,742315869516298473893467215385921647471683592629754381164572938958136724237849156,0,NakedTriples
200100000000070089630000040900600075000015000000080000090306000500000200300091000,289164537154273689637958142941632875863715924725489316498326751516847293372591468,0,NakedTriples
002010000000070050600003401000049306000600084060005010100090008890300000700800600,532418967419276853687953421258149376971632584364785219126594738895367142743821695,0,NakedTriples
000007090009056000060400080605004200003100670000000000400200907301000000207001000,134827596879356421562419783615974238943182675728563149456238917391745862287691354,0,NakedTriples
000800061000097000405060000027300059100000000300040008730005800000000000512700000,273854961861297543495163287627318459148579632359642178734925816986431725512786394,0,NakedTriples
402070000000000000000050923063000019789003200200060000000097650107020030600400000,412379586935286147876154923563742819789513264241968375324897651197625438658431792,0,NakedTriples
100000060647100008030060007800950000001080020400000000000405003002300040370000900,158743269647192538239568417823951674791684325465237891916425783582379146374816952,0,NakedTriples
002000070000230041400605200000003480208406500009000700800000020001000007690002850,962148375785239641413675298156723489278496513349581762834957126521864937697312854,0,NakedTriples
708030090510900700009000002000000500000065470000000200080070100600452000040800000,728534691513926748469781352976248513832165479154397286385679124691452837247813965,0,NakedTriples
000305000009020056600700000020000080070809400100003090000004000000080102005000800,742365918839421756651798234923647581576819423184253697218974365397586142465132879,0,NakedTriples
010203060000760109000001000008000500090057000570000008002004730060020000080000012,817293465435768129629541387248936571196857243573412698952184736761329854384675912,0,NakedTriples
008001003000000000050240078037008100000003400280009007000000700040002030900060002,768591243492837561153246978637458129519723486284619357326185794841972635975364812,0,NakedTriples
000007063000000000012040700000500000590000170073908020064700000000600207001005080,459127863637859412812346795248571639596234178173968524364782951985613247721495386,0,NakedTriples
034000700100400063007300901270500800003781050506209310010003400009000500002900000,934612785158497263627358941271536894493781652586249317715863429369124578842975136,0,NakedTriples
915004000604500000002001400400000690520000007000802040000900300301200068000006201,915734826634528719872691435487153692523469187196872543268915374351247968749386251,0,NakedTriples
000690071600001500000005000090008000050004080802010600021080030000070050340000900,285693471673841592419725863794268315156934287832517649521489736968372154347156928,0,NakedTriples
000820000490000000080000300740009008032000049800000600910048070000070000004006003,163827954495163782287954361741639528632785149859412637916348275328571496574296813,0,NakedTriples
009000001030000907010070000006004093000000000000085200600013409900800070120040600,769238541432651987518479362856124793271396854394785216687513429943862175125947638,0,NakedTriples
008200000006048020000030070360000000802500004004070900407010000000380000000000590,738251469956748123241639875369124758872593614514876932427915386695387241183462597,0,NakedTriples
080000002000740000700200001079400020410030600200500000000090300000050006504800000,983615472152749863746283591379468125415932687268571934627194358891357246534826719,0,NakedTriples
310000040020580000000000056060900000203050900504001200952170030600000000000000700,315796842426583197879214356761932485283457961594861273952178634647329518138645729,0,NakedTriples
000030000097006800140700000050908400000062000900000030070040500500023080000000160,865134279397256841142789356653918427784362915921475638276841593519623784438597162,0,NakedTriples
000000000720801000031002000009000000480009005000017400200078500006000904000620070,958736241724891653631542897319485762487269135562317489243978516876153924195624378,0,NakedTriples
070000003000070800090803000501067000003000000000002040700908064014000007020000010,178629453356174829492853671581467932243591786967382145735918264814236597629745318,0,NakedTriples
000006000060000075009010600030520906020309400000040000048000003100000090300207000,413756289862934175579812634734528916621379458985641327248195763157463892396287541,0,NakedTriples
000830070008400002020710050096000010000000000371000840000580030500020000060000200,615832974738459162429716358296348517854197623371265849942581736587623491163974285,0,NakedTriples
000008000065000040809600010001000007000850000900020600300400000004090730000102800,213948576765213948849675213521369487476851329938724651392487165184596732657132894,0,NakedTriples
006005000000780030007001000001020000400600080200000970040970850000000000980042000,896235417124786539357491628571829346439657182268314975642973851713568294985142763,0,NakedTriples
031500060000040080020007004200000000080060409000050020000305810003010000078004000,431582967597146283826937154264798531385261479719453628942375816653819742178624395,0,NakedTriples
004090006000000000010724008000506804030200000400080000705000060001900000040307001,274895316589631742613724598192576834836249175457183629725418963361952487948367251,0,NakedTriples
900601000014200050370004016090000003001700900250000080000000000000006070800070005,982651437614237859375894216798162543431785962256943781527318694149526378863479125,0,NakedTriples
003402006000980205000000000000000500090100020040050080802000740071000050600800100,583412976417986235269537814128743569395168427746259381852691743971324658634875192,0,NakedTriples
000002100200405030500807000000000607000300080810000000038000090700203010600040000,387962154269415738541837269923581647476329581815674923138756492754293816692148375,0,NakedTriples
070000280000004016000000050006280700040010600013000005960000000000308000002570000,475136289829754316631892457596283741748915623213647895967421538154368972382579164,0,NakedTriples
000063001070080206010025030000010500058000004004009100080100000000000040206000300,842963751573481296619725438927614583158372964364859172485137629731296845296548317,0,NakedTriples
000002004400000630003080901002007010087600000000020000000090400901000300300000070,816932754429715638753486921592347816187659243634821597278193465961574382345268179,0,NakedTriples
007000098000500040061000200000003000000000009092000067200007000000346100300100050,427631598983572641561984273674293815135768429892415367216857934759346182348129756,0,NakedTriples
000042700480100600093008000500601000007003000040090000000000065070000200200000104,165342798482179653793568412529681347817453926346297581931724865674815239258936174,0,NakedTriples
000000040003210007005406010000000000046057081000020070090000020120063005608100000,712539648463218957985476213579381462246957381831624579397845126124763895658192734,0,NakedTriples
007320009009100000040000802030008600500040000670001000000906400000003008005000000,857324169269185734341769852132598647598647213674231985783956421926413578415872396,0,NakedTriples
400700009000500807000060040000070000060004300040089061034000092710020030200000000,421738659396542817875961243183675924967214385542389761634857192719426538258193476,0,NakedTriples
200970600000002004004600000030080000000507300010400070300000010850000000000706020,281974635563812794794635182437189256928567341615423978376248519852391467149756823,0,NakedTriples
000007500520900006300040000000000005000800704603720800400006000208000000001400089,914267538527938146386541972879614325152893764643725891495386217268179453731452689,0,NakedTriples
000600070005800100013070000900028060000000507000007800406000000002006003098100000,249615378765834192813279654937528461684391527521467839476983215152746983398152746,0,NakedTriples
380000160004200007000000000009050000026007009500400080007006000030700200010008000,382974165954261837761583924849652713126837549573419682497126358638745291215398476,0,NakedTriples
708010000000084002050970400020030000400590100000000090000001230070650040000000607,748215369619384572253976481921437856467598123385162794896741235172653948534829617,0,NakedTriples
379000010060000000000043060007000009008075204050200000000050000100007006700320150,379568412564712893281943765627431589918675234453289671832156947145897326796324158,0,NakedTriples
070000000003200000008409570350800040060000900041002080000000000007000013000310800,275186439493275168618439572359861247862743951741952386134698725987524613526317894,0,NakedTriples
000800000030000009000031000006000500015408370200013040607000004050000060800007000,569824731132756489784931625346279518915468372278513946627385194453192867891647253,0,NakedTriples
072090680000030000000084090000000001050001700007000069300018900008940010060000000,472195683896732154513684297634879521259461738187523469345218976728946315961357842,0,NakedTriples
002590006000408507700360004800700000003000050020030009490003080000600045600000300,142597836369418527758362194814759263973126458526834719495273681237681945681945372,0,NakedTriples
092100760000007980001000000905006103008504600000021000200000000000040370070305000,892153764354267981761498532945876123128534697637921845283719456519642378476385219,0,NakedTriples
040005000607000000003020500100730000070609030900000010000080074001000080000000305,249375861657891243813426597186734952572619438934258716365982174721543689498167325,0,NakedTriples
000090342000015900000700080047200060005601000260000004089000000002000000500908000,751896342428315976936724185147283569895641723263579814689132457312457698574968231,0,NakedTriples
080004070400700001200000430000009700090601020370000080000200000050030100000090068,983514276465723891217968435526389714894671523371452689138246957659837142742195368,0,NakedTriples
098600000072090500000080000047051090060070800000006003056000040000900030030760000,598642317472193568613587429347851692261379854985426173756238941824915736139764285,0,NakedTriples
100000000000903000059000080400501000903200104500030060000402007300050400000008006,132785649864923715759146283426591378983267154517834962695412837378659421241378596,0,NakedTriples
000000000008041000000708340000600500260800030500004970003507200700000000050080060,124356798378941625695728341437619582269875134581234976843567219716492853952183467,0,NakedTriples
000000002090000410000000300400090068306002590000610070600201000007080900005000020,561943782793528416284167359472395168316872594958614273639251847127486935845739621,0,NakedTriples
000003000000005108850000009960700004002000000000650300016000400200008700400060010,721983546639245178854176239963721854572834691148659327316597482295418763487362915,0,NakedTriples
070000900040780005302000000490056201050030000006010000031000600000100020700004000,578341962649782135312695748493856271157239486826417359231578694984163527765924813,0,NakedTriples
000034602001000000000802400050010080004000920092000070900503008000090000040700005,789134652421965837365872419657219384834657921192348576916523748578491263243786195,0,NakedTriples
005009004400000000000030900000042300006000720000800000700008000030051400020306590,365129874492587613187634952918742365546913728273865149751498236639251487824376591,0,NakedTriples
050100040400270085060009001000000509700000003000506000200080700009000000600004000,352168947491273685867459231186347529725891463934526178213685794549732816678914352,0,NakedTriples
021000800300040650400005003000036700000050908000084520867000000000000000040000062,521367849378249651496815273285936714614752938739184526867421395152693487943578162,0,NakedTriples
006970000010000000000800490900400180800019062000200000240000710300000000600054800,486973251719542638532861497927436185854719362163285974245698713398127546671354829,0,NakedTriples
000010400430000800000502000000085010100000007007090000700000030980360004005009000,529813476431976825678542391243785619196234587857691243764158932982367154315429768,0,NakedTriples
006030005030009040004000002708000000050400023000700400000060000000028530600000280,186234975237659841594871362748312659951486723362795418823567194479128536615943287,0,NakedTriples
001052070020040000003197004010000003402071000006000200004009750000016800000000031,641852379927643185853197624718265493432971568596438217184329756379516842265784931,0,NakedTriples
000180706002009000900000042000023050520000603090700008604208139000316000000004000,345182796782649315916537842467823951528491673193765428654278139279316584831954267,0,NakedTriples
570000300000600000010704620002060040000803000080090000030000700460370210009208030,576182394824639157913754628192567843645823971387491562231946785468375219759218436,0,NakedTriples
580000920600002507003005000000504700300096008840000690004210000000008000100057000,587641923691832547423975816916584732372196458845723691764219385259368174138457269,0,NakedTriples
000040003450000086007006902030000290020300017800001630040020561208000479690000020,961842753452793186387516942136487295524369817879251634743928561218635479695174328,0,NakedTriples
000100000009000006002506390046200070000070042080000605150003007000450060000020000,635192784819734256472586391546218973391675842287349615158963427923457168764821539,0,NakedTriples
000090000003602009029500000837000060600000090005010030000420500000080200001000007,568197324173642859429538671837954162612873495945216738796421583354789216281365947,0,NakedTriples
000000307100003040075000060280040009000000500000000820000051483000306000000008070,824619357169573248375284961286145739937862514451937826692751483748326195513498672,0,NakedTriples
090610300071000069030020107200034000708506000000000000500008700000703600000000003,892617354471385269635429187259134876718596432346872915563948721124753698987261543,0,NakedTriples
402006370000002040010007000030000100000905000600800000006000002700003000200100900,482516379967382541315497286539674128871925463624831795156749832798253614243168957,0,NakedTriples
009004700000790005040510800250140009063000010900000002000000000108003200000000056,589364721321798465746512893257146389863279514914835672675421938198653247432987156,0,NakedTriples
000000020050040006100007003000009030030860009000073608000705000062001800009080150,897356421253148976146927583684219735735864219921573648418795362562431897379682154,0,NakedTriples
000002000003100290600000031435000008970500002802003750508000070210057003090600000,154392867783165294629874531435729618971586342862413759548231976216957483397648125,0,NakedTriples
000630051001080609000000000000900080308107902070800010204000000007090308036000400,789634251421785639653219874145962783368157942972843516294378165517496328836521497,0,NakedTriples
030000009056820000900005040003700100001400000000050060070000631800000500000200007,138647259456829713927315846593768124681432975742951368279584631864173592315296487,0,NakedTriples
007000029000400000094730061408006300210500000000300000000000675001865040006000018,137658429652419837894732561478196352213584796965327184389241675721865943546973218,0,NakedTriples
009040020002800010000001800250900300007015200000000008900000002070060504400009000,189643725562897413743251869254986371897315246631724958915478632378162594426539187,0,NakedTriples
200000019400090080000005304605000000900001000000006073700043800000500400040800600,253468719416397285897125364675934128932781546184256973729643851368512497541879632,0,NakedTriples
500000008800070092004000060000002000001804600020000380000020903000040070090605201,562419738813576492974283165487362519351894627629157384146728953235941876798635241,0,NakedTriples
000070010000800020068000740000000000031900000200050073006200080005107009013004000,342675918597841326168392745654713892731928654289456173476239581825167439913584267,0,NakedTriples
000400000000268007040009030070905006500010000090000002900000050004300079006000100,729453861135268947648179235873925416562814793491736582917642358254381679386597124,0,NakedTriples
042900300000400090900065000300600009000000600050070008034500761270000080000004000,642918357513427896987365214328641579791853642456279138834592761279136485165784923,0,NakedTriples
093000250506000008010090000807500000000020000000068790080040000005600120700000040,493876251576412938218395467827539614169724385354168792681243579945687123732951846,0,NakedTriples
080049000902600000570308040000000010800005600000092057000003002020000070014000000,183249765942657831576318249235764918897135624461892357658473192329581476714926583,0,NakedTriples
400530010300200700580000042720604580040000006006300400000060000630471800000800000,462537918391248765587196342729614583143785296856329471278963154635471829914852637,0,NakedTriples
701900400030060070000070201000000500000618000209003000600030700000580009000100000,761925438432861975895374261316492587574618392289753146658239714143587629927146853,0,NakedTriples
020000000800056000000009100080090003970504000000038010007001304000000006032400700,321847659849156237756329148185692473973514862264738915597261384418973526632485791,0,NakedTriples
900400002000000370006000000500008000428600000700009040000056020010720058000000003,935467182842591376176832594591348267428675931763219845384156729619723458257984613,0,NakedTriples
050830070100006540000000006001008200000040000823000000006001005000700300509000120,652834971138976542947215836461398257795142683823567419386421795214759368579683124,0,NakedTriples
000005000500910024040007900002006040080000000007100058900800000706020010000070000,269345187573918624148267935312586749485792361697134258921853476756429813834671592,0,NakedTriples
010050090800000070035600000609020000000007000002040800400003000060001004200000058,716458293824139576935672481689325147543817962172946835457283619368591724291764358,0,NakedTriples
180700000004080060030400020750602100000007005008054600006500000200000018040000300,182769453594283761637415829753692184461837295928154637316578942279346518845921376,0,NakedTriples
480600100000001002003000080000100000000020003000549000300000065920006070170000009,489632157567891342213475986852163794694728513731549628348917265925386471176254839,0,NakedTriples
000000802020390000910600500207405060000000003000700000000013008009007000400900001,376154892524398617918672534237485169895261473641739285762513948159847326483926751,0,NakedTriples
001860020006000070039000000053000010070010036614007900000002390197040008000090100,741869523586231479239754681853926714972415836614387952468172395197543268325698147,0,NakedTriples
400000290051000070090713000000280000008000007300070040040500906000026050000400010,473658291651942873892713465764285139918364527325179648247531986139826754586497312,0,NakedTriples
100000600064000015700000000300000050010059068000012000030900020000005809608700000,123594687964287315785631294349876152217359468856412973531948726472165839698723541,0,NakedTriples
080300060060000900000000034720040000900005401005000002000506010500207300000130009,284379165367451928159862734721648593936725481845913672493586217518297346672134859,0,NakedTriples
000000905410005000900060000000001020001640390007000004080400109020090050000007080,362184975418975236975263841649731528251648397837529614783452169124896753596317482,0,NakedTriples
000000009000012000002003608950000072008050000040090000034080100510000800800070030,473568219685912743192743658951836472268457391347291586734689125519324867826175934,0,NakedTriples
090020000200671000061003000045000000000730008700000002000450206004000000508010407,897524163253671894461893725345268971912735648786149352139457286674382519528916437,0,NakedTriples
000028000000000001003160209000000000007004003490000060040510007015000900060200800,971428356624395781583167249136952478257684193498731562842519637315876924769243815,0,NakedTriples
004500000000809240030002500305006108001000000007000050000000006070005900900630070,284513769156879243739462581325746198491258637867391452548927316673185924912634875,0,NakedTriples
500400800000009001030000709702900000040003000009000105000004006200315000000060050,591427863627839541438156729752981634146573298389642175875294316264315987913768452,0,NakedTriples
080000050305090710400100000000900200000060508000037100040020000000009000006050030,187342659325896714469175382654981273713264598892537146941723865538619427276458931,0,NakedTriples
000100000050000200000090000300400017080607040020003080891000000000089000700000030,274136598953874261618295473365428917189657342427913685891342756536789124742561839,0,NakedTriples
020080600000074800070010003700000020040000000600100430000046000009035010283000000,924583671316974852875612943738469125541328796692157438157246389469835217283791564,0,NakedTriples
000197800900000000003000002004900023000600500082005000800500610040000205006070000,425197836918263457673854192564918723791632548382745961837529614149386275256471389,0,NakedTriples
290060400000000700000020005006900082000030000000007530310280004000000000407000003,293765418581349726674128395736954182159832647842617539315286974968473251427591863,0,NakedTriples
000000400050030009000106005060200004020801000710005090200900370008000000130000040,381529467652437189497186235865293714924871653713645892246958371578314926139762548,0,NakedTriples
130006040060000008207030006000003000000000280000870950005400000000020000070001090,138256749569714328247938516852193674793645281416872953625489137981327465374561892,0,NakedTriples
000000001040006800080003650405070060002061340600350000004090010060000200097200000,356489721741526839289713654435972168972861345618354972824697513563148297197235486,0,NakedTriples
