000000090500109000900034070050010067003000002060300045000500000800043009100870000,316758294547129836982634571458912367793465182261387945634591728875243619129876453,6,XYChain
006000509702900060400000070000009000000730008300250001004060000020080300600500700,136478529752913864498625173561849237249731658387256491874362915925187346613594782,6,XYChain
030900007000000000500004006000800020008002403095000000800600700900001058603050200,132986547486175392579234186364817925718592463295463871851629734927341658643758219,6,XYChain
700000000005100007910006002090080000340090000100000083503000490000605000000000208,782354169635129847914876532296583714348791625157462983573218496829645371461937258,6,XYChain
080300000070001000001600834000800009000026470000030006850090000004500007009008050,482359761376481295591672834647815329135926478928734516853197642214563987769248153,6,XYChain
000000400310000050000591070000800200001000030405000016057009060960000800000080000,579326481312478659648591372736815294291764538485932716857249163964153827123687945,6,XYChain
150090200009007000000100830000800000803075000005600000000000100047030580002000340,156398274389427615274156839761842953823975461495613728538764192947231586612589347,6,XYChain
002001080005000407090400000600504300000000060500008020060002000000000070039640100,342791586185326497796485231628574319974213865513968724867152943451839672239647158,6,XYChain
000920180000000060005800040000003901031050000047000000720040000400000092000300078,376924185814735269295816347682473951931658724547291836728549613463187592159362478,6,XYChain
000000000529061040400570000000083190000910080000056000200007000054000007380200000,871324569529861743463579821642783195735912684918456372296137458154698237387245916,6,XYChain
000000009801007000000000540007100000005308097000074023050403000960000050700000000,532846719841957632679231548387129465425368197196574823258413976964782351713695284,6,XYChain
000030090700200304104000020012000060090400000400005007000501643000000001000006000,825134796769258314134679528512783469397462185486915237278591643643827951951346872,6,SimpleColouring
605003900000804700003005080700021000000000002508000309004050000890000000006009000,685273941912864753473915286749321865361598472528647319134752698897136524256489137,6,XYChain
050046800070000006000100007600500400709084020005970080300000064060305000000000003,951746832873259146246138957682513479719684325435972681327891564164325798598467213,6,XYChain
309207040205004900040003000008900300090002468400000007007308000100020000820000700,369287145285614973741593682678945321593172468412836597957368214134729856826451739,6,XYChain
070084050009006000100300007007009203080000000010203004020060000704000000060008000,672984351539176428148325697457819263283647915916253874825461739794532186361798542,6,XYChain
300000050040000020015000600800007093904800006003004000100400009000910030000500700,387246951649751328215389647851627493924835176763194285132478569576912834498563712,6,XYChain
006009000007000800290040005000037001050000907040080500060403000300060400000000002,536879214417352896298641735829537641653214987741986523965423178372168459184795362,6,WWing
801720000000040091300000000000000050460000009090265073004070030700000002003800704,841729365672543891359618247237491658465387129198265473584172936716934582923856714,6,XYChain
000500004100000060900680007507940000600005700008000100090200000400056000000070602,763512894185794263924683517517948326639125748248367159896231475472856931351479682,6,XYChain
000000060090001700003040150000050080500000006400280000000009000708020010010700428,145372869892561734673948152269457381587193246431286597324819675758624913916735428,6,XYChain
002090000030004080600000593000027409000000000208000010000075000510406007080000040,852693174931754682647218593163827459495361728278549316324975861519486237786132945,6,XYChain
030040000400302108020800046500007000902000000000100070000080062304050000008000900,839641527456372198127895346581467239972538614643129875715983462394256781268714953,6,XYChain
000300200300002050005104600087000002020000000000809010060005000000610900004000370,478356291316982754295174683987561432521743869643829517769435128832617945154298376,6,SimpleColouring
240000030007005080080010006020000400010003000406000100002060000000079000070300048,249786531167935284583214796328197465715643829496528173832461957654879312971352648,6,XYChain
031080700807600030000000201004002000020730000318004007003060000070000004500049000,231985746847621539659473281764812395925736418318594627493167852172358964586249173,6,WWing
000900000000070950087000300030400010009030000600790000060050800010003600004060035,356914287421378956987625341532486719179532468648791523263159874715843692894267135,6,XYChain
000000240100300580608000090001209700070130960000007030702400000000800300000002875,537918246194326587628745193341269758875134962269587431782453619956871324413692875,6,XYChain
043005000000000907050109400000801060000000035001006090400280070700500000002000000,943725681126348957857169423295831764684972135371456298419283576768594312532617849,6,XYChain
008000500790000080201030007900000870320000006080560010000700004000490008100053000,648271593793645281251938467916324875325187946487569312839712654572496138164853729,6,XYChain
078000900000400000090000025200600003936000007000100040069001080051000006300005000,478532961625419378193786425214657893936248157587193642769321584851974236342865719,6,XYChain
084000001065090000000000290502000000800300900000001452000740000000086004000000300,984237561265198743731654298512469837847325916693871452158743629329586174476912385,6,XYChain
050000390207090005600570200060020870000809030002040000005000000000002008003007600,458216397237498165619573284964325871571869432382741956195684723746932518823157649,6,WWing
079030000050070100004000002008000500000007060000050403500206000400000000610009087,279431856856972134134865792768394521345127968921658473587216349492783615613549287,6,XYChain
600000000000080012910000830000040020080700000100900600800000000701009400020400075,638192754457683912912574836596841327284736591173925648845317269761259483329468175,6,XYChain
031007004000010300000000805000700600047309001002000008050004930000000006006020080,531897264864215379279436815185742693647389521392651748758164932423978156916523487,6,XYChain
008200090005000008410500700000398000000000000000005460090000240000070000007403086,378261594925734618416589732642398175531647829789125463193856247864972351257413986,6,XYChain
500000000000805020200000800005091000023000000670002030000013060017000900800900004,538129647796845123241736895485391276123674589679582431954213768317468952862957314,6,XYChain
020100070010090500900000040007608495000970000600051000000004980300000004080005060,523146879814397526976582341137628495245973618698451237751264983362819754489735162,6,XYChain
000000004000200050035000900000760800012000570500800000070910380000406000001080000,289657134146239758735148962493765821812394576567821493674912385358476219921583647,6,XYChain
080000006007009020500300000070040003006000400005001908000890200890700004000400005,389127546467589321512364789978245163136978452245631978654893217891752634723416895,6,XYChain
040007003000003060052080000000000700020090001409000000000000150560700049801006002,946517283718243965352689417185362794627894531439175628274938156563721849891456372,6,XYChain
500409086000086250007000000200040090003010040000005600000000030009800500010050800,521479386394186257687532914275643198963218745148795623856927431439861572712354869,6,XYChain
070000400009537000006002000700000031500000000103000960000010004600098700000006100,375681492249537816816942375764829531598163247123754968937215684651498723482376159,6,SimpleColouring
000000009204000001000723004500001090020500003000040058060007005709000010300008700,637184529284695371195723684543861297821579463976342158468217935759436812312958746,6,XYChain
000908041000370090000600500800000300400030260032000900000054000500200006090000750,357928641146375892928641573865492317419837265732516984683754129571289436294163758,6,SimpleColouring
960500000450100003080000700005940680000000000600021030090700000000090108000036020,963574812457182963281369754125943687834657291679821435592718346346295178718436529,6,XYChain
000009000003070006720000084000501000370064800041000000000000420086050100000900030,614829573893475216725613984268531749379264851541798362937186425486352197152947638,6,XYChain
070064000040090007300000000705000100000810005100000003200000000080120090060570008,972364851841295637356781942735642189694813725128957463219438576587126394463579218,6,XYChain
000000600000205093395000001059078030080509000000400000070036000000000020010000040,842391675761285493395764281459678132183529764627413859274936518538147926916852347,6,XYChain
000300007050024600078050000000030000904100000500000010000902080082000700000500000,246398157159724638378651942861239574934175826527846319715962483682413795493587261,6,XYChain
030724005002000400805000300008000000160030000000100090000070000980000004020950810,631724985792385461845691372278549136169832547354167298513478629986213754427956813,6,XYChain
007600000004050008090300061000008090050060000000107002009036400200000700430002000,327681954614259378598374261741528693852963147963147582179836425286415739435792816,6,XYChain
008960000004050800900030257680090002000007000007040000030000000009600700000005108,578962314324751869916438257685193472143527986297846531731289645859614723462375198,6,XYChain
100000080380000409005000107007000090500260800000079006000043000069000000010900002,174392685386517429925486137647835291591264873238179546752643918869721354413958762,6,XYChain
300700009000900503000200000000000800160000400705010000080006050050040260020000000,346785129872961543519234786294673815168592437735418692487326951953147268621859374,6,XYChain
004053010893000000000000070000080090000600007019370000000204008507090032400000000,274953816893716245156428379742185693385649127619372584931264758567891432428537961,6,XYChain
004000007600103800900000400300000905000600000401009030100906000002004600009700020,234895167657143892918267453326471985895632741471589236143926578782354619569718324,6,WWing
500030600020001079006800000000000000000050136000016804810003420000780000030000008,571439682428561379396872541169348257284957136753216894817693425642785913935124768,6,XYChain
000638000060070098400000070071000000820003000000000750030004920200000060040100305,957638214163472598482519673571946832826753149394281756735864921218395467649127385,6,XYChain
306400000500070000040090010780000400690040000000007102000500020000108540030000000,376451289519872634248396715782913456691245378453687192164539827927168543835724961,6,XYChain
000000008000005609060204000002010350070000200010040000040650803007000410003080000,529163748134875629768294135982716354475938261316542987241657893857329416693481572,6,XYChain
000000600850700901000301000000000009001090260408000700000048000200006000060230054,712459638853762941946381572625173489371894265498625713537948126284516397169237854,6,XYChain
002500036300000805001304200098040000010000700230650000000000000900060070025008010,842597136379216845651384297598741362416823759237659481163475928984162573725938614,6,XYChain
030705002010002005800300100000000700300009800004000000000600501602100400008004007,436715982917482365825396174289561743371249856564873219743628591692157438158934627,6,XYChain
300065700590020030800010056470030000008700200000001008080509001610000000000000020,341965782596827134827413956479238615168754293253691478782549361615372849934186527,6,XYChain
400008030009005041300000006000100020000026050017000000004009800000500060003010000,461278539789365241325941786546197328938426157217853694654739812172584963893612475,6,WWing
040500070031020049000000008280060010070309002000008500403100000000030000090000000,846593271531827649927641358289465713675319482314278596453182967768934125192756834,6,XYChain
000090040000000507060400023000600000010300708007800602021000000508970000006040305,132795846894236517765481923283657194619324758457819632321568479548973261976142385,6,XYChain
000420001260050900300008700500000870000004000910007006850000000000012000070800002,785429361261753948349168725524691873637584219918237456852976134496312587173845692,6,XYChain
000200000000000135710035020020004070000153008600000900004000012830002604000006000,345291786982647135716835429128964573479153268653728941564379812837512694291486357,6,XYChain
008560010000700683090000004000000800000000321800070000120403000970680000004000200,738564912451729683296831574349216857567948321812375496125493768973682145684157239,6,XYChain
408000100300100007000068000570000000004200300000004090001000070032005060000087009,458793126396142857217568934579831642164279385823654791981426573732915468645387219,6,XYChain
003240000500390004001700003059000000000000082020070360000000020102050007090800000,973245618568391274241768593359682741716534982824179365635417829182956437497823156,6,XYChain
640000020870000019001004060000615008590000000008070000000006000450080200080207005,643198527875362419921754863732615948594823671168479352219536784457981236386247195,6,XYChain
094001607600300005000570000260000054000007000970000080800293000000000800010000020,594821637687349215132576948261938754458167392973452186846293571325714869719685423,6,XYChain
080003010000076400000809003000387000706000004500000000010060300004000709003050000,987423516321576498465819273142387965736195824598642137819764352654231789273958641,6,XYChain
900200608030001002050030090800040000070100005000003870040500000002060000703002050,914257638637891542258634197821745369379186425465923871146579283592368714783412956,6,XYChain
602005708000670300100080009000000905000009470907500280509030000406957830000100590,632495718895671324174283659341728965258369471967514283529836147416957832783142596,6,XYChain
000000201050000080190000400600020000009000753007000000740300800000010020060540070,378459261456231987192876435634725198829164753517983642745392816983617524261548379,6,XYChain
070002500304000000000001063100045200008000009000710000420000007001507000050300001,976432518314658792285971463197845236548263179632719845423186957861597324759324681,6,XYChain
009001008003500000080060040506000200094030000200000000068400530000300007040610090,659241378413578629782963145576894213894132756231756984968427531125389467347615892,6,XYChain
090000000000005100756000090000040200008302000640000087200009000000830002000200853,391684725824975136756123498135748269978362514642591387283459671517836942469217853,6,XYChain
000000053400060900000910008090042000050000700000000000000050306025480000103000400,719824653482365917536917248397542861251638794864179532948751326625483179173296485,6,XYChain
209000030700015000005030604000500900000040008060000200020180006100300080004002000,249678135736415829815239674378526941952741368461893257523187496197364582684952713,6,WWing
600800020024000100507090800002000450380000000000900000000001060400000097000080200,691843725824765139537192846972618453386254971145937682259471368418326597763589214,6,XYChain
000600000060100090050002003070000400008040007200800100400006801000020600900500000,743659218862173594159482763375291486618345927294867135427936851531728649986514372,6,XYChain
030006800400001900000420705060050309002604000500000080000080000000305000009040001,237596814456871923918423765761258349892634157543917682325189476174365298689742531,6,XYChain
072030906300609207000008000001070029000060410030000000090106070600040800007980000,172534986385619247964728531841375629759862413236491758498156372613247895527983164,6,XYChain
000006003040200016060350000000140009321000060007600000000080070000500000052000408,275416983843279516169358247586147329321895764497623851634982175718534692952761438,6,WWing
007500012500004000431700005000006020000000007300800006090003000104020500000060900,967538412528614739431792685719356824856241397342879156695483271184927563273165948,6,SimpleColouring
000916700094000006000000080000057000810300002540800000000000000056270900080004030,328916745794538126165742389632457891817369452549821673973185264456273918281694537,6,XYChain
902500004030006010607001502000100700500004060000075048700439001004000000000008090,912587634835246917647391582489163725571824369326975148768439251194652873253718496,6,XYChain
000700004002000000050080000900006150000070020206040090000108200003000900045002000,381729564762514839459683712974236158538971426216845397697158243123467985845392671,6,XYChain
600100000080000000907040301020601050030098200010000000000370000460000072000000800,642183597381759426957246381824631759736598214519427638298374165463815972175962843,6,XYChain
000900400037020000000000002700400050018050000004600003000001036200800900070500040,182935467637124895495768312763482159918357624524619783849271536256843971371596248,6,WWing
000803640300000000400000500007200000620009070000000380200300160000020007740006000,572893641369541728481762539857234916623189475914657382295378164136425897748916253,6,XYChain
705000001000008500081030000000095700470000000000000069000412090900000007610070003,765924831394168572281537946126395784479286315853741269537412698948653127612879453,6,XYChain
000020009540070060003000500085009400076080050200300790000007000800601000000200014,768523149549178263123964587385719426976482351214356798451897632832641975697235814,6,XYChain
090050010080600043405000000002000100000072004000000309800006000000527000004008097,693254718287619543415783962342895176169372854758461329871946235936527481524138697,6,XYChain
003010080090080600000000710042079006700602001000300000500000004004003090006800000,463917582197285643825436719342179856789652431651348927538791264274563198916824375,6,XYChain
300009708002070001000003000006907010090000002000080000067000004000800300004005806,341259768652478931978163245486927513795631482123584679867392154519846327234715896,6,XYChain
600070900090100002013900000000020609005000100900001034040000300000600087007490006,624875913598136742713942865381524679475369128962781534846257391259613487137498256,6,XYChain
007000000090000301050008090000064000005080460100003002806030700000900000400000050,347691825698425371251378694983264517725189463164753982816532749572946138439817256,6,XYChain
010020007070640000000000890000000070000100503006000982520000000639070200004090000,415928637978643125362715894853269471297184563146357982521836749639471258784592316,6,XYChain
030205008700060050060000017093008001000010000070950042002009305900530080300000000,134275698729861453568394217493728561285416739671953842812649375947532186356187924,6,XYChain
070240000000005010604008500000000000420000000851020090007086001000079002300000080,578241369932765814614938527763194258429853176851627493247586931185379642396412785,6,SimpleColouring
190040000500000000080390600000004950830007004700000200020000086000700000905000020,193246875562178349487395612216834957839527164754961238321459786648712593975683421,6,XYChain
005000210000286000004000007810009600503804090400030005160700000000000400000000000,685497213731286549924351867812579634573864192496132785169745328258913476347628951,6,XYChain
004000001080000900375000400900000603000003009000605007008100000000700024200004500,694528731182437965375916482927841653456273819831695247748152396563789124219364578,6,WWing
030060050600000409519040000006800000900000080040000103000020600081000947000701000,834967251672185439519342876126873594953614782748259163397428615281536947465791328,6,XYChain
000860009800000004090030560719000000004900000000003000040052010300710090025000000,473865129856129734291437568719286453534971682682543971947352816368714295125698347,6,XYChain
109470000000603000030000002400030200500000081000100030680300907901008000007510620,169472853752683194834951762416835279573296481298147536685324917921768345347519628,6,XYChain
002016003504007000006083500000000000005000008910004000040700006080602400009000102,872516943534927681196483527328165794465279318917834265243791856781652439659348172,6,XYChain
700600201030100509000000000009218000205030000007000003000000080906300700000002600,794685231638127549521493876369218457245739168817546923472961385986354712153872694,6,XYChain
000083006000009000004700850000000001309001007100036080430108000000000500027300000,215483976783569142964712853648275391359841267172936485436158729891627534527394618,6,XYChain
008000103000060000032190050000000490040000000070008230080900045900050000000200300,498572163715863924632194758826315497341729586579648231287931645963457812154286379,6,XYChain
006080010009000008000001094000000020200900000705004000090040230041260000820000050,476589312159432678382671594964758123238916745715324869697845231541263987823197456,6,XYChain
059408100000700564070000200200000050007600001000000000001560009820004630000000000,659428173382791564174356298213849756547632981968175342431567829825914637796283415,6,WWing
300086000000205100600430020050000001043000070200000400000003200000197000000004035,321986547489275163675431928856742391143569872297318456764853219532197684918624735,6,XYChain
043001290000004700710060000001080004000136000060005000000000000000000018009370000,843751296596824731712963485931287564475136829268495173384612957627549318159378642,6,XYChain
609703050000000020030081006003407910001036040700102000070009500005000200100000000,649723158518964327237581496863457912921836745754192863376219584495678231182345679,6,XYChain
000040000900560200007000006010000802000006005000051070726000910001004000004100030,162348759938567241547912386415793862273486195689251473726835914391674528854129637,6,XYChain
073000000000000084980010000000004090350006000000890300005037600004200000010000000,473985126521673984986412573168354297359726418247891365895137642734269851612548739,6,XYChain
000010800001500000400709000300087004000300506000006080000600020290000000050402030,576213849931548672428769351365187294789324516142956783814635927293871465657492138,6,WWing
050100760000098005002000010000030400003021000007000000700400600000087003128000000,359142768671398245482576319816935427543721896297864531735419682964287153128653974,6,XYChain
005302000004050009008074020200000060000800003089040001090600000706000008000000017,975382146324156789168974325253719864417865293689243571891637452746521938532498617,6,XYChain
070400009000000800100070300000003002650900000030002960001020008709050000063010000,876435219325691874194278356918563742652947183437182965541729638789356421263814597,6,XYChain
000000301000500062000002005300400500700806024600007003900004000103600000060090007,526749381419583762837162495398421576751836924642957813975214638183675249264398157,6,XYChain
008021046003540800004000109000000004000004908009016020600008290482090060005060403,958721346163549872274683159827935614516274938349816725631458297482397561795162483,6,XYChain
000100703009806000540000000000210005003007410090000008600070080000050300400009000,286145793379826154541793826764218935853967412192534678635471289918652347427389561,6,XYChain
090000800080705002620030007400000921200003084000000000000200705001840000000000400,794612853183795642625438197437586921216973584859124376348269715561847239972351468,6,XYChain
095000010000010900000090478000000030000602005824500000600308000000000009400076000,795864312248713956136295478567189234913642785824537691659328147372451869481976523,6,XYChain
050240010300000000002000039805100000000050060400002000000805000010007300940000001,659243718384971625172568439865134297231759864497682153723815946516497382948326571,6,XYChain
003406000000090000720003006050700100070809050902000068460200901800000070000000300,593426817186597423724183596658742139371869254942351768467235981835914672219678345,6,XYChain
470090006080006470000000000060200000000869001005300080500000300008030150320910000,471598236983126475256473918864251793732869541195347682519684327648732159327915864,6,XYChain
000050000080006020710000600000804007091000003070900001003000400400005700000200030,246159378389476125715382694532814967891567243674923581163798452428635719957241836,6,XYChain
000005070190000000300710000003100006080002740700006102400078200000040000000060500,824635971197824365365719428243197856681352749759486132416578293532941687978263514,6,XYChain
418030000003802000000000070090200003006000090100000056000051020601074800007000910,418537269973862541265149378594216783736485192182793456849351627621974835357628914,6,XYChain
300000000108020300009073180000007600270096003000000004000050000060040207000080400,327168549158924376649573182584237691271496853936815724413752968865349217792681435,6,XYChain
095080007008004901000000060000006059007035410400090800300920005020001000500000000,195682347638574921274319568813246759967835412452197836346928175729451683581763294,6,XYChain
001000000800050000240086000780602004500003000090004080020000000000020500305040100,651439827837251496249786315783612954564893271192574683428165739916327548375948162,6,XYChain
400070030000080090000301000034900002002000050701004006000020507080010000070046000,419675238357482691628391745534968172862137954791254386946823517285719463173546829,6,XYChain
200000890001002000000340002000000507503900084060080000810000030702100000005008600,274615893391872456658349712189423567523967184467581329816794235732156948945238671,6,XYChain
060040300007000001500008009080003700003060900000091004724000000030009000100000080,869147352347925861512638479981453726453762918276891534724386195638519247195274683,6,XYChain
200600300006000004000954070000069005900870030008001096070090000003400000580000060,249617358756238914831954672417369285965872431328541796672195843193486527584723169,6,XYChain
000000080010200700027000054000080000000005400000400315800100040030002006650009020,965734281418256739327918654543681972179325468286497315892163547731542896654879123,6,WWing
320700000000000060050806040089501720215000400000008001070000009000030010504000070,326714895948352167157896342489561723215973486763248951671485239892637514534129678,6,XYChain
040000002200170600100030000025400030080000000700090000000650890000002500004001060,947865312253174689168239745625418937489723156731596428312657894896342571574981263,6,XYChain
003000001400001007001860003006000800200500000000480509800030000090018000000950700,623745981489321657571869243956172834248593176137486529815637492794218365362954718,6,XYChain
020300000000109740800000006000730050080001000003000001010500007960000000300080004,724368519635129748891475236149736852286951473573842961418593627967214385352687194,6,XYChain
520000000000430001000965204450093000030000800800050600009006008000000410703080050,524718369968432571371965284456893127137624895892157643219546738685379412743281956,6,XYChain
020780040400006020800002300009000800000403000050800093000000500000000406008160970,623789145495316728871542369239657814186493257754821693967234581512978436348165972,6,XYChain
000520170100409600009000003000000008200980360073600400000345000400200001000007904,348526179157439682629871543964753218215984367873612495791345826436298751582167934,6,XYChain
900000870000870003000109602000000006360502000007003000000950700020006000405008300,913264875642875913578139642159487236364592187287613459836951724721346598495728361,6,SimpleColouring
870001400000005609009004000005002001040010000080003000000006000002070005034008002,876921453421385679359764218965842731243517896187693524598236147612479385734158962,6,XYChain
700030496200007000004008700002010053090500000010400000000700630000300801640000000,781235496269147385534698712472816953896523174315479268128754639957362841643981527,6,XYChain
005300470060700001000000009000060940014500030000072000409000100003010000000000650,195326478368794521247851369582163947714589236936472815479635182653218794821947653,6,XYChain
003000002400001000800000900020070000000005364000010708080020050000504000070008001,193756482462891537857342916628473195719285364345619728984127653231564879576938241,6,XYChain
400000000000600001290053000003000049060300000740090002000000007000806210020530800,456781923378629451291453678813265749962347185745198362684912537539876214127534896,6,WWing
003060047060010000010000000002000030000450006009100400080030000030040560090507000,823965147765314298914278653142796835378452916659183472581639724237841569496527381,6,WWing
000063480050000000800701200005000049084007000602000001020090600000600920000074150,219563487457982316863741295135826749984137562672459831521398674748615923396274158,6,XYChain
004006000500000090000013502030000108800032000097600000040100086000005000008000201,724956813513248697689713542436579128851432769297681435345127986162895374978364251,6,XYChain
700090000001000070086030000020040603000002980190000004000500030010000005002367800,735496128941285376286731549527849613364152987198673254679518432813924765452367891,6,XYChain
830700000020500900100400020000890000000004200305020007006108000080005030000000400,839762514624513978157489623261897345978354261345621897496138752782945136513276489,6,XYChain
050100904003002000008400506720004300000000000009083000980000000040350000000000140,257168934463592718198437526726914385834675291519283467982741653641359872375826149,6,XYChain
900003005300000100040057900000075820030080000000090537420000000509200000100000040,916823475357946182842157963691375824735482691284691537428719356569234718173568249,6,WWing
340001060070005000206004000001690030009000000400013050000200070003006002800030000,345921867978365421216784395581697234739542618462813759694258173153476982827139546,6,XYChain
000706000087014309000000740600000400830000105100209000000090030001000524000002000,914736258287514369563928741679351482832647195145289673426195837791863524358472916,6,XYChain
005900000000000350000260098700100006000820700200000015100070000094002030008500000,825934671469781352317265498743159286951826743286347915132478569594612837678593124,6,XYChain
200700603000600078000400100001000000008057020000980000006003000090004010083000002,259718643314695278867432159931246785648357921725981436176523894592864317483179562,6,XYChain
002000030060830010030000780004002100670000008000900000205040003080060094000000000,812657439467839512539421786954382167673514928128976345295148673381765294746293851,6,XYChain
000040000000100000500009680201000058008400701000300400060905002980760010057000000,726548193839176245514239687241697358398452761675381429463915872982763514157824936,6,XYChain
700300046200900300003060010000000050070408000008003007030007100000500400840006000,791385246264971385583264719316792854972458631458613927635847192127539468849126573,6,XYChain
095000204008004603006008000020000005010700009800040000050001000000260900003070000,195637284278154693346928571627319845514782369839546712752891436481263957963475128,6,XYChain
000800000000010500000060107030048900100000000007900004400300620200500000905620703,341875269726419538859263147532148976194736852687952314478391625263587491915624783,6,XYChain
480000000075046000001028050000080042100790080200060000006000103819200500300000000,482357961975146238631928457793581642164792385258463719546879123819234576327615894,6,XYChain
400000307200980040300000500010024070000008000000150060003000000500000028080007003,468512397257983146391476582816324975945768231732159864623845719579631428184297653,6,XYChain
000000800000800041090200000000050600020030194930000000049008000600000070010003020,452317869367895241891264537174952683528736194936481752249578316683129475715643928,6,XYChain
400300000800000902650009700000500410000900060709000500900042000000010600300800200,492357186873461952651289743236578419185924367749136528917642835528713694364895271,6,XYChain
276000005000009000000000026000078030003000000102400078000900100008027004065000000,276831945534269817891745326649578231783612459152493678427956183918327564365184792,6,XYChain
010359007307000001020000000000900006080061003000000700009040000102005040005800030,416359287397284561528716394253978416784561923961423758839142675172635849645897132,6,WWing
004000003050900040001020000000007100000000435000356027030010000070000080600080270,264875913857931642391624758583247196726198435149356827938712564472569381615483279,6,XYChain
501000080020700003000090000000089040400270600000005000003050400904827010002900060,571362984629748153348591276237689541415273698896415732783156429964827315152934867,6,XYChain
560020900000300004700000080206701005870046030000090000010907000000000010380000007,563824971128379564749615382296731845875246139431598726612987453957463218384152697,6,XYChain
080600200502080300000000090100000006000500780870009000000201030031040020900000004,489673251512984367367152498153827946294516783876439512748291635631745829925368174,6,XYChain
702500004050030002000001005900400017000000000841000300300006000094100800016000020,762589134159734682483621975935468217627315498841972356378296541294157863516843729,6,XYChain
010400900058009020000030800580600040000001009001900002040005000200010070007002090,712458963358169724964237815589623147423571689671984352846795231295316478137842596,6,XYChain
003000090700069000910003800004600000300045007002010000039000001687001002401090703,843157296725869314916423875194672538368945127572318469239784651687531942451296783,6,XYChain
605000000400000080007200960800006002020530000006090000000040705001920003000000000,695784231412369587387215964853476192129538476746192358938641725561927843274853619,6,XYChain
000200006100005090500070000750006000000309050609700083000003008060042009400000300,984231576137465892526978134753826941842319657619754283275193468368542719491687325,6,XYChain
078002000640000000100403000000050903000900680000001000004020016300090205002600090,578162439643589172129473568417856923235947681986231754794325816361798245852614397,6,XYChain
000624000000050100900700020005000009200000000000041050300008402012000030009006700,531624978427859163968713524175382649294567381683941257356178492712495836849236715,6,XYChain
090810602000000810200000000600005000019040520300680070004000700000050090026000380,793814652465932817281567943647295138819743526352681479934128765178356294526479381,6,XYChain
000003279706000000020800006901000003000092860000030090004079580105060000000004000,518643279746921358329857416951486723473192865682735194264379581135268947897514632,6,XYChain
000000708070900000600210090008006500200050000060000810002400100000090047000001030,921634758374985261685217493138746529249158376567329814792463185813592647456871932,6,XYChain
009032405000100000020050083510090200000070010060300009000600098700000000058000000,179832465385164927624957183513498276892576314467321859231645798746289531958713642,6,XYChain
700000003000007800036000000907000105150009002000080000000008406013900500500002090,791856243425397861836421759947263185158749632362185974279538416613974528584612397,6,XYChain
560008009000000003010706050100600020000470000900000307380001000000850000050900104,567328419298514763413796258174639825835472691926185347389241576641857932752963184,6,WWing
005000630700900040040000001900000002500600100002000009000031000001540000070006200,195482637726913548348765921914358762537629184682174359859231476261547893473896215,6,XYChain
000500906012000000000090270000200000000000090004050100300960008067000000500481600,783512946912674853456893271195238764278146395634759182341967528867325419529481637,6,XYChain
000002009030070050007008610000000093000200000052030001010700400020500000708000060,865142379231679854947358612174865293389217546652934781513796428426581937798423165,6,XYChain
000000000001030028000004903070003510104700002028100000000082070700500000060000100,396258741451937628287614953679823514134795862528146397915382476743561289862479135,6,XYChain
000080020860503400000070501010000095070001000600000003000450000930000000050007904,795184326861523479342976581413268795579341268628795143187459632934612857256837914,6,XYChain
000600507000000009002003604000100360064000070500000000000024080013000040900000000,481692537356471829792853614829147365164539278537268491675924183213785946948316752,6,XYChain
600500000003000000000679080020004009035000000000700050100000000090032400004190002,679583241853241697241679583728354169435916728916728354182467935597832416364195872,6,XYChain
000501036000000009005070000020640008069108700008050000002300000006000940040000310,274591836681432579395876421523647198469128753718953264952314687136785942847269315,6,XYChain
860240007040007000700000003020390000000008050600570800009000020056000700000102008,865243917943617285712985463528396174371428659694571832189754326256839741437162598,6,WWing
006009005070040000300010900080000006000000020090060870000430000003170540054900007,146829735579643281328517964782394156631758429495261873817435692963172548254986317,6,XYChain
500008020608000500200031000490000060020000005000604830005086047000100600000070000,531768924678942513249531786493857261826319475157624839915286347784193652362475198,6,XYChain
004700100900000050600180207500200300007906000800004010000000000100000003059300000,284765139971423658635189247596218374417936582823574916348691725162857493759342861,6,XYChain
900500000000108504002000030007000000300000200100600008008401300040009007000026000,914532786673198524852764139497285613386917245125643978568471392241359867739826451,6,XYChain
000704602010860950000000000009007020001520004000010000068091700790000000000600040,985734612314862957627159483539487126871526394246913578468291735792345861153678249,6,XYChain
325100000700008000001004005037800009960020008000000000009700600000360500010000000,325197846746258913891634725237846159964521378158973462589712634472369581613485297,6,WWing
000000000000700030908240000000006004500300002060000005001003500400500027007010090,275639481146785239938241756382156974514397862769824315621973548493568127857412693,6,XYChain
002400000900000307005000901800540200009000030004100500000007006600000000050030100,132479865986251347475368921867543219519782634324196578293817456641925783758634192,6,XYChain
004000391000000706370100000200730100005020039000506070400081060500400080030000000,654278391128943756379165428286739145715824639943516872492381567561497283837652914,6,WWing
000000005005003087743800006000087030030500109072100500094000000180000000000600900,869274315215963487743851296951487632438526179672139548594712863186395724327648951,6,XYChain
079000300000410050030005620006000000020890007000000500200704900100620000607000000,579286341862413759431975628786542193325891467914367582258734916143629875697158234,6,XYChain
200050700000006032000040190100804000007000000843070000006008070390000010000100020,234951786951786432678342195169834257527619843843275961416528379392467518785193624,6,XYChain
000000000006500027003284010000000409004006080071000050000700100300005000200008690,582671943146593827793284516835127469924356781671849352459762138368915274217438695,6,XYChain
390060500000080603000000410235001080008096005000300000050010007002700000003800050,394162578721584693586937412235471986148296735967358241459613827812745369673829154,6,XYChain
004900800000002003003807020027610000900000480080000000008004052000000006300000900,214963875875142693693857124427618539936725481581439267168394752759281346342576918,6,XYChain
040000030008003900000006000080300092010065800020010000560000004009000510000800000,146592738258473961397186425685347192913265847724918356561739284879624513432851679,6,XYChain
000070800031000060060031070047900008009000400308000900200480600000502000000000000,592674831731859264864231579147926358659318427328745916213487695476592183985163742,6,WWing
000046070006809003001702000104003800050968740000200000007420050300000007000080090,538146972726859413491732568164573829253968741879214635987421356342695187615387294,6,XYChain
100070000000500792030000400000006001049000500000400008700008000010000064000910030,195274683486531792237869415352786941849123576671495328723648159918357264564912837,6,XYChain
000000260300000040500009100806030000901062000000007896005040629002080700000000000,719458263328176945564329187876934512951862374243517896185743629492685731637291458,6,XYChain
048020057035010090700508000500000006603000280020000700000600003804070000000200510,148926357235417698769538421587392146693741285421865739912654873854173962376289514,6,XYChain
005000000003100050000062037300057810000004600701000300060900700598701000030040000,675493128423178956819562437346257819982314675751689342164925783598731264237846591,6,WWing
070000083380000007506000400030040610027000040608009000000004000000570000004230750,472965183389412567516387429935748612127653948648129375751894236263571894894236751,6,XYChain
007000090000000004300410060408003910000020007600900040000100030000056470206340800,547862193861739524392415768428673915139524687675981342754198236983256471216347859,6,XYChain
000000076000030200580002900000000004900503000060010039000000840200600300810200000,321859476497136258586742913135927684948563127762418539659371842274685391813294765,6,XYChain
009000600600280093005090004000700000000000420418000000000570000080000300040012705,129437658674285193835196274352741986796358421418629537261573849587964312943812765,6,XYChain
640000900082090000500040010970100000010026800000000750006030005000008003000400600,647512938182693547593847216978154362315726894264389751726931485459268173831475629,6,WWing
000000058009200030001060907300080000905000400410300005800076000160050800000000006,632749158789215634541863927326584791975621483418397265854976312163452879297138546,6,XYChain
020000000680030100403006000004500870000000090090100600000750300040000005100040006,921875463685934127473216958234569871716483592598127634862751349347698215159342786,6,XYChain
007000060000040700002093005060800200004000000003500004700682000090000030000000087,417258963359146728682793145561834279874921356923567814735682491198475632246319587,6,XYChain
300070000050008020060000950700600000000003690000420010003000102006705030000001000,329576841451398726867142953735619284142853697698427315583964172216785439974231568,6,XYChain
100500200306040180000000600000700890490000000001060000600250000700091000000000057,148536279376942185529178643263715894497823561851469732634257918785391426912684357,6,XYChain
004500000000000090910000250000060000000809040040070510620080000000007008007100320,274598631356721894918643257731465982562819743849372516623984175195237468487156329,6,XYChain
080300900000010300050090012000000075090005600000080000201400000030001027008007004,184372956927516348356894712813269475792145683645783291271438569439651827568927134,6,XYChain
060000000300000009008250100416000000035100006020900040050709000000002800000006900,562391478341678529798254163416823795935147286827965341154789632679532814283416957,6,XYChain
645008003800000400000007000000300008090000060000592000070000000000003002001820096,645918273827635419913247685154376928392481567768592341276159834489763152531824796,6,XYChain
700580000009200000000306400030019700000600900008020100014000005005070810080000600,743581296869247531152396487236419758571638942498725163914862375625973814387154629,6,XYChain
060920030904007000003001000000003028000249000000000001049070012700000000250000064,168924537924537186573861249697153428815249673432786951349675812786412395251398764,6,XYChain
000070000910006800602000000000010005050040700000008346060003100301004000700069000,583471962914236857672895431439617285856342719127958346265783194391524678748169523,6,XYChain
000040500090000000054010900000001000700860040008700050670403002020050000300007000,237948516196572834854316927543291678712865349968734251675483192421659783389127465,6,XYChain
000000900003102000500380006047000052000050604800600009075400000000007060010000000,168745923793162485524389716647931852931258674852674139375416298489527361216893547,6,XYChain
000700400000039000003080907000000270508000000000501080090060004081403000600020000,926715438847639512153284967319846275568372149472591683795168324281453796634927851,6,XYChain
000640000009352010000001300700200001190000700208000964040003090000080050907020008,531648279479352816682971345763294581194865723258137964845713692326489157917526438,6,WWing
800000602507000380009060004000800000051006000690074010200700800080040009070000020,843517692567429381129368754432851967751936248698274513214795836385642179976183425,6,XYChain
200036010060200000000905000038000050700009060000060200050780020309000100000002040,297436815563218794184975632638127459712549368945863271456781923329654187871392546,6,XYChain
000006705050800000004000021390000104001003900406108003960034018203780600000060400,182346795759812346634975821395627184871453962426198573967534218243781659518269437,6,XYChain
040020000000805092020000037000000070060074000910603000000700600091000050300410000,149327568736845192528961437854192376263574981917683245482759613691238754375416829,6,XYChain
000089000908050000000370008200100900000000002706038050060000100105900070003000000,637489215918652347542371698254167983381594762796238451869725134125943876473816529,6,XYChain
000000001000020964560040000058000103004000080300084002005800000020109078089003010,942637851837521964561948327758296143294315786316784592175862439423159678689473215,6,XYChain
050408906061030000000000000003700000000040000700960300000009605080300020500800004,352418976961537248874692513293785461615243897748961352437129685186354729529876134,6,WWing
000000700049010008500200014030021000067003080100980060000400000300000090490008002,213864759649715328578239614835621947967543281124987563751492836382176495496358172,6,XYChain
000001000036200400400500000002403800800000005000080703001000370050000020904070000,275641938136298457498537162712453896843769215569182743681925374357814629924376581,6,XYChain
053000000000080200600000054017004300300000006000010009000060402508900007000840190,853472961491586273672139854917654328384297516265318749139765482548921637726843195,6,XYChain
264000000000000003500900460400050390009080100000200008030090012800560000000030006,264315879917648253583927461428156397679483125351279648736894512892561734145732986,6,XYChain
000000008500000013000080652200000004600018200070003000010002000009605000050390060,127536948568924713493187652281769534635418279974253186716842395349675821852391467,6,XYChain
009000140020000097600003000030500200000600008002300000000000500091005002800040076,589276143324851697617493825738514269145629738962387451276938514491765382853142976,6,XYChain
007006400000004506000000000702900080009013047000000000800000604360090000000000012,517386429298174536436529871742965183659813247183247965825731694361492758974658312,6,XYChain
560370008000000060000806001108090050007100093002003000000907000074005009000000015,561379428483521967729846531138794256647152893952683174815967342374215689296438715,6,XYChain
906000000002000003000003502590000460000034000008650000800020030400070000010000040,936285174152947683784163592593712468671834925248659317865421739429376851317598246,6,XYChain
078002030005600080000300007600401002000000000090000405004000000000030704300105060,478912536235674189916358247653491872841527693792863415564789321189236754327145968,6,XYChain
800030021004270300000000000000080600003091700002400000700509000300020050005040960,857936421914275386236814579491782635583691742672453198748569213369127854125348967,6,WWing
100009000034007900020080000000010670800000200400000008000500703009000060080360020,178659342534127986926483157293815674857946231461732598642598713319274865785361429,6,WWing
901004000200090010060020009000002004023800070000010060300005000805400001610000750,931654827247398516568721439756932184123846975489517362392175648875463291614289753,6,XYChain
000000005250100700000900010000030008800296000673000000000000900046700020708000300,169374285254168739387925614492537168815296473673841592531682947946753821728419356,6,XYChain
006000008400708010000020000047001000960007100003400096005006020600000009800050003,756913248432768915189524367547691832968237154213485796395876421671342589824159673,6,XYChain
140000030000076900600400200000300000200507604005000100000000060452090000700020000,148259736523876941697431285964312578231587694875964123319745862452698317786123459,6,XYChain
670020009000070000040030050090200510000000090800000406000348000900000070480069200,671825349359674182248931657794286513562413798813597426127348965936152874485769231,6,XYChain
070006000600104002100000007090001004000200530000040620008005000000490810415800090,572936148689174352134528967293651784746289531851743629928315476367492815415867293,6,XYChain
300000001900000800000230500060000480047065090000000000000004008005006070892010640,356748921924651837781239564269173485147865392538492716673924158415386279892517643,6,WWing
096000730030000002800700000005020000907000023000007094068000000500601000300900080,196842735734195862852736419645329178917468523283517694468273951529681347371954286,6,XYChain
000000630030100008002580000000809007900035020001004000010000000003000074040928000,178492635539176248462583791326819457984735126751264389815347962293651874647928513,6,XYChain
900370000000000500075900200000040100003700080007000000038060004040000300050010600,921375846384126579675984213592648137463751982817239465138562794246897351759413628,6,XYChain
005002080090006000000000124900003000010000009300210500006950800000307050040000000,475132986291486735683795124954673218712548369368219547136954872829367451547821693,6,XYChain
010320000070010900003406001000000400000080000500792000000800010002000560900040070,815329647674518923293476851769153482321684795548792136437865219182937564956241378,6,XYChain
302008060000300002174062300000005607820000900640000038009000000060001000010820076,392758164586314792174962385931285647827643951645197238259476813768531429413829576,6,XYChain
105080000006907200040520000001000000900062005000000809007000004038000790000005003,125683947386947251749521368851379426974862135263154879697238514538416792412795683,6,XYChain
010070029000800300705002000509601000100700080003000400020010000050960800900004000,318476529642859317795132648589641273164723985273598461826315794451967832937284156,6,XYChain
050006400000009000007300108000095000800100300000000091790003000400060032000504000,253816479618749253947352168134695827869127345572438691796283514485961732321574986,6,XYChain
000300028102000007000080060010000900003096050540800000000600001000000094408002000,964371528182569347357284169216457983873196452549823716795648231621735894438912675,6,XYChain
500800043000000205400200800000900000010375008005040000000087020032000000080003904,527891643168734295493256817346918752219375468875642139954187326732469581681523974,6,WWing
030000008052060000000000070000090300800607004100000006780103065000000001000900200,937241658452768139618359472246895317893617524175432896784123965329586741561974283,6,XYChain
400200059012060300009005000900000820300008500005100040000800000000709084000400700,436287159512964378789315462971543826324698517865172943647831295153729684298456731,6,XYChain
000100006020500040000724000000000124300000000000000070003007800002805090840039010,457198236928563741631724985579386124314972568286451379193647852762815493845239617,6,XYChain
080000520050010073900000080000004000130957006006000000004080007010030000000075000,681793524452816973973542681295164738138957246746328159524681397817239465369475812,6,XYChain
050040020008009060200601700000490000004000000560000070000006053002710000000000080,756348921148279365239651748821497536974563812563182479497826153382715694615934287,6,XYChain
001000503000051670004600010205000000030080004000020006900000082006000000407200100,861972543392451678754638219275346891639185724148729356913567482526814937487293165,6,XYChain
400000701005000000090260008006000000800070200007502094050140007004800000900006000,463958721285317946791264538526491873849673215137582694652149387374825169918736452,6,XYChain
000071000005000000010090400000950700090006200030080006283000004006015007000040008,429671853375428169618593472862954731794136285531287946283769514946815327157342698,6,XYChain
003007100005091360000000408086000009009003600100005000070000906000010740000006002,493687125825491367761352498286174539549823671137965284372548916658219743914736852,6,XYChain
006005040080070900007200008000100600400700080900004010000030500005000020000900401,296385147384671952517249368753128694461793285928564713149832576635417829872956431,6,XYChain
000000080020030500080204900092800006000060073000000090005000000018007005070400060,431795682729638514586214937192873456854169273367542198945386721618927345273451869,6,XYChain
040086001001000072700500000204030010009800030000400028005000400100000000000009060,942786351851394672763521849284937516519862734376415928625178493197643285438259167,6,SimpleColouring
687150000900700260000000000030508100009000783000000005000800070700600490000010000,687152934915734268423986517236578149549261783871349625164895372758623491392417856,6,WWing
045030010700010000801000702050800264000400008070006000010009045020050000000100000,645732819732918456891645732159873264263491578478526391317289645926354187584167923,6,XYChain
400000100520001730706050000000300002301900060009010000007020804640000000000000003,493786125528491736716253489854367912371942568269518347137625894645839271982174653,6,XYChain
463000000075000003000480000000092015500600200900010600008047000000100000732000004,463975821875261943219483756386792415541638279927514638198347562654129387732856194,6,XYChain
010000000000095861200000030100070003020000900000000080300000000507014009001008705,816743592734295861259186437168479253425831976973562184342957618587614329691328745,6,XYChain
007400008080620000049070010000000007000730200200500600000003040001065000000000300,327451968185629473649378512564912837918736254273584691752893146431265789896147325,6,XYChain
000000900040000003005009840270000004000021000008906071300000006050302000804670000,183467925947258163625139847271583694469721538538946271312894756756312489894675312,6,XYChain
800001500001920030000080000000006000009300106000014003172000400400002007006400800,863741592741925638925683714314896275289357146657214983172538469498162357536479821,6,XYChain
200900074300000590000060200000104020090000040000300015001008000602040007930201000,258913674346827591719465283567184329193752846824396715471638952682549137935271468,6,XYChain
509080000060040000080200006307000058490000100002700000040019002000030061000000500,539186274261347985784295316317924658496853127852761493648519732975432861123678549,6,XYChain
030002065200000080800050000000007400057080000000500023006003007024000609000400000,731842965245679381869351274692137458357284196418596723186923547524718639973465812,6,XYChain
006000903010000070000480000000004015109000000700300000008000702063720500000040000,846517923315692874927483156682974315139258467754361298598136742463729581271845639,6,XYChain
019060020420090070006000100008501003741000000050008000000009057000710000000005090,319867425425193876876254139268571943741932568953648712184329657592716384637485291,6,WWing
000003900870000000090000518000000000302080640700406000900030250200059700600000100,521843976876591432493762518164325897352987641789416325917638254248159763635274189,6,XYChain
060200000000607043035009000006000001007030090090000800000000020503400008080392007,764283159918657243235149786356928471847531692192764835679815324523476918481392567,6,XYChain
000590060507036020006000007040201030020900080000005700064010900050000006000004000,482597361517436829396182547849271635725963184631845792264718953158329476973654218,6,XYChain
000052008002708040014030000047300000908000005200000930000009004000800500700100800,376452198592718346814936752647395281938271465251684937183529674429867513765143829,6,XYChain
000403007300000090002600080108030000039070100700900000090801002040000000000000350,986453217375182496412697583158234679639578124724916835593861742847325961261749358,6,XYChain
030600000012080500000100000090000200400900070801050600300007090007000850000200000,938675124612489537574132986793864215465921378821753649386517492247396851159248763,6,XYChain
906001040705000090040306080020050003000000070009100560000009001401000000090000800,986571342735482196142396785628957413514863279379124568853749621461238957297615834,6,XYChain
000020000000700010709030800005076000097080030200005000902060180080400090000002306,153628479824759613769134852415376928697281534238945761942563187386417295571892346,6,WWing
003002500250106030001900060005801000010020000780300090120008600000007400430000008,643782519259146837871953264965871342314529786782364195127498653598637421436215978,6,XYChain
005300601004012050100090087640000500001060000079520000408000070300700009097000060,985347621764812953132695487643178592251469738879523146418936275326754819597281364,6,WWing
700600200006010000000039061000500008200000003000020547500800700008000000920304800,713645289496218375852739461147593628265487913389126547534861792678952134921374856,6,XYChain
032864000000030000400090600100003000290040058008900000005400016016359040300100009,532864791869731425471592683157283964293647158648915237925478316716359842384126579,6,XYChain
400007039000000000000009600500078004800010563090600000201006090050000070603090105,465127839789563421312489657536278914827914563194635782241756398958341276673892145,6,XYChain
830001000000030200040070506900002680001000020000050000000087090000004300006300000,835261749679435218142978536957142683381796425264853971523687194798514362416329857,6,XYChain
040020700007006480300009000006000000000000308031075020704050002010004000000000910,145328796927516483368749251286493175579162348431875629794651832812934567653287914,6,XYChain
300000000010900000000005092760000005008500026900080071006003050800400009400002860,379261548512948637684375192763129485148537926925684371296813754837456219451792863,6,WWing
000473201500200040000080000000090700906804000052000090300100000004000072000000380,869473251537261849241985637483592716976814523152736498328147965694358172715629384,6,XYChain
050600010600000300000830605000020000000007480402090030000760000000000009301004500,853679214619245378274831695137428956965317482482596731598762143746153829321984567,6,XYChain
070800600230006000009072000453007090080040020100000087300000010007400003020900000,571894632234516978869372541453287196786149325192653487345768219917425863628931754,6,XYChain
004009305000006048003000000070000000400065000360240500006300000500020800080500700,614879325257136948893452617175983462429765183368241579746398251531627894982514736,6,XYChain
000000005001307000040018000000000000050020093007401020003040007000060000190005000,736294815821357649549618372312589764458726193967431528683142957275963481194875236,6,XYChain
080000201000300000000700049002001000000060500700053020030008094006000800000040030,384596271279314685615782349952871463843269517761453928537628194496137852128945736,6,XYChain
005030000000010308009208500000000806104000000000025090803600040040000000507040200,285436917476519328319278564752194836194863752638725491823657149941382675567941283,6,XYChain
600100000000020059040000000020050304800200010090000006000800700004000000036470020,679185432318724659542963178127658394863249517495317286251896743784532961936471825,6,XYChain
008710400000005000000000736270000000600970008009500000006002000410060085080000100,968713452723645891154298736275836914631974528849521673596182347417369285382457169,6,XYChain
080000300076001500100004900005306000003102060700000100000600059000009600000000704,984567321376921548152834976215386497493172865768495132847613259521749683639258714,6,WWing
000003000006025800209000500700052060003008407000000000000000396605000008000019000,857193624416725839239846571781452963523968417964371285172584396695237148348619752,6,XYChain
100000030900680000005000400040560007010000000807320601700030809008900002400000700,126745938974683215385219476249561387613897524857324691761432859538976142492158763,6,XYChain
006095010000000740080700000008070003300040690000006802000000000020100000014260009,476395218193628745582714936268971453357842691941536872635489127829157364714263589,6,XYChain
000010704008045000000700000760023001000000002590000000900004100001270406200060000,639812754178345269425796318764923581813657942592481673986534127351278496247169835,6,XYChain
005070800000900003000601000000030008040002537020000040001400000200005700060000980,415273896672958413938641275159734628846192537327586149781469352293815764564327981,6,XYChain
100060800009000002608920000000200300460015000500090006001070005000001690000000008,124563879739184562658927143987246351462315987513798426841679235275831694396452718,6,SimpleColouring
706950080200004900098000000000090008680010050500000007000030004000208506802000079,716953482253874961498621735371592648689417253524386197165739824937248516842165379,6,XYChain
000000000080602103002000000900700600004009000027000340640900700000070020000830500,796314285485692173132587496918743652364259817527168349641925738853476921279831564,6,XYChain
007105000105200000000040009000300000004000805900701400000000000600009140301000060,497165283185293674263847519526384791714926835938751426849612357672539148351478962,6,XYChain
300000700048305000000040360702100000100000900065000020007000000900001005800020000,329816754648375192571249368792184536183652947465937821257498613934761285816523479,6,XYChain
060003700005007000902000060050000006700010090000070040200708130400605900080030000,861493752345267819972851463159384276724516398638972541296748135413625987587139624,6,XYChain
071009000000084050002631000016002000295040008040500020034008610000000700600000840,471259386963784251582631497316892574295347168847516923734928615128465739659173842,6,XYChain
080000003400001005201004000100070000070000984008000000713800000000045307050020100,586297413497381625231654879145978236372516984968432751713869542829145367654723198,6,XYChain
040001500300054060090006024000000009010000032608000705070600903064700000100000800,746321598382954167591876324257163489419587632638249715875612943964738251123495876,6,XYChain
000200093600004200305001700000000400064002050000017609010000000080109060007000904,841276593679534281325981746193865472764392158258417639916743825482159367537628914,6,XYChain
500087010000000500070000002010000040800123000002800600000010076300000005060079003,529687314638241597174935862913756248846123759752894631485312976397468125261579483,6,XYChain
050100000007042900003060100030000040000030200000506019042701000000050000179000000,956178432817342956423965178235819647691437285784526319542791863368254791179683524,6,XYChain
700040008640050701528100900300000807010007040209000500100790003000806000000000000,791642358643958721528173964354269817816537249279481536162795483437826195985314672,6,XYChain
000006000000020408200703500000005000070300009030060005090070000068001000047900030,754816923613529478289743516826195347475382169931467285392674851568231794147958632,6,XYChain
000060040000070300000800009000009560904200100800003090068000205005001008109000000,591362847682974351437815629213789564974256183856143792368497215745621938129538476,6,XYChain
007804009000020040002100008300578002060000500004600000005000000040030000106000200,617854329983726145452193678391578462768342591524619837275461983849235716136987254,6,XYChain
000081930028050010010000700000300600000070000009000020400590103090028000005006070,546781932728953416913264758854312697231679845679845321462597183397128564185436279,6,XYChain
000402000009000036700800010490000700002000000030094000100070200900000000004203501,381462975249715836765839412496128753812357649537694128153976284928541367674283591,6,XYChain
640057000000000003070100060005400607400071080000028900000000030507002400082000100,649357821158269743273184569825493617496571382731628954964715238517832496382946175,6,XYChain
040003605080400071036800000678000010400300026000007000800040050920050400000000009,247913685589426371136875294678294513495381726312567948863749152921658437754132869,6,XYChain
460008510800700000300000200000000000000026301006080020078054090049300008030010000,467238519852791436391465287923147865584926371716583924278654193149372658635819742,6,XYChain
902504008000100970073900000400050000007209000008006195004000000520000861000800040,962574318845163972173982654491358726657219483238746195784621539529437861316895247,6,XYChain
600009050005000000710030000500080342800000000003750860000070000370200400000390021,634819257985427613712536984567981342829643175143752869298174536371265498456398721,6,XYChain
600000009050000002340092600700065040010000000005000070080006000400003090007010050,672341589159687432348592617793165248214738965865429173581976324426853791937214856,6,XYChain
004010700000006000000820001000000003080009205000000490290060030400790510501040000,654913782812576349379824651945287163186439275723651498297165834438792516561348927,6,XYChain
081000065300061007000700000930000406500000000016080000060410009002076100000005004,781349265345261987629758341938127456574693812216584793863412579452976138197835624,6,XYChain
290700050000020006045000700503040290004059030900207040030002008400900000100004060,296783154371425986845196723563841297724659831918237645639512478457968312182374569,6,SimpleColouring
003028040000300070080000600200090006000105009500000010008050000060007001000000420,673928145915346872482571693231794586847165239596832714128459367364287951759613428,6,XYChain
800060200004102000007000360200056400060000005010048000300701000002080030750000000,891563274634172958527894361278956413463217895915348627389721546142685739756439182,6,XYChain
601070000080060070200000580000005000009740000810900400020000809095000000100000204,651278943983564172274319586342185697569742318817936425726451839495823761138697254,6,XYChain
380000701000400900900280000000020800490670050006000009100000000700060040045100200,384596721672413985951287634537924816498671352216358479163742598729865143845139267,6,XYChain
009075000800090605000020000200006950014000006600003084030050700050000000002400000,349675812827194635561328497283746951914582376675913284436851729758269143192437568,6,WWing
005000400748000930000000028003060002500900083000037001800000070002000000009085000,215893467748612935936754128193568742527941683684237591851426379362179854479385216,6,XYChain
500806009012000068000000100400060000060900403300500070100432080000008001008000640,543816729712349568689275134427163895865927413391584276156432987274698351938751642,6,WWing
300800107069200000840000006400050970050032000000000005000600300008005000003074000,325869147169247538847513296482156973956732481731498625274681359698325714513974862,6,XYChain
003045000010300060009270010000002680000000070301900005000000000780004000504000002,863145729217389564459276318945732681628451973371968245196823457782594136534617892,6,XYChain
600020050209007000000004000000100680320900400006000009000000804000709106901040020,674823951259617348138594762495172683327968415816435279763251894542789136981346527,6,WWing
026040050000000002000305670080500039109034200003000000000401006600053900807006000,726149358351678492498325671284567139179834265563912847935481726612753984847296513,6,XYChain
010005040080007000072060080800900010040000009000003076063001000000300090904050000,619285743485137962372469581836972415547618329291543876763891254158324697924756138,6,XYChain
000040602700000000000012098605030000000007400020080300089003000040008007000000061,813749652792865143564312798675431289938527416421986375189673524246158937357294861,6,WWing
186000000000200000000090070200008000500600000000079024005010900000000307640300008,186743295957286413423591876271458639594632781368179524735814962812965347649327158,6,XYChain
040100000008002000003005001200000046000000005460300720590000080000280500000700914,946173258158942367723865491231597846879624135465318729597431682614289573382756914,6,XYChain
007030002010002050000080006600000000900500814005009000004600000590200600300900080,857136942416792358239485176678314529923567814145829763784653291591248637362971485,6,XYChain
540030807600000400000020000016900020000000000900600050700409000290000000400007003,542136897673598412189724536816975324354812679927643158735489261298361745461257983,6,XYChain
800000072001090005094800000100200504500106000009050080900001400600040300008700000,856314972731692845294875136187239564542186793369457281973561428625948317418723659,6,XYChain
006000084000924070070030009602000000348005020000009000030001000001000607500000000,926157384853924176174836259692318745348675921715249863237461598481592637569783412,6,XYChain
093007801000000060000020000000076000060850000018000007050000004000093700201000030,693547821725318469184629375432976518967851243518234697359762184846193752271485936,6,SimpleColouring
000300592200000004090800010100000000000618000570904000020006000004000109780090405,816347592235169874497825316168572943349618257572934681921456738654783129783291465,6,XYChain
950300010324000000810500940030000000005920000400000056000006020002000700090010034,957348612324169875816572943231685497765924381489731256573496128142853769698217534,6,XYChain
401000006005108000080000000050080034002009700040000002670001080000843000500000010,491537826265198347783624591956782134312469758847315962674951283129843675538276419,6,XYChain
070020080002001000014000207100000306000093005900002108200070000030009500080006000,379524681852761943614938257125487396768193425943652178296375814437819562581246739,6,XYChain
000200010007051002200700000600000800005610000008500700002000030360900000049003105,453286917897451362216739584624397851975618243138542796582174639361925478749863125,6,SimpleColouring
500060090030500004000040000800006100070200000490300250100400000720001800000000000,547162398238579614619843572852796143371254986496318257163485729724931865985627431,6,WWing
009070002003060000040003005000456000080900060000000020000200970095000080132000000,859174632273569148641823795327456819584912367916387524468235971795641283132798456,6,XYChain
000000900000750004800400006020087000040105000000000060063040807008000091900600050,514836972296751384837492516625387149749165238381924765163549827458273691972618453,6,XYChain
003020001000900500060300090372000000000007000600514003000095000080100700100000006,953728461817946532264351897372689154541237689698514273726495318489163725135872946,6,XYChain
080050700100600000003000008005093060400080025300004010000010400060000000900032000,682359741149678532573421698715293864496187325328564917237816459861945273954732186,6,XYChain
000870000008060752900000030501700000200900000009014500053097208400000000000300017,625873149348169752917542836581736924234958671769214583153497268472681395896325417,6,XYChain
098002000500000000300000879006050090800000005403000700001009080000400026000600400,198742653567983142324561879216857394879134265453296718641329587735418926982675431,6,XYChain
150000400640000002000700050300640090000980003000030008010060239004000000020000100,159326487647859312283714956378642591461985723592137648715468239934271865826593174,6,XYChain
070050203000000070503000000000004780040710000000060001000940806300006005082000900,876459213419623578523187694165394782248715369937268451751942836394876125682531947,6,XYChain
060000050800500390200360100000002000000004010100080000002900003008000960095000080,963841752841527396257369148786192534529634817134785629612958473478213965395476281,6,XYChain
000605000900030450002000003004080700000200900000070060401000080039008000807069130,743695812986132457152847693694381725378256941215974368461723589539418276827569134,6,WWing
036070000700300000400000200000710605100009000020080004080000020000001000040530100,936278451712345896458196273894712635163459782527683914381964527675821349249537168,6,XYChain
040200000702000060390080007070010006000056001000804000051300000000001030804020000,548267913712493568396185247475912386283756491169834752951378624627541839834629175,6,XYChain
040000050126000070000009000700080300280050060060003020408700200000420001090000000,349217856126845973875369412751682349283954167964173528418796235537428691692531784,6,WWing
500006003070093005008000200056004000090800030000000410000400090040001300209000000,514286973672193845938547261856314729491872536327659418183425697745961382269738154,6,XYChain
302700050040030701009002000804000010000005400027004600000000060081000502065270080,312746859648539721759182346834697215196825437527314698273958164981463572465271983,6,XYChain
070025008000076009100380020700060041003008902000500000800000100042007600000800000,479125368328476519156389427795263841613748952284591736837652194542917683961834275,6,WWing
800017000009000000740500083000600510450030070070001020090040056000060040000800000,836217495519384762742596183923678514451932678678451329297143856385769241164825937,6,XYChain
400096108060000500080000706000008009200140000008009015001005000023800000000420000,435796128167382594982514736314658279259147683678239415841975362523861947796423851,6,SimpleColouring
200390040070500800010600003750000028620008000000010700040000509000030010009000000,286397145973541862415682973751963428624758391398214756842176539567839214139425687,6,XYChain
000730900000000001019002570100040000060308090580090000300800067000520004000000000,652731948738954621419682573193245786264378195587196432345819267976523814821467359,6,XYChain
080004000000000002000810900000057601000300000570000390803090106400000000607500208,789264513316975482245813967938457621164329875572186394853792146421638759697541238,6,XYChain
078900050090004000200000000054000600300010480000306000000000806000700040045020031,478963152591274368236185974154897623367512489982346517723451896619738245845629731,6,XYChain
900000060040030000500294000060500001800001097000009800070800500204050000005000042,928715364741638925536294178469587231852361497317429856673842519294156783185973642,6,XYChain
001009008530000029000030000000800401300400200600000000208007000006500000000001570,421769358537148629869235714792853461385416297614972835258397146176524983943681572,6,XYChain
800010000150800000074050000008400002000100094000600080000308706000007500060000840,829713465156894273374256918618479352237185694945632187591348726482967531763521849,6,XYChain
600070080074000000000001090362800001000000000000260008046020007009000030020090405,615974283974382156238651794362849571487135629591267348846523917759416832123798465,6,XYChain
000500041000900008100064000000000070000000300203087000950400600020001050700850030,637528941542913768189764523895346172471295386263187495958432617324671859716859234,6,XYChain
050600000000000230623000009005043100000190004000007320410076000070000000200000400,951632847847519236623784519765243198382195764194867325418376952579421683236958471,6,XYChain
000000080000049006607000000500007302001000500080601000000000740316000050900500000,492365187158749236637812495569487312741923568283651974825196743316274859974538621,6,XYChain
080004000001329050005870003000000000000650090050907180019006400060490500002005600,283564917741329856695871243974218365128653794356947182519736428867492531432185679,6,WWing
000305900000002050900000003003710000010900020090500740070009400000060205002000000,164385972738692154925174863243716589517948326896523741671259438389467215452831697,6,XYChain
020307100000600004600080750000000291000090000050140080107000900098400000530000000,824357169375619824619284753483765291761892345952143687147526938298431576536978412,6,XYChain
560000100000000057000020000075800000980007060002050803750600030304000000006008504,569783142821469357437125698675834921983217465142956873758641239314592786296378514,6,XYChain
063000000700001035080040200070800000050000000000030040000760801000300006001090700,563279184742681935189543267974856312358124679216937548435762891897315426621498753,6,WWing
001200000030090040000046008070005003000060010080120000004500009720030000000002070,841257936236891745957346128172485693495763812683129457314578269729634581568912374,6,XYChain
600003020000000870000080009740030000109000080086070100000207040004800500070006000,658793421493521876217684359742138695139465782586972134861257943324819567975346218,6,XYChain
008001000005000610006400290004000800000032000500000007000050009190700002000600070,928361745475928613316475298264597831789132456531846927647253189193784562852619374,6,XYChain
500080903000000002008600400605000000020000000400001365000400030002005001000890000,546287913793154682218639457675943128321568794489721365857416239962375841134892576,6,XYChain
090080060047000203603000000070360000000000500459000000860507034000006000000810000,192783465547691283683254791278365149316942578459178326861527934925436817734819652,6,XYChain
800000704000850030320000000000000060701009000983400500200080600000104820410000090,856392714194857236327641958542738169761529483983416572275983641639174825418265397,6,XYChain
000650000020000016508000004306000090000000132007080600000004908890000000004002000,431657289729348516568219374346521897985476132217983645672134958893765421154892763,6,XYChain
090000030002000090300000108020807000400002506809000020060005201035400000000018000,791584632582163497346279158623857914417392586859641723968735241135426879274918365,6,XYChain
000904010000320098006100500900000020307000000020700100280009000050000000700400060,832954617175326498496187532961845723347612859528793146284569371653271984719438265,6,XYChain
000000043300081006016504200000000004850019000003000800030700080500020000090400000,285967143349281756716534298621875934854319627973642815432796581568123479197458362,6,XYChain
000400100020300004000070000901600502006085401040007300704006000000004905560809000,357468129628391754419572638971643582236985471845127396794256813182734965563819247,6,XYChain
400706500005000670000009802090004160000902000370100900003095001640200000000010000,489726513235841679167539842592374168814962357376158924723695481641283795958417236,6,XYChain
160400305705900000090000010901300684003000500000009000000004070000106002057030000,162487395735961248894253716971325684643718529528649137216594873389176452457832961,6,XYChain
620008000000005900040300000000700080009200463030400010000070005004090000010802000,625948137173625948948317256461739582759281463832456719396174825284593671517862394,6,XYChain
960100703000000190001000058030640000070813000800700000600079200500400800700200060,968154723457328196321967458135642987279813645846795312684579231512436879793281564,6,XYChain
003075008002400000540000003000040201680200307005000006010003000700000000409000060,963175428872439615541862793397546281684291357125387946216953874758624139439718562,6,XYChain
340006080100830000000400000000040750080001009009700200070000004001005600008000020,347516982152839476896427513263948751784251369519763248675192834421385697938674125,6,XYChain
000000800010020000450003000008060200090000005570004010000309002000006180200040709,326591847819427536457683921138765294694812375572934618781359462945276183263148759,6,XYChain
004500002009021060000600050100000007005080401900000000080010000500040720020003008,364598172859721364217634859132459687675382491948167235783215946591846723426973518,6,XYChain
807000000000004010019000000070800000108009004002000806900045702006080035250000001,827513649635974218419268357574826193168739524392451876981345762746182935253697481,6,XYChain
080070902007008000000360000050001004000400800000800056019600030300000040000520000,483175962697248513521369487856791324132456879974832156219684735365917248748523691,6,XYChain
000060010900000000000500803700008020000000900020041300000123400250004000830600100,378469215915382764462517893746938521183256947529741386697123458251874639834695172,6,XYChain
040000002001250090000000600029040006060000500000007089000060810230190007080000000,948316752671254398352789641729845136863921574514637289497562813235198467186473925,6,XYChain
000054690000000002000900000004000800290070040801060000050080003000600107130000900,712354698946718532583926714364592871295871346871463259657189423429635187138247965,6,XYChain
009000200400006005300080400000100000001002500090800700007000620010063000008500000,189457263472396185356281497725139846841672539693845712537918624214763958968524371,6,XYChain
004076200230080000010000850000714900000000080000003670400028000009000000050300001,984576213235981467716432859862714935397265184541893672473128596129657348658349721,6,XYChain
002005700500000002070000900403690000000040010800051000300000807000000290908400006,132965784589174362674283951413692578295748613867351429326519847741836295958427136,6,XYChain
901006050000050008005003026030100040010072903000000000020030000050001009600009080,941286357362457198785913426836195742514872963297364815129638574458721639673549281,6,XYChain
000010080005400000200800090003500006000000000090200430009004160057060300430000800,964712583385496721271835694743589216512643978698271435829354167157968342436127859,6,XYChain
009800000000000000800307460098000002000001700060002010000000200703000659000103000,649815327375624198821397465198736542234951786567482913486579231713248659952163874,6,XYChain
020007010300000206150040090096000800000072004002000100000103072000700400000080000,624937518379518246158246793496351827531872964782469135845193672963725481217684359,6,XYChain
009200000000060030010000700071090020842000091000040000500007063000086004690010000,739254618458761239216839745371598426842673591965142387584927163127386954693415872,6,WWing
100000000002410000900008007650200100000001000207009350498000070003060001060070009,135792846872416935946358217654237198389541762217689354498125673723964581561873429,6,XYChain
040000026000204900001900700005000000018067050063000100300700000874002000000000304,549173826687254931231986745725319468918467253463825197396741582874532619152698374,6,XYChain
204600005006000000050040080600008100000100040000000009100490260070000500800200410,214689375386751924957342681643978152598123746721564839135497268472816593869235417,6,WWing
090005280520000000100008005300270800001500000080100000000040076604000301030000500,493615287528437169167928435359276814741583692286194753815342976674859321932761548,6,XYChain
098060005020050010000009062000020503005004100600000070900300007010002900002000080,498261735326758419157439862879126543235874196641593278984315627713682954562947381,6,XYChain
000500020400030000010000740045701000080000000300905800000002907003009150200000000,739514628426837591518296743645781239981623475372945816154362987863479152297158364,6,XYChain
900405100700000004010290000067900500001080020020000003600028000090700050005000700,982475136753861294416293875367942581541386927829157463674528319198734652235619748,6,XYChain
170009200009000008004000007000004000800060030030000645320708000000930800000052000,173489256269573418584126397615394782847265931932817645321748569756931824498652173,6,WWing
000079160090500840050030000064000008002001000300000000500007000010860700000000050,843279165297516843651438927164723598982651374375984216526397481419865732738142659,6,XYChain
570004000000190040002050008400600000020000300800000957000060200005900000000500073,571284639638197542942356718457639821129875364863412957384761295715923486296548173,6,XYChain
400200005070003000100060470047080030300000560002001700200009000819000003000100800,468297315975413628123568479547682931381974562692351784256839147819746253734125896,6,XYChain
006035400009000050500040008301008000060200000705190002000000000003800100100300970,816735429439682751572941638321468597968257314745193862697514283253879146184326975,6,XYChain
001890007050070000200040105004250000600000000000908400000080036160000900307000040,431895627956172384278346195814253769693417852725968413549781236162534978387629541,6,WWing
050000000093200006400060300070040000000000702500980004080000630100009000005000080,651493278793218546428765319976142853814356792532987164289574631167839425345621987,6,XYChain
000780000000305900107009030000130005801004000500097002006000400009043080410008260,395781624648325971127469538972136845831254796564897312786912453259643187413578269,6,WWing
003000158400030000800600300500002000902340000000000007000050210008000009309004080,763429158491835672825617394586792431972341865134586927647958213258163749319274586,6,XYChain
020409000000008350039050000000000680000100000000003402150000000096580700300604500,521439876647218359839756124713942685482165937965873412154397268296581743378624591,6,XYChain
308000700090100600000097004030000000407008000005970030000000015003060002079500000,328456791794182653651397284936215847417638529285974136862749315543861972179523468,6,XYChain
012000006030100009000400000009000200300605000021003500000000007000060004084507100,412859376835176429976432815569718243348625791721943568193284657257361984684597132,6,XYChain
000018300080000140000406070058604200109000003002050000000300804004000610000002005,496718352287593146513426978758634291149287563632159487975361824324875619861942735,6,XYChain
000000073030000900000570410082900007000410000000007000590000120040601050070090000,615849273734162985928573416182956347367418592459327861596734128243681759871295634,6,XYChain
400080006020010007000097000047006809600900000002000050030000000000000708008200591,479582316825613947316497285147356829653928174982741653531879462294165738768234591,6,XYChain
000930102000500790000008000001000007205300910403007200004800000060000005000420000,547936182816542793329178564681259437275384916493617258754861329162793845938425671,6,XYChain
040002058007100000200000000900000500063008000000605100000900000092367000000001063,149732658357186249286549371914273586563418792728695134631954827892367415475821963,6,XYChain
009002108067000020000019004080001006000230000000500480050800030400000005010000000,349672158167485329825319674583741296694238517271596483952864731438127965716953842,6,XYChain
003000000000897300010000200200600097030000060000000100020059046064010030500003000,843125679652897314719346258285631497137984562496572183321759846964218735578463921,6,XYChain
003080009007250010006000050004000500050100000860003091240000000000002003000970080,523681479487259316196437852314796528759128634862543791248315967975862143631974285,6,XYChain
017630200900000061002000000000000000040006920050840030560020480028000076000000000,417635298935284761682971543276593814843716925159842637561327489328459176794168352,6,SimpleColouring
007023000000001800002000400009107200000040630300006000000004006860370041010800000,487623519536491872192785463649137258251948637378256194923514786865372941714869325,6,XYChain
030708410009400070000000069750009001000000038000007000400065000205030004000900000,632798415589416372147523869756389241914652738328147956493265187275831694861974523,6,XYChain
619000000007010005002637090208001040064203000370804000003108006006750002000026800,619485237837912465542637198298561743164273589375894621723148956486759312951326874,6,XYChain
057030080000001000063009000020000500000090073005300028000007000700080012000000430,157436289892751346463829751321678594684295173975314628239147865746583912518962437,6,WWing
020030007800050020007602001700000000200100006005008104106500040000780600050000700,529831467861457329347692581714963258283145976695278134176529843932784615458316792,6,XYChain
100000200002009000050000001090020300400136000000908600310090000800070962009500003,183745296762819435954263781596427318478136529231958647317692854845371962629584173,6,XYChain
000600070004010050000000208720400090000008300000720400307050049005000600900000000,283695174674812953159347268728431596491568327536729481317256849845973612962184735,6,XYChain
450009300060010500007600400039005000000000000710900000640000008000080003200003160,451879326962314587387652491839265714526147839714938652643521978195786243278493165,6,XYChain
000100005300098001060000200042007000500000000007361000003820006080005002070000980,928176435354298671761453298142587369536942817897361524413829756689735142275614983,6,XYChain
000064000006008910040300000004006009050000800200000003000000030010080607305140000,127964385536728914849351726784236159653419872291875463478692531912583647365147298,6,WWing
489000003000900000000051000090000600100805000007042080000000900000007002060200850,489726513571938426632451798298173645146895237357642189825364971914587362763219854,6,XYChain
008000000200309850004012000002004706700100908030000000020400063513000490406003000,968745312271369854354812679182954736745136928639287145827491563513628497496573281,6,XYChain
500000030006008000000530680070080590000205004100700000307000100000000057014000320,528476931936128475741539682472681593683295714195743268357862149269314857814957326,6,XYChain
080100064050000300007000020201050000560080000040300000000490608000001905490500210,982173564654829371317645829271956483563784192849312756125497638738261945496538217,6,XYChain
004003800000000035005010620000000000701000080090000401000009000800074160630080007,264753819918642735375918624486137592721495386593826471147369258859274163632581947,6,XYChain
003050000200000009014006050060900005000800000098601002000007200009002010800400003,983754621256318749714296358467923185132845967598671432345187296679532814821469573,6,XYChain
000003008070086201023000060000000025050700400000420080600000904700004050580000000,165293748479586231823147569347968125258731496916425387631852974792614853584379612,6,XYChain
002090040106000000370100000800002500040800012010700060000000090000037650050000000,582396147196274835374185926863412579745869312219753468631528794428937651957641283,6,XYChain
007006014000092000050000702000060080800009030034000000348000200060500000070000006,297356814481792563653841792725463981816279435934185627348617259169524378572938146,6,WWing
400003700090007000510600000200005000006800094000069025800000003000020100002000079,428953761693217548517648932289435617156872394734169825841796253975324186362581479,6,XYChain
001300400040058000803000605000200090700430000900000001170090002000700000000003860,251367489647958123893142675564271398718439256932685741176894532385726914429513867,6,XYChain
000300070004010000080000204020580000000000008095001000000070900061030000300009025,659324871234817596187956234426583719713492658895761342542178963961235487378649125,6,XYChain
070006040900000070000005208040008000750000001003060090030000019000540063000090400,372816945985234176461975238149358627756429381823167594534682719297541863618793452,6,XYChain
027300040009820007600007000004000769910500000000000000000032000002000401070450000,827315946149826357635947128254183769916574283783269514491632875562798431378451692,6,XYChain
082010000907040300000700048000008000040200009000475200006900480000000090309000010,482513967957846321631729548265398174743261859198475236516937482874152693329684715,6,XYChain
000000607700050300029008500410020050000070020005003040000900100080007000000201000,154392687768154392329768514417629853836475921295813746542936178681547239973281465,6,XYChain
000040002300000740245001006000730000020018004910020308006190083030407069059003407,697345812381269745245871936568734291723918654914526378476192583832457169159683427,6,XYChain
000009080601500000000004090080070003003000800005000060000810300204000100900000070,342169785691587432857234691489671523763925814125348967576812349234796158918453276,6,XYChain
003008040000091050000000103390000005400200700070009000504000030100070800000600000,213758946647391258958426173392867415461235789875149362584912637126573894739684521,6,WWing
402500079000000853005090100800020000620700008004803000040000016070059384000470000,412538679967214853385697142853921467621745938794863521549382716276159384138476295,6,XYChain
300982000000000001004000300002140050003000710900005020500600000000304600000000290,361982547725436981894571362672143859453298716918765423547629138289314675136857294,6,XYChain
029030000000600070600029000000403720000090150200150004002070460008000003506302000,729538641853614972641729538165483729384297156297156384932871465478965213516342897,6,XYChain
000051004040000030200706010000000502090200000030070080000000800908600003001038000,789351624146982735253746918417863592895214367632579481324197856978625143561438279,6,XYChain
600070020530000600000040000000620700020007001000080096000801030001005900200000000,694578123537912648182346579318629754926457381475183296759861432841235967263794815,6,WWing
050010000000000007000000860042001000070968200560700003006090300000080010000024005,257816439618439527934275861842351976371968254569742183126597348495683712783124695,6,XYChain
100007903287000000000000040000890005005004030000000000008079000043205006900000010,164527983287943561539186247376891425825764139491352678618479352743215896952638714,6,XYChain
003600000000002000400930002000068050000007001016090700098506007030280065000000000,283674519971852346465931872327168954549327681816495723198546237734289165652713498,6,XYChain
071008006000006500040039000103000098008500000006000070002010060000060020000004800,271458936839276514645139782153647298728591643496382175582713469914865327367924851,6,XYChain
000000000827400010003028090960074000000503000002000800070000000004300060000090570,495136782827459613613728495968274351741583926352961847279645138584317269136892574,6,XYChain
560000200028034000000900050180007500000000002000890006600008403000100000070300010,563781249928534761417962358189627534736415982245893176651278493394156827872349615,6,WWing
050940207700501000160020000090004056600700030000060008070000890004000001001072300,853946217742531689169827543397284156618759432425163978276315894534698721981472365,6,XYChain
000000008040600007390740000000000004000450300071900006007020003810000050009000060,726513948145689237398742615953267184682451379471938526567124893814396752239875461,6,WWing
009300006030104020002060000000709043980050000000040000000900070407030005020006100,719382456635194728842567931256719843984253617371648592168925374497831265523476189,6,XYChain
000020900070000040095004001400070000002050080709010650000800003004700206006090000,843127965271569348695384721458672139162953487739418652927846513584731296316295874,6,XYChain
030009704204007000000005800025000009000370600010000000091800060000500400040000000,138269754254187936976435812325648179489371625617952348791824563862513497543796281,6,XYChain
600024000007000000000800050000080097000040200200060008500009074890706100070010000,683524719457691382921873456145382697768945231239167548516239874894756123372418965,6,XYChain
060100500000007301080230000000004958000000470500006100002000094000080000600401000,367198542925647381481235769276314958813529476549876123152763894734982615698451237,6,XYChain
080000000000080603000307002109630020360800050700105000006000090000001704000200000,983426571271589643645317982159634827364872159728195436516743298832951764497268315,6,XYChain
008090500040000009060300070000600190000000600000710482750003000000000004230064000,178296543342571869965348271487632195521489637693715482754823916816957324239164758,6,XYChain
030000081506004007000900000700600032300009004000500000850700000000020906004000000,937265481516384297248917365789641532325879614461532879852796143173428956694153728,6,XYChain
000600030032010700600000000000030501710804000080200007029000000000000645140500029,851627934432918756697345218264739581715864392983251467529486173378192645146573829,6,XYChain
700062010009000400000000092800090000000710000042508000605080009410000060000000300,784962513269153487351847692873296154596714238142538976635481729417329865928675341,6,XYChain
500000000863097000000600000027006050000203010006400370000802700005000940030000000,549328167863197524172654893327916458458273619916485372691842735285731946734569281,6,XYChain
402030701000200000007600040040700300001008000070000090030009000784500030900007005,492835761163274859857691243549726318321958674678143592235469187784512936916387425,6,XYChain
200070003000050090300600015800040007020810000000002030046000002000700100008000046,259178463671453298384629715815346927923817654467592831146985372532764189798231546,6,XYChain
400300085010000000900800000370018020000000158000004700790040206130070000000000000,467321985813459672952867341376518429249736158581294763798145236135672894624983517,6,WWing
009701008000090010030000007000000850540800600000300009001002000000608020007005900,259741368786593412134286597972164853543829671618357249461932785395678124827415936,6,SimpleColouring
084001003090600020001050004007030086000070000942000000020400090030005002009800600,684921753395647128271358964517239486863574219942186375728463591136795842459812637,6,WWing
000008060000030000605090002000000000000240037500009104400307000062005003009010605,943528761217634958685791342724153896891246537536879124458367219162985473379412685,6,XYChain
300000704010006000980000000000400000170000030600803000001000069000084000005900028,356128794417396285982745613538412976174569832629873541841257369293684157765931428,6,XYChain
010050060004006000000900700005000006100295800000000907706000040080032000400008002,213857469974326185658941723395784216167295834842163957726519348589432671431678592,6,XYChain
208060190009003000050000700007300000600800200000702840793000680000400000000000001,278564193169273458354918762827346915645891237931752846793125684516487329482639571,6,XYChain
604003000070000009300050000000000005453000000800006020000081002000000030090700650,624893517571462389389157264962378145453219876817546923735681492146925738298734651,6,XYChain
000070010002000000705000008003450709050006000900010080230007000000000640000540103,349875216682931457715624938123458769458796321967213584234167895571389642896542173,6,XYChain
006270091300010400000500602000000006809730520004005000098020000700008000005900083,456273891382619457971584632537842916819736524264195378698321745723458169145967283,6,XYChain
409800070005000000076040000100070508000620000004950320001092005300000400000000009,439865271815237964276149853162473598953628147784951326641392785397586412528714639,6,XYChain
052400800006100200300000070000009000071030080003086904064000050000000000000008300,752493861486175293319862475648519732971234586523786914864327159237951648195648327,6,XYChain
000000068600800200000204005400920000709050003020000041005006080070090002900000500,352179468641835297897264315418923756769451823523687941235746189174598632986312574,6,SimpleColouring
307419060010300400008007000100090800070050001200100070050000000709800002000000006,327419568916385427548267319165792843873654291294138675651923784739846152482571936,6,WWing
104006050000400002030008100006040300089362040000800000000000090020095086000080005,194236857678451932532978164216549378789362541453817629865124793321795486947683215,6,XYChain
150049008700050000000800000046000000000561800009002050000000076930070020000010300,153749268728156943694823715546987132372561894819432657281394576935678421467215389,6,XYChain
000190870000020000060000032000000480300006910400050007002000000071060000040780020,234195876187623594965847132756912483328476915419358267692531748871264359543789621,6,XYChain
060000940041060000000750100300200000000670050070000030008000000900108300005000200,567812943841369527293754168354281796189673452672495831438527619926148375715936284,6,XYChain
000000501508000670000090000002100009060005700000760000400009800670001004800007200,346872591598314672217596483752148369163925748984763125421639857675281934839457216,6,WWing
000530007702000000000047920400006008030000050008050000290003600000100040080095000,869532417742961835513847926457316298631289754928754163295473681376128549184695372,6,XYChain
000400500300800000470006009000000201003000400000201000080500020000004170040020385,918472563356819742472356819864735291123698457597241638781563924235984176649127385,6,XYChain
000289600000700000007000405080000000090006000740010080000000501000302060054000900,435289617619745328827631495183924756592876143746513289268497531971352864354168972,6,XYChain
000000000307001508085720600000180000902070400000000050008000000000862003070090000,429658137367941528185723694754189362932576481816234759698317245541862973273495816,6,XYChain
200040060000000070060072580002500400500000008040600030100004007430080000000060000,257843961814956372369172584682537419573419628941628735126394857435781296798265143,6,WWing
000000430400020090010000207000340000060072000001096000580000001007504000006030040,672981435453627198819453267798345612365172984241896753584269371937514826126738549,6,WWing
000000307007008000030070040090200000010005062024000000000602500060001490800000003,986124357457398216132576849598267134713845962624913785349682571265731498871459623,6,XYChain
000250700200109000504306002000093040003040010000000007901000008800900005006008020,389254761267189453514376892128793546673845219495621387951432678842967135736518924,6,WWing
000000610080046200000000070700500900008010706004030080402000000000703009000000361,329875614587146293146329578713568942258914736694237185432691857861753429975482361,6,WWing
003000000102300908080600700300106020000009000009040003000000080837900064050060002,793518246162374958584692731375186429248739615619245873926453187837921564451867392,6,XYChain
000006004870300900000000080000007509900000020602501800300200000040060050000405002,593186274876342915124759683418627539957834126632591847365278491241963758789415362,6,WWing
000000705002030000060100000000489100510000086004050300086000000100200009070000008,391842765752936841468175923637489152519723486824651397986517234143268579275394618,6,XYChain
003000002400000080000415000090000040000180700040670520080560000700008000501000000,613897452475326189829415637197253846256184793348679521982561374764938215531742968,6,XYChain
060010000002008104000309020093000005040100000700030800109600000000050400080070600,465712938932568174871349526293486715548197263716235849159624387627853491384971652,6,WWing
060050871470000000000003000000300092000006500506701000080000023000900000304100008,963254871478619235215873469147385692839426517526791384681547923752938146394162758,6,XYChain
000001000900043016800790000089000500000509730000000000650008300231000080000060400,462851973975243816813796245389127564146589732527634198654918327231475689798362451,6,XYChain
479000102000300070000001006605000000948010000000006084000009001731060029000000003,479685132156392478283471596625948317948713265317256984562839741731564829894127653,6,XYChain
000020000002080495039700006000510607640000000080000000300100020406090100000008000,564921873172683495839745216923514687641879352785362941398156724456297138217438569,6,SimpleColouring
420060800000047106000500300100003700005600000070000000080000003250000090000002074,423169857598347126617528349162493785845671932379285461784956213251734698936812574,6,XYChain
054030600060000200200600003000001002070000080400070001300007000000003048006900500,854732619963815274217694853539481762671329485482576391348157926795263148126948537,6,WWing
000400000000060070400003180970000005000005000230000000300200604010900850860000030,683417529591862473427593186978341265146725398235689741359278614714936852862154937,6,XYChain
946000002003009608100000000800000000070080500004002006000008703001205069000304250,946857132253419678187623495869541327372986514514732986625198743431275869798364251,6,XYChain
090000007408007561070030020900008000000000602002700000001056000000800000500309008,296185437438927561175634829953268714714593682682741395821456973349872156567319248,6,XYChain
605010000030400060000020090048039100000000050710002000300000007001003000000600015,625918473139457862487326591548739126293861754716542938364195287851273649972684315,6,XYChain
080007001309042806002300000000010060040203008091400300900500000006000009030080000,584697231379142856162358497723819564645273918891465372918526743256734189437981625,6,XYChain
000100678000400500370006091000009000002850000100007040000000080269000000000004700,524193678691478523378526491736249815942851367185637249457312986269785134813964752,6,XYChain
090046700001002006020070030000005009000701380000000270200600000953004000810300050,398546721571832946624179538732485619469721385185963274247658193953214867816397452,6,XYChain
000003800000500004038000205000001000760020500003700109180006000046090003007000000,574213896612589374938467215859631427761924538423758169185376942246195783397842651,6,XYChain
000004019000000840000920000003860091800300070501000008008010700205007000310500000,782654319956173842134928567473865291829341675561792438648219753295437186317586924,6,SimpleColouring
041028000087000023200000004000000540000680300000100000750000100910700032020030000,341928675587416923296573814162397548475682391839154267753249186918765432624831759,6,XYChain
041800500500061800600350002027000100900000080803000700006009300050000008009100060,741892536532461897698357412427683159915724683863915724286579341154236978379148265,6,XYChain
020000051004010080080902700300000007000070000000205410810006000007800000600007500,723684951594713286186952734365491827241378695978265413812546379457839162639127548,6,XYChain
930500000000060020000300750700000010408107500006030900009416000320009001000000000,932578146547961328681342759753694812498127563216835974879416235324759681165283497,6,XYChain
400201053000000000001000009065400700200000000700006804904070000000005000003904006,487291653592863417631547289365428791248719365719356824954672138876135942123984576,6,XYChain
900000000005004080001000700020046000300000020000005006403050001800000930100090405,974528613635174289281639754528346197346917528719285346493752861857461932162893475,6,XYChain
000009600020000000709000300000006070900004000150070420800300009001020008000000045,314789652526413897789562314248156973967234581153978426875341269491625738632897145,6,XYChain
015009000003607000090000200007000080056000900209010004070486500000001007060503010,615829743423657198798134256147962385356748921289315674971486532534291867862573419,6,XYChain
001080260700312004029400000000037010050820000907060080000000309073600020002000600,341589267768312954529476138284937516156824793937165482615248379473691825892753641,6,XYChain
700900000500006840860031000200000703300050020000000106000000080030007960000540000,741985632593726841862431579215864793376159428984372156157693284438217965629548317,6,XYChain
060070800973000500100040300700600000500000020000104000000050406000000000025907080,264573819973816542158249367781625934549738621632194758817352496396481275425967183,6,XYChain
000604070500002060092100300017005000040001005005000700400030008000009000000000296,831694572574382961692157384917265843348971625265843719429736158186529437753418296,6,XYChain
006390000038000076500600080000030020009200008000047090005902000007000500100004000,716398254938425176524671983671839425459216738382547691845962317267183549193754862,6,XYChain
000004506100200300004370000058002007070030000000510200000600080412050600836040052,327984516189265374564371829658492137271836945943517268795623481412758693836149752,6,XYChain
000402030030080247060050000080230000000600000903048000050003070017000400000700801,798412536135986247462357918586231794241679385973548162854123679617895423329764851,6,XYChain
000072400270608000000030107020080761460700095107006000740000250001000900092000000,319572486274618539658439127925384761463721895187956342746193258831265974592847613,6,XYChain
053200400907053000010009300309000002000008060000096100002010040786030015001000008,653281497947653821218479356369145782174328569825796134592817643786934215431562978,6,XYChain
160790005000000700000040000000000250400059300001006007900030000050000160078500009,163792845842615793795348621689173254427859316531426987916234578354987162278561439,6,XYChain
020070489000084503000090706100906802000520000340000065230050000016400000007800000,523671489769284513481395726175946832698523174342718965234157698816439257957862341,6,XYChain
000040017000027009850000000000009000003700090090030800435006000001090004600100000,962548317314627589857913462578269143143785296296431875435876921781392654629154738,6,WWing
000570090370008460080000000009700000004063000200050030000930500000100000052000900,421576398375298461986314725539721684714863259268459137847932516693145872152687943,6,XYChain
010000009000000014000008003900070806863005090000000040504806000207900000100002050,312467589678593214459128763945371826863245197721689345534816972287954631196732458,6,XYChain
300000900009600800075020000003046000000370590040052003010000070008005100000000400,364587912129634857875129346753946281286371594941852763512493678438765129697218435,6,XYChain
000600300600709000009004000203008000090001003080003265410000092035900018000000000,842615379651739824379824156263578941594261783187493265416387592735942618928156437,6,XYChain
000010030200960080503000700005000290009600000000070005000008900030000000908207400,894715632217963584563824719375481296149652378682379145726148953431596827958237461,6,XYChain
000000080100004002703890600070006000000700036008009010060507000000300090000000500,546273189189654372723891654275136948491785236638429715964517823857362491312948567,6,XYChain
000007000360001094090200180103000009070020000000035000000002070420800000006090000,851947362362581794794263185143678529675429831289135647918352476427816953536794218,6,XYChain
200900006000000030107003002900750000020008000800000095700002000010300209500460100,253917846498526731167843952946751328325698417871234695739182564614375289582469173,6,XYChain
002400000340089000100250070000045701000306050010072600630000007000030519895000000,752461938346789125189253476263845791974316852518972643631594287427638519895127364,6,XYChain
000001090000080004390200080020800100007309000000562000570000010049130578100090060,758641293612983754394257681925874136467319825831562947576428319249136578183795462,6,XYChain
000000050281000090000048006000001600900050800530600070060000010407000002000500000,643719258281365794795248136872931645916457823534682971369824517457196382128573469,6,XYChain
060057090000000030000021000501080000004009200630000500002000400000010008900006005,263857194185694732497321856521783649874569213639142587752938461346215978918476325,6,XYChain
040302006003040000020981000000013070007600100000000800200000504400005700850000060,748352916913746258625981437582413679397628145164597823276139584431865792859274361,6,XYChain
010900602900006180060050090103500760050070800840000900000020506000061070006305000,315987642974236185268154397123598764659473821847612953481729536532861479796345218,6,XYChain
090030060001000070507400020000900006000700500340000000102080003004001090000070800,498237165621895374537416928715948236289763541346152789172689453854321697963574812,6,WWing
400090367000200040030460510040500009500000000600019000000605080000070000310040006,452198367176253948938467512741526839529384671683719425297635184864971253315842796,6,XYChain
050000000189000700000071000000300500604500200800010004000160800070050002000403090,257694138189235746463871925721346589634589271895712364942167853376958412518423697,6,XYChain
800002000000007860059000000005008006170009203023105004000000040001006000200500079,864352197312947865759681432945238716178469253623175984597823641431796528286514379,6,XYChain
001006970030900400000004600040000010000002000059080030004010009700000000900050700,421836975836975421597124683342569817178342596659781234284617359765293148913458762,6,XYChain
006030100700004290900000005009400000207006000050001700000068054090200600040000070,526839147781654293934712865869473521217586439453921786172368954395247618648195372,6,WWing
400000008000000020062003007070002000080000643000809000800500730015300200000970001,437215968158796324962483517371642895289157643546839172894521736715364289623978451,6,XYChain
800005000040190070000000050003002009017060020000703000070040000900000005120300060,831275946542196378769834251653412789417968523298753614376541892984627135125389467,6,XYChain
420010006000000804060020000000500030010060750090001000070400010000002500006700000,428915376951673824763824195682597431314268759597341682275486913849132567136759248,6,XYChain
001070008700005010000080340060050000009000006040200700000008009500006200006100004,631472598784395612925681347267854931859713426143269785472538169518946273396127854,6,XYChain
030040850090060000008017400800000003009030000006805007060400010900000284700050030,637942851491568372528317469872196543159734628346825197263489715915673284784251936,6,XYChain
460100070001005006289060001000000900650301700917004000500200000306000000090037080,465182379731945826289763451843576912652391748917824563578219634326458197194637285,6,XYChain
300900007000500002040060085004106000090080000070002060000809000780000003900020050,325918647869574312147263985234196578691785234578342169456839721782651493913427856,6,XYChain
000000721001000000008400005060080210000004000040093060200007600000020070090300500,934658721571932486628471935369785214782164359145293867213547698456829173897316542,6,XYChain
000517400060000002000000000000000009610070050207080010790000000000052800008704100,982517436461398572375246981843125769619473258257689314794831625136952847528764193,6,XYChain
007000000830700050200000603370810000000096730009430800004000200000005060960000540,497653128836721954251984673375812496148596732629437815514369287782145369963278541,6,XYChain
000009060000050104100400000064090000030180070000300800081000003000000050240006007,458719362723658194196423785864597231932184576517362849681975423379241658245836917,6,XYChain
200089005080035002000700009600070001000460300740008000000007900003000080005040000,214689735987135642356724819638572491529461378741398526462817953173956284895243167,6,XYChain
047090030000053009090200400008760010000000000203100800000007000001005007060000002,147896235682453179395271468458762913916538724273149856524687391831925647769314582,6,XYChain
904001000000050608003720040008040100000000005510070000002080074080000000470000060,964831752127954638853726941238645197746219385519378426692183574385467219471592863,6,XYChain
430079000050000006000000200000000000005020001300006970000300090094010005700080010,436279158259138746187564239642791583975823461318456972561342897894617325723985614,6,XYChain
500083060000000000000002090000020080900000710870600030009700001020400900030005000,594183267287946153316572498145327689963854712872619534459768321628431975731295846,6,WWing
005000200800070004000010850200400070004000019000380000090000040020700005030002000,175894263862573194943216857216459378384627519759381426698135742421768935537942681,6,XYChain
000082060001005700050060420000000050720006009019000070070000290000007000103200000,437182965261495738958763421684971352725836149319524876576318294892647513143259687,6,XYChain
206350000500007000300604900001060003800040000090000001000020070000000600004001580,216359748549287136387614925721968453865143297493572861158426379972835614634791582,6,XYChain
500004030740092000090605100089700062410009000050000400020000805000010004000000900,568174239741392658293685147389741562412569783657823491926437815875916324134258976,6,XYChain
008004090006000001020070004240500008000020013000080500804017600100200007072006100,718634295456892731923175864241563978685729413397481526834917652169258347572346189,6,WWing
001360000000050000006000923230000000070000402000400170903000604040001008800000000,721369845398254761456718923234197586179586432685423179913872654547631298862945317,6,XYChain
005060010200784060000520900190070080008900003030010006400000000601002000000000800,845369217219784365376521948192673584768945123534218796483197652651832479927456831,6,WWing
200090000000520001408006005807000403000300090004267058002050000003489502000600004,235891746976524831418736925827915463651348297394267158742153689163489572589672314,6,XYChain
000070000063900057500006040180000000700640009000002060007009000300000805900320400,294578613863914257571236948186793524725641389439852761657489132342167895918325476,6,XYChain
000000006470006900000005200092003501000000000007000300064900002030080000019374000,523897416471236958986415273692743581358129647147568329864951732735682194219374865,6,WWing
000609000750300100000071400000000801306010070000080050078000000940130082020000047,431659728752348196869271435594723861386514279217986354678492513945137682123865947,6,XYChain
006000080007000926000305000960000005008000000700400039000003002090070000300049001,146792583537814926829365174963127845458936217712458639671583492294671358385249761,6,XYChain
000037200005610030000000010100006054603800000090000000830070500060000002000401900,416537298285619437379284615128796354643825179597143826834972561961358742752461983,6,XYChain
940200080000000050000009700003000004050000090009056000200000001001060000005091076,947215683126783459538649712813927564652834197479156328264578931791362845385491276,6,XYChain
000480600005709012000000900409071020027900000800000000050300000070800003001000050,192485637685739412743162985439671528527948361816523749958314276274856193361297854,6,WWing
070051002901604005402700000000400069000000001005000800000906008000078000006000210,678351942931624785452789136187432569249865371365197824723916458514278693896543217,6,XYChain
000000030001040050090036100000490305006010000200000000020007900030000000000800710,672581439381249657594736128718492365956318274243675891825167943137924586469853712,6,XYChain
000106008050000007060000050005300009300901040100040000000008000200000590000017063,437156928952483617861729354745362189386971245129845736613598472278634591594217863,6,XYChain
000000002024070000001300400000003000030500080008107065000000530180050200006900001,365491872924875613871362459517683924632549187498127365749216538183754296256938741,6,XYChain
000017348000504000804600009069800007001000000040061900073000200100200000005000703,652917348397584621814632579269845137531729864748361952973458216186273495425196783,6,XYChain
002000070006050000080106005600805000100020006005300020000700104000030000040000068,512483679376259481984176235627845913138927546495361827263798154851634792749512368,6,WWing
000400200004061080100029030009700603708030004000090000000950010205000760000002300,896473251324561987157829436519748623768235194432196578643957812285314769971682345,6,XYChain
005032017080701000004590000000000000400000290200370004007050008006000700090000050,965432817382761945714598362639824571478615293251379684127956438546183729893247156,6,XYChain
004930000073085000080000003090056002047008100800000000050000410016807300039000080,624931758973685241185742963391456872547328196862179534758263419416897325239514687,6,WWing
100090007000008590300050000000100008000926004000000059500800100007000600410700000,156294837724318596398657421249175368835926714671483259562849173987531642413762985,6,XYChain
567003001000702000000010000600180200008000100000000509903670000200040060000309008,567493821891762345432518697659187234328954176714236589983675412275841963146329758,6,XYChain
000020040006000000240005000000059001060000500401700026604870000800904000070000030,197328645586497312243165798328659471769241583451783926634872159815934267972516834,6,XYChain
080430500003820000050006008008700050040000700002010000600280407000190030400007080,986431572173825964254976318398742156541368729762519843615283497827194635439657281,6,WWing
000800001008031040000009060090000026400000500010003000805006000040310005006020900,964872351758631249321549867593184726482967513617253498875496132249318675136725984,6,XYChain
000700002700006050006040180003170060000308000500000090000983000300000071004000009,958731642741826953236549187893175264462398715517462398175983426329654871684217539,6,XYChain
200060900075000000030208000000020600600700130000000057004080000300001070090000002,241567983875139426936248715517823649629754138483916257764382591352691874198475362,6,XYChain
000000000030900015067100280006200890080000004701083020010602000800000000000059000,129568473438927615567134289346215897285796134791483526913642758854371962672859341,6,XYChain
040100050208050100070000080000027300731540098900000000400300807300000510010005039,643178952298653174175492683584927361731546298962831745456319827329784516817265439,6,XYChain
008400000070091000010503002007000350300008060806009001020060003400200700085000000,538426197274891635619573842197642358352718964846359271721964583463285719985137426,6,XYChain
000460001047020530090008000320900870000000400008030062030080000005000000900240080,853467291647129538291358746324916875569872413178534962432781659785693124916245387,6,XYChain
009050600000000080000602001590000100300004020408001003000306090600090000032040056,219857634763419285845632971596283147371564829428971563157326498684795312932148756,6,WWing
200000000000503001000904720000000000010280900800600403300000009107300050009810000,296178534748523691531964728965431872413287965872695413324756189187349256659812347,6,XYChain
084500300010000000300060091403008062000209050570300000100700000000000009000002005,984517326615923847327864591493158762861279453572346918136795284258431679749682135,6,XYChain
050000200004020150000000000000040700729100008030290000005400082000053000061900040,153684297684729153297531864516348729729165438438297516375416982942853671861972345,6,XYChain
402700100000080000005000009007020060600400000080001003004100000003500040700006000,492763158136985724875214639347829561651437892289651473564192387913578246728346915,6,WWing
000706004000800000000200081036000009001070026500000000048000050270908000103500048,812756394964813275357294681736425819481379526529681437648137952275948163193562748,6,XYChain
490800000001000026200030700900000060000000072000567000004609500000008000085002003,497826351831745926256931784973284165568193472142567839324679518619358247785412693,6,XYChain
000095000000200100503400060010084020650000080002000001000069870090702310004018000,176895243948236157523471968319684725657123489482957631231569874895742316764318592,6,XYChain
640200300020090000000050108290040000000600400005000060000060900900080654000000003,648217395521893746739456128296748531183625479475931862352164987917382654864579213,6,WWing
207040000090060020030000800600720000082604000300100200000080950500000037070003000,257849163894361725136572894619725348782634519345198276463287951528916437971453682,6,XYChain
900002005000003600070000010006380507305400008840000000000900060102567900600004000,968712435521843679473695812216389547395476128847251396754938261132567984689124753,6,XYChain
007000200208051700100700040001000080000200300600018002750890004000007003064020079,547369218298451736136782945921534687485276391673918452752893164819647523364125879,6,XYChain
408006700017040002000710005200030600050001039000600001009070000000360000000400500,498526713517843962362719845281934657756281439934657281649175328875362194123498576,6,XYChain
020430701400900020090000050300008002140200000000070080000000800000060015050013000,826435791415987623793621458379148562148256937562379184231594876984762315657813249,6,XYChain
090200807000008000005007209070000098000000006500603000800030000054000001906470000,193254867762398145485167239671542398238719456549683712817935624354826971926471583,6,SimpleColouring
050020000020700061000000740009500003007800000063000000602007000000090800040001006,751624398924738561836915742489572613217863459563149287692487135175396824348251976,6,XYChain
000090060080703004705200000003000500840000000000600002401300000090041000000002080,124895763689713254735264198963428517842157639517639842471386925298541376356972481,6,WWing
000090036067000150000000004790004000000620008800031400003000020009060500010300000,182495736467283159935716284791854362354627918826931475643579821279168543518342697,6,XYChain
070039100000070000002601000050000000280304750904052001009010608008420000003906004,875239146146875392392641587657198423281364759934752861429517638768423915513986274,6,XYChain
000000017034008000100090060705003000000000000021069000000030504000100290080002100,958246317634718952172395468795823641346571829821469735219637584567184293483952176,6,XYChain
900000010364000020000700000007039000600100000001200060010324900009500030500000208,975462813364891725182753694257639481693148572841275369718324956429586137536917248,6,XYChain
000010400004005300200004058600090030000032094000700020060050000705008001000000000,586913472974825316231674958652491837817532694349786125168259743795348261423167589,6,WWing
010040700054090030002500060000000940089100623200000508090008300000009106048310200,816243795754691832932587461165832947489175623273964518691728354327459186548316279,6,WWing
003126800040090000500000000000003010000002064002564000804601000105000730000000000,973126845241895673568437129456983217389712564712564398834671952195248736627359481,6,XYChain
000405000708100030200000008000074900007006000615200000000001056000000700086007103,361485279758192634249763518823574961497816325615239487972341856134658792586927143,6,SimpleColouring
300062008020004001006095040700000260800000074005000000508009000093600000200008000,354162798927384651186795342719843265832516974645927183578239416493651827261478539,6,XYChain
040010200700000063000200790080005010092000000300048000000007000000450300000001940,643719285729584163851263794487325619592176438316948527134697852968452371275831946,6,XYChain
003407000807050902000000400130200509200005000000810000020008031070000000000069004,963427158847351962512986473136274589284695317795813246629548731478132695351769824,6,XYChain
090064000030700400001200008000800950300000080002005107700008600040900003000052000,298564371536781492471239568617823954354197286982645137729318645145976823863452719,6,XYChain
000097350000200100000000007805000000902060070003005024016903000200650030000700000,428197356759236148631584297875429613942361875163875924516943782297658431384712569,6,XYChain
608090000900005002000470300000002005700004008000103400470008000001000060056000000,638291547947835612125476389814762935763954128592183476479618253381529764256347891,6,XYChain
002000040010000500003400000201030070000006000084005000020000005900740180000100200,762583941418697523593421768251834679379216854684975312127368495935742186846159237,6,XYChain
006005309000308000000260700000000000900080530780000426602010800800007040003000910,126745389547398261398261754235674198964182537781953426652419873819537642473826915,6,XYChain
500800040008630010902000030020009000805060100407000003000400008000050000000006520,513892746748635219962147835621389457835764192497521683256413978179258364384976521,6,XYChain
000850300040000000000903007000000154000064000017000008100000902050008000602000010,976852341345671289821943567263789154598164723417325698184536972759218436632497815,6,XYChain
170900000009000000003870900000004350060300001000060820450000000600008047017020000,176952483829143675543876912781294356264385791935761824458617239692538147317429568,6,WWing
209000701003900000008060000030000006000702000140050002800000009020010000004300500,259483761463971285718265493532194876986732154147658932871546329325819647694327518,6,XYChain
604000000003000700100900403500003000010006930020700008048060002000309000000010000,674135289893642751152978463586493127417826935329751648948567312261389574735214896,6,XYChain
040000090000090007800006302060050043402000000009300000000080009000061750001020000,746132895213895467895746312167258943432679581589314276674583129328961754951427638,6,XYChain
003002006500360098000070000000000005300700000491000000030940000805000300007008100,713892456524361798689475213276184935358729641491653872132946587845217369967538124,6,XYChain
001037020047800000005140003100200000009006005003000048000700000000900870000003006,891637524347852961265149783156284397489376215723591648512768439634915872978423156,6,XYChain
007300000000200006068009150000070000080001000240600090000000000690000203030000084,527316948419258736368749152953872461786491325241635897874523619695184273132967584,6,XYChain
102070000000000000050004090005001034400000800600500017060008200030096008041200000,192675483384912756756384192975821634413769825628543917569438271237196548841257369,6,XYChain
000000040009806050005003700000090000250008000001005002028300000030170904410000005,382517649179846253645923718864291537253768491791435862928354176536172984417689325,6,XYChain
001000050000052001200000008004000030370020800180300040003070600960014000010206509,841697253739852461256143978694785132375421896182369745523978614968514327417236589,6,SimpleColouring
200030007004800009137000000010079400009000000000160900080000500600050790070042803,298436157564817239137925648316579482759284361842163975483791526621358794975642813,6,XYChain
700000002200791400680050007807009200000205000002040060000008100000000004005470020,719684532253791486684352917867139245341265798592847361476928153928513674135476829,6,XYChain
070200008000000500004030100100020034000001002090873000600000009000010807080700000,371265498869147523524938176158629734736451982492873615617384259943512867285796341,6,XYChain
060007400108000607020000080500000070380000590000053804030240000200000148805010002,963827451158394627427561389519486273384172596672953814731248965296735148845619732,6,XYChain
017000400065000000009064080000040200970000000000926008000080060004000091100097020,817239456465871932329564187638745219972318645541926378793182564284653791156497823,6,XYChain
000000500900100280000004001060230100100060050000901700500000900700003000030800670,421398567953176284678524391867235149192467853345981726516742938789653412234819675,6,XYChain
000300407020100000003500060010030506500900730006040200800409000430280010000000000,159326487624178953783594162918732546542961738376845291867419325435287619291653874,6,WWing
000400009400000102050610000009003000000050701506000200002800003305700400010000008,761428359498375162253619847179243685824956731536187294942861573385792416617534928,6,XYChain
307400050050000048980520070000046800002009000040000000000000000730060500800170430,367498152251637948984521673193746825672859314548312796415983267739264581826175439,6,XYChain
000000309190500070500030041008401090607000008050000020000750000019020500000006004,864172359193548672572639841328461795647295138951387426286754913419823567735916284,6,XYChain
000007000005080130089005002006020000540000000092006300010970000900100608000030020,364217589275489136189365742736521894541893267892746315618972453923154678457638921,6,XYChain
802100070000000000547002000900001000030060000000023904000800006006030017300050020,862194375193675248547382691928541763734968152615723984259817436486239517371456829,6,WWing
030750000706004320000000000000000840100000090082400001047380502000001079000000030,839752164716894325425613987593127846174568293682439751947386512358241679261975438,6,XYChain
030050400000300700160040000009500200300000000650000001091000070000072056000030020,738256419945318762162947583819564237327891645654723891291685374483172956576439128,6,XYChain
596000100100900503000800000008000200600000030001473000300020017009310000700000000,596732184187946523243851796438165279675289431921473865364528917859317642712694358,6,XYChain
085710002073000000000000008000421009000000380604300100341000000000070901007008000,985716432273894516416235798738421659129657384654389127341962875862573941597148263,6,XYChain
005009680090001200000080000300050009080020450054000700100800002008130000000405070,735249681896371245412586397327654819981723456654918723149867532578132964263495178,6,XYChain
907005000081000305000012000000190003000400006865070004000030607070509000000060040,947385162281647395653912478724196583319458726865273914192834657476529831538761249,6,XYChain
000003500200600000030000004500100009900000700003700810009210630000070000704090002,647983521295641378138527964576138249981462753423759816859214637312876495764395182,6,XYChain
109043000054078002000000010062000501070095000000800300500002000000019000000700008,129543876654178932738926415862437591371295684945861327516382749487619253293754168,6,XYChain
004009501100000000000010806000500300080032060300000017060020000009008600000706140,674289531138675924592413876241567398987132465356894217465921783719348652823756149,6,XYChain
030750000600084000500000000025068043000000020004000001003000260040120807000000900,432759186671284359598613472125968743769341528384572691813497265946125837257836914,6,XYChain
001000002020000940604090000109500004000070300006940780008760000300000008000039000,791354862823617945654298137179583624482176359536942781948765213367421598215839476,6,XYChain
007005300060004070500000800700000900409002006802060734000306502680017000000050007,127685349368194275594723861756431928439872156812569734971346582685217493243958617,6,XYChain
000430670000800005000060043084290000902000060005003000800009030000000000059178000,598431672643827915217965843784296351932514768165783294821649537476352189359178426,6,XYChain
000208091001040600003000000140007060005000040700002010002705000000006003070010000,657238491281549637493671825148957362925163748736482519362795184514826973879314256,6,XYChain
000800013020040000407300000000000508080002049090080600300090004000000100509600000,956827413823941756417356982132469578685172349794583621371295864268734195549618237,6,XYChain
000003870106000023000090006900705000000080400700000160090300600000829000503060000,259643871146578923837192546964715238315286497782934165498357612671829354523461789,6,XYChain
209400576007300004050020300002037005380902701070008002003004100700605040000203007,239481576817356294456729318692137485385942761174568932563874129721695843948213657,6,XYChain
008020600000008900204030010000000109010000080000064530003006000090700200705000000,958421673137658924264937815342875169516392487879164532423586791691743258785219346,6,XYChain
400300001000070600862409007006004000020700000130902500000000060240690100007008090,475386921391275648862419357756834219924751836138962574589143762243697185617528493,6,XYChain
800700290007800000020100000000000530032600800704000000000009003008000007003002060,815743296497826351326195748689217534132654879754938612261579483548361927973482165,6,WWing
090000047075000900300000000108060000040710009060520000000000060700400003610000400,296851347475632918381947256128369574543718629967524831834195762752486193619273485,6,XYChain
209000506007300004050020300002037005380900700000008002003000100700600040000200000,239481576817356294456729318692137485385942761174568932563874129721695843948213657,6,XYChain
000089000200000000804007006005410020608000004400800900030040070000520000900000200,371689452269154783854237196795413628618792534423865917532946871147528369986371245,6,WWing
030400000010008902500000070096000000300080000002003100000000217009070560000050040,937425681614738952528169374496512738351987426782643195865394217249871563173256849,6,XYChain
300042107800000030000100000700000000000800502001000043070020900050603020000070050,396542187812796435547138296725364819634819572981257643173425968459683721268971354,6,XYChain
030000086100200000207043000001000060000530940000680000089000130000000004000019002,435197286198265473267843519841972365726531948953684721589426137312758694674319852,6,XYChain
450009000008300600900080700005000000730020000240170003500001029000000000080700104,457619238128347695963582741815936472739428516246175983574861329391254867682793154,6,XYChain
301007005052600004000000300200000801004002000018000090000800510000090008000026700,361247985952638174847915362236759841794182653518364297429873516673591428185426739,6,XYChain
000003000000008920008607000500020600670000209089000017804000000000070050350080090,195243768736518924428697135541729683673851249289436517814965372962374851357182496,6,XYChain
085000010003090000060003980002504700700008020000760400200000006000400000530001840,985247613123896574467153982892534761746918325351762498274389156618475239539621847,6,XYChain
015008004600200000020500019008000000000001945050900000030000700090080400000060023,715698234649213587823547619978425361362871945451936872236154798197382456584769123,6,XYChain
600000007001480000000500002000002050000300000078005043040061070060900020030800005,653129487291487536784536912316742859425398761978615243549261378867953124132874695,6,XYChain
004070013307005400000020976000732060002000000170546008240390650700250000500067000,924678513367915482851423976485732169632189745179546328248391657796254831513867294,6,WWing
000410070780000000020083100030060091970000800004000300005000000000007406040100000,359412678781695243426783159538264791972351864164978325215846937893527416647139582,6,XYChain
000650000000000003012000000030000600005020900600108037003084090000000071040000006,384657129796412853512839764831975642475326918629148537163784295958263471247591386,6,XYChain
300000000002000057450609000908020005010070083000100940000800001070200038006000000,361752894892314657457689312938426175614975283725138946243897561579261438186543729,6,XYChain
000900301000001000009037240500304000002000080300000900078190002200000000010740000,457928361823461795169537248591384627742619583386275914678193452234856179915742836,6,XYChain
100700000000100860020093100070005000206001050038000900000008090700500004083000005,164782539397154862825693147971865423246931758538247916452378691719526384683419275,6,XYChain
000904067030080000000027100807000000103000290060090500002070000000000900005001006,528914367731586429649327185897452631153768294264193578412679853376845912985231746,6,XYChain
302000906050000000000060000071000300900020070000014000000000104680300009000405000,312547986856139742749268513471956328965823471238714695597682134684371259123495867,6,XYChain
030000040050004001000076500080000030000000402600020000010600000000900080200850960,137295648956384271428176593582419736391768452674523819819647325765932184243851967,6,WWing
080000400093050820000040609000905000300000000002408050000000700075000206001002000,186293475493657821527841639718925364354176982962438157239564718875319246641782593,6,XYChain
070000500005620003004057082020084071080000060000000025041000250600000030002070008,273148596815629743964357182526984371187532964439716825741863259658291437392475618,6,XYChain
008540000406007000030206005060000050000003008009070100070001090010000700000008210,128549367456837921937216845763182459241953678589674132874321596612495783395768214,6,XYChain
020000000001804000050209301200001500040006020096000000008090000030100904069000030,923615847671834259854279361287341596145986723396752418418593672532167984769428135,6,WWing
092000085180070230500800000000308620000050340700010008600093000000000002070004000,492136785186475239537829416915348627268957341743612598621593874354781962879264153,6,XYChain
580400001040002000000000700900006000700001050600000002000105003020003068000069400,589437621347612589261598734912856347734921856658374192496185273125743968873269415,6,XYChain
600000004004000971080000000000097200090410005407000300900020000020070000500609002,619732854234856971785941623163597248892413765457268319946325187328174596571689432,6,WWing
906003000500006070000500200070000400002600905000021060004008700800000000000090302,916273548523846179748519236671985423482637915359421867294368751837152694165794382,6,XYChain
200150000000200049000004206000000701830090000500000060050006000000830000010000402,264159873785263149193784256629548731831697524547312968958426317472831695316975482,6,XYChain
000000064000072053015009020208000045004700000000000009521000000840300002300010000,732581964986472153415639827278196345694753281153824679521948736849367512367215498,6,XYChain
000109000508000000409800002000005910001062007040700000605400000004080070007600300,273159864568234791419876532782345916351962487946718253635497128124583679897621345,6,XYChain
140030000800000500000079010004090002020100000000500093010047009030000001705080000,147635928869412537352879614584793162923164785671528493216347859438956271795281346,6,XYChain
160000095000094700000060082020007000910200000007400050002000008080030000300070060,163728495258194736479365182524987613916253847837416259692541378781639524345872961,6,XYChain
000800060000000590000020001009700000050100608002534000090000400300009000600041300,943815762218467593576923841139786254457192638862534917791358426324679185685241379,6,XYChain
080002040009007080100000300020009004308000100051000000007000900040070063000098000,685132749239457681174986352726819534398245176451763298867324915942571863513698427,6,XYChain
000420080040700900000001000000800006300010008100530700409000050032907000760000400,971423685643785912825691374254879136397216548186534729419368257532947861768152493,6,XYChain
000050890700108050030009040043000019008400300900000002510002000000061000000000020,461253897792148653835679241643827519128495376957316482514732968289561734376984125,6,XYChain
003000102000005048800600000500300267020090000010000500000240001008000090060000000,653489172192735648847621953589314267326597814714862539935246781278153496461978325,6,WWing
800001000032006050150030008000000000000760002900085007004000700200900061090200000,849571236732896154156432978467329815581764392923185647314658729278943561695217483,6,XYChain
100890560200070030009500000000000700801007056970050302400000070507008640013000005,134892567285176439769543128352689714841237956976451382498365271527918643613724895,6,XYChain
000040000000080019000100500700000035000061000060002078007006000410000300308050000,179645823645283719832179546721894635583761492964532178257316984416928357398457261,6,XYChain
040301060500600000608000700000000039002040100030000500050024080000000005380000040,749351268523678491618492753465217839892543176137986524956124387274839615381765942,6,XYChain
004300000300098001082410050806504000749000000000901060000040003020000000408105029,174356298365298471982417356816524937749683512253971864591742683627839145438165729,6,XYChain
006359080930010020800020000000001300080200005000630009040000170000000030050000000,276359481935418627814726953497581362683294715521637849342965178169872534758143296,6,XYChain
000000803000048005070090040403070000500000027006102400000005082200800700140000000,964251873312748695875396241423579168591684327786132459637415982259863714148927536,6,XYChain
700010008003057010000000300106205090050700006090086503200040005560008200930500700,729613458643857912815429367176235894358794126492186573287941635561378249934562781,6,XYChain
090000000000000708042183006000059400005040009060700001080000200170005004004800100,698574312351962748742183956217659483835241679469738521983417265176325894524896137,6,XYChain
705008040090070000006000005050010000004500090809300020000001203008000070300400000,715628349493175862286934715652719438134582697879346521947861253568293174321457986,6,WWing
900008000100900200580760009020040030007500401000000000000070500000003100001080062,972318645163954278584762319625841937837596421419237856246179583758623194391485762,6,XYChain
008000060301080900020045000002109006000007002560000040904800000080700000000000001,498371265351682974726945318842159736139467582567238149914823657285716493673594821,6,XYChain
600500004030080205007000001523018000080000002700300000001209000075040000002060098,618523974439187265257496381523618749186974532794352816861239457975841623342765198,6,XYChain
601900203000072040000000090800100300060200000300050008000000850400020030200008600,671945283983672541542831796854167329169283475327459168796314852418526937235798614,6,XYChain
406000200050000600000006100000000005010230000900075000800000040030009000072010098,486351279351927684729846153267198435518234967943675812895762341134589726672413598,6,XYChain
001600504300900000000000010500081006030000000000000700042070080000000200806004009,981627534374915862265843917527481396638792451419356728142579683793168245856234179,6,XYChain
060130008005200037007000000009000000530760000070003000000000026700500401090080050,962137548815294637347658912629815374534762189178943265451379826783526491296481753,6,XYChain
060420001000700200020603870098074000107000000042000000070030096000510030000000000,763428951854791263921653874698174325137285649542369718475832196289516437316947582,6,XYChain
000069003000208000000000100605001004000000009002005370021000000950000087708040000,587169243314258796269473158695731824173824569842695371421987635956312487738546912,6,XYChain
500004002090050080080260090040001350000700000000540020069000807800000540000000009,513984672692157483784263195247691358158732964936548721369425817821379546475816239,6,WWing
900602000020340090000050000000400003010208500000000610000000009500020040600809700,973682451125347896486951237762415983319268574854793612238574169597126348641839725,6,XYChain
000200000000098030258001007500000096000020700006050803031900605670100000020060000,963275148147698532258341967582713496394826751716459823431982675675134289829567314,6,WWing
001500903600000105000081740000300001083020000002000098000870600000009500070102030,721546983648793125359281746497368251183925467562417398235874619814639572976152834,6,WWing
008006001510000000027000003000070590300620000050008072000081000803000040000007009,938756421514239768627814953281473596379625814456198372742981635893562147165347289,6,WWing
602050100700610840100890600000109000000020081000004709023070000000000900801040020,682453197739612845145897632357189264496725381218364759923578416564231978871946523,6,XYChain
080000000103590008000000009010460030007000000000080094040720003700000521029610000,984376152173592648256841379812469735497253816635187294541728963768934521329615487,6,XYChain
700000900930504600000020040000600000000300010000008095480150000006009002007000030,742861953931574628865923147318695274529347816674218395483152769156739482297486531,6,XYChain
190006800000000000000007320300200000040000080710005000800900704030400000000000056,192346875573128469486597321369284517245719683718635942851962734637451298924873156,6,XYChain
000201603062040087000000050805009040619000000000000005001002000000063074500400000,457281693962345187183796452875629341619534728324817965741952836298163574536478219,6,XYChain
000020170008003000000000050803902000020040000100000009060107500900004003010000080,635429178278513946491768352853972461729641835146835729362187594987254613514396287,6,XYChain
009067000100000900036082700400000000000090208000070040203000005000005000070000160,849167352127453986536982714458321697761594238392876541283619475614735829975248163,6,WWing
306000000008000067000070310200090040000201000500800906090030001000004700010002080,376415892158329467942678315267593148489261573531847926894736251625184739713952684,6,XYChain
000500000097000008100073005700000000080000206006130070200006093040780050000000100,832594761597612438164873925719265384385947216426138579271456893943781652658329147,6,XYChain
000280017040000002000076009032000040100002000009050000374000000600010025010300080,953284617746931852821576439532798146187642593469153278374825961698417325215369784,6,XYChain
890740001700005400000600080000000142372000068000058000200090000480500000010000700,893742651726185439541639287958367142372914568164258973237496815489571326615823794,6,XYChain
046009500200800000100000070000050930000006000004000060980400000000030010730010200,846179523273845691159623478618754932527396184394281765981462357462537819735918246,6,XYChain
000209600934000000000000008050040800000073010000000005005014900008900040006000002,581239674934867251627451398759142863862573419143698725275314986318926547496785132,6,XYChain
700600100060001000000380004048000300050000007900800000000000402000006090204930650,783694125469521873512387964648752319351469287927813546896175432135246798274938651,6,XYChain
000200000091000004006000230005316908000507020000000300800700012702900600030000000,348271569291635784576498231425316978983547126167829345859763412712984653634152897,6,XYChain
200010905030070000000000400900700100300002000700000006000090601080100000407008200,276814935134579862895263417958746123361952748742381596523497681689125374417638259,6,XYChain
010400030030500149008000000900000506040000090000269000090002000000103970057800060,519427638732586149468931725923748516846315297175269483391672854684153972257894361,6,XYChain
005003090200100783006000000007000060300200000900030051000400000070602009002089600,185723496249156783736948125827591364351264978964837251693475812478612539512389647,6,XYChain
008090075001056000004007000532900100900200030000000000000000001020040003005069080,268193475791456328354827619532978146986214537417635892643782951829541763175369284,6,XYChain
007009600200080004510000008000000100103006072000302000009100800600200000300090001,837429615296581734514763298962847153183956472745312986429135867651278349378694521,6,XYChain
068005000020007530000100000050000700100706005009002300910080070040200051700500000,368925147421867539597134628256318794134796285879452316915683472643279851782541963,6,XYChain
600000005030090700000008020005060104190000507708000000000040000000106002000280049,687421935432695718951378426325769184194832567768514293276943851849156372513287649,6,XYChain
200934500000007000900060200003010080005403000020080600000000000007000429504009001,278934516456127893931568247743612985865493172129785634692341758317856429584279361,6,XYChain
008920000010800079000000000000130006480005000005640200000000060000402000240300780,678923154312854679954716823729138546486295317135647298893571462567482931241369785,6,XYChain
801006030070032060000005010530000000190807000000000008000200047200090600009500200,851946732974132865623785419538429176196857324742613598315268947287394651469571283,6,XYChain
000004080000082000000100003603000007050608000002300060200061870040070210900820400,197534682364782591528196743683249157759618324412357968235461879846973215971825436,6,XYChain
006035000109000700000007000900020050000003000000100804200006103000000048051080006,876935412139462785425817639914628357582743961367159824248596173693271548751384296,6,XYChain
004000010020000400001250086090075068000090000840003000000000053070300100200000840,584936712629187435731254986192475368356891274847623591918742653475368129263519847,6,WWing
100003000600078001008010000000004059009000630510000700020005386300600910060301042,192463875653278491478519263736824159289157634514936728921745386345682917867391542,6,XYChain
300070000070008010800942060000000521060210000080500900640000003000600250000000000,324176895976358412815942367437869521569214738281537946642795183793681254158423679,6,XYChain
000060000000500000378000900640700018000000000890400007060047000083000001001030040,954368172216579384378214956645793218137682495892451637569147823483925761721836549,6,XYChain
009700000000510800040000051200080507050900100000300600700000030006090004000000000,519738462362514879847629351293186547658947123471352698724861935136295784985473216,6,XYChain
500070004006900500100026080020040000650800002001062070000003400000010000032000000,593178624286934517174526983328745196657891342941362875719253468865417239432689751,6,XYChain
400007020000000065203000004000829007000000400000301009004080500860190000000200801,456917328918432765273658914645829137391576482782341659124783596867195243539264871,6,XYChain
000100050060900304000460000014830000700000830000000001000000920809052000057000006,498123657562978314173465298914837562726541839385296741631784925849652173257319486,6,XYChain
009402680300706200000900000002000075908000010000004000000019804050000700094670100,579432681381756249426981537612893475948567312735124968267319854153248796894675123,6,XYChain
005790002064000908002000060001460003650020047000350006508000000040810005000000010,185796432764132958932584761821467593653928147497351286518679324249813675376245819,6,XYChain
200000300600900001007000005005800000006013400070002000008070000000000590001246007,219465378653987241487321965135894726826713459974652183348579612762138594591246837,6,XYChain
000000020097040000200080050000006100006950000704200000000430002940000530503000006,485391627697542318231687954329876145816954273754213869168435792942768531573129486,6,XYChain
000008000018000006002003095100000080009000507007040900000106204000400300700820000,596278143318954726472613895153769482249381567867542931985136274621497358734825619,6,XYChain
900000001001020040005904020080590000000040003024030008100700080000000650400000000,942675831761328945835914726387592164519846273624137598196753482273481659458269317,6,XYChain
007060509000000020850000000760090000003007000005320060090000310014508700000000002,147263589639785124852149673761894235923657841485321967596472318214538796378916452,6,XYChain
000040001000200000980070004200000150500104600070000000000030000098000002040506700,326945871417268395985371264264793158539184627871652943752839416698417532143526789,6,XYChain
000080120832700004000000007204000060079006450000900000097460800100070040400005070,745689123832751694961324587214538769379216458658947312597462831126873945483195276,6,XYChain
067001003084020070030000000020000080000000900905800006300700060000904200700010308,267451893584329671139678452623195784418267935975843126341782569856934217792516348,6,XYChain
500009460087006000020000097000007154800051000000000003000020609000600300106005700,531279468987546231624183597269837154873451926415962873358724619792618345146395782,6,XYChain
864000000009002000003000010102700090000001000080003040600050807000067009900100005,864319752519672384273845916142786593395421678786593241631954827458267139927138465,6,WWing
976040000000870090014020000003600009090250400100000070000008001000960307360000920,976145832532876194814329765243687519697251483158493276729538641481962357365714928,6,WWing
000020017090800000000075009003000800200000006075002194500041000907000028006090000,854629317792813645361475289143967852289154736675382194528741963917536428436298571,6,XYChain
008060002460500078510000040004000709380100000000300805001000020250000003000009600,938764152462513978517928346124685739385197264679342815891436527256871493743259681,6,XYChain
500068000006000000428000160800000000040010300000300950090007001750020000000100274,519268743376541892428739165837952416945816327162374958294687531751423689683195274,6,XYChain
053000109001509003000007000100200400940070050700080001080300700000002005000000060,653428179871569243294137586168253497942671358735984621589346712416792835327815964,6,XYChain
790000004003102008002070900080000006000000000500386000000069210120405000000000009,798653124453192768612874935984521376236947851571386492845769213129435687367218549,6,XYChain
008400625790020030000050100872000010963004082500000060000031800000800000000009003,318497625795126438624358197872963514963514782541782369459231876236875941187649253,6,XYChain
080649010020010956000300070000008165800000000710000834900400000300080691000000042,587649213423817956691325478249738165836154729715296834952461387374582691168973542,6,XYChain
400710000005004003000800700500007060060300000009500000210000045600000017004020000,492713586785964123136852794541287369867391452329546871213678945658439217974125638,6,XYChain
060000030400007020000100904086000000000061370002004001003079600000000000070008019,861942537459387126327156984186723495945861372732594861213479658698215743574638219,6,XYChain
002801007000600803001000020500009200300007500004000030000306080210905060900000000,632891457759624813841753629587139246326487591194562738475316982218975364963248175,6,XYChain
020400065009000000037008000000000008008207000002005004000040900600010003000000801,821479365569321487437658192956134278348267519712985634185743926694812753273596841,6,XYChain
000209080000005000096870000000000543407600000000000600009020001080900075000301200,345219786871465932296873154628197543457632819913584627539728461182946375764351298,6,XYChain
700305000369000070000600100090000000000591002004000058050080009000002060207010400,718345296369128574425679183592834617876591342134267958651483729943752861287916435,6,XYChain
500100309160000070020030060090000000005300002280000400000067000000058700802000000,547126389163849275928735164394672518715384692286591437451967823639258741872413956,6,XYChain
000950032000007060000400090409060000006100000570002400700000800020000005065000009,841956732952387164637421598419563287286174953573892416794635821328719645165248379,6,SimpleColouring
000000682000012000300090400002040003830000709000005000700008094900020070000004008,194537682586412937327896415612749853835261749479385126763158294948623571251974368,6,XYChain
402300000600720000900500017004000002000030000001056030050970000028000000000600003,472391865615728349983564217534817692267439581891256734156973428328145976749682153,6,XYChain
680000000200043007000007000004200001100400050800600030005000003400000000310005002,687592314251843697943167528564239781139478256872651439725914863498326175316785942,6,XYChain
006000080080670020000013500800060300000000408060108005040000000002590000035000700,716425983583679124429813576854962317291357468367148295948731652672594831135286749,6,XYChain
750401000000030000200050000080000600060200087000100940630000700904008000070040000,756421839841639572293857416489375621165294387327186945638512794914768253572943168,6,XYChain
080509030006080000097120000209050100000000050000004090610208470970000200000701006,482579631156483729397126548239857164841962357765314892613298475978645213524731986,6,XYChain
500003000800524000600000100900000000006040709037800020305900001000070906000000500,574163892891524367623798154982657413156342789437819625345986271218475936769231548,6,XYChain
000001000700600580002000074080002003400900000003870000010000040605308000000090031,954781326731624589862539174587142963426953718193876452319267845645318297278495631,6,XYChain
740000000050840003006000000085001000401000000060000020009300540000052001020006039,748693215152847963396125784285731496471269358963584127619378542834952671527416839,6,XYChain
508000910060030000000900608070000030000702050000046000004060000103590000006000105,528674913961238547347915628472159836639782451815346792254861379183597264796423185,6,XYChain
700000580000280003010000004250804000047090200000000000000308060800040052460027809,732469581594281673618573924251834796347695218986712345129358467873946152465127839,6,XYChain
020005000408003000100609700007000009310700600800240001001900000000500892000000000,926475138478123956135689724647351289312798645859246371581932467763514892294867513,6,XYChain
040000000000002038008090002070000000201087009000940057005760004900800100000510600,142378596697152438538496712479235861251687349386941257815763924963824175724519683,6,XYChain
070102009052060000006050000100040307039500006020080000000000871000008250000010000,478132569352967148916854732165249387839571426724683915593426871641798253287315694,6,XYChain
079346500000010000460000300806950002000000000000068700000001400040090036700000000,279346581358219674461875329836957142517423968924168753682531497145792836793684215,6,XYChain
000005109890000070005000204060170000700000000300002040003600000000054000050329001,647285139892431576135967284564173928729846315381592647973618452216754893458329761,6,XYChain
900800004200540007000009100000070902007000030019003000800000500000004000040200083,973812654281546397564739128358471962627958431419623875832167549795384216146295783,6,XYChain
607000002400029806003800000070006000009001374000000060508000400300040710000900000,687134592451729836923865147174396285869251374235487961518673429396542718742918653,6,XYChain
070000003104030000006200010008104000001000967009300000000007080000500000045600002,872961453154738296396245718768194325431852967529376841613427589287519634945683172,6,XYChain
560070000003000400947000001000607350000000200008540009000264790000901500400000006,561478932283196475947352861194627358356819247728543619815264793672931584439785126,6,XYChain
000009504960510000000760000000070240040200700820030001056800003000000006004000020,172389564968514372435762189593671248641298735827435691256847913789123456314956827,6,XYChain
006587000090430000003060000971004300604000500000000070008200009060000083009000701,146587932895432617723169845971854326634721598582693174318276459467915283259348761,6,XYChain
800000400000000706000003005090000300400570020700010000009026870102084000080000200,851697432324851796976243185295468317413579628768312954549126873132784569687935241,6,XYChain
004010790000027003000600000903000472000002005000900000600070300700100508031008000,824315796596427183317689254953861472168742935472953861685274319749136528231598647,6,XYChain
400000006000700050900480000000007308034000100020000900010030000003052790000900003,472195836381726459965483217196547328834269175527318964719634582643852791258971643,6,XYChain
300600014010830026200000005020000000003750062670900400708300009001007008030086040,397625814514839726286174395829463571143758962675912483768341259451297638932586147,6,XYChain
007005902024030000900007004070510000401600705506072000005000097800090000040000300,317465982624839571958127634273514869491683725586972143165348297832791456749256318,6,WWing
008002300000003000901406000750060010002000600090027000470100060000000500009000008,568712349247953186931486725754869213382541697196327854475138962823694571619275438,6,XYChain
080050000009081400000003090007090205960000000000012006070030004054000320800004070,486957132329681457715423698147396285962845713538712946271539864654178329893264571,6,XYChain
000006000000014085008200091002003006305000002400000000060020409003040100500008023,251986374639714285748235691192873546375469812486152937867321459923547168514698723,6,XYChain
081400730000000009000050062004020807090500000010047000700090048020000090000800200,281469735576213489943758162354926817697581324812347956735192648128674593469835271,6,XYChain
000800601627400300000000040900003000030008092045000000000502000080000037070004005,459837621627491358318265749962153874731648592845729163193572486584916237276384915,6,XYChain
400002380070000605900000000190200000000080901020097000600053700040020060001000000,416572389278319645953648172194236857367485921825197436682953714749821563531764298,6,WWing
005039200030000040000000007020980000000053000980200600000000500060490008804760090,745839216132576849698124357526987431417653982983241675279318564361495728854762193,6,XYChain
000000002000100000230005070010090680008000300000040705700010400903057006600300000,156738942879124563234965178517293684498576321362841795785612439923457816641389257,6,XYChain
030158000060000009000030000000040008200000060400805700300000140007000005004062800,932158674865724319741639582173246958258973461496815723329587146687491235514362897,6,XYChain
000012000308090005000030060060070003002000046000000750000069004030000090620004010,546712839318496275297538461164275983752983146983641752871369524435127698629854317,6,XYChain
403000080001900023000006000009000507004250030008000041000700000002504008000098400,493127685681945723527836914219483567764251839358679241845712396932564178176398452,6,XYChain
080500070200030800357006010045009600000300700030070050009040007070000208060003000,984512376216437895357896412745189623192365784638274951529648137473951268861723549,6,XYChain
709002060300000950020000000004900500500070010000040006000083090000601030000290008,759812364381764952426539871174926583562378419893145726217483695948651237635297148,6,XYChain
050001004019073000300940001900100600008700409000006050290067000000000003700309020,857621394419873265326945781974158632568732419132496857293567148685214973741389526,6,WWing
590803007000760000040000600038400060900000100600070009000087925200901840800000001,596843217381762594742519683138495762974326158625178439413687925257931846869254371,6,XYChain
780069004036000000041380900108073000004090120000000007000000002000530080410007060,785269314936741258241385976128473695574698123369152847857916432692534781413827569,6,XYChain
003049170100000250005000000004300080017020000060000090000470000090103006000006000,623549178189637254475812369954361782817925643362784591236478915798153426541296837,6,XYChain
810070000005080000000300050061002005000040000028000901080000070000000009170265040,812574693345689217697321854761932485953148726428756931586493172234817569179265348,6,XYChain
700060005030405009010000000600000010000000000802190400050207000009000070000840003,784962135236415789915378642693584217541726398872193456458237961329651874167849523,6,XYChain
009006004310004060000000000800450200490600007006000000530000000040901008000700300,759326184318594762264187953873459216495612837126873495531248679647931528982765341,6,XYChain
030000600800007040020035001006049700090000000000000500709000210080090000052700060,537418629861927345924635871316549782495872136278163594749356218683291457152784963,6,XYChain
008001040050200000010009802100000003003600010060015000070960000240000005000000920,928751346354286179716439852197824563583697214462315798875962431249173685631548927,6,XYChain
017008600020060300800300009208003000400800070000950000000000006102005007070000900,317598642925467318846321759268743591459816273731952864584279136192635487673184925,6,XYChain
000000904000236000107400000069700003000090000001600405000040500903100700500007009,326571984894236157157489236469715823285394671731628495678943512943152768512867349,6,XYChain
020000008040021300700080000000059060000100002010070500004000000068005040009600073,523467918846921357791583426437259861685134792912876534174392685368715249259648173,6,XYChain
203040008040307025007002040006000802002050900000009063800204500034900000705801400,253146798941387625687592341496713852312658974578429163869234517134975286725861439,6,XYChain
000907006906003250000800090630200140007000000000050300100070500090031000003000000,851927436976143258324865791635298147287314965419756382168479523592631874743582619,6,XYChain
150090800800000900030006004004300008600010000000964003000042070090000005000000200,156493827842751936739286154914327568673815492528964713385142679291678345467539281,6,XYChain
297000004000007000160000000309020100650081007000005900000003005900000310000140000,297318564543267891168459723389724156652981437471635982716893245924576318835142679,6,WWing
350006280070090400000000000805700060700003510200000000000120030030908600400000020,359416287178392456624857193815749362796283514243561978967124835532978641481635729,6,XYChain
040502030060000001009000200200000090000030000105009020600080000000305800300421000,841572936762893541539614287273156498496238175185749623614987352927365814358421769,6,WWing
081500004020043007400001050004005000210000500900030068096020013000006970000000000,781562394625943187439781652864295731213678549957134268596427813342816975178359426,6,XYChain
086902070007000080030000400003200006050000000700000309000004000000705040100026005,486912573917543682235687491843259716659371824721468359598134267362795148174826935,6,XYChain
000400080080023000000000305008600010201000070700504030100007890500000000076040000,312465987985723461647891325438672519251938674769514238124357896593186742876249153,6,XYChain
264008009007200800010390000100000000072009081400020670000060305000107000020000097,264718539397245816815396724138674952672539481459821673781962345943157268526483197,6,XYChain
000095800600430050001602040000000020040306009702004000037000006150000230006500000,473195862628437951591682347369871425845326179712954683937248516154769238286513794,6,XYChain
600850007700000603001300480000140000003020800900680300070400000310000250002000000,634859127785214693291376485826143579153927846947685312578432961319768254462591738,6,XYChain
000908000000460000102005000050600709040000000200080040009020080060070014000000000,674918352935462871182735496851643729347291568296587143719324685563879214428156937,6,XYChain
000000060000271085002600013000002100000405006109060002936000000005006800010300007,571938264364271985892654713653792148287415396149863572936587421725146839418329657,6,XYChain
020490005009000000010502037500108000801000700000030020000604000005007080600000000,726493815359871642418562937572148369831926754964735128187654293295317486643289571,6,XYChain
080000020000000690009040001030002700501004000000030046800700004060000000004900265,187596423345218697629347851436852719591674382278139546852761934963425178714983265,6,XYChain
075200000043000500900070008600428097080000000300100000002000605030500004008000030,875294163243816579916375428651428397784639251329157846492783615137562984568941732,6,XYChain
004002089070000000500700010000000206003097008000800035007028000010000000008350060,134562789876149523529783614981435276653297148742816935467928351315674892298351467,6,XYChain
000000500000050008070090020500000001380020700002009304700000000020500060000836000,931268547246357918875491623597643281384125796612789354768912435123574869459836172,6,WWing
009000400030500000040802000900600000001070000020100800280007904300000007090000560,819736452732541698546892731978623145651478329423159876285367914364915287197284563,6,XYChain
080020030000003075000578000201000050000097000003400001740000000060085700002000000,587924136924613875316578294291836457458197623673452981745269318169385742832741569,6,XYChain
008020460301650000000000000100900000000018004009000050002007800060580001700000009,598721463371654928246893517124935786657218394839476152912367845463589271785142639,6,WWing
040000002502090016060020900000806070008040000050000400300200700009005024000004001,947618532532497816861523947423856179798341265156972483314269758679185324285734691,6,XYChain
000600300003704002210800000000000250600040001300009086000000010004018700020000000,475621398893754162216893574941386257687245931352179486739462815564918723128537649,6,XYChain
800006001000209000030080060060050027400008000900000000750000030304000000000402900,849376251516249783237185469168954327423718596975623148752891634394567812681432975,6,XYChain
304006082090050730000020005005700000000800060070630100100003500008001006000000000,354176982692458731781329645265714893413895267879632154147963528928541376536287419,6,XYChain
000000200000003700020015004030009070600200090008000150200070610090000000500060000,854796231169423785327815964432159876615287493978634152243578619796341528581962347,6,XYChain
000008007050000840081730000509070600000900080030050700014009000006000004000000203,962548317753291846481736952549872631127963485638154729314629578276385194895417263,6,XYChain
846005030050040020100000004000702008001000302000860000012070000078020490305000000,846215739957348126123697854564732918781954362239861547412579683678123495395486271,6,XYChain
000000103000706000050000900807040000000030020002800051000002040400300700789000000,274589163193726584658413972817245396945631827362897451531972648426358719789164235,6,XYChain
700100800000000502260030000000005087000267105000000004092004000030600091800000000,754129863389476512261538479126345987948267135573891624692714358435682791817953246,6,XYChain
000090000000826000003000700070000300050017002090004000040250080200030009000001400,584793261719826534623145798471982356856317942392564817147259683265438179938671425,6,XYChain
305000000007200008080050070004070000030000009700001402800006250000100084000400300,315748926697213548482659173164972835238564719759831462841396257973125684526487391,6,XYChain
002300008800050000000090057000400005400200100005100206098000030006937000010000060,572346918839751624641892357123469875467285193985173246798614532256937481314528769,6,WWing
050400000600570010003000000060000703040090008080050096000000070010780060000009020,951428637628573914473961582569812743342697158187354296895236471214785369736149825,6,XYChain
030000000050004160001900207700005000000109700060030502000408000503000000020010000,637281954259374168841956237712645893385129746964837512176498325593762481428513679,6,XYChain
300000900902006000408002036000000402000070300200041590005020000000050170080400000,361784925972536814458912736517693482849275361236841597795128643624359178183467259,6,XYChain
000500200580000100400007003000040000160000009000000506906004031005006000001903040,617538294583492167492167853259641378168375429734289516926854731345716982871923645,6,WWing
300054090040380700800000000010090000006040070000006003007010020081000900000002007,372654891145389762869127534714293658536841279928576413697418325281735946453962187,6,WWing
000000007500102030000490600090800500403000000000007916000004002005208469020900000,341685297569172834782493651697821543413569728258347916936754182175238469824916375,6,XYChain
000000000050706204000000079032009000005310700000080003000002400208000500006030010,789423651351796284624158379832679145965314728147285963513862497278941536496537812,6,XYChain
090000002207600001360012740000000037030900208002003000009000500480020000070149806,198437652247695381365812749956284137734951268812763495629378514481526973573149826,6,WWing
000100020000069010057000086000000000869030000273500800020000700040000060000790000,698157423432869517157324986514978632869432175273516894921643758745281369386795241,6,XYChain
000804000900000830000290160090010000000408600080023005706150040800000700050000000,261834579945761832378295164493516287512478693687923415726159348839642751154387926,6,XYChain
080005030200040090605023100050000000106802079029004000000081900000207001860409000,487195236213648795695723148358976412146832579729514683572381964934267851861459327,6,XYChain
300000000000428900000000700050000279090001030000600005000700020006003180028000000,364917852715428963289365741651834279492571638837692415143789526976253184528146397,6,XYChain
000003000300870206000590100000082000008007000200630010090005000107068509450000068,685213974319874256742596183531482697968157432274639815896745321127368549453921768,6,XYChain
080400005001030090060800001300000000000000006009010700200073169000102007000090000,983461275421735698765829341372986514814357926659214783248573169596142837137698452,6,WWing
009000300020003000083020904500000080200407000040100000090500010000004060610000002,469875321125943678783621954571239486236487195948156237894562713352714869617398542,6,XYChain
000509000840006200000200004200800306000070000060020901900000400000050008038000600,721549863845136297693287154254891376189673542367425981972368415416952738538714629,6,WWing
000090000370000402508001000420005800000800035000900000210006008700000120000500700,642397581371658492598241367423165879169874235857923614214736958735489126986512743,6,XYChain
659400708010807400000006030105000009097060000400000060800230105000000003503008000,659423718312897456784516932165782349297364581438951267846239175971645823523178694,6,XYChain
000040506090000020801000040000030008000002400006910700000400205074060000000190000,723841596495376821861529347152734968987652413346918752619487235574263189238195674,6,XYChain
010006000032000007000200005000000070000570039008000500004090300900705600060001004,817456923532819467496237185359124876641578239728963541174692358983745612265381794,6,XYChain
090000300001092004600000002070000800400006100109007000000400010020380007007009030,792654381381792654645138792276513849458926173139847526963475218524381967817269435,6,XYChain
000050901200009000000100805600074000090008007071300580006200008800000000009000642,768453921215869374934127865683574219592618437471392586146235798827946153359781642,6,XYChain
050000040000070021000005307060080000097000803300040109109200004000000000006300000,752831946683479521914625387561983472497512863328746159179258634235164798846397215,6,XYChain
200080039400050600000000740003007000580600001000200000000145300900000000030000407,257486139491753628368921745623517984589634271714298563876145392945372816132869457,6,XYChain
300051800006084000400700000050007083000300092100000000040000000002005007000000036,327651849596284371481793625259467183674318592138529764943176258862935417715842936,6,XYChain
043000090200000006005100030007006428004007000300900050000502340000000009020600000,143768592298435176765129834917356428654287913382941657876592341531874269429613785,6,XYChain
100092050702000006030050701005300000000070000000104090000000670009006030500000809,168792354752413986934658721685329417491875263327164598243981675879546132516237849,6,XYChain
000789002000000039000010704062000905590600000034000070008020400003105200000060000,345789612187246539926513784762831945591674823834952176658327491473195268219468357,6,XYChain
709000000000006000600503000000900304001004870008000000010029087006010240020060013,739142568145896732682573491267981354391254876458637129513429687976318245824765913,6,XYChain
000020000300108040050600100000430020600015000010900003000200000190000706065007000,841729365376158249259643178987436521623815497514972683738261954192584736465397812,6,XYChain
000000009800694000605002801400000200100029038200003500020008174000040002000010600,742851369831694725695372841453187296167529438289463517526938174318746952974215683,6,XYChain
600500010000000800097004000009200053350100960070300000000000130000000086000006070,648529317235671894197834625419268753352147968876395241564782139721953486983416572,6,XYChain
005036100097840050000500000430000507060000001000480020000100400006000018000908300,845236179397841256612597834439612587268753941571489623783165492956324718124978365,6,XYChain
040100500980000070003020000000200050700043209002800007000508000600000040010070000,247189563981365472563724981136297854758643219492851637324518796675932148819476325,6,WWing
100000003089700000400283070000350000000004060604000008062005900000000005700600000,127569843389741526456283179278356491591874362634912758862435917943127685715698234,6,XYChain
060010000801305400000004800000000070003406100092080000000000000006037500030090021,469812357821375469375964812648159273753426198192783645287541936916237584534698721,6,XYChain
207000040000103700098600000002700004030000000900001200063002007040008100000506000,217985346456123798398647521582739614631254879974861235863412957745398162129576483,6,XYChain
300001050000070006100504000006040000050000260800003007000026300639010700000700001,367891452945372816128564973716249538453187269892653147571926384639418725284735691,6,XYChain
020091050007050000900000301000000020032070005000029703040000578010008064600040000,324891657167453892985267341791385426832674915456129783243916578519738264678542139,6,WWing
100200009024010000800700000010000090250030600600000070030060020000500003000900017,175246839924318756863795142318674295257139684649852371531467928792581463486923517,6,WWing
700010302000407000900000008800000070042003100070001200001802000000030000030796000,756918342183427596924365718815249673642573189379681254461852937297134865538796421,6,XYChain
020000000045960030009305008008000090000100072700006400000000020000050000062078350,321784569845962137679315248218547693456193872793826415587631924134259786962478351,6,XYChain
000802000050060000092000000007100302500700060000020000040050130010908050000001678,674812593351469827892573416467195382523784961189326745248657139716938254935241678,6,XYChain
007090040040000000100800003070400500000580006060000010815760030090100000600000200,387695142246371859159824763973416528421587396568239417815762934792143685634958271,6,XYChain
000200050005090000020000007306000970700000600501600023007060000000037108003800009,974213856635798214128456397346182975792345681581679423817964532269537148453821769,6,SimpleColouring
700900600001008000006300519007109004948065000100000006009010040270000005000703900,752941638391658427486327519627139854948265371135874296869512743273496185514783962,6,SimpleColouring
006010000720009035000700090900000040000040800500003009008062000009000080470000000,896315427724689135135724698983256741267941853541873269358162974619437582472598316,6,XYChain
020100000000030097050008000072000640036001520004800000060003050003002010080000300,329167485618435297457298163172359648836741529594826731261973854743582916985614372,6,XYChain
056009002403001970000005100905000840020004000804000000000900087508000200600100000,156789432483261975792435168965372841327814596814596723241953687538647219679128354,6,XYChain
000000600027500900050080420000050032002004000860000000000801000700020006003040050,398472615427516983156983427974658132532194768861237594245861379719325846683749251,6,WWing
350000008020000060700860023900004600040000309002000000000030050000040201030217004,356492178428173965791865423983754612547621389162389547214938756879546231635217894,6,XYChain
470000000000340010006000000012039007300800000008060002093000705000000030020000806,471986253285347619936251478612439587359872164748165392893614725564728931127593846,6,XYChain
040097020090080600300000000008400200000000009010039000000051090600000400200004570,845697321197382654326145987978416235563728149412539768734251896659873412281964573,6,XYChain
406008030000063000083020090000000000270000005900605724000002650060007203010000940,496758132125963478783421596658274319274319865931685724347892651569147283812536947,6,XYChain
431008200000200610090003000010065700007030000600000800100350000065090020003000004,431678295578249613296513487312865749847931562659427831184352976765194328923786154,6,XYChain
005000090000000308030002000002001060800000020004000130000079000080510207053040000,165387492927465318438192576392751864816934725574628139241879653689513247753246981,6,XYChain
000000006400900057000340890790000060000000010502008009005069000040080000003000670,319857246428916357657342891791234568834695712562178439275469183146783925983521674,6,XYChain
508007000002094100000200080060000900300100400000030006050060000000002005007000004,538617249672894153149253687764528931395176428821439576453761892986342715217985364,6,XYChain
030050009005000000600408000000876000009000000100004062800065310002700900000300000,238157649945623871671498253523876194469512738187934562894265317352741986716389425,6,XYChain
208000047014025060000000000402068000003004020060000000000003080050090002800000001,238619547714325968695487213472968135983154726561732894127543689356891472849276351,6,SimpleColouring
300000000000008400002430507070200009600007003050000000910000000047100300000900081,364725918795618432182439567473261859629857143851394276918573624247186395536942781,6,XYChain
010008000760020900090700050004001020000003800836000700000500000000010240000060005,413958672765124938298736451974681523152473869836295714621549387589317246347862195,6,XYChain
065000080200000000087106020000005010004930006000600270000090300900000000000007005,165329487249758631387146529628475913714932856593681274871594362956213748432867195,6,XYChain
070000800040603000000008092090300000002000700480070000900500030006200105001000000,579124863248693571613758492197365284362841759485972316924517638736289145851436927,6,XYChain
318650000060290080009003600840700000000410000025006700400000800007000000100000370,318657429764291583259843617841725936673419258925386741436172895587934162192568374,6,XYChain
000402000004010009901306400020008003500000020600001090430000000002100050100253000,386492571274815639951376482729548163518639724643721895435987216892164357167253948,6,XYChain
000007040010804030300090008000000800400053009050901300080000005006340000900500000,892137546715864932364295718139426857428753169657981324283619475576348291941572683,6,SimpleColouring
000071000000500000304000007060000050700030602083000001000007900802304500500260000,629471835178523469354986217961742358745138692283695741416857923892314576537269184,6,XYChain
300001070009070000700900084080205300900008006001000800005003000006000000000400029,368541972149872563752936184687295341934718256521364897495623718276189435813457629,6,XYChain
079510003600000500000300012060000000740009326002000004003050207080940000000000090,279518463631294578854367912168423759745189326392675184913856247587942631426731895,6,WWing
008005009050600300040070100780300040004090005900000260000000007070000530000080000,168435729257619384349278156782356941634192875915847263821563497476921538593784612,6,XYChain
500062004720000000008005000860570000030000100000008500006340008000900070180000309,513762894729834615648195723861573942435629187297418536976341258352986471184257369,6,XYChain
089000003105200000030070005000900000023408970001007058008005060000360080060702000,489516723175293846236874195857921634623458971941637258798145362512369487364782519,6,WWing
000100000408000060030026005000005030013000000000802500009000600000004017601000940,956148273428357169137926485892415736513769824764832591349271658285694317671583942,6,XYChain
001000000060039070000825000000042005300000700270006000980060050040008002000000600,821674593465139278739825146198742365356981724274356819983267451647518932512493687,6,XYChain
000090304530100000649000000000870000200000400087040600010009008000700050000613000,172598364538164972649327815964871523251936487387245691716459238493782156825613749,6,XYChain
300105000000000100070000540006400090190000004704020300000710000063540810400003009,342175968589634172671298543236481795198357624754926381825719436963542817417863259,6,XYChain
230600100000402005007005006100000509000000043090008060300170000900040000400000002,235687194619432875847915326123764589786591243594328761362179458958243617471856932,6,XYChain
000400360800702005005100000301000080020600000500020700002800034009050076600070010,217495368846732195935186427391547682724618953568923741172869534489351276653274819,6,XYChain
006020000000090030205700000701004000000000080000006105900607001004003650000000040,496321578817495236235768914781954362569132487342876195953647821174283659628519743,6,XYChain
000000509504000028010800003070000900000403200395010000000070000000105000100068050,738621549564739128219854763472586931681493275395217486956372814823145697147968352,6,WWing
008020000040000060203040001000000073400700100709518000001000400000250000002001907,518326794947185362263947581125694873486732159739518246691873425374259618852461937,6,XYChain
003040006800020050062800000130004800004060025000000071208010000000007040007500000,593741286871623954462895137135274869784169325629358471258416793316987542947532618,6,WWing
000000003614003000200418000040980100920005030060020000073001090000000000190000250,785692413614573982239418567347986125928145736561327849873251694452869371196734258,6,XYChain
050009146200000090000840000100020080008000700000050324060005000002400000900710000,857239146214576893639841572145327689328694751796158324461985237572463918983712465,6,XYChain
900060370003042000000007000000006005004200000080000009000000900570100604409080201,948561372713842596256397418327916845194258763685473129831624957572139684469785231,6,XYChain
700006000020005006530002010100500630007000000050000087000000300010047090000009024,749186253821435976536792418198574632367821549452963187974258361213647895685319724,6,XYChain
460003009001600800003000040000100000276000100080070003000060070030584000008710000,467853219921647835853291746394128567276935184185476923519362478732584691648719352,6,XYChain
080000750007910400030006001600003200200000030100070609000000000005000040710400000,981342756567918423432756891694183275278569134153274689346897512825631947719425368,6,XYChain
000607008500000724300000050004000009638000000000803100800060000045970000090002000,421657938569138724387294651174526389638719542952843176813465297245971863796382415,6,XYChain
083004020010903475000600003340000057700030060006078094005300000037290000000000006,983754621612983475574621983349162857758439162126578394865317249437296518291845736,6,XYChain
500020003030000008004000090300100940000680070460000002290013000000708000010000000,586927413739461258124835697378152946952684371461379582297513864643798125815246739,6,XYChain
004090700090000026000480001000000000000803002070009083002000004010040800000700050,524196738198357426637482591283614975965873142471529683752968314319245867846731259,6,XYChain
670050000000002600050000900003605080000000060001004002040900051109070000000008700,678359214914782635352461978293615487485297163761834592847926351129573846536148729,6,XYChain
005003000000400000300007216000000060000000001410062300100080490050600080080009020,625193874871426539349857216538741962296538741417962358163285497952674183784319625,6,XYChain
008260000700509010004000000980030000001042090007000001000008009040000620020070050,518264973736589412294317586982135764361742895457896231175628349843951627629473158,6,WWing
002000004009603020080000000000002000506700003104005002007000900400800010000047080,652978134749613528381524679938462751526781493174395862817236945463859217295147386,6,WWing
302050000890004003000000070003746000700008000010003000007000028000060090601400300,372651849896274513154389276523746981769518432418923765947135628235867194681492357,6,XYChain
000000827040007000850021000090008000000000945036050080000000009008090001079305000,961543827243987156857621394594278613782136945136459782315862479628794531479315268,6,XYChain
000000701850700009009000060000087600308040000700930000003000100000013008090060500,234698751856721349179354862942187635368245917715936284583479126627513498491862573,6,XYChain
008007000005602030906500000000016053090000000060830720000000080003170005059000200,128397546475682931936541872782916453394725168561834729617259384243178695859463217,6,WWing
608050000000009820270640000000000005007020000843700060400000700000000500000001009,618253497534179826279648153962814375157326984843795261496532718381967542725481639,6,XYChain
050100000204000060900070320000250049000000100008700600000634050300000000026000000,853162794274398561961475328617253849432986175598741632189634257345827916726519483,6,XYChain
240360058000278000000000000001600072020000400080520001064000900005090010910050003,249361758653278194178945236391684572526137489487529361764813925835492617912756843,6,XYChain
001050000060000000780012940000200000419000080002000390800071003000809500000040000,921456738364987251785312946638294175419735682572168394896571423143829567257643819,6,XYChain
000002570060890000000005000600000700000900003927006150090001040203050000000000902,389142576765893421142765839631524798458917263927386154896271345213459687574638912,6,XYChain
001003000200000400003085090059008700000000000000012069000800006500100070700049310,981423657275691483643785192159368724826974531437512869312857946594136278768249315,6,XYChain
000600000091000008402000705007000020000009000020000690000090280700003500010500006,873654912591372468462981735947165823638429157125837694354796281786213549219548376,6,XYChain
070000800500300420000070659005806000400005706030004500300000100000003060600950072,274569831569381427183472659715896243428135796936724518392647185857213964641958372,6,WWing
002600000010009002030125640170360000006074100200000000000046020064710509020503006,452687913618439752739125648175368294986274135243951867597846321364712589821593476,6,WWing
800706520000030708000000001100000000030470000025800004000017800006500200200080400,813746529569132748472958631147325986638479152925861374394217865786594213251683497,6,WWing
400001003000035010010000084007000000000600400005000800300060020000100500170098000,426981753789435612513276984647819235831652497295347861358764129964123578172598346,6,XYChain
070006090009081000002730000040000900005610000200000048000950600600000010000000003,178546392539281476462739185347825961895614237216397548781953624653472819924168753,6,WWing
064500803010000040009001050203009000080300000006000007040007009000000031000230000,764592813512783946839461752273849165185376294496125387348617529627958431951234678,6,WWing
700008002000000000043071000050000100430800070000020850006005000000000063890040000,719538642582694317643271985258467139431859276967123854326715498174982563895346721,6,XYChain
900350000400207080100080300070000405000100073200900000000003000004000500009000840,982356714435217689167489352671832495598164273243975168816543927724698531359721846,6,WWing
006003000000020304580000900007004001000080000000005003060507400001000760058000000,246953187179628354583471926827364591315789642694215873962537418431892765758146239,6,XYChain
900062080600000900720080040000100006001000500460800000500000400000903007070050020,913462785648517932725389641352174896891236574467895213539721468286943157174658329,6,XYChain
050000004040900000030450720170090205000000900200800030300210650000600000000000317,652783194741962583839451726178394265463125978295876431384217659517639842926548317,6,XYChain
010960720020100000005020060100003000086001005003000140908000010050000007040000800,814965723629137458735824961172453689486291375593786142968372514351648297247519836,6,XYChain
700400002000700081019080050030000000040000560802053000005008200100020030000000008,786415392254739681319286754537164829941872563862953147475398216198627435623541978,6,XYChain
810700600000002000600900053000021000005400000040080090030000100400209035000030008,812753649953642817674918253398521476725496381146387592239875164481269735567134928,6,WWing
000307052003900100001000000040000900000009008097160000000000001009503460370040000,984317652763952184521684793148235976635479218297168345452796831819523467376841529,6,XYChain
400000910308040000720003000000004060007500200005210800000000007000000530013050000,456782913398145726721693458182974365647538291935216874564329187879461532213857649,6,XYChain
084050023000000400230000060000020041000800000100700006000047000500000309700600050,684951723975263418231478965897326541463815297152794836319547682546182379728639154,6,XYChain
810000409000060050700009020000004000000800003290006008050003000007050600903000004,816325479329467851745189326638714295574892163291536748152643987487951632963278514,6,XYChain
000800070700015400040070390030501000600080000005000700270040500500000061000000000,352894176769315428148276395937521684621487953485963712276148539594732861813659247,6,XYChain
030000000000706042000200009370005010006870020000040006057100030080000000900000451,239418765815796342764253189372965814546871923198342576457129638681534297923687451,6,XYChain
605080020000070840080094001200005170001000006000002000000960050006000014800007000,645183927129576843387294561264835179531749286798612435472961358956328714813457692,6,XYChain
000709600020000500000000010000008791010300000008200004004800075037000008209004000,451729683726183549893465217342658791915347862678291354164832975537916428289574136,6,XYChain
004010070020769800000000000900000401002040080000008000061005000008300205205006008,654812973123769854879534612987653421512947386436128597361285749748391265295476138,6,XYChain
600170200090020000002300570060000000400000002903010000020080030000094000001000650,634175298795428163182369574268743915417956382953812746529681437376594821841237659,6,XYChain
000219700030000000009050068080000600000001004070000090610708050000000042005000000,864219735537684219129357468981435627256971384473826591612748953798563142345192876,6,XYChain
700000830000500000009003600600001080008029000003000000005406302890000006060070040,756294831431568927289713654627351489548629713913847265175486392894132576362975148,6,XYChain
000780450500060900800000010600409700080000003009000006010008070000003000200050000,396781452571264938824395617652439781487516293139872546915628374768943125243157869,6,XYChain
080007009200130000001058030004010006000000900500000000002004500000300890600700000,385247619249136758761958234974512386816473925523689471132894567457361892698725143,6,XYChain
000070006760000005000500200300400900850030402000009010100000600008090000600310094,985273146762941835413586279371462958859137462246859317194725683538694721627318594,6,XYChain
040000260600005790020000804700000000080094100500080406210300000000040000050108000,947831265638425791125976834764512389382694157591783426219357648876249513453168972,6,XYChain
001004030690510000000007506304000070000100002005000000030080020020400050040900103,751864239692513487483297516314629875968175342275348691536781924129436758847952163,6,XYChain
000000902000083000000200047000002000050016000061000035410060000890100400600040093,134657982972483561586291347748532619359816724261974835417369258893125476625748193,6,XYChain
017200830004053000800000005008400000000000600203005000000090002040700310000000408,517269834624853971839147265768431529451972683293685147186394752945728316372516498,6,XYChain
000703004705000000000000001007400026500001000048000009000000040000020080600850792,981763254735142968264598371197435826526981437348276519872319645459627183613854792,6,XYChain
080209500005800003700000900060030080004600200000000010020900001300508009000006000,683219574945867123712354968269731485134685297857492316426973851371528649598146732,6,XYChain
910000060006010000000056170400080001073000802000304000600008000080003005000960020,918732564756419283342856179469285731573691842821374956694528317287143695135967428,6,XYChain
106000000000009400045600070200000340809002100000805020400070009080000003000200000,136784592728159436945623871251967348879342165364815927413576289682491753597238614,6,XYChain
500407900000920070300050006007000000001000063900000700000008200800072090000195000,562437981418926375379851426657213849241789563983564712196348257835672194724195638,6,XYChain
000000800204603000003100000497800001500200090006000040000028009000010400080000652,169452873274683915853197264497865321518234796326971548645728139932516487781349652,6,XYChain
003702000420050000050090006030500040080020700000000035000000802000018690900200010,613782459429653187857194326132576948584329761796841235341965872275418693968237514,6,XYChain
800603200600050700000000030200009010000501002080360000500700091002000000070030005,897613254631254789425897136256479813743581962189362547564728391312945678978136425,6,XYChain
900030000003000604206100009000540006050000900004600000000080200000095000107002800,941836752583927614276154389729548136658213947314679528495781263862395471137462895,6,XYChain
100000060008136000000900040000400050200000080000079000750801003042007005010500002,195742368478136529623958741961483257237615984584279136756821493842397615319564872,6,XYChain
000605074004003005001000980000870040000409000000062000403000000800310092500000000,932685174784193625651247983295871346168439257347562819423958761876314592519726438,6,WWing
008041060000070100050000020030000082060000000800005040003100059005300004704002000,978241365342576198156893427437619582561428973829735641283164759695387214714952836,6,WWing
706980000500000000003000820000070006060002040080006900001000032000204000000039004,726981453548723169913645827359478216167592348284316975491857632835264791672139584,6,XYChain
000600050070020000520089070000040005051000000000002603089300000400000030600005087,894637251173524869526189374368941725251763498947852613789316542415278936632495187,6,WWing
150007000000000900604009208030020407500700000000300050040001000006402100010000004,159287643328164975674539218831925467562748391497316852943871526786452139215693784,6,XYChain
900010040007403001004025600000000050650100004040000180000007802009080030500000700,925618347867493521314725698791864253658132974243579186436957812179286435582341769,6,XYChain
000005930080600047000004001000800090304000000000000265100302000700060000005490013,476185932281639547953724681562817394394256178817943265149372856738561429625498713,6,XYChain
014003007670000000300000010700580003040009205000304000000097050005620040100000000,214953867679218534358746912761582493843169275592374186426897351935621748187435629,6,XYChain
630050008500480000008603100050900000009000053000000960000800090071300506300000070,634159728517482639298673145752936814169748253843215967425867391971324586386591472,6,XYChain
610000380500900001000000090005032060300000000000074100400820000090006400060450902,619245387572983641834761295745132869321698574986574123453829716297316458168457932,6,XYChain
005000317207900580000000004050107900000840000600000001040009000008005000002300000,495286317217934586386751294854167923129843675673592841541629738938475162762318459,6,XYChain
004709080000020300005006020300001205008400010006000000800002000750900000000000006,624739581187524369935816724349681275278495613516273498861342957753968142492157836,6,XYChain
000580690000700800025109040200800400060030000708000500000010300600050004004008001,147583692396742815825169743251876439469235178738491526982614357613957284574328961,6,XYChain
000001063007000420491000850000004090006000100308069040200900000000000005100530080,825471963637895421491623857512384796946752138378169542253918674789246315164537289,6,XYChain
008094300910687004000200000000800000235000900001009032000060781089000500000700003,528194367913687254476235819697823145235416978841579632354962781789341526162758493,6,XYChain
200610307000045002500000009008000000000002506730400000001000200040020005800030400,284619357197345682563278149628593714419782536735461928971854263346127895852936471,6,XYChain
000008061600197000058026900007040000049000580000052100900200000000079000000000006,794538261632197845158426937517843629249761583863952174976214358385679412421385796,6,XYChain
000403007009080000050007000900000000600870091087200050030069012100000009206000000,861453927729186435453927186915634278642875391387291654534769812178342569296518743,6,XYChain
800000100000810003040000050009070000000500730000160000308000407490002000701900006,862435179975816243143297658219378564684529731537164982328651497496782315751943826,6,WWing
307080000080095013010032870000000000140900060609540080000000030801000620000801500,397184256286795413514632879738216945145978362629543781952467138871359624463821597,6,SimpleColouring
430510000800000120001000007008050000300201000254830006000000000000060030600170058,437512869865749123921386547198654372376291485254837916783425691512968734649173258,6,XYChain
075010040103000000000409000000000705052000009030080000090600100064870090700000008,975216843143758926286439571419362785852147639637985214398624157564871392721593468,6,WWing
000000090305094006900020038470000000013006000602700100234560809000000000100032650,768315492325894716941627538479183265813256947652749183234561879596478321187932654,6,XYChain
000095006004020170005600020021000000000009000000380500050000007730010069002000000,287195436964823175315647928821456793543279681679381542456932817738514269192768354,6,XYChain
004002780600890400000000900410600000800700309000050000700005030009004800000007002,394512786671893425285476913413629578852741369967358241726985134139264857548137692,6,XYChain
000006090600200004000047001050000000009730008002005000280010007000309400700000000,428156793671293854935847621857461239169732548342985176283514967516379482794628315,6,XYChain
100008000000700810074360050000015040000004087000000100000500009097000020006040300,152498736639752814874361952768915243915234687243876195381527469497683521526149378,6,XYChain
290001800800390040040080003000000020905040600601200000050028001000070000100000000,293461875817395246546782193438617529925843617671259438754928361382176954169534782,6,XYChain
070800250000030000000007001024080000980000060006000170090070000000040003000206045,673819254815432697249567381724681539981753462356924178492375816567148923138296745,6,XYChain
074000009200001600001030800000069002000000005010000000000270500000300006098400030,374682159289541673651937824835169742746823915912754368463278591127395486598416237,6,XYChain
010090000070200000000158000040005612800000704000070058001020006900007000500040930,218794563475263189639158247743985612852631794196472358381529476964317825527846931,6,WWing
000700003000400600609000002080200009503000000200071000005000000900030470360850900,854762193172493658639518742781245369543689217296371584415927836928136475367854921,6,XYChain
000007084750608000001900670060304000000020503020170000609000000000000796300000150,296517384754638921831942675568394217917826543423175869689751432145283796372469158,6,XYChain
010007000040000085000004300000000000000000213053001670020080001500079006408600950,312857469947326185865194327186732594794568213253941678629485731531279846478613952,6,XYChain
000009203000100070003020109600070000900005030040000600300492060000000000100730050,714659283892143576563827149635974812981265437247381695358492761479516328126738954,6,XYChain
008060009030049080002000000000025700280000506000407090620050000009000002300000800,548761329736249185912538674493625718287193546165487293621854937879316452354972861,6,XYChain
000000703200009001000700090700008000000501304046000020050037186400000000003100000,591826743274359861368714295735248619829561374146973528952437186417685932683192457,6,XYChain
600020010000809302020500800000294005070350200009000034007000008500906000360005000,683427519745819362921563847136294785874351296259678134497132658512986473368745921,6,XYChain
007003400000005090500002001000000010890000003300000500079800105050704039160050804,917683452632145798584972361745328916891567243326491587479836125258714639163259874,6,XYChain
000006937300000000070001020000063002034002060500470001080000000100040050000900700,241856937369724815875391624918563472734182569526479381487235196193647258652918743,6,XYChain
000020081090000470000800000500900008300000000020007004730410095650008002200500810,473629581892135476165874923517946238384251769926387154738412695651798342249563817,6,XYChain
003000000000000500040217090000900800069000050082003940007309600008001004000760000,823695471971834562546217398154976823369482157782153946217349685698521734435768219,6,WWing
085000409600008300000050000000305007028000000300600200206000040000400100400001070,785136429692748351143259786964325817528917634371684295216573948857492163439861572,6,XYChain
309600001000730800004092000040000700000470062000060003037800506500000000001020007,359684271126735849874192635643251798985473162712968453237849516568317924491526387,6,XYChain
800000000000500780700000490200300000060790800001000000000060003006270001002001000,859427136614539782723186495278314569365792814941658327197865243486273951532941678,6,WWing
100070040090100056080003710000000600370800490504090030001302070009700004000000280,125678943793124856486953712918435627372816495564297138841362579259781364637549281,6,SimpleColouring
000005000100800003020030704057002006090060000300100000000007439000020067004000210,738245691149876523625931784857392146491768352362154978286517439513429867974683215,6,WWing
000003000000000570019200003204000610000690200000050408901000000050028700007000000,678543129342819576519276843294387615185694237736152498921765384453928761867431952,6,SimpleColouring
700000409800006000009000003003091000620080950910620000040060300008130600000208070,752813469834956217169472583483591726627384951915627834241765398578139642396248175,6,SimpleColouring
700000908091000420000050000014005300005008000608000000000400003030509860000060004,763124958591836427842957631914275386325648179678391245156482793437519862289763514,6,WWing
002000700000089006090704000800400397004000000060000800030008920000910000100006080,382651749547389216691724538815462397974835162263197854736548921428913675159276483,6,WWing
000000051000030007205610039000020004086300000090000700000000500051040000003072000,364789251918235467275614839537821694486397125192456783729163548651948372843572916,6,SimpleColouring
000009800001004200020100000508006071000010000036000000000090308043060900000500002,357629814861374295924158736598236471472915683136487529615792348243861957789543162,6,WWing
400000006900800010000005020064008090200070500090300008000000060070250000603900007,415792836926843715387165924764518392238679541591324678852437169179256483643981257,6,SimpleColouring
400800070000034000095001000004568000650000090002000000007900060000080300510002009,423859671861734925795621438974568213658213794132497586387945162249186357516372849,6,WWing
100050007050700609003900040000000065000300000006089400080002000000800900090040130,129456387854723619763918542938174265247365891516289473381692754475831926692547138,6,WWing
500004001060020050302080600023000000050009003004360005045006090600001034000900006,578694321469123758312587649923815467156479283784362915845736192697251834231948576,6,SimpleColouring
000002000000700450000000060003900670800630000605000803760400090001070002004001000,549862137236719458178354269413928675827635914695147823762483591981576342354291786,6,SimpleColouring
000004900260000000000600578004300006010080703300700000001000800430905000002000007,187534962265897134943621578874359216516482793329716485751263849438975621692148357,6,SimpleColouring
005007300001009002003100000050000700900870000000200403070094006200380007000000009,495627381781439652623158974352941768964873125817265493178594236249386517536712849,6,SimpleColouring
000029810180000004002060300000080029000000500610000000700300062040610030000002000,375429816186573294492861375534187629827936541619254783751398462248615937963742158,6,WWing
000300050900010800240000070004000003000000040600035109080140000000089030007000200,768324951935617824241958376854291763319876542672435189583142697126789435497563218,6,WWing
000900080400082007000000560000800600000400000320106040840230000070004001015000000,736945182451682397982317564194823675568479213327156948849231756673594821215768439,6,SimpleColouring
809000004040700800075000093000108340730000058000003900004090006010080030000416002,829531764643729815175864293962158347731942658458673921284395176516287439397416582,6,WWing
040000021010690500002000008790000000850007204001500000080003002209005000000080079,947358621318692547562741938796824315853167294421539786684973152279415863135286479,6,WWing
000070000005010098078000045004503900009002004000000830200004000903200000000600050,491875623325416798678329145764583912839162574512947836256794381983251467147638259,6,SimpleColouring
060000709000002085500090610004300000390608070000000103035080007018040006940500800,162835749479162385583497612724319568391658274856274193635981427218743956947526831,6,WWing
047000000000092008698100000105000097000803502000000000402030009510600730000000020,247386951351492678698157243185264397964873512723915486472531869519628734836749125,6,SimpleColouring
004091300000004006900700000082400700090002180600800000370040000000000809000500070,864291357725384916931765248182459763493672185657813492378946521546127839219538674,6,SimpleColouring
983040600006052000004960070020100080509000007040000906090003060000020004000500200,983741652176352849254968371627139485539684127841275936792413568315826794468597213,6,WWing
021000305030100004800000170000000547000273000000000000003507209000069000080000060,621748395739156824854932176392681547546273918178495632463517289217869453985324761,6,WWing
540000008020014000003800060000040000800005700015000034060079080200000000000003090,546932178728614953193857462672348519834195726915726834361479285289561347457283691,6,WWing
000300200079000008000400000040001050023000890700000004004100000500708100080060400,856317249479256318231489576948631752623574891715892634364125987592748163187963425,6,WWing
008000030001068000309500000703600009406090010000010000907000403004006580000200901,568729134241368795379541628713652849456893217892417356927185463134976582685234971,6,WWing
040000600000007003109000005600209000090600180300001000000082070020000350700010900,243158697865497213179326845618279534497635182352841769536982471921764358784513926,6,WWing
958100000406850900000040000007080006200400050000000007601000090700200018500000600,958123764416857932372649581197582346263471859845396127681734295739265418524918673,6,WWing
090380000000000002030000804500012000003000540000500000052690000076050208000048060,294385671785461932631729854547912386123876549968534127852697413476153298319248765,6,WWing
003508604608300012090000000005000001800200003070060000000007150000000040080630200,123598674658374912497126835365789421849215763271463589932847156716952348584631297,6,SimpleColouring
340000807006700053780000621092806100000195270000000509000080012000000740000207305,341652897926718453785439621592876134438195276167324589674583912253961748819247365,6,SimpleColouring
000200009004053006010006000500000000607804010000000638701008000200000804403000270,376281459924753186815946723538162947697834512142579638761428395259317864483695271,6,WWing
100005030000904780000030090000009000010650002052071009004000000060000800903060050,198725634326914785745836291637249518419658372852371469574183926261597843983462157,6,WWing
050000090002038005600000320040200000020500080000016000080009056900000400700105900,351627894472938615698451327849273561126594783537816249283749156915362478764185932,6,WWing
000000020070000905928000700000095081450000000003007500000012004000080030200960000,135479826674238915928651743762395481451826397893147562389512674516784239247963158,6,WWing
030090060600000278000006400286900700059208046000005080007480090010030000000700000,432897561695314278871526439286943715159278346743165982527481693914632857368759124,6,SimpleColouring
001006000000900002006310004000005801000890000000002000047001005030000000012400097,491526783358947162726318954269735841173894526584162379947681235635279418812453697,6,WWing
005002900090005006600000010003040100040060008000800000204080005007000020009300871,415632987398175246672498513823547169941263758756819432234781695187956324569324871,6,WWing
000100000000648003003000469000000006791306000006870000300264070020700300008930600,264193587957648123183527469832419756791356248546872931319264875625781394478935612,6,WWing
001007800040900700206408000003690001090000043000000000004800600000700090000360000,951237864348916725276458139583694271697182543412573986134829657865741392729365418,6,SimpleColouring
000000600510000032002700000600002007003600001001070008004000000350026010700050400,839215674517964832462783195685132947973648251241579368124397586358426719796851423,6,WWing
000002460400000002600700091200041070590300000004200100708009600000856300000000000,987512463415693782632784591263941875591378246874265139728139654149856327356427918,6,SimpleColouring
003000000049060703170000000000002640050006100000135000007001300000400000060007480,823714956549268713176593824318972645752846139694135278487651392231489567965327481,6,SimpleColouring
000030049000050001706000000605000000402600800000000430098000000000200090270410000,821736549349852761756941382615384927432697815987125436198563274564278193273419658,6,WWing
000290301000006400080000720100000050607009240200600003700040000010000900090072000,576294381321786495984531726138427659657319248249658173765943812412865937893172564,6,WWing
179000000000000800803560000001740002020000007000090450230070908000009720000420501,179284365652913874843567219391745682524836197786192453235671948418359726967428531,6,WWing
010005400080000700600000000102903050000050003000870000000010020020604310000080904,913725486285469731647138592172943658894256173356871249469317825528694317731582964,6,WWing
000960002605300009400800000000003000008205047940700000300000006000000905050080000,873961452615324879492857361527643198138295647946718523384579216761432985259186734,6,WWing
000908000001003004008500200380000040007000600064137000000020000013000072056001000,425918367971263854638574219382659741197842635564137928749325186813496572256781493,6,WWing
030100400059000060006003070400000100500010027001050040000074009010000630000030008,837165492159742863246983571462397185598416327371258946683574219715829634924631758,6,WWing
240007000003000100180006020000004507804500000070108000600001954020009003000000012,245817396963245178187396425312964587894572631576138249638721954721459863459683712,6,WWing
054000092102050000700000000600810400030020600408700005000000000000289001000000073,854637192162958734793142856675813429931524687428796315216375948347289561589461273,6,SimpleColouring
040027600003080400008006000000010000000002040030040075420070000009050000000000128,945127683263589417718436259894715362576392841132648975421873596689251734357964128,6,WWing
002600070009500000000000608430000506070100000900300020006010900010208000007000002,152683479689547231743921658431872596275169384968354127826715943314298765597436812,6,WWing
600100800000490070000070012080020054090684000300000000000700500054008007100000000,679132845218495376435876912781923654592684731346517298823741569954368127167259483,6,SimpleColouring
940710002000500001001020600800000000200370009003000500002090100000005007007030250,945716382726583491381924675869452713254371869173869524532697148618245937497138256,6,WWing
007000642003801000900000000040000090000076800020089001000010086000000000814000005,187395642463821759952647138648132597391576824725489361539714286276958413814263975,6,WWing
700003600081000904000010050000900000410020000000500020804700300096040000070300090,749853612581276934632419857258931746413627589967584123824795361396148275175362498,6,SimpleColouring
040100500001080020580200000690008000000000007000004050020450036070020000000001940,942163578761985423583247691695738214814592367237614859128459736479326185356871942,6,SimpleColouring
500900000004600103020305070400008200000009600090230000240006000000000001060000009,536971842974682153128345976413768295782159634695234718241596387359827461867413529,6,SimpleColouring
000006030000029000090700080003008010005000004640090000000800007400001000028000351,214586739837429165596713482973248516185637294642195873361852947459371628728964351,6,WWing
000020000000001300045000002009200008000003009008009460000094036001036800090000000,973428651862951374145367982639245718714683529258719463587194236421536897396872145,6,SimpleColouring
180900050097150030000000000600000200070000089001030007000400700002000010800520000,183976452497152638265348971658719243374265189921834567539481726742693815816527394,6,WWing
045002100103006070600008034004000000700080069000070008000060000030000000009005400,845732196193456872672198534984623715721584369356971248418267953537849621269315487,6,WWing
903587021080092350007000000704000008300100040000200000030016580000050030600020100,963587421481692357527341896714935268392168745856274913239716584178459632645823179,6,SimpleColouring
000002000624800000000690700060000500700300060480009030030000902000000600200104070,579432186624871395318695724963247518752318469481569237135786942847923651296154873,6,WWing
300100620060030005001000300080010003603007000040900000800070002000080500410005890,374158629968732415521694378287516943693847251145923786856479132739281564412365897,6,WWing
000040029030000700100000604600300000041700003305081000008936001006807030010002000,567148329234569718189273654672394185841725963395681247428936571956817432713452896,6,SimpleColouring
000060000000010605004370900020008000000400001537000009000000003800000700062540000,275869314398214675614375982421938567986457231537621849159786423843192756762543198,6,WWing
020000100800050600070200085040906010010302006700000009090040200250003070600700004,425638197839157642176294385542986713918372456763415829397541268254863971681729534,6,SimpleColouring
060000000809015000000068005000000000670001030005706001730004100000000300020080906,563479218849215763217368495381952647672841539495736821738694152956127384124583976,6,WWing
000009000098000070006047005002060000000530600603000854000006029007090008100020300,571689243498253176326147985952468731784531692613972854835716429267394518149825367,6,WWing
000001300200950000809430020000000095036500400005040000000060200090080050064000000,657821349243956718819437526428673195136598472975142863581769234792384651364215987,6,WWing
500000030082004000000900000003082000600000204040000000090001300000068095060040807,519876432782134569436925718953482671671593284248617953897251346324768195165349827,6,SimpleColouring
040302600017000000000109800200000005031008204080200300760000040820004006000800000,948372651317685429652149873276431985531798264489256317765923148823514796194867532,6,WWing
004000056060090308058100000047000000000060200005009004080570003000000060020040000,394827156162495378758136942247358619819764235635219784986571423473982561521643897,6,WWing
005006000400090200001000005000030001800001030000589004008000126040000008906000700,725846319483195267691327485564732891879461532132589674358974126247613958916258743,6,WWing
103000020050930000200050000000008009006020050501000700060009001300840000900000030,143786925657932814289154376734518269896427153521693748462379581375841692918265437,6,SimpleColouring
680009250075040600120750004200400106400605080007001000002108000706000900800000000,684319257375842619129756834258473196431695782967281345592168473716534928843927561,6,WWing
060004029009060000000002000007500000006700980304009700040080090750000063001000002,863174529219865347475932618197548236526713984384629751642387195758291463931456872,6,WWing
020000070780001402010000600000900060000500084002000000309008000000709050070200008,526493871783651492914872635835914267197526384462387519359148726248769153671235948,6,WWing
060000100300170008000063009100005006000000007005000390204507010007001000000086700,768952134392174568541863279139745826826319457475628391284597613657431982913286745,6,SimpleColouring
106705000782040600009030000000002703270093806000800040508000900000070360000021000,136785429782149635459236178845612793271493856693857241528364917914578362367921584,6,WWing
380400001240000080000003940008060050500902300000080000017000000620071000800000006,385429761249716583761853942198367254576942318432185697917638425624571839853294176,6,SimpleColouring
009007008260300000400609000000030062006000450050200001940000080000000100080700245,539427618267381594418659327794135862126978453853264971942513786675842139381796245,6,WWing
079203840620109500300060090097000060010000000000002100000006407000010000006407000,179253846628149573354768291297581364813694725465372189931826457742915638586437912,6,WWing
806000003245300906000090080000008690000530004001469300000004509300000207002000000,896145723245387916173296485534718692968532174721469358617824539389651247452973861,6,SimpleColouring
002600050910500000030091007090010030400000000007000005740000009000063040000900300,872634951914572683635891427598216734421357896367489215743128569259763148186945372,6,WWing
093000600400008050200000000001003040000000507600007910150890400040200160300700000,593172684417968352286354791971583246824619537635427918152896473748235169369741825,6,WWing
900070304050010760074500000001405800000000000000002079030600400009000013000000008,912876354853914762674523981721495836396187245485362179138659427269748513547231698,6,SimpleColouring
000250000010000300009000600500900700000300400308005021401700009000060000020090104,634259817815647392279831645542916783197382456368475921481723569953164278726598134,6,SimpleColouring
008050030940000008000400972000000700100006000003000049600040500070010200001672000,218957436947263158365481972896534721124796385753128649682349517479815263531672894,6,WWing
002000700000160900670008040005000007400300800000900020060830000000000010310700460,182493756543167982679528143895214637426375891731986524964831275257649318318752469,6,WWing
300009020000020030025370000072000080000000600406000103000100008008006207500000090,381569724749821536625374819172643985853917642496258173237195468918436257564782391,6,WWing
000300260032100000000006970000000080106500400000007005008940120000008004500701000,897354261632179548451826973945613782176582439283497615368945127719268354524731896,6,WWing
000000000408000010002090570000057300801000200060030000000070002000002004600940000,976815423458723619312694578249157386831469257765238941584376192193582764627941835,6,WWing
000000301037000090800000004420039706003010080000600000090000500060021003000003600,546982371237146895819357264421839756673215489985674132392468517768521943154793628,6,WWing
408000000701000020900420050100078003600500010000140002009010000070280100006005040,428951376751863924963427851142678593697532418385149762239714685574286139816395247,6,WWing
700300209000700000000082036600040307008000040500070002051007000000030900800000010,765314289283769154149582736612845397978623541534971862351497628426138975897256413,6,WWing
050010000006000900003609004000100600000096000029050000100070030704000008390005000,958412763416537982273689154537148629841296375629753841185974236764321598392865417,6,SimpleColouring
070000030000000000080006400600230840003060200047100006069008000000000079002040000,576824931924513768381796452615239847893467215247185396169378524438652179752941683,6,WWing
900000060002000709000600010670000300050340020004000000006070100030590007005030080,913754862462813759587629413671285394859347621324961578296478135138596247745132986,6,SimpleColouring
209000005000009700450087090800032060000000400030470050097000300008000004100600800,279346185683519742451287693845132967712965438936478251597824316368791524124653879,6,WWing
000004000048200700307180000030056040006002000800090100080000000000001830002000614,219574386548263791367189452731856249496312578825497163183645927674921835952738614,6,WWing
600000000008900010050007692006090470100000000500602080005000760007003000000070020,692154837738926514451387692286591473149738256573642189325419768817263945964875321,6,WWing
000740000005030001000000006000901004040005002060002700200607800004050000090000600,126749538875236491439518276752961384948375162361482759213697845684153927597824613,6,WWing
004350090030004010007000300000965000500200980000070000076001200000000060403000509,184356792935724618627819345748965123561243987392178456876591234259437861413682579,6,WWing
074000010006030800010400500095070201100060703000800000000206904007000000900743000,874625319256139847319487526695374281148562793732891465583216974467958132921743658,6,WWing
000300090090708000608420000100042706004000080070060900500007002300080100000005000,752316498491758623638429517185942736964573281273861945549137862327684159816295374,6,WWing
300049000000010350900050704003800005008006002010004000800107000000085427020000008,375649281642718359981352764263871945498536172517294836854127693136985427729463518,6,WWing
006009000000005020490260030083900100100800500000007300901500070000004001607100000,276389415318745629495261738783952164124836597569417382941523876832674951657198243,6,SimpleColouring
000206000000090072000000840002000700600000128400100000000061009860420000004500080,378246951541398672296715843152683794637954128489172365725861439863429517914537286,6,WWing
030000098106200070040600000000020080000701063000860200560003000001000000023450019,732514698156298374948637125697325481285741963314869257569173842471982536823456719,6,WWing
030041000000003070006000000000002004801060000324090600600000098903800150080020403,237941586498653271156287349569712834871364925324598617612435798943876152785129463,6,SimpleColouring
708002000000000000500060090600047310039000067000350000006020980070000020004000006,748592631961473852523168794652947318439281567187356249316724985875619423294835176,6,SimpleColouring
000030761200100830000090000040700010003020005000008072700900100900680020006000000,489532761257146839361897254842765913173429685695318472728953146934681527516274398,6,SimpleColouring
007900836800010000000007100912070040354000008000000010000302007063090000080041900,127954836849613752536287194912876345354129678678435219491362587763598421285741963,6,SimpleColouring
000708300700090050006005000007060000400009700830000200080000003000804005500170000,259718346748693152316425897927361584465289731831547269184952673672834915593176428,6,SimpleColouring
060002000300090600000000508400000700207940010100600040000000801030069200000200000,568472193371895624942316578496531782257948316183627945629754831834169257715283469,6,SimpleColouring
009006000002904000000000600000000024370000005020453009090010070005700000800200900,189576243762934158543821697951687324374192865628453719496318572235769481817245936,6,SimpleColouring
004050007020400130000008002085002000600005018210000300008000600000600020000009701,194253867826497135753168942385912476649375218217846359538721694971684523462539781,6,WWing
705080006003000000004001908000010000400509000028000005600002050000100063002830740,795283416183964572264751938579318624416529387328647195631472859847195263952836741,6,WWing
000021000800703004900408000460805000002009800000000905074000200000000109000070000,647521398825793614931468527469815732752639841318247965174986253286354179593172486,6,WWing
020830900000069040406200100502300000070010300030097010100950026003000800000000000,721834965358169247496275138512348679679512384834697512187953426943726851265481793,6,SimpleColouring
300010200000009040050000010960000400038001000000020790009000020610008000020600070,396417258281569347457382619962753481738941562145826793579134826614278935823695174,6,SimpleColouring
060294000000000710000060000000000400100600002900010050450900000002007034000300000,761294583249583716538761249325879461174635892986412357453926178892157634617348925,6,WWing
940000600000320900002000700060050001030800090100003050010000000700000380380940000,943571628871326945652489713469257831537814296128693457214738569795162384386945172,6,WWing
000600000100958003700010508410306905900000006306500740600100300080704009500000000,853627194164958273792413568418376925975241836326589741647195382281734659539862417,6,WWing
095400000300000009008500000001003400403007080700800002000900804009000050040002006,195426738364178529278539641981253467423697185756841392632915874819764253547382916,6,WWing
020005300801000000059040200700023000000570090000006038000001060000000000036002870,427615389861239547359847216798423651613578492542196738274381965985764123136952874,6,WWing
050800000040031000000007086307500010060700000000020800100000640003009000095180000,756892431248631795931457286327568914869714523514923867182375649673249158495186372,6,SimpleColouring
000053000050600004023400000010940300040500200600000008700020800506000000002000607,964153782157682934823479561215948376348567219679231458791326845586794123432815697,6,WWing
000406100102030000090010500000002000008600203070000046050000007060700052000800000,735486129182539764694217538946372815518694273273158946451923687869741352327865491,6,WWing
005080009090170000700000002008009040000830010017600008200300000000050000061900750,145286379692173485783594162538719246426835917917642538254367891879451623361928754,6,WWing
807420000904006070000700020000004003350280000001060080010002730009000500000800010,837425196924136875165798324782914653356287941491563287518642739249371568673859412,6,WWing
409000085000030070100205400500027040010500003000060002060100500750600300000008000,439716285625834179187295436596327841214589763873461952968173524751642398342958617,6,WWing
740015000900000600050000009060300800400000000000000047000090210030024900000800060,746915328923478651851632479165347892472589136398261547584796213637124985219853764,6,WWing
050000089000607200300000000800100000203700001070000005040003900000090354600000000,752431689984657213316928547865149732293785461471362895548213976127896354639574128,6,SimpleColouring
700490010000000000030000980800007530200960000905080006507020091090100600004000070,758496213129853467436712985861247539273965148945381726587624391392178654614539872,6,SimpleColouring
700009000010000000080100263207000040000700030490026800006000005000090020975001000,762539418314682579589147263237958641658714932491326857826473195143895726975261384,6,WWing
000009000903004007680305000159000000060000020000000509030600070000900004007200010,571829346923164857684375192159482763768593421342716589235641978816957234497238615,6,WWing
306000801700000005051800030800000000009307100007001080075000602008002070000100950,396725841784613295251849736813964527529387164647251389975438612168592473432176958,6,WWing
080040700000060009000502006030000000056000300010038400075000030000050008800706000,682149753541367829397582146438675912256491387719238465975824631164953278823716594,6,WWing
005200700300000026070409030702005091001004003900000000500600000000907002003000005,185236749349578126276419538732865491861794253954321687527683914418957362693142875,6,WWing
050000000000700804700041500000502300008000069010080000800007906000900002092060400,254398671931756824786241593469572318528413769317689245843127956675934182192865437,6,WWing
000500000840109030900004070004000710050000060200031094000900000080050001000800200,136578429847129635925364178394685712751492863268731594512946387683257941479813256,6,SimpleColouring
000000002700180000905720000003000680008530000010000005042609500050800030000000900,184396752726185493935724861593241687468537219217968345342619578659872134871453926,6,WWing
000609000380070000000054001000590000020000705007001080610300908000006510090000200,241639857385172649769854321438597162126483795957261483612345978873926514594718236,6,WWing
500100040900704050003200000008003200000000009010600003080000001006050400179000000,567138942921764358843295716698513274352487169714629583485972631236851497179346825,6,WWing
006001008000060200320000071008000157010002080009000060400008009007009000090510000,946271538781365294325894671238946157614752983579183462453628719167439825892517346,6,WWing
000203070020670010013490000009030400000000680070900000304800001087000043090000000,546213978928675314713498562869531427135724689472986135354862791687159243291347856,6,WWing
060004000020050700500708600000802509100000000900500018001020000630000025050060000,867234951429651783513798642346812579185379264972546318791425836634987125258163497,6,WWing
000760000000000400036000010250000300603504000400007009000040080820000003010250700,142769835978135426536482917257896341693514278481327659765943182824671593319258764,6,SimpleColouring
980000000000600002002030800810760000030001050050200708003800506090000000000402000,986127435345698172172534869814765923237981654659243718723819546491356287568472391,6,WWing
460002000000090060000504807050908640000070105046001078003009700074000000020040031,467182359815793462392564817751928643238476195946351278583619724174235986629847531,6,SimpleColouring
508000237000000050007000100950810000006540010100020060000200000400030520000008073,548691237319472658267385194953816742826547319174923865735264981481739526692158473,6,WWing
000065003058004000002010090100003460000000000000800070030000009020500004805001006,917265843358974612462318597189723465576149238243856971734682159621597384895431726,6,SimpleColouring
048900006000007000001005708804000050900073800070400000200030000080000900069100300,748912536352867149691345728834291657926573814175486293217639485583724961469158372,6,WWing
800000609000410300020000480080000100600200090040050027000900060900070000000500008,874325619596418372123697485285749136617283594349156827458932761961874253732561948,6,WWing
001079000004050700000000005000080507800000940500604100002000674080030000400000003,351879462294356781768241395649183527813725946527694138932518674186437259475962813,6,SimpleColouring
002100536000050009350002000408016007010000050590030000080005300020060800000009600,972148536861753249354692781438516927216987453597234168689475312725361894143829675,6,SimpleColouring
004620100000100005005030000800012000020000713000000006080306001040000300002000004,374625198298174635615839472863712549429568713751493286587346921946281357132957864,6,WWing
000508600000401005000000200000003000040905000007810390050130009600000700082000000,321598647876421935495367218918643572243975186567812394754136829639284751182759463,6,WWing
064200000870090003000050000008730042200049700000000000000003480941002000700000010,364218597875496123129357864598731642236849751417625938652173489941582376783964215,6,WWing
020100300300000000805000040002003600000900058001007000000090860000800092700026410,426159387319478526875632149942583671637914258581267934254791863163845792798326415,6,WWing
700000560000001009090060030001000600080003072070010005000074910000900800200080004,748329561653741289192568437321457698584693172976812345865274913417935826239186754,6,WWing
000050000000301500000000023490030800600040001703200090960800000340020009020009007,834752916276391548159684723495137862682945371713268495961873254347526189528419637,6,SimpleColouring
000100007072000140000006020008040070031000000000605000007000050810070003500800000,365124987972358146184796325658943271431287569729615834297431658816572493543869712,6,WWing
000060403704009000005000108000010000000040862080300010300000000200001900400050006,821567493734189625695423178546218739173945862982376514367894251258631947419752386,6,WWing
902500703000000002500070000009600810030000000004805000300400006000003087000008040,912584763873196452546372198259637814138249675764815239387451926421963587695728341,6,WWing
020091000000207000700000400006000007010530006005000000600058300008010020300020700,524891673163247859789365412946182537817534296235976184692758341478613925351429768,6,WWing
090080005084500200020009000530820001000170002000003040000000000103000050000000468,691482375384567219725319684536824791849176532217953846478695123163248957952731468,6,WWing
010835074500000060740000000000700320000010009008069000806000040100000080024000006,619835274583472961742196835961754328437218659258369417876921543195643782324587196,6,WWing
600000020040200000003010005000040008067300900900070000000601000000030572004090600,619587324845263197723419865251946738467328951938175246372651489196834572584792613,6,WWing
300800070000607800000010000000030000004020009003400150000065090015000004070009005,326894571149657823587213946251938467764521389893476152432165798915782634678349215,6,WWing
006010002002009040010060000000030006150090084000400700700000008300600900008002300,936514872572389641814267539247835196153796284689421753761953428325648917498172365,6,WWing
040000000987020000050400003008500070000006040000070900100030890000000030300009001,243765189987321456651498723498513672712986345536274918125637894869142537374859261,6,WWing
030400800006000030000003090018200007200680000600007000301020040002030005000800070,937462851126598734854173692418259367273684519695317428381725946742936185569841273,6,WWing
300600001080001000000470002000300200520000097739002100010009700000160000006003000,397625481482931675651478932168397254524816397739542168813259746975164823246783519,6,SimpleColouring
806900001007050000500000768050001000040300900079000500000000000000049080080500140,826974351317658492594132768653791824148325976279486513465817239731249685982563147,6,WWing
000410650005020700200005010009004370000000000780009205000000820900000001060080009,893417652615923784247865913129654378354278196786139245431596827978342561562781439,6,SimpleColouring
000070000006410590000360002019000004000000008052000016070830060600040000300007005,194275683236418597587369142819756234763124958452983716975832461628541379341697825,6,WWing
010000000056000000400601035007100020062004009000030004000003768000000091000570000,213957486956348217478621935847195623362784159195236874529413768734862591681579342,6,WWing
010000840520100000068075000000001039100060008830000062000000200700520000001900006,317692845524138697968475321675281439142369578839754162496817253783526914251943786,6,SimpleColouring
070000005001002400000650009000028000900000008005300100000004000030500201147203050,678491325591832467324657819763128594912745638485369172256914783839576241147283956,6,WWing
070300600000800000000070300007200000304000087600400000090060050030750060160000040,571349628943826571286571394857293416324615987619487235792164853438752169165938742,6,SimpleColouring
042810000510060040000000001005640000400507300390000050100000504000950800003004070,642819735517362948938475261785643192421597386396281457169738524274956813853124679,6,SimpleColouring
003070509080095000010800000000000000820500006000003058030750102700300000000906030,643172589287695413519834627365287941824519376971463258436758192792341865158926734,6,WWing
000100000000063070100070005032000007400001026000034800720006030005080100001000000,576149283284563971193872645932658417458791326617234859729416538345987162861325794,6,WWing
005280094094100085020005600000000068106700002000000040900006800500090300000001000,615283794394167285728945613457329168186754932239618547972436851541892376863571429,6,SimpleColouring
309080000000500830000013006000800040070040061600005000841070000730900010000000700,369284175417596832285713496123867549578349261694125387841672953732958614956431728,6,WWing
090004700000600003702001406000090000640000008000020090001000600200050301007000000,396284715418675923752931486123498567649517238875326194981743652264859371537162849,6,SimpleColouring
040006007600020090009800560456000700083000015010305806090008000804703001005090000,542916387638527194179834562456182739283679415917345826791258643824763951365491278,6,SimpleColouring
020000700090000006000406080007000904100502060006010000400000003001700000000060007,624893751598127436713456289257638914149572368836914572475281693361749825982365147,6,WWing
030007000005840020008060001050080900400006000106025000007050000000700560040000890,234517689615849723798263451352184976489376215176925348967458132823791564541632897,6,WWing
009050078000000005003071000360000000400760000090040020050000064000029000726000000,619254378278936415543871692362198547485762139197543826951387264834629751726415983,6,SimpleColouring
000000504406000090803050000000340900000600200000070140200005801601028000009000400,192867534456213798873954612725341986314689275968572143237495861641728359589136427,6,WWing
816000007000002300000500008080050030060000000003069041300640092000000400047090006,816934527975812364432576918784251639169483275523769841351648792698127453247395186,6,WWing
000040000900100720508009004700400010000000080000570200000300570803004009200000000,327846951946135728518729634792468315635912487184573296469381572873254169251697843,6,SimpleColouring
000030021400509000010200000070005000000062308600000540000090784008000030097000000,865734921432519867719286453273845196954162378681973542526391784148657239397428615,6,WWing
040061070000000062000000800860002000700000040004705000090007230020010000108004000,249861375581473962637259814863142759752698143914735628496587231325916487178324596,6,WWing
030700000000000080002300090060500009300000400000910020050807000800230006609050038,938745261576192384412386597264573819391628475785914623153867942847239156629451738,6,WWing
706001090000000801300902000008600500104300700020080000000260040000004100400070000,756841392249736851381952476938617524164325789527489613815263947672594138493178265,6,WWing
009470500000000006000506490017000809860010270002800010030704960005000300000230004,629473581548192736173586492317625849864319275952847613231754968485961327796238154,6,WWing
004300000000010008000000067050004006061907200000000090008102000300600020600700005,584376912736219548129485367953824176861937254247561893478152639395648721612793485,6,WWing
070000001109000002003090000000057900004000025090430070200300080000876000000001000,478562391159783462623194758861257934734619825592438176217345689945876213386921547,6,SimpleColouring
050003807000200000000067010000040001070800900004009005206000704000000069900001000,652413897137298456498567213569742381371856942824139675216985734785324169943671528,6,WWing
000000050040001003900400060620000000008010605004070018000052900000900300080006001,816397452247561893935428167621845739378219645594673218763152984152984376489736521,6,SimpleColouring
295140700000000009034908650620030000000000006400600015100460000009000060300709040,295146783816357429734928651628531974951874236473692815187465392549283167362719548,6,WWing
100305000600010004020000601000050000090000008830002570070006400900000000004700830,148365927659217384723489651417958263295673148836142579371826495982534716564791832,6,WWing
090300000000152080120000360200030804070091500000040670780000006001720000600080050,895364712367152489124879365216537894478691523953248671789415236531726948642983157,6,WWing
000500702000001000006000901030900008004305007091070300100709500900000000700084600,819563742475291836326847951537926418684315297291478365162739584948652173753184629,6,WWing
020001090900030600051007004000795000010083056003000008040009300000600500007000400,326541897974238615851967234468795123712483956593126748645819372239674581187352469,6,WWing
900570000050100062600000050000050200004029080008040001300000000009000020000200018,921576834857134962643982157736851249514729683298643571382415796179368425465297318,6,WWing
200700094700061020080000000000019070000000001040280009000000040008097600900000803,265738194794561328381942765853419276629375481147286539516823947438197652972654813,6,SimpleColouring
007901000500000039003000007000100580000048000010007000000510600006000200020780005,647931852582674139193825467274169583965348721318257946839512674756493218421786395,6,SimpleColouring
004000090091007300000005700053080000000960001000003000009300024040000600300002000,724638195591427368638195742953281476287964531416573289179356824842719653365842917,6,WWing
010000000008000010760500200006085090000063000870201006051008974000004000042000568,513872649298346715764519283436785192129463857875291436351628974687954321942137568,6,WWing
090604008060850001500003000000407230020300900003020010006000070000001000037000600,391674528764852391582193764915487236628315947473926815846539172259761483137248659,6,SimpleColouring
010009068200107005000000003090010000008450000040000200000000000960700400000000350,314529768286137945579864123792316584138452697645978231451293876963785412827641359,6,WWing
308000020000010806020000045007020050000701004590000000200000090000860500004200008,368547129475912836129386745847629351632751984591438267286175493913864572754293618,6,WWing
030064000000020010700801040002058407000000000000100568060000000084200030000070002,138564279546729813729831645612358497895647321473192568267983154984215736351476982,6,WWing
000000600010080000000034009980000003000090420000308500590000000000700060007500100,839257641415986237672134859986425713753691428124378596591862374248713965367549182,6,SimpleColouring
160000900000062154200100070003007400700054200600030590010400000000001009000000730,167345982839762154254189376523917468798654213641238597916473825375821649482596731,6,WWing
980000700300700054020500000030000810090400000800650040000000000009004105000037000,985342761361798254427516389534279816796481523812653947143925678279864135658137492,6,WWing
400030901000690300000008502000561000002000800009000070010083000000050000078100003,465237981281695347793418562847561239652379814139842675514983726326754198978126453,6,WWing
052930000003000020004051090000005000600409053200107060571004600000073000396500040,152936487963748125784251396849365271617429853235187964571894632428673519396512748,6,WWing
700900600000650040600047000009001005000079300500020010010000070830290000205008000,754982631192653847683147592379861425421579386568324719916435278837296154245718963,6,SimpleColouring
106090405004050300005014070900081060040069000080000709050670800000020907710940000,126397485874256391395814276937481562542769138681532749259673814463128957718945623,6,SimpleColouring
500000070908300002000500000600007020010800009000094100003905400005000080090460030,531249678978316542426578391659137824314852769782694153263985417145723986897461235,6,WWing
500040070040008500070000300000030764000000000406080020000100657001000000020079030,569342178243718596178695342852931764397264815416587923984123657731456289625879431,6,WWing
000080007002060000050009000000900046040001302000030800010004053005090000890000020,964182537382567419751349268537928146648751392129436875216874953475293681893615724,6,SimpleColouring
000004002001000030705000000000020309900800001008410025090670503000300000100008090,639184752241957836785263914514726389926835471378419625892671543457392168163548297,6,WWing
006000009100000074002004300000093068080650000000000400270030600060008050090700000,846375129139826574752914386517493268984652713623187495278539641361248957495761832,6,WWing
003000009000000086080009350708003005050004000009080000270050000005406020600190000,563827419942531786187649352718963245356214897429785631271358964895476123634192578,6,WWing
070538000406000000080000000020900003807020000600000410000000600003697204000010300,271538946456279138389146725124965873837421569695783412748352691513697284962814357,6,SimpleColouring
020080000567000900000107000000900750080300000900006080001000074790000200003060000,124689537567423918839157642312948756486375129975216483651892374798534261243761895,6,WWing
800600200002004000000700506030065090000400000058000400609001000400500002007000800,895613247762854931341792586234165798976438125158927463689271354413589672527346819,6,WWing
100070020000508000004300056500030000060000071709000400070051300040020060000800000,135476928627598143894312756512734689463289571789165432278651394341927865956843217,6,WWing
073501000600900000080020000008030500000009073000060800036208000700640001000000004,973581462642973158581426937298734516164859273357162849436218795729645381815397624,6,WWing
092805000000001920070000400000002090050600000019000003020058000003000012006070000,492835167635741928871926435768312594354697281219584673927158346583469712146273859,6,WWing
008070102200000500051900306000480030000203001600000408004000800100092050000034010,398675142267341589451928376712486935849253761635719428524167893173892654986534217,6,WWing
070050090002000040905000280203046000010300000040900005000098000000001050407000600,874253196162789543935164287253846971719325468648917325521698734396471852487532619,6,WWing
005007200004360000700002000000000000000040027090020800200036010670001940900000300,365497281124368579789512634812675493536849127497123856248936715673251948951784362,6,SimpleColouring
000200090014030000350001800000020108000300507200500030070090200000003010160000000,786254391914836752352971864537629148691348527248517639473195286829763415165482973,6,WWing
800100000030900846005000090680000307000300000900050010000000200160003000000709100,896174532731925846425638791682491357514367928973852614347516289169283475258749163,6,WWing
800710000000580702207000030480005000000094000603100405009000001056800000000031600,835712946964583712217946538482365197571294863693178425349657281156829374728431659,6,WWing
002600040000000500096402000000980000075000004001000700200000609137000000500000081,352618947418793526796452138643987215975321864821546793284135679137869452569274381,6,WWing
000003008500700400080460000860050070000007006240000000700000502610070004020091700,974123658536789421182465937861254379359817246247936185793648512615372894428591763,6,WWing
074050000000001000300070009800100600003000000000080350000009040040007590008400020,974358261286941735351672489825193674763524918419786352537219846142867593698435127,6,WWing
010090020000180603000400005206000000003050000000000208009037006005008100300004000,614395827597182643832476915276849351983251764451763298129537486745628139368914572,6,WWing
200300008305000600080050300000001960000000105006070030100024000040800070000000002,291346758375289641684157329428531967739462185516978234157624893942813576863795412,6,WWing
005087003900560007700094600012400008000000000030018000040300065000000820200000070,165287493924563187783194652612459738478632519539718246847321965351976824296845371,6,SimpleColouring
000007030002504010940030000038000600500000490000650003000800006100000079020790300,685917234372564918941238567238479651567183492419652783793845126154326879826791345,6,SimpleColouring
000600000000000048060090005280006009500129030003400000000000300001570000005004061,718645293952713648364298175287356419546129837193487526479861352631572984825934761,6,SimpleColouring
000300205000100000095000007000000060901500000350094100028030000000020608710005900,146378295273159846895246317482713569961582734357694182628937451539421678714865923,6,WWing
000002080060100400028590000304000006000000010905710000000000008000400270000053600,149632587563187492728594163314928756672345819985716324456271938831469275297853641,6,SimpleColouring
400000900060000038000100000000790061537060000000020000008000007010250000600019020,483576912761942538259183674842795361537461289196328745928634157314257896675819423,6,WWing
500080000030906002207000000003000069000490007140300000050000804000001020000020050,564782391831946572297153648783215469625498137149367285352679814478531926916824753,6,WWing
000400000300070021070560000100000000080050600042000100000006002203100004000009050,529413876364978521871562439135694287987251643642837195758346912293185764416729358,6,WWing
050200009030000100004006005020000900003024000010708300507090000000000504009600073,658217439732549168194386725426135987873924651915768342587493216361872594249651873,6,SimpleColouring
007091002200030500300004000000006300800159000700000400000680000000017060005000700,647591832219738546358264179521476398834159627796823451973685214482317965165942783,6,SimpleColouring
007020800000000010890400000100634200000080000005100000000000306400000902360900400,517326849234859617896417523178634295923785164645192738759241386481563972362978451,6,SimpleColouring
800017005000400000037020000060050382304060000000102000000000001189000050000070860,892617435615493278437528196961754382324869517578132649746385921189246753253971864,6,WWing
090080000005002070000000508060300920007000001000900657300040200800000045074200803,793581462685432179412769538561378924947625381238914657359847216826193745174256893,6,WWing
020003000107000030030408000000000004000200300500060700080601000006004001000530009,829713465147956832635428197263187954798245316514369728982671543356894271471532689,6,WWing
040073900090480006600090034080200090065049002000830040030000100907000003800320060,542673981193482576678591234784216395365749812219835647436957128927168453851324769,6,SimpleColouring
007093000004008006086000079000405000010000020090020004000000000030000052700084100,157693248924758316386241579278435961413869725695127834549312687831976452762584193,6,WWing
000209040016000000000000307000005062802090000500000109600080790000000000305607408,783259641416378925259416387931745862862193574547862139624581793178934256395627418,6,WWing
000300590000000070708500004050004901002001400400003000004000020000710009200000038,146387592523149876798526314357264981682971453419853267974638125835712649261495738,6,WWing
700000003004008007038950000600503000000060000080700006020690300003001060070400809,752146983964328157138957642649583721317264598285719436821695374493871265576432819,6,WWing
091380050030000000000004000009000500020150070008907060502000008000508700000001030,691382457437695182285714396769823541324156879158947263572439618913568724846271935,6,SimpleColouring
062094010000200050500060000000340080030000500090000004000800002019006000800403900,362594718981237456547168293675342189234981567198675324753819642419726835826453971,6,WWing
020080035000000100450107000000008210900002000015700000000000907140000000600024000,721489635893256174456137892367548219984612753215793468532861947148975326679324581,6,SimpleColouring
070002003003107000800030105000580000014000007000001600040000008060900020002400506,471852963653197482829634175736589241914326857285741639147265398568913724392478516,6,WWing
305900100070080000820000350030008009600050002000620400000030500050400090000000800,345972168176583924829164357532748619614359782987621435291837546758416293463295871,6,WWing
000048000000103000050000810020900000800000190400700562000070900180500004002800700,219648375678153249354297816721965438865324197493781562536472981187539624942816753,6,SimpleColouring
050603000200000000000908010005100040806002000040009230001340008500080000004000100,459613782218574369673928514925137846836452971147869235791345628562781493384296157,6,WWing
100030009009000000006100005084300000070000008060400350013060080000510040000900006,142835679859276134736149825984357261375621498261498357513764982698512743427983516,6,WWing
000900006005000403600072010000090600002047000904000700700000000030001005050030080,173954826295816473648372519517298634362547198984163752729485361836721945451639287,6,WWing
000740009000002030020056070602007000010000002005100900000000400850009000070000160,368741259547892631921356874692487513413965782785123946136278495854619327279534168,6,WWing
003008470060000009200500000017000050000600080800070000000104600000080004082000090,193268475568437219274591863317842956945613782826975341759124638631789524482356197,6,SimpleColouring
100020900035400000007100028000080076000000200029000040068001000000060000040900605,184627953235498167697153428413289576856714239729536841568341792972865314341972685,6,SimpleColouring
030900800007000040800000001000005000050000302406200080603000170900507060005000008,231974856567138249894652731329785614758461392416293587643829175982517463175346928,6,SimpleColouring
905000800000000102000706300302000007000040503000009000019020000040100009070008200,935214876764983152128756394382561947697842513451379628819627435246135789573498261,6,WWing
090000003000000010100200800700901005004500000800000700000032070080006000005107002,596718243428365917173249856732981465964573128851624739619832574287456391345197682,6,SimpleColouring
090006070006900300074300160000002030000050704430000000020000600007000000800014020,398126475516947382274385169781492536962853714435761298129578643647239851853614927,6,WWing
107000000080000000056800049000027300002040008060000090500700080008006000070900054,197264835483195627256873149849527361312649578765381492534712986928456713671938254,6,WWing
500042083400000001070003200007050040050010002084020509090000005820030400000601000,569142783432798651178563294217859346953416872684327519796284135821935467345671928,6,WWing
005000800080000430203500009016008070000930081000170500800300006500000000020049000,165493827987621435243587169416258973752934681398176542874315296539862714621749358,6,SimpleColouring
009200800001006030320005000010030207080070000000000004204008600070009000008000403,759243861841796532326185749915634287482971356637852914294318675573469128168527493,6,SimpleColouring
007006000000405300900020070000963500003000800010040006081000000000000201000057000,347896125128475369956321478874963512563712894219548736681234957735689241492157683,6,SimpleColouring
000167000030009002901400000009070000050000270400020080020090010000304000103000500,542167839736859142981432765219678453358941276467523981624795318895314627173286594,6,SimpleColouring
000010038030704000006008000090003700105000090007006450000000507402030000050200000,749615238238794165516328974694153782185472693327986451963841527472539816851267349,6,WWing
000700000000050900590008034170080200000600079900003005000000000216004000800000410,428739651637451928591268734174985263385642179962173845743816592216594387859327416,6,WWing
000010002000030450000408103012050900070100020030800006003000000164009500025000009,348915672691237458257468193812756934476193825539842716983574261164329587725681349,6,SimpleColouring
003750900600240000007006040000900021000030700702000030005010090000000200430000060,243751986619248573587396142358974621164832759792165438825617394976483215431529867,6,WWing
408000000000000901000008402004091000030080006009003200000000000300620000000014378,498152763275346981163978452654291837732485196819763245541837629387629514926514378,6,WWing
020080005009000008000003400005000006410006000390100540900000070000020000008090300,624789135739541628581263497875432916412956783396178542963815274157324869248697351,6,SimpleColouring
000500000609002015000096003760009280901080000400000050006005000000630027010004508,178543692639872415245196873763459281951287346482361759826715934594638127317924568,6,WWing
000070100600000370070000004000002803800100900490000006900006500200037000001845002,534678129689421375172359684716592843823164957495783216947216538258937461361845792,6,WWing
000050100086020700040900000800100090200080000050009000700060800001000200000005004,972653148386421759145978326863147592219586473457239681794362815531894267628715934,6,WWing
008007030603010700000080400090060000000000206180390000000500970200040001000006800,428657139653914782971283465792465318345178296186392547864521973237849651519736824,6,SimpleColouring
000900500001040000004358000000009005020004609160800030003500040700000020008006300,832961574591247863674358192487639215325174689169825437913582746756413928248796351,6,WWing
000100400658000010200060000100009542040000000509700008080000095030900000000001200,397158426658294713214367859173689542846512937529743168781426395432975681965831274,6,WWing
100000005008000020006000170609005000080020901070001040000700003900000002730600090,197236485548179326326548179619485237485327961273961548852794613964813752731652894,6,WWing
000045000250090070030800002029000037470020000000000000000030000000080504560002100,987245361251396478634817952829154637476923815315768249142539786793681524568472193,6,SimpleColouring
060700000000020030008004070605100009070400000000200500043005006000000840100006300,962783154754621938318594672625137489871459263439268517243815796596372841187946325,6,SimpleColouring
060080000020500000079000000000000170002076005000049600000060507900000042004800001,165487293428593716379621854643258179892176435517349628231964587986715342754832961,6,SimpleColouring
600000010000700090390001020400039005050000000908500000000840200200070431000300870,675294318821753694394681527462139785157428963938567142713846259286975431549312876,6,WWing
000500000000000051009006003094000000002730000500800070000050720400200100000003400,341528697678394251259176843794615382862739514513842976936451728485267139127983465,6,SimpleColouring
600000000030200000000047052580900000000050087003800900040080000006300040019004006,624135879735298614198647352581972463962453187473861925347586291256319748819724536,6,WWing
000030000907054001000000570400000008800009000030075090004080000010200003009300200,651732849987654321243918576496123758875469132132875694324586917518297463769341285,6,WWing
070000680040100003000703900006002304000001000210804000050300000300050006000027800,973245681842196753165783942586972314734561298219834567657318429328459176491627835,6,SimpleColouring
020005800004002100003000009009260700070080005100030000000008200000040000018000506,921475863864392157753816429589264731372189645146537982637958214295641378418723596,6,SimpleColouring
100802700000500080060000020007301005008007210090000000000010300009034000050080000,145862793972543186863179524427391865638457219591628437786915342219734658354286971,6,SimpleColouring
070003001800000400450900008000400100000000003000057000000070500019008000000020039,976843251832715496451962378793486125645291783128357964384679512219538647567124839,6,SimpleColouring
000328000003000000040009070000500091082900040390840602050060000007000004230700000,715328469923674185648159273476532891582916347391847652159463728867291534234785916,6,WWing
900200106070001000503007020700008500031500204400030000004060001000300058090000000,948253176672981345513647829726498513831576294459132687284765931167329458395814762,6,WWing
030000000002430006000006407020500063001000520000093000016002000000705800080000000,634157289872439156159826437427518963391674528568293714716982345243765891985341672,6,SimpleColouring
500040069700029000000000240005000004001000000000007050000008010290300000300600820,582743169764129538139865247675912384841536792923487651456278913298351476317694825,6,WWing
000002000701548000009070040030010076912000005000020000104000008500700060000000054,453192687761548923289673541835419276912867435647325819174256398598734162326981754,6,SimpleColouring
028040007060000050300001400000500010700000940200300600070000000000029060005080000,528946137164237859397851426486592713753168942219374685672415398831729564945683271,6,SimpleColouring
100305040007040000054800026020090050000001700015400000000000490000000000000573800,182365947637249518954817326326798154498651732715432689873126495561984273249573861,6,SimpleColouring
004000280030048501100500003002600000003070000500001400090007100000350700000084000,954713286236948571187526943842695317613472895579831462398267154461359728725184639,6,SimpleColouring
000092040200030800007004206600080300709520600002900008800000001006300000500008700,368792145245136897917854236651487329789523614432961578823679451176345982594218763,6,SimpleColouring
006042901189030204000000000207006000300104006000070000800091460900000507040005100,736542981189637254452819673217986345398154726564273819875391462921468537643725198,6,WWing
090040002006500040104002700900470021500021030000800000050008000000230006000100203,795346812826517349134982765983475621547621938261893457352768194418239576679154283,6,SimpleColouring
000000052009300400065000090800090006003800000002073980010205000024900000050630020,137489652289356417465721398871594236593862741642173985316245879724918563958637124,6,SimpleColouring
560000070900040083000030200300009002000400607090000001009000300600100000001027000,563982174972641583148735269316879452285413697497256831729564318634198725851327946,6,WWing
000060087000700600000002900070300010400000320050040006090100002060090000140000050,531964287924718635687532941876329514419657328352841796795183462268495173143276859,6,WWing
000200004200700100006059300100030060003506000080400920408000000030000040000000009,317268594259743186846159372174932865923586417685471923498327651731695248562814739,6,SimpleColouring
060008000039001000000700209600900003007005100000000070002000001000007048900800006,265398417739241865148756239621974583487635192593182674872469351316527948954813726,6,WWing
500010030380002001090400500003006090060000008000020040029000057000701300400000006,572618439384952761691437582243876195965143278718529643129364857856791324437285916,6,WWing
000068000000002049000439102050000000008000790347000000010500007003840000600000004,492168573831752649576439182159287436268314795347695218914523867723846951685971324,6,SimpleColouring
000002000000040800910300000300000000000609400042000030006507000004020095200090760,468752319523941876917368524389274651175639482642185937896517243734826195251493768,6,WWing
060030590000000200009000060000800010800920000027015000930006000700000021200050004,162437598578169243349582167695873412813924756427615389931246875754398621286751934,6,SimpleColouring
000650000080200010000000403009506080100904032000010000032070040590030000700009000,473651298985243716621798453349526187167984532258317964832175649596432871714869325,6,SimpleColouring
208400013000091080000007005000060000000570400684200000846000050700000300009000002,298456713567391284413827695375964128921578436684213579846132957752689341139745862,6,WWing
000100000000802700002060000020704908009000004000600000700400001000006500451007800,534179682916842753872563419125734968689251374347698125763485291298316547451927836,6,WWing
030010720000700000007200509000000000008020963003900457000100070050000001960370205,435819726296753148817246539649537812578421963123968457382195674754682391961374285,6,WWing
008003042054000600900000000009050070000200068305800009000001020023400000000008007,678513942154792683932684751289156374741239568365847219497361825823475196516928437,6,WWing
000070209076900030002005000008001000060090013014600070030000006800000090040019007,453176289176982435982435761398751642267894513514623978739248156821567394645319827,6,WWing
400007003308040000700052000600000000000030080050490670000000800001600090000170030,415867923328941756796352418687215349249736185153498672974523861531684297862179534,6,WWing
030050000000000639008000000000090020009086370504003000007000090010007208942500007,431659782275814639698372541763195824129486375584723916857261493316947258942538167,6,WWing
000040010007901680000680700059004030030809040060100800000008000008200305170000000,682547913547931682913682754859764231731829546264153897325478169498216375176395428,6,WWing
000020708908000000000506004000300010604000000075204600001002000000800006700005940,156429738948173562237586194829367415614958327375214689461792853593841276782635941,6,WWing
409000001003005000000090002100000070006003900000600008300007600704000023205800700,479382561623145897518796432142958376856273914937614258391427685784569123265831749,6,WWing
070060510300700060000000900000500834000029000001000000000801705008000001009000000,974268513312795468865143927297516834583429176641387259426831795738952641159674382,6,WWing
700900006000002100050003008000705400036000000000010803090300080200090000073581090,718954236364872159952163748829735461136248975547619823691327584285496317473581692,6,WWing
000900047030000009002000800070005080001000005840230000000059070094000010000003004,586921347437568129912374856379145682621897435845236791163459278794682513258713964,6,WWing
400000002000102000350090000503200001000035000080000009900840500060073000000000000,418357692679182435352496817593268741741935286286714359927841563164573928835629174,6,WWing
008650000000029010700000050000000803000000000024500009007040100305160000000200006,138654297456729318792381654519476823673892541824513769267948135345167982981235476,6,SimpleColouring
000600000000901056460007000120700000700105000000000090042000073300010064080003900,219654387873921456465387219124796538798135642536842791942568173357219864681473925,6,WWing
003000400100560000800000009001200080500086000090070054004017900000009008005000000,653928417179564832842731569461295783537486291298173654384617925726359148915842376,6,WWing
000008400419300000006000020005000640000800700000102000300007000004000090190406000,523678419419325876876941325285739641931864752647152983358297164764513298192486537,6,SimpleColouring
000100008000002000750000300400089001090200070500400080070060900360000010012000500,249135768683742195751698324427389651198256473536417289874561932365924817912873546,6,WWing
000100040000000000080074310100805000030090600409000003060001005005600709003000000,357168942641329578982574316126835497538497621479216853764981235215643789893752164,6,WWing
000000002000420350000001800001040090700800040000000503079010004200000000400007160,963785412187426359524931876351642798792853641846179523679518234215364987438297165,6,WWing
000934806030870000009000040052000003000700000006091080418000020200080001003060000,527934816134876592689215347952648173841723965376591284418357629265489731793162458,6,WWing
000006900000709030028000000500030106000040300089002400004000009000260000053400200,437186925615729834928354671542937186176548392389612457264873519891265743753491268,6,WWing
006000000000907008507000030000020000001400002250300080400065020000000057080004300,896132745134957268527648931648529173371486592259371684413765829962813457785294316,6,WWing
000803000000120080500009000006000000780031020300700005027400000000060200050000160,261853479973124586548679312496285731785931624312746895627418953139567248854392167,6,WWing
504270300000080050017300002070000100100040000908600004002900030000020000000004609,564279318239481756817365492476592183123748965958613274642957831391826547785134629,6,WWing
000003060046700300000000427080040000000000290710006000500000010073002005062080000,927453861846721359351869427289345176635178294714296538598634712473912685162587943,6,WWing
090800007000060003053900000706000400000100060802005000000030900009200000007001032,694823517178564293253917684716389425945172368832645179421738956389256741567491832,6,SimpleColouring
000000800140608000089000000000025060200000700001400500010000400004060002938100000,326759814147638295589214376473825961265391748891476523612587439754963182938142657,6,WWing
000006008801027650200090007000700009057900006000000370070030800040600700080109005,734516928891427653265398147428763519357941286916852374579234861143685792682179435,6,WWing
260800000090057801000000500080000900000300000050060004000176050020040006000200010,265891347493657821817432569681724935749315682352968174934176258128543796576289413,6,WWing
000094000000000050005021600900200130008009040010300000080005000000970002000060900,632594871197638254845721693956247138328159746714386529289415367561973482473862915,6,SimpleColouring
200050000100060047504000900680070290000080001000005083400200010000000000906003000,269754138138962547574138962685371294342689751791425683453297816817546329926813475,6,WWing
007102450012000000080640000000070100000030068079060040060005010000000020050090080,697182453412953876583647291826574139145239768379861542768325914934718625251496387,6,WWing
000000805200160000070093000003500009500029000040000000000002580400001300800600402,369274815284165937175893624723548169516329748948716253697432581452981376831657492,6,SimpleColouring
000000301000080050003190000032000804800007000500004100600070000007001920300000070,958762341176483259243195786732516894814937562569824137625379418487651923391248675,6,WWing
060050900900000004000000537056030000210407385308502000000800020040670000000000400,867354912935721864124986537456138279219467385378592641691845723542673198783219456,6,WWing
008000003500000600004090080000000200803000014000053009000065000340008000092040000,768512493519834627234796185951487236873629514426153879187965342345278961692341758,6,WWing
004000000060900040090000703010083006043600000002009300200057000007030812000000000,724365198368971245195824763519783426843612579672549381286157934957436812431298657,6,WWing
740080200300000000006040000064000000030100090020000308402700100080460002000003089,749386215318572946256941837964837521837125694521694378492758163183469752675213489,6,WWing
000010350000000046002034000060307001800002500200001068070000083000600100001743000,748216359153879246692534817465387921817962534239451768976125483324698175581743692,6,WWing
000001003300500060800030000500200900093000007006000300000050802170080000050940000,942861573317529468865734129581273946493615287726498315634157892179382654258946731,6,WWing
000010902000000008740903050307000800000370009010000000004001000950600070006030280,635817942291564738748923156367195824482376519519248367824751693953682471176439285,6,WWing
080062000007900005000403900070050000400000859065001003003205000050600000090000040,189562734347918265526473981978354126431726859265891473813245697754689312692137548,6,WWing
000003000000000038001285004500390007060700000380000000004100290010000076000040000,498673512256419738731285964542391687169728345387564129874156293915832476623947851,6,WWing
500107000809000000000080000006703010030000005000004720000900050070601400020000060,563127948849356271712489536256793814437218695198564723681942357975631482324875169,6,SimpleColouring
001000000004300078006000100000070000090021030000008045800002700702050009019800003,281794356954316278376285194643579812598421637127638945835942761762153489419867523,6,WWing
020003006600150027000700900005001700200030060006970800000004090009200005400390008,927843516684159327513726984895461732271538469346972851758614293139287645462395178,6,WWing
100800006006400903050700000000040030007001080000020509032000000040000097600050100,124893756786415923359762418865947231297531684413628579932174865541286397678359142,6,SimpleColouring
007040001000001800000630002030400090800509360060000000000007000000100004500900130,397248651256791843184635972731486295842519367965372418413867529629153784578924136,6,SimpleColouring
000004020900000053501900080009030700320060008000005000000000000460008001090700002,736584129982671453541923687659832714324167598178495236217349865463258971895716342,6,WWing
080005207701000500006130480000019050002000630010000002000050000120300070007081000,384695217791824563256137489673219854942578631518463792839752146125346978467981325,6,WWing
062000008003610000090008000017300000000004069020800010040003002000000000000007304,162745938583619427794238651617392845835174269429856713946583172378421596251967384,6,WWing
140600007390200800200030000000000005020080074900001020000000052009000300030004006,145698237397245861286137549714326985623589174958471623871963452469752318532814796,6,WWing
060002005520806037008030060700590000000000010000600090009000400050000001400000270,163972845524816937978435162781594326692783514345621798819267453257349681436158279,6,SimpleColouring
000000000206003007407800050802570006000000000500080910008600200000019700900000005,189457623256193847437862159892571436613924578574386912748635291365219784921748365,6,WWing
000000020009502160050000900000040082600070000000150000710000300065000007032000090,146397825379582164258461973591643782683279541427158639714926358965834217832715496,6,WWing
207000001000001009060050080800700003010500006006004000601300700020000000000900408,237489561458631279169257384845716923712593846396824157681345792924178635573962418,6,WWing
900000086000710009200900700024800000008050003300004000000500030000063008003080150,971325486485716329236948715624831597198657243357294861819572634542163978763489152,6,WWing
021700800500002900000000000007000301004501000090004700009043080400208000030000002,921735864568412973743986215657829341384571629192364758219643587475298136836157492,6,WWing
800050300050002000000090060200001006030000049701000003006020000000008070002640090,819456327653872914427193568294531786538267149761984253186729435945318672372645891,6,SimpleColouring
900040030040006000050002008003020760000700000098300100034000095000603007000050006,967841532842536971351972648513428769426719853798365124634187295285693417179254386,6,WWing
000010506000000000075000400200007609000080000060030100000700000009105200810000004,983214576124576893675893412231457689497681325568932147352748961749165238816329754,6,WWing
000200070200000008000896000001900407093060200500010000009070003087620010150000004,918243675236157948475896132861932457793465281524718396649571823387624519152389764,6,WWing
000000000020408900005000130400000803008300000710006000000090050070530002000024008,146953287327418965985762134469175823258349716713286549632897451874531692591624378,6,WWing
070009000205017040000600500000400180000000700017003900908004000000050002306020000,473589261265317849189642537692475183534198726817263954928734615741856392356921478,6,SimpleColouring
067090000500020004030100050200060070080000005700009030000000400000001080006780300,867495123591823764432176859243568971689317245715249638378952416924631587156784392,6,SimpleColouring
068309000700600004009400062806900000000000010000003270004000305000008020500100000,468329751721685934359471862876912543293754618145863279614297385937548126582136497,6,WWing
007500000010900030020007009005003000008400000730008050000005000271000090800040073,987531246516924738324867519495273861168459327732618954643795182271386495859142673,6,WWing
800004000050810000004700030012083070000400000006090802940060010085000900020070000,871634295359812764264759138412583679798426351536197842947268513685341927123975486,6,WWing
000004080000050000710690030096000002500002400040060007000000090004000503300120000,962734185483251976715698234896475312537812469241369857628543791174986523359127648,6,WWing
200090010000004005706000000090070000500006430100400050009000600400900007001302000,245793816918624375736851942394578261587216439162439758859147623423965187671382594,6,WWing
001602000060030100300001000000004308000387695007009000600200003070000004002040056,491652837765938142328471569956124378214387695837569421649215783573896214182743956,6,WWing
600010300003700901000000007047080000000000500800602000400965030700000040050040009,672819354583724961194356827247583196936471582815692473421965738769138245358247619,6,WWing
091300000080000400700001809200000104008020000360000070000060000000480300050002610,491358726582976431736241859275693184148527963369814275823169547617485392954732618,6,WWing
082093000000000010967004500070006000800400600000010040000040001205001006001750400,182593764354267819967184523479326185813475692526918347738649251245831976691752438,6,WWing
701406000000705000625009070080904001503000200000030000900001400002607100000000006,731486592894725613625319874286974351573168249419532768968251437342697185157843926,6,WWing
006000200003085904000300000000004000008012500020000080760000090002009007080000013,846971235173285964259346178617854329398712546524693781761538492432169857985427613,6,SimpleColouring
080000003000100952060309100003000501009605000800010000090048200100060070000000005,981452763734186952562379148673824591419635827825917634397548216158263479246791385,6,WWing
300609700000400350090000064400267003200030000000000008604750930500100007002006000,345629781826471359197583264481267593259834176763915428614758932538192647972346815,6,SimpleColouring
003070084010000600047001503080000030070160090000090000005310800000009000008000002,953276184812435679647981523189542736574163298326798451295314867761829345438657912,6,WWing
900004006007000200000509000650010000000000054300200001000081000070006030106030070,923174586547368219861529347654817923712693854398245761435781692279456138186932475,6,WWing
000000007018000200000005001030700000004600308200400060305040100000010002600009000,952184637718963254463275981136758429574692318289431765325847196897316542641529873,6,WWing
090008350720000600000000100000900028008607001000000700061002000080710030507080000,194268357725193684836574192673941528258637941419825763361452879982716435547389216,6,SimpleColouring
000006908600000007078009320004073000062104003705000100000900705040007000000830640,413726958629385417578419326194573862862194573735268194286941735341657289957832641,6,WWing
002005301000730000007600005004002100030000920009060000900800000000000030400009712,682495371541738296397621485854972163136584927279163548923817654715246839468359712,6,WWing
050000000700000809900320000000002000602097040000540000006400700840205030000006010,158769423723154869964328571485632197612897345379541682296413758841275936537986214,6,WWing
000001070008007000020009034009700000500010049102000060007000820000080000001005300,954321678318467952726859134469732581573618249182594763697143825235986417841275396,6,WWing
007500900600349210000010085000000100060900000038201000000600029070000000400002060,317528946685349217942716385729465138164983572538271694851637429276194853493852761,6,SimpleColouring
407028090002050100050400000000000567000000001005007080020700309106003700304005010,417328695832659174659471832941832567783564921265197483528716349196243758374985216,6,SimpleColouring
008067900000500400460000700500000800003006000009020050300000009050204000001009030,238467915197582463465391782512743896783956241649128357374815629956234178821679534,6,WWing
050000102000030000004100083000000070000070800000842090702096010005080900001003000,357968142816234759294157683568319274429675831173842596742596318635481927981723465,6,WWing
021007000000010030406980000000090003080000200002301607000000840008000050600038000,321457968879216435456983172764892513183675294592341687237569841918724356645138729,6,SimpleColouring
007300002030008150086050000000000004060000070320000508070090000050007306000045000,547319682239468157186752493791586234865234971324971568472693815958127346613845729,6,WWing
020800000870000910003000070080074000004960800060002754000000001600100500010045007,421897365876453912593216478382574196754961823169382754245739681637128549918645237,6,WWing
076000090000030000490020070030500000500000000008090003049300000000970201020480600,376154892852739164491826375934518726567243918218697453149362587683975241725481639,6,SimpleColouring
060000108000090502500200400000605000090700006400002070730060000019000000000800000,962574138347198562581236497273615984198743256456982371735461829819327645624859713,6,WWing
000000000602040708719002000000900800084530010060200045046003500000000004005008072,438679251652341798719852463573914826284536917961287345146723589827195634395468172,6,SimpleColouring
200006010900100400080940360100037000000000000090060180405080000800709003000000208,254376819936128475781945362148537926627891534593462187465283791812759643379614258,6,WWing
070000390000060000304000008010000003006940050040100700000001002020480000031700080,672815394198364527354297618915672843786943251243158769869531472527489136431726985,6,WWing
010080400000000800000000059780100000500020000426800005070060020003000080800501096,917285463254396817368417259789153642531624978426879135175968324693742581842531796,6,WWing
000700000008010040006002000030000502007006900005001003600090000053000200001800005,319754826528619347746382159134978562287536914965241783672195438853467291491823675,6,WWing
850300210270050009006021000020000830160070000308040075000000080003084000500006020,859367214271458369436921758724519836165873942398642175942735681613284597587196423,6,SimpleColouring
238600010000002609000007000070060390060103402000700806007040000680000500009000003,238659714751482639946317285472568391865193472193724856317245968684931527529876143,6,SimpleColouring
001067003000020005008090020000950200020000108006001000305000000000003001109000070,251867943697324815438195627713958264924736158586241739375619482862473591149582376,6,WWing
100000903005008200608003000003060050074030000000009008000001000400270809300900500,142657983735498261698123475913864752874532196256719348589341627461275839327986514,6,SimpleColouring
070918020100000800000000000903000200020670100050040000000002005200000040090750000,576918423142536897389427561963185274824673159751249638417362985235891746698754312,6,WWing
020806000300000042176000800000074900009001360000000054000000000000740209057090003,924856731385917642176423895561374928249581367738269154492138576613745289857692413,6,WWing
002000600006593100050100000003000040010300700000409000000000004040070500000920067,192748653486593172357162498863257941914386725725419386679835214248671539531924867,6,WWing
000100040168500009400008006010050000000300500090040360600035810005001470030000000,957163248168524739423978156314256987876319524592847361649735812285691473731482695,6,SimpleColouring
040023800080000300700900000000250001007010090000070005008700006030000000900006208,146523879589467312723981564364259781257618493891374625418732956632895147975146238,6,SimpleColouring
005031000600800700000000040002060507000008290000019300030080006068700000090000000,475631829629845713183927645912463587346578291857219364734182956568794132291356478,6,SimpleColouring
090005234300980005001003090000000812160802003800390050000520000900000000207639000,698715234372984165541263798739456812165872943824391657416528379983147526257639481,6,WWing
000030000040006008060900050000700000506304200470000900000010037704000000003002480,895237614342156798167948352239761845586394271471825963628419537754683129913572486,6,WWing
000850700010003060400019000000000026837000000020400000040070002000902051000000870,362854719918723564475619238594387126837261945621495387143578692786932451259146873,6,WWing
004009305097600010300010600030700000009000100500000076050020000000080000670005082,164879325297653814385214697836741259749562138512398476958126743423987561671435982,6,WWing
000000001080074000100000360000040002000035000040906005030000200090600010016009004,925863471683174529174592368359741682861235947247986135538417296492658713716329854,6,SimpleColouring
940000007030100046500900200000090000090068500000500100000002600302004095650030020,941286357238175946576943218725391864193468572864527139419752683382614795657839421,6,WWing
000000508001050030008090067007400003900700000420005600002081000070000000105000040,294637518761258934538194267857469123916723485423815679342581796679342851185976342,6,SimpleColouring
067180203850000040000060000300700009000000010149000700000600800200073060680091002,467185293851239647932467158326714589578926314149358726795642831214873965683591472,6,SimpleColouring
009506000160004000040000700490000800302000006000003010000600000005098370070000082,289576143167834925543912768496251837312789456758463219834627591625198374971345682,6,WWing
000290018180304002090100500800703000710000090000040031020000000000002005601908000,374295618185364972296187543849713256713526894562849731427651389938472165651938427,6,SimpleColouring
342600000000302007005009000000000003203000590060500100130400000000030764700280300,342671985891352647675849231517968423283714596469523178136497852928135764754286319,6,WWing
000007890150008600000000001020480500000030920004000030009074000031000760000000000,346517892152398647798642351923481576815736924674259138569174283431825769287963415,6,WWing
400003809000006020000500004920704056015390200300000000090405000060000098500060000,452173869139846725876529134928714356615398247347652981291485673764231598583967412,6,SimpleColouring
020600750017000008300780020009064810403000690005000000000000200602890000090050080,928613754517249368346785921279564813483127695165938472851476239632891547794352186,6,SimpleColouring
900000400468002050010060700082300000000001300040000082020079004000025000090100000,937518426468792153215463798782346519659281347143957682521679834374825961896134275,6,WWing
002000004000109705500020010000300000026000070008004000160070090000003600000900500,712835964683149725549627318471392856326581479958764132165478293897253641234916587,6,SimpleColouring
010305000004020051205190000000000018001900005050060004003506090970002000000709040,618375429794628351235194867467253918821947635359861274143586792976412583582739146,6,SimpleColouring
001000800000407000200000600600000000002003504040010390050001283004008100028900000,491356872586427931237189645613594728972863514845712396759641283364278159128935467,6,WWing
008045300009000800000200040520700000600000500000006007010007000890000002000530600,268945371149673825753281946524798163687312594931456287316827459895164732472539618,6,SimpleColouring
100090800090006000307080040000500120030060058005000000010030009800200003000000670,124395867598746231367182945689573124231964758745821396412637589876259413953418672,6,SimpleColouring
000005028009030000000209000070000065368000000000390000100500080206040070700860030,437615928829734156615289743971428365368157492542396817193572684286943571754861239,6,WWing
700010000089040000612030004045000601001600507000104009000960000100000070400705003,754216398389547216612839754945378621831692547267154839573961482126483975498725163,6,SimpleColouring
630005200002300070100000000000000851210003004784000000900047500000209008000000040,637415289842396175159872436396724851215983764784561392968147523473259618521638947,6,WWing
906010050400900200080075030500000000000009004063200800000090040049350010051020000,936812457475963281182475936594687123218539674763241895327196548649358712851724369,6,SimpleColouring
005040000700020080080607020300006070100400002500000800000000908604100000000090007,925841736736925481481637529349286175178459362562713894257364918694178253813592647,6,WWing
400005000002000040510000803050000069360709000000800500000000600600030051007004000,473185926892673145516492873758321469364759218921846537235917684649238751187564392,6,WWing
080020000003010740000900801700196004000080000130002006000000000000809007207000300,581724963963518742472963851758196234624385179139472586896237415315849627247651398,6,SimpleColouring
050602704408050000000001050904000026060000500000000480001004098005200000800900000,359682714418357962627491853984735126162849537573126489231574698795268341846913275,6,SimpleColouring
002000050004000010650000802070080000000040000010305906500470280200001760000000100,182964357734258619659713842375689421926147538418325976591476283243891765867532194,6,WWing
700062009040300208000500000002013000039004007000700006000000800001035060007420003,713862459546391278298547631872613945639254187154789326325176894481935762967428513,6,WWing
007061205000700000650020080740200500000080001002006043000070000000600800010039000,497861235823795164651324987746213598539487621182956743964178352375642819218539476,6,SimpleColouring
098100200000008050017020000000062035800005000000040090734000009605000003900003048,398154267246738951517629384479862135863915472152347896734286519685491723921573648,6,WWing
002008700000306000637050000000000000900200004070030120008001500000000209010009030,542198763189376452637452891423815976951267384876934125398621547764583219215749638,6,WWing
001030700400506801680000000070080004058004007300000600800390000730000060009700500,591238746423576891687419235276183954958624317314957628865391472732845169149762583,6,WWing
001070200600905070700210350092000000500080700000009500006700000000450000000060120,351674289628935471749218356892547613534186792167329548416792835283451967975863124,6,WWing
004050060002061050300000900090006020000080610400000000000008000003020800009600430,814953267972461358356872941798136524235784619461295783627348195143529876589617432,6,WWing
203700008900025001000003000007000000034000006000570020006002803000001670800000000,213794568978625431465183297627438159534219786189576324746952813392841675851367942,6,WWing
000400900060709208500002000208010060000070002040000000900030004084001090020007005,812463957463759218597182436278314569139675842645298371951836724784521693326947185,6,WWing
090400030500300020000052000060000500700030040045000089000000801480900000017506000,892461735571398624634752918368149572729835146145627389953274861486913257217586493,6,WWing
070000340000006005800020000013050700000090100004003096000008000030040010020901003,276185349391476285845329671913654728562897134784213596159738462638542917427961853,6,WWing
900463000000000200000001497050609340102030900090500082200000500000075004800000003,927463158541798236386251497758629341162834975493517682274386519639175824815942763,6,WWing
003105000070639000510070060700010020000006005480000601000080036637500002000000509,863145297274639158519872364756418923391726485482953671945281736637594812128367549,6,SimpleColouring
605080000020003000008070306000000008012740000000000710000002061000900020000100005,635489172927613584148275396756391248312748659894526713473852961561934827289167435,6,SimpleColouring
700000006000402030006005200030000500000000800900840701009006040000020000501704000,792138456158462937346975218837619524614257893925843761279386145483521679561794382,6,SimpleColouring
000000200050080003498000000100000000900400730000023004500006078003000060080050349,361945287257681493498372651134769825925418736876523914549236178713894562682157349,6,SimpleColouring
009020000200700008060010000070032009190054800080100050900000204001000900028007630,819325746254796318367418592475832169193654827682179453936581274741263985528947631,6,WWing
008000000000089060600305902000400000300960700000000050014500009000006500020003040,298614375735289461641375982167452893352968714489731256814527639973146528526893147,6,SimpleColouring
034700281009001400070002000500900000040000105790310006000160004000090000901004060,634759281829631457175482639518946723346827195792315846253168974467293518981574362,6,WWing
067000000400000000002870300006587001300406050008001000000000003070000560010600000,867342915435169782192875346946587231321496857758231694689754123274913568513628479,6,SimpleColouring
061030009000000003008905007000003000000000670520800000000000000000071290406090001,261734589795618423348925167687143952134259678529867314912386745853471296476592831,6,SimpleColouring
009700030000600000200000509100000008084010000030020006000060950000380600000409103,869754231513692847247138569126543798784916325935827416378261954491385672652479183,6,WWing
000210008682900000107004005700020031200670509090000000009000300000000050000100002,954213678682957143137864925768529431243671589591438267429785316816392754375146892,6,WWing
031008070900000060080700004060000200800430700040000031000020009700580000000000080,431658972975142368286793154367819245812435796549276831658327419794581623123964587,6,WWing
900000005080290700000005000003401026009000000108007000000040800000006050070130004,927318465586294731314765289753481926249653178168927543632549817491876352875132694,6,WWing
090020007007540000200010000780000306040006980000030000120000000400073091000004000,594328167617549238238617459785492316341756982962831745123985674456273891879164523,6,WWing
360090000004001800000020060000800200020010004705000000600009003080006710539000006,367598142254631897198724365946873251823915674715462938671249583482356719539187426,6,SimpleColouring
500004600007000090069320008050460003004030950020000001010605000003900020000000000,532894617487516392169327548951468273874132956326759481218645739643971825795283164,6,SimpleColouring
100507380004300079000000000001008907900002001050000006400009200070003000029000008,162597384584326179793184652631458927948762531257931846415879263876213495329645718,6,WWing
100090700000081000000400000400000017005600090001020680840500060300002009000008040,128396754574281936693475128462859317785613492931724685849537261356142879217968543,6,WWing
009801007060900008805200009602000010900010780731000000200004000000370040000009500,429831657163957428875246139682795314954613782731482965217564893596378241348129576,6,WWing
000000906000540008083060047000720854000100600025600000900400005400051009008200470,754318926296547138183962547619723854347185692825694713931476285472851369568239471,6,WWing
000060050030100080024000030005080000090000400742905000001400007070000006300020000,187263954536149782924857631615384279893672415742915863261438597478591326359726148,6,WWing
000007000017003004000000800050000100080700460040100720800420003100050000306000000,468597312217863954539214876752649138981732465643185729875421693194356287326978541,6,SimpleColouring
000004917170060000000000800702091080080000000031000005500040063000020000204007000,625384917178965432349712856752691384486253179931478625517849263893526741264137598,6,SimpleColouring
632000890004300000009000000500003020703200010000051000200008030000400500080070060,632145897874369251159827346561793428793284615428651973246518739917436582385972164,6,WWing
000300000081069350400007080004900607003000008600000030046052070010000005950701000,569384721781269354432517986824935617173426598695178432346852179217693845958741263,6,SimpleColouring
000000070010060003008000502000040000430680000000500010090000005340800600600013000,563298471214765983978134562129347856435681729786529314892476135341852697657913248,6,WWing
000060402000000000002090560000736040030000000807020000140002090500301680603008251,985163472764285913312497568251736849436819725897524136148652397529371684673948251,6,WWing
168000000400000100000005000970006030000700001030010049000230070500040000700001800,168324957425879163397165428971486235254793681836512749619238574582947316743651892,6,WWing
009020010030900500800100000900205007008000005070080130300000000504072000002013000,459328716137964528826157943913245687648731295275689134381596472594872361762413859,6,WWing
163025004200300000045008000600180005000050310700000080024530009010000528009800040,163925874287314956945678231632187495498256317751493682824531769316749528579862143,6,WWing
500600900004702000960000400100007300007500080400060015080010203000050000000003090,571634928834792561962185437156827349397541682428369715789416253243958176615273894,6,WWing
009800026000002090300000700006030000800601000700000010000508209053700000002100050,549817326678352194321496785216934578835671942794285613167548239453729861982163457,6,WWing
000000020080300059060000003000061000350000080004803000008006000100000900092080100,943615827281374659567928413829761345356249781714853296438196572175432968692587134,6,SimpleColouring
025000003000000980980000026004500000000790000500062000200350009390016000050279100,625987413147623985983145726764531892832794561519862374271358649398416257456279138,6,SimpleColouring
060090050300080400005006930610050000030970060004020000000000002000100500180530090,762493851391785426845216937617358249238974165954621378573849612429167583186532794,6,WWing
090750000025000000080400006000001400000200000300080057001000000000020709600509300,496758132125963874783412596257391468864275913319684257941837625538126749672549381,6,SimpleColouring
090008000500070400010000000004200000600030090300005001000710200000400310006000905,497568132562173489813924657754291863621837594389645721935716248278459316146382975,6,WWing
050000430400002000000009001010000000000006050200700146605004200002500000700080900,859617432461832597327459681516348729974126358238795146685974213192563874743281965,6,WWing
750000009000001806000053000300009000900006040040107905006400017230000000000000080,751864329423971856869253471387549162915326748642187935596438217238715694174692583,6,WWing
000006000050003100060040087030070000400018050000004002800020000005007003026000009,174286935258793164369145287531672498492318756687954312843529671915467823726831549,6,SimpleColouring
020000006003090080680000000000041060500067109000020300200010000050000902007980400,925138746473296581681754293392541867548367129716829354239415678854673912167982435,6,WWing
002000070070010804009680100740000200006040000021000000090000050000506001000009030,812493576673215894459687123745361289986742315321958467197834652238576941564129738,6,SimpleColouring
002300001080000000000007603500000400800600130900002007001006300000170040045000008,462358971783961524159427683516783492827694135934512867271846359398175246645239718,6,WWing
000000270000400001100072540020910053009000000510020004900000035705130092400008007,648351279257489361193672548824916753379845126516723984981267435765134892432598617,6,WWing
400005008060003170000080030007802309280504007000007004003400026000000000520009000,432715968968243175715986432147862359289534617356197284893451726674328591521679843,6,SimpleColouring
708000010900000000002567090540000109000005000000920400010053007000080302800000000,758394216964812573132567894546738129291645738387921465419253687675189342823476951,6,WWing
000003051058000000000000940003400000000020080074508030540231000000090600010005000,467983251958142763321756948683419572195327486274568139546231897732894615819675324,6,WWing
070200304000000020004039000300004700405006000007020080006000832090050010000002900,879215364653748129124639578312984756485376291967521483546197832298453617731862945,6,WWing
008001000190000065000000907000008000005407000287013009704025000000000204020800070,678951423192734865543682917436298751915467382287513649764325198859176234321849576,6,SimpleColouring
500000000304056009020003000600000500492000080000092070000200700003010400701040000,576129843384756219129483657617834592492571386835692174948265731253917468761348925,6,WWing
000700681510060200000000030008204700140000020005000003050007000200000504800009010,492753681513468279687192435938214756146375928725986143351647892279831564864529317,6,SimpleColouring
000080000060013200080006041001007000507900800000020004020100000000040075600000000,172489536469513287385276941241857693537964812896321754723195468918642375654738129,6,WWing
010000050000100089005074600049006003102009400000400020753081000001000000200000031,617298354324165789985374612549826173132759468876413925753981246461532897298647531,6,WWing
000064001007000000650180000500200700000703048000000039020470000900000000703805100,392564871187932654654187923538249716269713548471658239826471395915326487743895162,6,WWing
064092001700005080000010000083000700207000103500004000000050070006008000000160200,864792531712435986359816427683521749247689153591374862128953674976248315435167298,6,SimpleColouring
000300780820010305000000400002400800030780100000009000300004006000000500980001000,591346782824917365763258491172465839639782154458139627315824976247693518986571243,6,WWing
600000070900037001080061030008200050000040200000005047060009300730154000000000000,613482579924537681587961432478296153351748296296315847165879324732154968849623715,6,WWing
000000503046000029200300080700060000010000205030010000004009750000006004920005061,189624573346857129257391486795462318618973245432518697864139752571286934923745861,6,WWing
000040080700203001004006000001600030030025000078010005060000500200000000000081000,352149687786253491194876352521698734439725168678314925867432519215967843943581276,6,WWing
000800500800060100007002060900000056012600004070000800000000043601394000009000005,264871539895463127137952468983147256512689374476235891728516943651394782349728615,6,SimpleColouring
000905800000007030670000000037010006090040000000039048000003090009000600002000000,143925867928167435675384219437518926896742351251639748564873192389251674712496583,6,WWing
040002901001060302900050000017000000500006100000340000000000009406030000700008403,643782951851469372972153846317895624594276138268341597135624789486937215729518463,6,SimpleColouring
800600500001000040002070000309007200050490710000030000008009002070006800600000300,894613527731825946562974138349167285256498713187532469418359672973246851625781394,6,WWing
700000069009021000100040030005800300000064010090000500900000000020005600004603070,742358169639721485158946732465819327273564918891237546916472853327185694584693271,6,WWing
400030006200041000000000700000087930000200000190000007940000013050000690006400200,479832156265741389381956742624587931537219468198364527942675813753128694816493275,6,WWing
000073000005640003000200000001905706008000000039410800090000241500300068200000000,162873594875649123943251687421985736658732419739416852397568241514327968286194375,6,WWing
090058000170020000000003000600009000005000100830210007500460203200031500000000040,392658714176924385458173629617389452925746138834215967581467293249831576763592841,6,SimpleColouring
020030400000040090900008000080003004010760000002000175053080010800000007204500300,128937456375642891946158723587213964419765238632894175753489612891326547264571389,6,SimpleColouring
037106000021030000400000000010000400090205000000009328000800012000000500703000804,837196245921534687465782931216378459398245176574619328649853712182467593753921864,6,WWing
000900000003040069010003700000000300000508000000007040001090600904000050850070020,675982413283741569419653782562419378147538296398267145721895634934126857856374921,6,SimpleColouring
019000600308001000200450000007600540000002007000300000000800090900020800000039005,519287634348961752276453189127698543483512967695374218752846391934125876861739425,6,SimpleColouring
000000800940006010000420000601704300300000076020030400005000000806001003400007508,562179834947386215138425697651794382384512976729638451275843169896251743413967528,6,SimpleColouring
000050009009008200000094000007020080200080057050600902016073805070000000300865700,781256349549738261623194578937521486264389157158647932416973825875412693392865714,6,SimpleColouring
582600040306000001700400600800000005000003000000105090620000000000570030050800029,582691347346257981791438652839724165165983274274165893627349518918572436453816729,6,WWing
900003000070046000013080060000000609008400002000070130000008000007000006002600045,986723451275146398413985267724351689138469572569872134641598723857234916392617845,6,WWing
900002006160000000070050080400007000000008005005020910001085309030000000000090020,958142736162873594374659281493517862216938475785426913621785349839264157547391628,6,WWing
180600700700002080000070503027000000400000820001090000000108600006904000200003000,185639742763542189942871563627485391459317826831296475594128637376954218218763954,6,WWing
052000001006001074004290000000903008000004020035000000008109600000000100701400052,352647981986351274174298365427963518619584723835712496548129637263875149791436852,6,WWing
080000000000400700000007045000140000005003001000020360400305008500000976890060500,784251693359486712216937845673148259925673481148529367467395128532814976891762534,6,SimpleColouring
000071005010608370700502064000000090006200518800100000609000050007020600420006000,362471985514698372798532164251867493976243518843159726639784251187325649425916837,6,WWing
108003050200007060060100030030070005870006249004050870400030086000400300300068500,148623957293547168567189432932874615875316249614952873459231786786495321321768594,6,WWing
070000490000279000060000000100620000205000700000001800000000080004530002030000001,872316495453279168961485237187624359245893716396751824529147683614538972738962541,6,SimpleColouring
000000003800006000003000040090010800004003001010007060008300000005020700000075120,951742683847536912623198547396214875784653291512987364278361459165429738439875126,6,SimpleColouring
004090300098000010000100500070001009002700400000030200000600007043070100680004000,714895362598362714326147598475281639932756481861439275159623847243978156687514923,6,SimpleColouring
082070043079000000400080000090700030007340102000000500000905310040060009000000005,582179643679534281431682957296751438857346192314298576768925314145863729923417865,6,WWing
080000500000000060207090003548702100000001000602000000000470801001005390800000005,986314572134257968257896413548762139793541286612938754365479821421685397879123645,6,WWing
104900080009030005000000000020100304007000500000006020000060000380040019092800003,134975286769238145258614937526187394917423568843596721471369852385742619692851473,6,WWing
290700000000000760045080000050008002800301090900504800500000000003000600000930010,296753148138249765745186923351698472874321596962574831519462387423817659687935214,6,WWing
802009043015000900040700020000120009081000000290060800000600000030090080000000405,862519743715342968349786521457128639681973254293465817178654392534297186926831475,6,SimpleColouring
020508003000300000006000008601000907200100050050000630900702000000800100030050070,129578463548316792376924518681435927293167854457289631915742386762893145834651279,6,WWing
000807000305940700400000000064000300800010007020506100230080010000100000006074030,691827453385941762472365981164798325853412697729536148237689514948153276516274839,6,WWing
400800013900200000010000005001007400600000800008490000000070000020010704804500000,457869213983251647216743985591687432642135879738492156169374528325918764874526391,6,SimpleColouring
000100000100700930008000000020070008500610000907540300062800140000000020019000863,273159684156784932498236571621973458534618297987542316362897145845361729719425863,6,SimpleColouring
000040008010803500830002410090005300301000970000000040783020000000000000200590000,925147638417863592836952417698475321341286975572319846783624159159738264264591783,6,WWing
000075134004000962001400057000080091090006003073100000800020019900000600030000070,689275134754831962321469857562384791198756243473192586845627319917543628236918475,6,SimpleColouring
000000087078029050005708900000001000049003028050000600006002800000690203730805000,924156387378429156615738942267981534149563728853247691496372815581694273732815469,6,SimpleColouring
070005400000706000006049000300150008000000001209004070901000000000000019800020005,172835496493716852586249137364157928758392641219684573921563784635478219847921365,6,WWing
270000010100000520000004000028700050000300000050009006009406000410050800507000000,276593418134678529895124637928761354641385792753249186389416275412957863567832941,6,WWing
000052060005006009068190000503200000090000000700039500000000301100085400070300002,947852163315746829268193745583261974491578236726439518654927381132685497879314652,6,SimpleColouring
700000520059620000800000000006007010000009003000280060100900030070506002000870005,764138529359624871821795346496357218218469753537281964185942637973516482642873195,6,WWing
080070000000000905903008001200000050000800000040300020109400070820003000000060004,481579632672134985953628741216947358395812467748356129169485273824793516537261894,6,WWing
000050004000800206060209000380000001640097800007000000900000603800040079031060408,278653194193874256465219387389526741642197835517438962954782613826341579731965428,6,WWing
004500000700000006000600095030080010000005600000020003008007002200860030975003800,614592378759318426823674195537486219192735684486921753368157942241869537975243861,6,WWing
070000082500978100600000009200000300140080000000002008000706000900000056000001820,379164582524978163681235749298657314146389275735412698852746931917823456463591827,6,SimpleColouring
041020003300000020000900700230090400400800000008006095010500980000030001002000000,941627853387415629526983714235791468469852137178346295713564982694238571852179346,6,SimpleColouring
050000006300704000007015090100000040000030007600000800002000109000500003000869050,954283716316794528827615394183976245245138967679452831562347189498521673731869452,6,WWing
030025100000000040900000800020001084070060030009000200100007000000890006490000300,738425169261789543945613872523971684874562931619348257186237495352894716497156328,6,WWing
090001082500809600000304090050002000000100040400075060060000000208000000079000001,694751382537829614812364795953642178726138549481975263165493827248517936379286451,6,WWing
060007100014000023070300050095100000240005001700000060400568000000000285000093000,563427198814659723972381456395146872246875931781932564427568319639714285158293647,6,WWing
010009000000000940002800000000000008020610000000203700100708090090001003803002057,514329876386175942972846315631597428728614539459283761165738294297451683843962157,6,WWing
000004086073150090040080100020700000000000320004200005030000900010002000900073508,159324786873156294246987153521738469687549321394261875738615942415892637962473518,6,WWing
008900030090005007007300805050260940006040003009010050030600279902030000080000000,518976432293485617647321895351267948876549123429813756134658279962734581785192364,6,SimpleColouring
700000620000004000006350000807010030090000017000200060500000102901048000030000080,753891624219764853486352791867419235392685417145273968578936142921548376634127589,6,WWing
906205000000010090150000802080160070000007900000040100009670354300001700000050600,936285417872314596154796832483169275621537948597842163219678354365421789748953621,6,WWing
007040000000300010210008060003085100070000009000030040002004000805070000000900034,357146982689327415214598763493285176578461329126739548932814657845673291761952834,6,WWing
050000900004000081200940005703690000010002000000004016060000800302009040409080000,857216934694375281231948765743691528516832479928754316165427893382569147479183652,6,SimpleColouring
000300800503071000001095060246009030000060200070000040030000070714000086005000400,927346851563871924481295763246789135358164297179523648632418579714952386895637412,6,WWing
100004005400030702070000000040907300000800000700010600000070003002095040050060000,136724985485639712279581436641957328523846179798312654914278563362195847857463291,6,SimpleColouring
010000237000600058009000000000008006304200000002006004030901000500000080700000400,615489237243617958879532641957148326364275819182396574438951762596724183721863495,6,WWing
600207300003006002207041009020903804091070200400002000000620403000705008000000050,654297381913586742287341569726953814591874236438162975175628493349715628862439157,6,WWing
002000168500000342000200070200000000010029400037500000400000020000640009600182704,392457168578916342164238975245871693816329457937564281481793526723645819659182734,6,WWing
009030100000000407800000000306050920700020005050308070080000019090100000004580030,429837156631295487875614293346751928718926345952348671287463519593172864164589732,6,WWing
080090640200005000000800009002401750030002000007000900008020000060004000703000010,381297645279645381456813279892461753534972168617358924948126537165734892723589416,6,SimpleColouring
003960000060008000002540000000000270005000604280000005038000090000001000610030087,853967421469128753172543869341695278795382614286714935538476192927851346614239587,6,WWing
200005600000710200050080003000900000140570000009000060000008075800090400300000026,271435689683719254954682713736921548148576392529843167412368975865297431397154826,6,SimpleColouring
000860002100004005000005800030000000080900000201000084620400100900087200014020000,579861432168234975342795861436518729785942613291376584627453198953187246814629357,6,WWing
100950700000000003300060090040000007501280060026000000000000070000500800870010532,184953726697842153352761498948635217531287964726194385415328679263579841879416532,6,SimpleColouring
050821074070506038000003029605007000082000006007000003003604000060900040000072000,359821674274596138816743529635487912482319756197265483723654891561938247948172365,6,WWing
000080000085104030904200000001000005070500080002700049010940600090006000000002800,123685974785194236964273518831429765479561382652738149218947653397856421546312897,6,WWing
007009080200000000000000943004800700000710460000000005720080000800100500059400010,417359286293648157685271943964835721538712469172964835721586394846193572359427618,6,WWing
000000701000240005058019000810060007306000050005370000000082060002000108100500000,243658791791243685658719243814965327376821954925374816437182569562497138189536472,6,WWing
200010900067040800005008010508000000900000750000400000300800500000900002720003108,283517964167349825495268317538792641942186753671435289319824576856971432724653198,6,WWing
000000020000500000201037050460009010030060004700028900009004000020080091000010005,593146827876592143241837659468359712932761584715428936159274368327685491684913275,6,SimpleColouring
000600020002000018070008506001020300400000000000831004000560030607000000980100000,148659723562374918379218546891425367423796185756831294214567839637982451985143672,6,WWing
300076000400100300091002076040037600902000000000000000010000940000601003000009005,328476519467195382591382476145237698982564731673918254216853947759641823834729165,6,SimpleColouring
000000910850000002000140800093002000000090000400008670700020000000500780000004030,346285917851967342279143865693712458587496123412358679738621594124539786965874231,6,SimpleColouring
000208700000007010704600030806430000400070009020000100602000090030900000008000200,361298754259347816784615932896431527413572689527869143672184395135926478948753261,6,WWing
103400800900000001008009060500003000042000000000100900030050708001370005007000010,163425879975836241428719563519263487742598136386147952234651798891374625657982314,6,WWing
006700000008054000045160079870010060000605000000030902200000510010040007009501000,196723458728954136345168279874219365932685741651437982287396514513842697469571823,6,WWing
020900008081300060000050402302090000700003000050000026500020007000001080007500003,625914738481372569973658412362195874748263951159487326536829147294731685817546293,6,SimpleColouring
000007850900300006001800007090000100743600005000040000008006504000070000069500010,326497851987351426451862397692785143743619285815243679178926534534178962269534718,6,WWing
870405020219000000006000030000047003002950600700006000000509070000070301000823500,873465129219738465546192738691247853382951647754386912438519276925674381167823594,6,WWing
000905000008072000030680000800040002020003400100000500042000009600100043300000608,217935864568472391439681725853746912926513487174829536742368159685197243391254678,6,WWing
000000503080040000001508000003405607470020000100009000006030200000050900840002030,624917583589243761731568492293485617478126359165379824956731248312854976847692135,6,SimpleColouring
000060000610907002008000409800000003500010080000072000080000305004000200350600010,493268571615947832728135469867459123542316987931872654286791345174583296359624718,6,SimpleColouring
470080002000007400000040060508410000000005300090000020035070008000000000180009600,473986152862157439951342867528413796716295384394768521235674918649831275187529643,6,WWing
820009407100050200006002053500700001370000628000008000090015002083000000001000700,825139467137456289946872153568723941379541628412968375794615832683297514251384796,6,WWing
940000007010000200000070100003805002590002006000090700128900500000050809000000020,945128637817536294236479158763815942591742386482693715128964573374251869659387421,6,WWing
060903702000107080000000006003000097700350000000001020009000240400012009007005031,164983752592167384378524916853246197721359468946871523619738245435612879287495631,6,SimpleColouring
000000102800001700070040096000605000086103005000024601013000507090000040060000018,634759182829361754175248396341675829286193475957824631413982567798516243562437918,6,WWing
050000083080000001000400600006098230000001000092540000008200000040000000007600900,459162783683957421721483659516798234874321596392546817968234175145879362237615948,6,SimpleColouring
000400980060070400204000050000006000970300000450090020000004108000658000300010700,537421986869573412214869357183246579972385641456197823625734198791658234348912765,6,WWing
000900070007000006030040200700004680300060007490700000000100340050600000000005001,812936574547821936639547218725314689381269457496758123968172345154683792273495861,6,WWing
302470560000023000080005090800000450006100200000006010071000680000040005900000020,392478561165923847784615392819237456536194278247586913471352689628749135953861724,6,WWing
750000080008050004000600002004900726900010000006030900005000000230000008400000060,753142689628359174149678352314985726972416835586237941865794213237561498491823567,6,WWing
050006002006500000000020075008004907000012000630000000049000080810075040000080720,357146892286597134491328675128634957975812463634759218749263581812975346563481729,6,WWing
080000300300004090006800000892003400074000930000005000000061080000000600005200007,789126354321574896456839712892713465574682931163945278247361589918457623635298147,6,WWing
509000034000000080060040000105900800700002600000500041900031000000000020800200050,519628734427193586368745219135964872784312695296587341952831467673459128841276953,6,SimpleColouring
068503040000060000530100060004030000000006472000097038070004021000000000040050000,168573249427968315539142867784235196953816472612497538375684921896321754241759683,6,WWing
070000004000000000009300025300005008008200000950010460003960007000540900400008100,875126394236459871149387625324695718618274539957813462583961247761542983492738156,6,SimpleColouring
000400000025070108400003009790502060001040005006000000009800070040000080000900010,968415237325679148417283659794532861281746395536198724659821473142357986873964512,6,WWing
502000000700001003003602000007000031010030260000000070030010800000874000004006010,562743189748951623193682754427568931915437268386129475639215847251874396874396512,6,SimpleColouring
000007020070004006600500000010700000007000084040900630900210060700006090000000800,453167928279834516681592473816743259397625184542981637934218765728456391165379842,6,SimpleColouring
000910300040003050006004002900100060000080007028000130000040000005830000000206083,572918346149623758386754912934172865651389427728465139863547291295831674417296583,6,WWing
062000000008605000005040000000270100150006700000000064000160490000007008290500007,462819573378625941915743826634278159159436782827951364783162495546397218291584637,6,WWing
087000300600400000000000905000007000009500802040020070800600004020700060500010000,987251346653489721412376985238167459769543812145928673871632594324795168596814237,6,WWing
000620070000000080002009600050000008264090000900070020000002095400000702100008000,831624579596317284742589631357261948264893157918475326673142895485936712129758463,6,WWing
003400000000100570900085260800203000006000001007090050008030000000052000000010690,523467189684129573971385264815273946296548731347691852158936427469752318732814695,6,WWing
000109060084200010000060000000005078000041000326000004910000000000000000048000903,237189465684253719159467832491625378875341296326978154912534687763892541548716923,6,SimpleColouring
000009010071600300000100409090006503000030100700400000300050600050080000007000002,432579816971648325865123479298716543546832197713495268324957681659281734187364952,6,WWing
010706900000950000007400020260000000090800400000070800180000090000000001004002530,813726954426951783957438126268514379795863412341279865182345697539687241674192538,6,SimpleColouring
420000750000000000000065030000070801060040007701000002006100000100300480040080000,429813756653497128817265934534972861268541397791638542986154273175326489342789615,6,WWing
064050000070008009090007620620000007000205000805100006430000000080090000000740801,364952178271638459598417623629384517713265984845179236436821795187596342952743861,6,WWing
700001050020400000006005004091002800000000020030950000370000601100309002860100000,784631259523497168916285374691742835457813926238956417379528641145369782862174593,6,WWing
070460820063000470000100000700340080086090300000000000830004900010500743009000008,571463829263958471948172536795346182186297354324815697837624915612589743459731268,6,WWing
000920003700000000801630000004001500005000004000080190040000030200040080000009600,456927813793418256821635479974361528185792364632584197548276931269143785317859642,6,WWing
000950060001004000054200000068000070307000051000000036206409010000003009030001700,723958164691374285854216397968135472347692851512847936276489513185723649439561728,6,WWing
080600000000080090502000001100000607070030400800500000060470005350000020000020040,489651273617283594532794861125948637976132458843567912261479385354816729798325146,6,WWing
000608000030500890000300001004060000000105000702030006010000070690000003000040080,941678352236514897875392461154267938369185724782439516418923675697851243523746189,6,WWing
002008004000426000000005030004200009000000210300000000030080900600700050008040100,152378694973426581486915732814257369769834215325169478237581946641792853598643127,6,WWing
000005090200600040370200008708000000005000900000070430000092000000003170800500000,681435792259687341374219568738954216415326987926178435163792854542863179897541623,6,WWing
260705000470100000003802000600000001000000025009080003080600004000018500000290600,261745839478139256953862147635924781814376925729581463182657394396418572547293618,6,SimpleColouring
200007010094030050300056000000100000001609700680000000000002100000000670003700802,265497318794831256318256947437128569521649783689375421976582134842913675153764892,6,WWing
010003800007000500030075000040620090070000000000000380900002008403090070000130002,512943867897216543634875219348621795175389624269457381951762438423598176786134952,6,SimpleColouring
000008900000075000004600010701204000609010000000590002400802000000000800800400390,273148956916375248584629713751284639629713485348596172497832561135967824862451397,6,WWing
580009030009420000000006001000300600000010050004200000908000140010000007260000900,586179432139428576742536891851397624627814359394265718978652143415983267263741985,6,SimpleColouring
007000003000109000950800000605080010008500700200000300000047501700090020060000090,187452963436179852952836174645783219398521746271964385829647531714395628563218497,6,WWing
006001000003020800000753010040570900020000080300008007007010000600007400254906000,576891342913624875482753619148572963725369184369148527837415296691237458254986731,6,WWing
290005000050603020010900000003000008070400050800006009000001502020000091000070400,296845137758613924314927865963152748172498653845736219489361572627584391531279486,6,WWing
000804920000302000001500800600000230005000008010009500090458000300020000008000009,573814926486392715921567843649785231735241698812639574197458362354926187268173459,6,WWing
200000000034008006000900347002000600050000000800350000900560800300070029000000500,279436158534718296618925347742189635153647982896352714921564873365871429487293561,6,WWing
006000007070000950500020060000000040004130609000460308168300000007680590000000000,426593187371846952589721463613978245854132679792465318168359724237684591945217836,6,WWing
000090400030004200000205760000001000000620004800007602702000050050002300900100000,526793418137864295489215763264381579375629184891547632712438956658972341943156827,6,WWing
200000601700000009981070000000910005000000200000050400800700000060001004005008300,234895671756142839981376542428913765579684213613257498842739156367521984195468327,6,WWing
000000000000078403002063000026300000470005008001000009210000930050001080038006510,863594172195278463742163895526389741479615328381742659214857936657931284938426517,6,SimpleColouring
504700090060500010000002400006300000800000700009080003100930000008007000400000650,524718396967543218381692475246375981835169724719284563152936847698457132473821659,6,SimpleColouring
090107064800200000700400005006004097000003010500970000003700600020005040009000301,295137864864259173731486925386514297947623518512978436453791682128365749679842351,6,SimpleColouring
800300050590004070000509400006400703050007006030010004040290000300700605080000900,864371259592684371173529468916452783458937126237816594641295837329748615785163942,6,SimpleColouring
000907001000806450000100000080600000620003800409000030170000640006300020390060180,538947261217836459964125378783694512621753894459218736172589643846371925395462187,6,WWing
000000800050700200020005900910050000504100000002000600290010000008043590000980030,439621875851794263627835914916352748574168329382479651293517486168243597745986132,6,WWing
907200000062780010801003070000430000405002301003001006000000400108000003000390050,947215638362784519851963274716439825485672391293851746539126487128547963674398152,6,SimpleColouring
000300000302060900600075200004700091006004700090000034007900060400000009010000327,178329546352461978649875213524736891836194752791582634287913465463257189915648327,6,SimpleColouring
208500010040000600000097008300000000005243900800700020000050000100000000070008306,268534719749821635531697248327189564615243987894765123986352471153476892472918356,6,SimpleColouring
050004102040005630000189040300060800017000050000000300100008000020000000035901400,759634182841725639263189745392567814417893256586412397174258963928346571635971428,6,SimpleColouring
001002000030800092080005034009000010000040900800050043010963758900084020000000469,591432876436817592782695134649378215153246987827159643214963758965784321378521469,6,WWing
602000900109000002800600000005000000000701300000459001003000040000006203040805190,652173984179584632834692517715368429496721358328459761963217845581946273247835196,6,WWing
050047009200030000000600007807005010000804000041763058000000005015008902000002840,658247139279531684134689527867925413523814796941763258482196375315478962796352841,6,WWing
000300100002164070850000000008000400109007060060010002900040003700029000000800000,674358129392164578851972634238695417149287365567413982986741253713529846425836791,6,WWing
081000307700953608000000000000004500000300060002070803003000000000600002405280700,981462357724953618356718429639824571578391264142576893263147985897635142415289736,6,WWing
039000067205010090007000012000300000004000700501627000000060001016200005700850000,139542867265718493847936512672394158394185726581627934958463271416279385723851649,6,SimpleColouring
062030900007200000030000000040023080009048300008610700000400001004090070010000059,862531947197264538435879126741923685659748312328615794973452861584196273216387459,6,SimpleColouring
600080002000005000000300950007003095006070000000000070090062000003014800400008600,659187342384295761271346958847623195516479283932851476198762534763514829425938617,6,WWing
000750143000900020100000900502030006000205000001007000036100807084060300005000000,829756143457913628163824975592431786678295431341687592236149857784562319915378264,6,WWing
000080400900405070003006000008009640000070090001000000100060700205000001070020080,517382469926415378843796215738159642452678193691234857189563724265847931374921586,6,WWing
900240000600050042700001905080006200000000004000300009050000000840129000009080003,935248671618957342724631985481596237396872514572314869257463198843129756169785423,6,WWing
009403002000002075000080000960500000002008010000000908030000150004206000000000007,179453682683192475425687391968531724742968513351724968237849156514276839896315247,6,WWing
004000000080090050020000106000006023007850900000000010002308000600901500070000600,514627398386194257729583146495716823137852964268439715952368471643971582871245639,6,WWing
028730000670100082000008030900805070800007391061900000096300058040080900080000003,528736149673194582419528736932815674854267391761943825296371458345682917187459263,6,WWing
002805600690000000100006750930000040001500020000037000010000032000008000259400000,372845691695371284148296753936182547781564329524937168817659432463728915259413876,6,SimpleColouring
201080300000500006430070580005120000020853000000009010360005007000300900010000000,251486379789531426436972581695124738127853694843769215368295147574318962912647853,6,WWing
092000000800076050600300800010000490509020100300000000000000001008500006070082000,792458613831276954645319827217863495569724138384195762456937281928541376173682549,6,WWing
870000060200350080000200004509000000302048100000500002000020300700003000008010000,873194265246357981195286734519672843362948157487531692651429378724863519938715426,6,WWing
500086001009100000000002040080000009301000400000600200740000005000009003603070080,532486791469137852817592346286714539351928467974653218748361925125849673693275184,6,WWing
000000968070060000000009000003002079050003200060070300700000000001037002005908130,312754968978261453546389721483612579157493286269875314734126895891537642625948137,6,WWing
010003040000060000000005100705304000041000870002001050060000000000400309300008016,519283647423167598876945132785394261941652873632871954168739425257416389394528716,6,WWing
000903640000000020008070950010007005060012090000000006500080400400020060700500089,172953648659148327348276951914867235865312794237495816593681472481729563726534189,6,SimpleColouring
002000040040097005070030900710009000800040250200000000100000030000070006000620508,982516743341897625675432981713259864896143257254768319167985432528374196439621578,6,WWing
008020000097008000100000640063000089000000265000000000000064000400805700020109400,548621937697348512132597648763452189984713265251986374375264891419835726826179453,6,SimpleColouring
000070002004000000800906000090003810003710000002004006070000540049100200100007900,935471682764582193821936754497623815683715429512894376278369541349158267156247938,6,SimpleColouring
090000600062040001000080040070316000000000000980000030050000200300000580009074000,498751623762943851531682947275316498143895762986427135654138279317269584829574316,6,WWing
040003057358407000000100200030006010000800000001340086000080700570000000280060003,142693857358427691967158234835976412496812375721345986613584729574239168289761543,6,WWing
007002000000000900081703064030000490604000000000530010806029700903006020000000000,397642581462815937581793264138267495654981372729534816846129753973456128215378649,6,SimpleColouring
000030020080607004000008091603000000000046000050800040010470200008200000300009000,165934827982617534734528691643752189891346752257891346519473268478265913326189475,6,WWing
704200100010507009000000720900010002000004000000005970300000297590360040020100560,734296185812547639659831724986713452275984316143625978361458297597362841428179563,6,SimpleColouring
010800007004000920030029650027100009490200100001000000970312800000900000000040300,219856437564731928738429651627183549493275186851694273975312864342968715186547392,6,SimpleColouring
080073001002000000300620700000040100093000800000705069001004300030000048009006500,685473291972851634314629785567948123493162857128735469851294376236517948749386512,6,SimpleColouring
000950000307000060050000020800076000200000800000010500510040290700008000000030407,126953784397284165458761329835476912271395846964812573513647298749528631682139457,6,WWing
031500098000000050000090003520000000100000760000080000040001009080050300300207000,731542698962318457854796123523679841198423765476185932645831279287954316319267584,6,WWing
000000007080006000000790000040200100702310006000000030008005074200840060600020300,521483697987156423463792518346278159752319846819564732198635274235847961674921385,6,WWing
007105080050700090003002000208006004000000000470020000030900102004300009009008000,647195283152783496983642571298536714365417928471829635836974152724351869519268347,6,SimpleColouring
200500037706800540000000100027180000004300000003056000005400061300070005000000200,218549637736812549549763182627184953154397826893256714975428361382671495461935278,6,WWing
020000051004000700009207300080320500000104096400000020000040017000000600130900000,827436951314895762569217348681329574273154896495768123958643217742581639136972485,6,SimpleColouring
000080406024300000170500080000600000060054000300700000902000605005003900000000017,593182476824376159176549283451638792267954831389721564932817645715463928648295317,6,SimpleColouring
105003000000050070200080015500800000082004009700009000004065007000200906003000002,175423698498156273236987415549872361382614759761539824924365187857241936613798542,6,SimpleColouring
090005000006098000300700000000000000832000190100040002940600080500010079010000020,294365817756198243381724956479231568832576194165849732947652381528413679613987425,6,WWing
009580400008000090000000007006009800005020010010000000051002600000004130000307050,729583461148276593563941287476139825935428716812765349351892674297654138684317952,6,SimpleColouring
069004025500000400030900000000008000050000916000300008000009000700806053405700000,869174325571632489234985761146598237358427916927361548613259874792846153485713692,6,SimpleColouring
080000000020004058003001000008600000000050009500010460200080100091025040000000023,486572931127934658953861274748693512612457389539218467274386195391725846865149723,6,WWing
000320501208000000090840300001008905080700060000000000009010200000273400500000000,467329581238651794195847326721468935984735162653192847349516278816273459572984613,6,WWing
570100008000802076000004300830010700006090000120080000050000000003000800008009205,572136498394852176681974352839615724746293581125487963257348619963521847418769235,6,SimpleColouring
000040006090005008500619007080004700000790000900006230840520090060000000001000000,137842956694375128528619347386254719412793865975186234843527691769431582251968473,6,SimpleColouring
820600500300405800059000000007100005000300000930000064001042003000903006200000009,824691537376425891159738642467189325512364978938257164691842753745913286283576419,6,SimpleColouring
400001000800200070070000600000037010901000080053006000000020054000405000000700028,429671835836259471175384692248937516961542783753816249697128354382495167514763928,6,WWing
009560000070040006061030004300008000010000070000400100000070002000020750200009030,429561387873942516561837294392718645614253879785496123148375962936124758257689431,6,WWing
700000420060200007003007090030602010010000004605070009046000000080300000000069001,791856423468293157253147698934682715817935264625471389546718932189324576372569841,6,WWing
700006008104000603000050700503900100008020060000700400810000000007085000900400050,729346518154879623386152749573964182498521367261738495815693274647285931932417856,6,WWing
800600040310700000000020600002007009000400080700800005000000000148000900009006073,825639741316784592497521638582317469931465287764892315673958124148273956259146873,6,SimpleColouring
090000500763000000000000070000605080000007005070200030004030008900876000020090100,498723516763951842215468379342615987189347625576289431654132798931876254827594163,6,SimpleColouring
500008001060000000002000700028000090000090067400600005004107020005304000030000070,549728631763941852812536749628475193351892467497613285984157326275364918136289574,6,WWing
080059010002008900000470630900000000003000200004000380040806000030000009200090056,387659412462138975195472638918243567653781294724965381549816723836527149271394856,6,WWing
230500080105020600004700000000000006070205000600107050000600130080000005000003840,237516489195824673864739521521348796978265314643197258459682137382471965716953842,6,WWing
000004002040007038705030090000000000403060001051043000630009205007000900000002400,369584172142697538785231694876125349423968751951743826634879215217456983598312467,6,WWing
210006790704209100000000006006405070000000042500900060007003900005000000100700030,218536794764289153359147286826415379971368542543972861487623915635891427192754638,6,WWing
000400000304000700600090005900000680000034090000700050090006200010040000400302006,129475863354628719678193425937251684562834197841769352793586241216947538485312976,6,WWing
000807020200103005000900100000001003390008000080000600005000008100070500400002700,914857326267143985853926147546291873391768452782435619675314298128679534439582761,6,WWing
000070008000030040600800090060710000049000702003420080020008000870060420004000000,495671238187932645632854197268719354549386712713425986926148573871563429354297861,6,SimpleColouring
070050900900003040000007003200860000185970000000000000042000010030500009000100600,378451926916283547524697183293864751185972364467315298642739815831526479759148632,6,SimpleColouring
302090000097638000850000009500700060000000005000810290009000004030140000000006017,362594178197638542854271639583729461921463785476815293619357824738142956245986317,6,WWing
580300706002807010300000000070080060000040000000900437050601080090000000004000100,581329746942867315367415928479183562235746891816952437753691284198274653624538179,6,WWing
006200019030000080910000000608003000009001003000046000000052900302000700700080100,486237519237195486915468327648573291579821643123946875861752934392614758754389162,6,WWing
070500800294800070000000000050480006006001000400000000140090005005007080030200604,671529843294863571583174269357482916826931457419756328142698735965347182738215694,6,WWing
000050060030086007650700000000005000079061450086040000000070803000000072300400000,798153264432986517651724389143895726279361458586247931915672843864539172327418695,6,SimpleColouring
000009000750600900001000000030000400200010006000407500800000003040506208070093000,426739185753681942981254367537968421294315876618427539865142793349576218172893654,6,WWing
000001008000970000004060390040206100200030900003000045080007000502000003700000000,369421758825973614174865392948256137257134986613789245486397521592618473731542869,6,SimpleColouring
700409806000081007003005000200000000050800000010526070000070061030000000000010025,725439816469281537183765249274193658356847192918526473542378961631952784897614325,6,SimpleColouring
070001000008300607020700050205080040000000003000006020802000700900400000003100000,376851492598342617124769358235987146689214573417536829842695731961473285753128964,6,WWing
204100050000000090000000803806009000401800900020000030000064080000020301070900006,294183657783256194165497823856349712431872965927615438312764589649528371578931246,6,WWing
000000000630001500580400030005100870000020100010073204800209007004000380000840000,741352698639781542582496731325164879467928153918573264856239417294617385173845926,6,SimpleColouring
901006200870150040000200000009000400000093800500600000000308069000000000210040080,951436278872159643634287951169872435427593816583614792745328169398761524216945387,6,WWing
710000800005008070000100620250010900009000700160035000080000093000020000302000000,716392854925468371843157629258714936439286715167935482584671293691823547372549168,6,WWing
000600000007040000008003950130420060000908700000010000003000200400200670000054100,541689327397542816628173954139427568254968731876315492713896245485231679962754183,6,SimpleColouring
300060000009013708702000000000640800030500201018090000000009007000070410090000000,381764952549213768762958134275641893936587241418392576854139627623875419197426385,6,SimpleColouring
100003000007000000360000019000260005209005040070900300000450870000001002400700006,192673584547189263368542719834267195219835647675914328923456871786391452451728936,6,WWing
007060009340007000006030100000200070802015000000000800005003010100900023000008590,287561439341897265956432187564289371832715946719346852495623718178954623623178594,6,WWing
400007009072030500006000000000050000291003005500094706004000000005700900020080103,418527639972836514356941872647258391291673485583194726864319257135762948729485163,6,WWing
000090200000056083000007000380070400009001028005000301008060000094702000700083010,516398247927456183843127956381275469479631528265849371138564792694712835752983614,6,SimpleColouring
000307020003000000200040506006000200040050000000010004054069300020000048100200060,465387129913526487287941536376498251841752693592613874754869312629135748138274965,6,SimpleColouring
001480050040000007300010000900000000000001630020030000010300700204905100007000006,791486352648523917352719864983657421475291638126834579819362745264975183537148296,6,WWing
000800097004000300000000008870500100091000000000030050700600021060002000010708000,326841597184975362957263418873529146591486273642137859738654921469312785215798634,6,SimpleColouring
000461007001007003060802000000705012100680900009004300500100090008040001000520034,395461827821957643467832159683795412142683975759214386534176298278349561916528734,6,WWing
370001090800390000400072500020059000908000000000013000000007003000100872003000450,376581294852394761491672538127459386938726145564813927285947613649135872713268459,6,WWing
000003500000010904000200007029000801060007000370521000700000408000000000040062050,417693582283715964695248317529436871164987235378521649736159428852374196941862753,6,WWing
000100500097400006005602910000005000050080107200040000000800040082000000046000025,624193578197458236835672914971365482453289167268741359519826743782534691346917825,6,WWing
091780200007002039030400000000500000008009000070048000000000000086020095052010007,691783254847152639235496718324571986568239471179648523713965842486327195952814367,6,WWing
150000009000070800034800000800507006520038000000900000000024701010000004005000260,158246379962173845734859612893517426526438197471962583689324751217685934345791268,6,SimpleColouring
002000015790500000000008400005000060000009000040206700300800900010000002004000307,462793815798514236531628479925487163687139524143256798376842951819375642254961387,6,WWing
400070600050000000308000105060000900000063050000157000000700082003000009020046030,491375628256891374378624195567482913184963257932157846615739482743218569829546731,6,WWing
900600700087010060060000009200063090000080207000000005005000310070001052000030006,943658721587912463162347589254763198619584237738129645895276314376491852421835976,6,WWing
005000300204800100090300005013000007000002009040060000029000604500000000008007000,785691342234875196196324785813459267657182439942763518329518674571946823468237951,6,SimpleColouring
609300000000000400025004007000009700000563000508007002100400050800000900060200000,649378521781652439325914687436829715217563894598147362173496258852731946964285173,6,WWing
000000015000071000400006980000003500009200000360000002040030000030082040610000820,793428615586971234421356987274893561159264378368715492842637159935182746617549823,6,WWing
020035000903070001065800002000003006010000700000704900076080000109300600000600150,721435869983276541465819372897153426614928735532764918376581294159342687248697153,6,WWing
507000000900000270030009546008001900040050002009080060400800000006370008000060020,517426893964538271832719546278641935641953782359287164423895617196372458785164329,6,WWing
006020030000405900005090010002010048700040020510000000061000400000300090090007000,946821735123475986875693214632719548789546123514238679361982457257364891498157362,6,SimpleColouring
090000501080600040003050070002300700400200068050000000008060197500900200900000003,694728531785631942123459876862394715419275368357186429248563197536917284971842653,6,WWing
000900000380001000090006005020408006140309072000020840000000054800002900700040060,275984613386571429491236785527418396148369572963725841632897154814652937759143268,6,WWing
007000068500906000030050070000008001000002050000000490010030000750000983403789010,947123568581976324632854179295468731174392856368517492819635247756241983423789615,6,WWing
400000050900001060001060009000070012205000007800500000090607080000240790030000000,467923158928751364351864279649378512215496837873512946592637481186245793734189625,6,WWing
400003060000700000910400000000065090100000200006009700509000100230004000680000950,452913867863752419917486523748265391195837246326149785579628134231594678684371952,6,WWing
007900006085010020004006000000000249000103000008000010900040000001020700000000180,217958436685314927394276851163587249429163578758492613972841365831625794546739182,6,WWing
940000006003008015050010000075000000204500000000023000090000500000702000600400709,941235876723648915856917342375164298284579163169823457497386521518792634632451789,6,SimpleColouring
400000810208003000030000400009401000002000000010070006850000030000500070061009000,475692813298143765136857492689421357742365981513978246857214639924536178361789524,6,WWing
000300600800009500000040002001400000030002000609000003090000730068020005070098400,257381694843269571916547382781436259534912867629875143192654738468723915375198426,6,WWing
400300700050000100000085000020003800004009060030061050007100000800000004002050016,496312785258697143173485629621543897584279361739861452967124538815936274342758916,6,WWing
000800005904100008060940000073006010400010003000000000680030000002000000090200037,731862495924175368568943172873426519456719283219358746687531924342697851195284637,6,WWing
804000500000850000000060000000008023905600000020030400070000002401009850200000030,814293576692857341357164289146578923935642718728931465573486192461329857289715634,6,WWing
410000000000000000070020601750009000800400030002060180200017900000000500190600002,419376258526841397378925641753189426861452739942763185284517963637298514195634872,6,SimpleColouring
000000000000140038002080170000003000038005012091020007006050700003400206270600040,184376925957142638362589174425713869738965412691824357846251793513497286279638541,6,SimpleColouring
800200001004007000095030600000000090000000826300000010030070080050400002702600004,873265941614897235295134678561728493947351826328946517436572189159483762782619354,6,WWing
700040000000100802000002030000020600000807401400300000800005700540201080390000010,723948165659173842184652937918524673235867491476319258861435729547291386392786514,6,WWing
020000108090406000070090400000200010000300000068007002000004000403700800280050300,624573198891426753375198426739285614542361987168947532916834275453712869287659341,6,WWing
600100809510000000000206000000001900700400021080000007002800000100309005900050400,623145879514987362897236154465721938739468521281593647352814796146379285978652413,6,WWing
070018000000000400080002500000000280009300705000007300060803000900400030024000000,473518926592736418681942573137654289249381765856297341765823194918475632324169857,6,SimpleColouring
090600000000004001140000035900180007031000000780200040000070000000902764300000090,893615472675324981142897635954186327231749856786253149469578213518932764327461598,6,SimpleColouring
316900000040007000000006010050060200000409080120500039009000040630000007070000090,316945728245187963897236415958361274763429581124578639589712346632894157471653892,6,SimpleColouring
020000381300040970000060000003000000185003009000010004009000020000004600700026010,624597381351842976897361542243689157185473269976215834469158723512734698738926415,6,WWing
907600100000009054050003000710000030400000602006000410060800005000392001080004300,947625183631789254852413796718246539495138672326957418263871945574392861189564327,6,WWing
001800090070000080002016003000032040200000700096000000000080005000463001800900000,431825697675349182982716453718632549254198736396574218143287965529463871867951324,6,WWing
409000070678000003003000200300050020000008100016030008030200740000093500060000009,429361875678925413153847296384159627592678134716432958935286741841793562267514389,6,WWing
030004010800010006007003000350080020010000009000395000000000200001002590700000008,935864712842517936167923845359481627418276359276395184594638271681742593723159468,6,WWing
000105003490800000100000090020004000700230800000000900000063004000009020064000070,287195463493826715156347298628954137749231856531678942912763584375489621864512379,6,SimpleColouring
001003500009000480048070006090000820000000007000800601080000000000040100007291000,261483579579162483348975216694317825815624937723859641182536794936748152457291368,6,SimpleColouring
008030500000002084000008001090020000560800900001000060040250000002000307100073052,218734596936512784475968231394625178567841923821397465743256819652189347189473652,6,WWing
009010700100000030250300000000400000000508009040076500000000080000060300806902001,389614752167285934254397168625439817713528649948176523591743286472861395836952471,6,WWing
006050020002190000000067003004000800008009007700000010800000036300010500009006400,136854729472193685985267143694731852218549367753628914841975236367412598529386471,6,SimpleColouring
000090080001400003000300105012000060030020000700000040200100400000007039006900002,325691784981475623647382195512849367438726951769513248293158476154267839876934512,6,SimpleColouring
100800004600002870009000000020019307000040980000000100090080000700026000005003090,173895624654132879289764513528619347316247985947358162492581736731926458865473291,6,SimpleColouring
000040850013208007004007000020000900000020000731009005050000008070003160009070020,297346851513298647864157392628735914945821736731469285356912478472583169189674523,6,WWing
000092084003000090000000036000000010080070400300460870027800000100040900004506000,671392584453681297892754136746928315285173469319465872527839641168247953934516728,6,WWing
800700430040006000037001006000008907001900002570000000005080600300060089000090100,856729431142356798937841526623418957481975362579632814295184673314567289768293145,6,WWing
000000002970000000106904000090000053004038007000000000030000025000510306065203070,458376912973182564126954738697421853514638297382795641731869425249517386865243179,6,WWing
000360000000009300062000004048005060200700000009000700006000070090041000100000420,951364287874529316362178594748935162235716849619482753426853971597241638183697425,6,WWing
030790860006005000000603070698000020005010000020009005003504610400006000100000000,534791862876245139219683574698457321745312986321869745983524617457136298162978453,6,SimpleColouring
000208510700000000241030000000600803500000067000003005370040200908060000400500000,639278514785416932241935678197654823523189467864723195376841259958362741412597386,6,WWing
510038200300000004040050870080000006600009002001000050072100008000802000000090000,517438269398276514246951873789524136635719482421683957972165348163842795854397621,6,WWing
000000006000000853000780100400560020020003040007200001058000000002810000640009200,285931476179426853364785192413567928826193745597248631958672314732814569641359287,6,SimpleColouring
060000020200058700100003000400030070030100400709000001004820000000065040020900150,965714823243658719187293564418536972632179485759482631574821396891365247326947158,6,WWing
000700021000065030700000000070000905600958004900040860460000007000002000090070048,386794521142865739759231486874623915621958374935147862468319257517482693293576148,6,WWing
390080706050000000700002030000090400500034097008000003007010000030508001000600200,392481756851367924764952138173895462526134897948726513687219345239548671415673289,6,WWing
000300000703090000008040019000100200020050004080000650500070900006000500040600080,194382765763591428258746319475168293621953874389427651512874936836219547947635182,6,SimpleColouring
001000900700004030069000070080000003200040000100500700004001009900070620006000500,431758962752694831869132475685917243297843156143526798574261389918375624326489517,6,SimpleColouring
000004902000000400700500003305000100000680000009203000000020000042007005008010006,653174982291836457784592613365749128427681539819253764576928341142367895938415276,6,WWing
000002760007009000390000000000010000050806190040000005200700810405003000000600000,184352769527169438396478251938514627752836194641927385269745813415283976873691542,6,SimpleColouring
870000000004001000109005040042030781000020600300000405700900000000080934000002010,875243169634891572129765348942536781517428693368179425783914256251687934496352817,6,SimpleColouring
609800024002004000030900000200006100000700000000050782900007001000500070001209405,679815324812634597534972618287496153153728946496153782925347861348561279761289435,6,WWing
050000720102800004008000610200000006070036000000001079600049007000007000000200800,953614728162873594748952613214798356579436182836521479685149237421387965397265841,6,WWing
009050000010402000600010007902000005004080200800700000008000300000500601000600020,489357162317462589625819437972136845134985276856724913768291354243578691591643728,6,WWing
070503042600009000053000170000000510000000000702004008040100060000000300000087009,871563942624719853953428176489236517536871294712954638348192765297645381165387429,6,WWing
029000030000605000000040000080100070507000014090000000153080000060701000000400600,629817435348695127715342986286134579537269814491578263153986742964721358872453691,6,WWing
200140500000805710010000090000020040100704600070000900900532000050600000020007009,287149563394865712516273498865921347139784625472356981948532176751698234623417859,6,SimpleColouring
200000960004638000070000408000400290400000000132790000760000002000000700009080640,218574963954638127673921458587413296496852371132796584765349812841265739329187645,6,WWing
010008602000000000000067008000095003560000000100300087604000200007000091000070400,715938642836452719942167358478295163563781924129346587694813275357624891281579436,6,WWing
420007000051004300008100020040006000300040100000003700100000800005000030070850060,426387519951264378738195624547916283362748195819523746194632857685471932273859461,6,WWing
200000090000026030045000008730000001000052000020183004000090000017000009400015000,283574196971826435645931728738649251164752983529183674856497312317268549492315867,6,SimpleColouring
074005091105008000083706050010000006000040180000800000000504930008600004050000000,674325891125498673983716452812953746536247189749861325261584937398672514457139268,6,WWing
005000700009300400000080006060407000020000104000200300907010000004800001010000037,845196723679325418132784956561437289723958164498261375987613542354872691216549837,6,SimpleColouring
000100200072040300040900000005708400008010000430009002006001000580000700307400006,659183247172645398843927165265738419798214653431569872926871534584396721317452986,6,WWing
600080400009003010230500000080107900700000006100034070900000000000079008075200000,617982453859743612234516789586127934743895126192634875968351247321479568475268391,6,WWing
070000560000700000006005003039100000000083000250090100002008690000070000004900708,871234569523769481496815273639127854147583926258496137712348695985671342364952718,6,WWing
070020000000800754008004000001000008000970400950180000060000875100000900000000061,475329186392816754618754239731642598826975413954183627269431875183567942547298361,6,SimpleColouring
000320500008700000002810379090200000000000435001050900006009000200030010080000000,974326581318795642562814379495273168827961435631458927746189253259637814183542796,6,WWing
020001050000020060010400003102006000540007000096005030064190500000060004000000008,823671459459823167617459283132986745548317926796245831364198572985762314271534698,6,WWing
080002003604000001000140890000013060050200004000000300500000002000706100002008040,781692453694385271235147896427813569853269714169574328576431982948726135312958647,6,WWing
930060005520000406006028030050000600000800007700010000019004000000003080000106004,931467825528931476476528139854379612163842957792615348219784563645293781387156294,6,SimpleColouring
000781060080000000600904500010050074300000005004007200002390041000006900000000008,925781463487563129631924587218659374376412895594837216752398641843176952169245738,6,SimpleColouring
090000000806000000030060970057890004000050200009043000008600003065030029073080140,791328465846975312532164978257891634384756291619243587428619753165437829973582146,6,WWing
047130060603400000020000080200350000000607000000040653300000108010500040096000002,947138265683425719521976384268351497435697821179842653354269178712583946896714532,6,WWing
305200000000000500070410000090020700400006801083000000006000970200780000030050248,365278419142963587978415362691824753427536891583197624816342975254789136739651248,6,WWing
049500000000008600201300005000017000005600374004000006050000000120030090000000260,649521783537948612281376945362417859815692374974853126758269431126734598493185267,6,WWing
080506400200000000050007090060005071002000000400000958700840000000169740000000010,389516427276394185154287396968435271512978634437621958791843562825169743643752819,6,WWing
803009040001000060070081003040090008009000600000007200002040005034850100500000000,863729541921534867475681923647295318259318674318467259182946735734852196596173482,6,WWing
030006000000500006020000450305400069940003001000000070200000800060200100000914007,539846712418572936627139458375481269946723581182695374291367845764258193853914627,6,WWing
400000100050940600300005008024070090000800004000000500065000002003050000890200700,486732159152948673379615248624573891517896324938421567765389412243157986891264735,6,WWing
000000002600100740900300160280090500000007000000000400760403020040020073010060000,451976382638152749927348165283694517594817236176235498765483921849521673312769854,6,WWing
008006000000001000400009030104000300060000094900000056005408000000170960200900080,718236549539841627426759831154692378362587194987314256695428713843175962271963485,6,WWing
000700000000059300070300800005000040000098000000030650010020007006400230034070000,853746912162859374479312865385267149641598723927134658518623497796485231234971586,6,SimpleColouring
700000310009741600000500040007080005080050000000020009006002490000690003000000200,745269318839741652612538947927483165183956724564127839356872491271694583498315276,6,WWing
004000750000600008070400069065000000000962000000007000080000905006300021020009300,614298753952673418378451269265834197137962584849517632483126975796345821521789346,6,WWing
200900000009000008001870905500030000060004009000200074030000000005003080700102000,258941367679325148341876925524739816867514239193268574932487651415693782786152493,6,WWing
002000807050900010014060000008570006600009000000000084003041000070008000400030700,962153847857924613314867259148572396635489172729316584283741965576298431491635728,6,WWing
005042000002000035001000000700300002600150700000800040000490051096000870500006009,365942187842671935971583264784369512623154798159827346237498651496215873518736429,6,SimpleColouring
600070030034810006500062000000020300180406000000001600800200004003040000421080973,618574239234819756597362418756928341182436597349751682875293164963147825421685973,6,WWing
004600100008300000030050804620540000105900006300000020000700080000005703050009000,574698132218374659936152874627543918185927346349861527491736285862415793753289461,6,WWing
201706080050000302000100096070000000002058060005910200020000000300000900000400070,291736485756849312438125796173264859942358167685917234827693541364571928519482673,6,WWing
600002085000608720100000400706400009004700810010006000203809104400260090900000000,647312985539648721182597463726481359394725816815936247263859174471263598958174632,6,SimpleColouring
000000000000300890900060400340051070109007000050040000704100620000620708010000000,835479162476312895921568437348251976169837254257946381784195623593624718612783549,6,WWing
030070500000904000001006032000000805700060040002000600600000400080400300210000000,936172584825934167471586932369247815758361249142895673693728451587419326214653798,6,WWing
007000000000050800040200160023000010000400000501002008308090046000104305900000000,697841523132659874845237169423568917789413652561972438318795246276184395954326781,6,WWing
000000109180300004900004085000002900003607048000000007090078000070010000004000701,435786129182359674967124385748532916213697548659841237591278463376415892824963751,6,WWing
004080006080002000300710840000200000096830025008900360800340007040000000050000003,924583176187462539365719842531276984496831725278954361812345697643197258759628413,6,WWing
800300090000007004007000803000270000480050160060000000000090075900802000020000000,856324791391587624247619853513276948482953167769148532638491275975832416124765389,6,WWing
000200000450100009000056000000000098120000000040000670060020300007000080003080062,781249536456173829932856147675314298129768453348592671864927315217635984593481762,6,WWing
607098000000000090100005000000304000080007100051000020003000050076000800008179003,647298531835741296192635478269314785384527169751986324413862957976453812528179643,6,SimpleColouring
301900000090070800007035000104700060000506000005000042000008006010003020200000008,381964275596271834427835691134782569972546183865319742749128356618453927253697418,6,SimpleColouring
003526000600900000007030000004089000020000060000040700002050480800000006400003057,143526978658917342297438615734689521921375864586142793362751489875294136419863257,6,SimpleColouring
000000000000090005680007040002000300790080006006000001300029080200130000100006500,953418627427693815681257943512964378794381256836572491365729184248135769179846532,6,WWing
400020700078001300000043068004000090060002103800000004000090000625000000003507000,436829715278651349591743268354176892769482153812935674147298536625314987983567421,6,WWing
000300702000460000600008500200000800004006900050103000410070000008002490007600000,841395762572461389693728541236947815184256973759183624415879236368512497927634158,6,SimpleColouring
060900700080006050010073000020000004007090106900700000102009080500012600006000002,365928741789146253214573869621385974857294136943761528172639485538412697496857312,6,WWing
050010604006700005100000000000350000080607200700040080090000020000000046020083000,257819634846732195139564872912358467485697213763241589591476328378125946624983751,6,WWing
400030008000000702000210060032560090000000003500000026046000000210009050005800000,427635918651498732983217465132564897869721543574983126746152389218379654395846271,6,SimpleColouring
900000702000004060047000500009380000050060000608007030016200007200040010000051000,961538742582174369347629581179385624453962178628417935816293457295746813734851296,6,SimpleColouring
005896000006000300091530000007060104030070009200040608400000000000080010000000807,345896721826417395791532486587269134634178259219345678458721963973684512162953847,6,WWing
900080000000000510047060000000006002854270000000000800160040005080005007200030600,912584736638927514547361298391856472854273961726419853169742385483695127275138649,6,WWing
300008790900100600000000002600004010024006500003080020000205000019000060070030000,362458791985172634741963852697524318824316579153789426436295187519847263278631945,6,WWing
000047000000068003000090700604010085000004000071500200293000500058002670700000000,369147852517268493482395716624713985835924167971586234293671548158432679746859321,6,WWing
002009300370000000000050210040002030000810050008000000010380900004000025800400000,652179384371248569489653217147592638963814752528736491215387946734961825896425173,6,WWing
020040509000025000080000030005100600000072980000000013000087306070000000400609800,127843569364925178589761432795138624613472985248596713951287346876354291432619857,6,WWing
000007002000021006003906000071000809000000040006508000300000914910000030002000007,684357192759421386123986475571234869238769541496518723365872914917645238842193657,6,SimpleColouring
000700000750100340008090000020060005900040030084000000042900000000005001010028050,431756289759182346268394517123869475975241638684573192542917863896435721317628954,6,WWing
130060004002004000000703900004930850000600209070000640090050060810270400406300000,139865724752194386648723915264931857581647239973582641397458162815276493426319578,6,WWing
007010405603004080000000300100027600400009050000000001000000048074300090960001000,897213465613954782245678319159827634432169857786435921321796548574382196968541273,6,WWing
082004005060000002070605000019000600400000200000030104001080000000300000548900001,382194765965873412174625938719248653453716289826539174631482597297351846548967321,6,SimpleColouring
600010000009300210000000000200004090003900071070800000080006500000000040000030080,634219758859347216712685934268174395543962871971853462187496523396528147425731689,6,WWing
040070000000200500809000000090004003000050810000097000000000060754008001002009470,245973186673281594819465237196824753427356819538197642981742365754638921362519478,6,SimpleColouring
000018900100000400000700000000007800500300060049100050300000506001003020420000009,234618975167539482895742631613257894582394167749186253378921546951463728426875319,6,WWing
000510063000006709300700100006200000009000036008001002003870040000000000207005010,972514863481326759365798124746253981129487536538961472613879245854132697297645318,6,WWing
090604000005039020600002040160340000003060000000700500008057002000000054050016790,892674315745139826631582947167345289523968471489721563918457632276893154354216798,6,SimpleColouring
605000400010000000300007096001050200500308000079060053000000030000040002000085004,695832471714596328382417596831954267526378149479261853148629735957143682263785914,6,WWing
000100700106000000450020180200005300090000070013200050700902005060504000040017208,328156794176849523459723186287495361594361872613278459731982645862534917945617238,6,SimpleColouring
070000203030000170000000060300820000000401000015030080100073000057098010000006000,876914253534682179291357468369825741728461935415739682142573896657298314983146527,6,WWing
500004830010080000000700009050000008003060000260058304007200400000036002800000090,579624831312589647648713259954372168783461925261958374137295486495836712826147593,6,SimpleColouring
000000000603005000040067100090100040005900013000073800409000002036009001207004060,851492736673815924942367158398156247725948613164273895489631572536729481217584369,6,WWing
000900000000800310052034600200040100030100009700000000500008020000500006410072003,348961572976825314152734698285349167634157289791286435563498721827513946419672853,6,WWing
060300509547690000003002670080000003000900000309000741600050430200040190000006050,162374589547698312893512674785421963416937825329865741671259438258743196934186257,6,WWing
000030014100270006000000532000400800001060000307805000006000000800320000039056000,628539714153274986794681532562413897981762345347895621276948153815327469439156278,6,WWing
000030002090065000003809010000002031008000070005003000700000000001007020004020008,846731952197265483523849617479682531638514279215973864762398145981457326354126798,6,WWing
002000000093048060060000000006007030040510000200000500007400000080009020000731006,172396458593148267468275913856927134749513682231864579617482395384659721925731846,6,WWing
610080004009007038002000050030090005140008620000200000080000003904000001001000090,613582974459167238872439156236794815147358629598216347785921463924673581361845792,6,WWing
070400060002000003160000000008000300000700050000300200096010080004060001000870005,975432168842156973163987524218695347439721856657348219796513482584269731321874695,6,WWing
900000304018005000034000800000000710009063000080100000200058000000010006045009002,952871364618345927734296851526984713179563248483127695261758439397412586845639172,6,WWing
000000080100600005009070000005803400700500020010007000900000030208050006004009017,536192784147638295829475163695823471783514629412967358951746832278351946364289517,6,WWing
081306409050000200090014030006000900170049000000003080000091800010407500907000040,781326459354978261692514738536782914178649325249153687465291873813467592927835146,6,WWing
000005100005207080000830000400000850080120007060000002870354006900000000000006001,728465139135297684694831725412679853589123467367548912871354296956712348243986571,6,WWing
030084000082060000900000006000000900400000030010590080050000000068009010003010078,637284159582961347941357826875143962429876531316592784154728693768439215293615478,6,SimpleColouring
200008570065000003040007600080006150500004002030500090008600000100000080000020906,213468579765219843849357621482936157597184362631572498928641735156793284374825916,6,WWing
000300004065008000090602030000010000800000500000000073500040060700000090080203000,278391654365478129194652837943517286827936541651824973512749368736185492489263715,6,SimpleColouring
700400050000026000016750030270600004000004000084002007900100008000095000000000200,723481659549326781816759432275638914691574823384912567952167348438295176167843295,6,WWing
805000000000653800000000100080000460000302000100040025009070030032000000000500600,865714293921653874374928156283195467457362981196847325649271538532486719718539642,6,SimpleColouring
000400009084050000200007008001008500800716000002500700900004000708900000010000040,537482169184659273296137458371248596859716324462593781925364817748921635613875942,6,WWing
003000051007010000008000004000036900900020506004005000050097000010280000000000820,693748251547312698128569374285136947971824536364975182852697413419283765736451829,6,SimpleColouring
405000000080007000700100600802006007060210040000000009090003701500000000023040000,415368972286497135739152684842936517967215348351874269694583721578621493123749856,6,SimpleColouring
030208000080400930006000002700300040000000026600000750020800090900000004070001000,139278465287465931546139872752386149894517326613942758321854697968723514475691283,6,WWing
070048005008090000930060000200400000001700200000030040000000001350000026002900730,176248395528193674934567812263419587491785263785632149847326951359871426612954738,6,WWing
003000007096000000010476093100050000970860402000002700050000080030600004241080670,483529167796138245512476893128754936975863412364912758659247381837691524241385679,6,SimpleColouring
002000070180020004007508000000010300740030080090007200000000109000400000200081035,452169873186723594937548612628914357745236981391857246864375129513492768279681435,6,SimpleColouring
060040000100000600090130040007020059000500010200000000010004500004090260500000000,765948123143752698892136745437621859689573412251489376918264537374895261526317984,6,WWing
000600050050700000406013020007800900800305200000000360020000010000000400305007080,273689154159742836486513729637821945894365271512974368928436517761258493345197682,6,WWing
000008200000000105936000000080300700000250000710000090000560000600802040208090000,541738269827946135936125487482319756369257814715684392174563928693872541258491673,6,WWing
400090203009000010030040000003005009200000000500230706002100500760500190000070002,475691283829357614136842975643715829297486351518239746982164537764523198351978462,6,WWing
000070009000043000009600050074000000000200017801000000000001006205004090090030070,642175839758943621139628754974316582563289417821457963387591246215764398496832175,6,WWing
082040000400037900001580000000704063000000809100060400008000000600000250000175000,982641537465237918731589642829754163546312879173968425358426791617893254294175386,6,WWing
260100050008005006000007100040000000097050300080300020000010900000680210100000008,269134857718925436435867192342798561697251384581346729856412973974683215123579648,6,SimpleColouring
000000845100000000809200000000061380010700502080320000000870403600000710002100600,327619845164538297859247136275961384913784562486325971591876423638452719742193658,6,WWing
206000040000070201401098070000430000000000750090700000004002800069000004700000009,276513948958674231431298675827435196143869752695721483314952867569187324782346519,6,WWing
190004300000050047000000000030500004000308750602000800920000000000670002003005000,195764328368952147274831965837596214419328756652147893926483571581679432743215689,6,SimpleColouring
793000205012356800000020003005001609030008700600030000000000508950100300080600020,793814265412356897568729413875241639231968754649537182126493578957182346384675921,6,WWing
002010003000304000308900000870000006020700408560000300700800004000609030080007600,692518743157364982348972561871493256923756418564281379736825194215649837489137625,6,WWing
006000008107600050500070010000200030000007500850030000064010300000059004090000020,936521478147698253528473619479285136613947582852136947764812395281359764395764821,6,WWing
002000009050003000030000160100008003000530090080700450004800000010200900009060080,762185349951643728438972165195428673247536891683719452324897516816254937579361284,6,SimpleColouring
050000008000600050890003410000408700360000000042000500070090000000160007105000000,256941378431687952897253416519428763368579241742316589673894125924165837185732694,6,WWing
000000010000501600001000509000070034000604900040300006006205097039700000085003000,594862713327591648861437529658179234173624985942358176416285397239746851785913462,6,WWing
006205300300790008000000570003006052000000000050900706700059800400007025000001097,876215349315794268294368571983176452647582913152943786721659834469837125538421697,6,WWing
006005000000008005700300040000201500040053702000700090900100300070000060020000004,216495873439678125785312649897241536641953782352786491968124357174539268523867914,6,WWing
900040810100003000000008005001090600286000000000002000007010009000709040040000120,935247816168953274472168935751394682286571493394682751827415369613729548549836127,6,SimpleColouring
300700281000090000700006500500000490000500108010840000476000020005000800002030000,369754281251398746748216539583621497924573168617849352476185923135962874892437615,6,WWing
008030072507000030600000108000090200004276050000800000050000000060420000020005704,948631572517982436632547198385194267194276853276853941453718629761429385829365714,6,SimpleColouring
001009000500630000020000907096200080002058600040000700000507300050300000000006140,681729453579634218423185967396271584712458639845963721168547392954312876237896145,6,SimpleColouring
860002000000901008010000097000700021000100300401086700583000000070030010000090800,869572134357941268214863597638759421795124386421386759583617942972438615146295873,6,WWing
200010006005006000004000509090500000806000320050030000600000002040003000000048010,289415736375986241164327589493562178816794325752831694638179452941253867527648913,6,WWing
004000060070006800050002400560100000001609500800003007000008100400200053000300082,124875369379416825658932471563187294741629538892543617235798146487261953916354782,6,SimpleColouring
036009000000003000200007090100000700007080265000050800000008003300200007010000920,836529471971843652254167398185692734497381265623754819562978143349216587718435926,6,WWing
200490000710000500900018000104003008050000901020850000000000080000000103000020709,263495817718632594945718362174963258856247931329851476432179685697584123581326749,6,WWing
100000050000600002400087000070900000600040070080002043060000700001709000005060004,136294857897615432452387916274936185613548279589172643968453721341729568725861394,6,SimpleColouring
000546002050000000209078040087409000000000000523000000000050400008000029400060013,871546392654293187239178645187439256946725831523681974312957468768314529495862713,6,WWing
005007800042080190000590000000203069073008010000000000060400007800759000000000000,395127846742386195186594273458213769673948512219675438561432987834759621927861354,6,WWing
008037200300600000020050300051000706206004000800000100000000000002010609604000050,468937215315642987729851364951328746276194538843765192197586423582413679634279851,6,WWing
050603087006000009000800620180009000000400000090076200000300000005907063000080050,952613487846752139731894625184529376627438591593176248478365912215947863369281754,6,WWing
095007040203004056000000000500100000001800300004050100000080002030000080007000600,195627843283914756746538219528163497971842365364759128419386572632475981857291634,6,WWing
057006200000010400021057300000000900830000005710040020200000560000009000305020000,457386291683912457921457386542763918836291745719845623278134569164579832395628174,6,SimpleColouring
080500030900200014413000000600000900070006008009010020000050000000702000004080006,286541739957263814413897562621478953375926148849315627792654381168732495534189276,6,SimpleColouring
000000000009002504005040260001800730280004000000023000060070890304000100050000020,426581379719632584835947261641859732283764915597123648162475893374298156958316427,6,SimpleColouring
010020000030080010600001483062009500150007008890000064000002000209500040306000002,918324675734685219625971483462819537153467928897253164581742396279536841346198752,6,WWing
010020060360107040090004100700009500000352007600400000054000000000000009900000206,418925763362187945597634128723869514149352687685471392254796831876213459931548276,6,SimpleColouring
000038090070500002000000600060003180200000000010840903007000000030070510400065009,542638791376591842891724635964253187283917456715846923157389264639472518428165379,6,SimpleColouring
430000981059000000000000003590001300076009400020500007000984005000050600000063019,437625981659318742812497563594871326176239458328546197761984235983152674245763819,6,SimpleColouring
046000000320009500000001060000900720007050940005000600000042000800100000019080002,946825137321769584578431269634918725187256943295374618763542891852193476419687352,6,SimpleColouring
000930400000204039090000000040001090058070040000050301004600700005000000060020000,621935478587214639493786125342861597158379246976452381214698753835147962769523814,6,SimpleColouring
690005040300090000150007000500000000006009030200470500000000802000030190005208004,697385241348192657152647983573861429416529738289473516731954862824736195965218374,6,WWing
800300000040500203100070500408000100050900000702031900010004090200000701000090060,825319476947586213136472589498265137351947628762831954613724895289653741574198362,6,WWing
038007000000600000705000043500200900000040100903000800306000020000700001070150090,638497215124635789795812643561278934287349156943561872316984527859723461472156398,6,WWing
000050400000020300020001089080070040090000060250300910700000600000810000908500000,379658421815924376426731589683179245197245863254386917731492658562813794948567132,6,SimpleColouring
210030050090100003000406200730000100080600002100000005000570906000060000408002000,214739658695128743873456219736285194589641372142397865321574986957863421468912537,6,SimpleColouring
010008400050760800006900005600000003020000908700005102000002600500610009160080020,917258436254763891836941275641829753325176948798435162483592617572614389169387524,6,SimpleColouring
000009000904000800010000060060004351000030002720000008040003000570090000000425000,687549213934612875215387964869274351451836792723951648148763529572198436396425187,6,WWing
000109000900540003020060400069380205300000706000000000100700500205000900670090301,843129657916547823527863419769381245381452796452976138198734562235618974674295381,6,WWing
000070020020400507400010039004000000100090200200608070000020803506007000090000000,619375428823469517457812639974251386168793254235648971741526893586937142392184765,6,SimpleColouring
800300000100060740040001500000100600008042000200900000907010060006000034004605207,879354126152869743643721589495138672768542391231976458927413865516287934384695217,6,WWing
740000006800590100000007000002400300600010070000003000100800062460000008000000009,745381926836592147291647853572468391683915274914273685159834762467129538328756419,6,WWing
002060071000000906000004830408500000073000000500010200000000100860032000900001004,382965471714823956659174832428596317173248569596317248247659183861432795935781624,6,WWing
074390802000007300000000074000910040020500000031470900800000000000030260100720000,674395812218647395395281674786912543429563187531478926842156739957834261163729458,6,WWing
000200008005107300000000900007000000960080004000320070070040009320501000400000060,691234758845197326732658941257416893963785214184329675576842139329561487418973562,6,WWing
301497068600030040007000093002360000070000900003050000050000009000072400209500380,321497568695831742487625193142369875578214936963758214754183629836972451219546387,6,WWing
000400000200709000013000500036000000050680014000000060004060020090000007700100000,579431682268759143413826579836214795957683214142975368384567921691342857725198436,6,SimpleColouring
006080000080000300390741000500000070807350000960070410430000906000006000600900104,746283591281695347395741682524169873817354269963872415438517926159426738672938154,6,WWing
003090020070000000248000090002050000095100080080000400057060100004800230000007009,513796824679482315248531796432658971795124683186973452357269148964815237821347569,6,WWing
000300000800710063023000000005806000004003001700200800000000100972000000000060270,617354982859712463423689715195846327284573691736291854568427139972138546341965278,6,WWing
607040000008700205500300040080900470000080003309000010002169000003000000070004000,627548391438791265591326847285913476714685923369472518852169734143257689976834152,6,WWing
000006700726000900080000003000700005450130600001000002008007009010020000042090370,395416728726358941184279563263784195459132687871965432638547219917623854542891376,6,SimpleColouring
900020006000000100000309027001090060040008000070002080090010000100603200003040000,987421356325876194416359827831594762542768931679132485798215643154683279263947518,6,WWing
507800000000010000009002000000600001001037400600095830010009520000060700050000080,527843196348916257169752348235684971981237465674195832816379524492568713753421689,6,SimpleColouring
005600000000480000024100006302000000160000009700000100000072091000000034000960802,815627943673489215924153786352891467168745329749236158486372591297518634531964872,6,WWing
709005008020000005000700200000108509003050000000040080070006050600003894302000001,739425618428631975165789243247168539813957426596342187974816352651273894382594761,6,WWing
180040000000210008005900000091007050820000000006009002000090070300002609510000024,182346795937215468645978231491827356823651947756439182268194573374582619519763824,6,SimpleColouring
400000200001000050200490810000009007090376000000100000130500008002600540600080000,458761293961832754273495816816259437594376182327148965139524678782613549645987321,6,SimpleColouring
600000340000041005500000000009000000070490502000302700007000008420000000060970010,681529347793641825542783169239157486176498532854362791917234658425816973368975214,6,WWing
905007040047605002000090100002400000000208604000560000051000000600900200008000007,985127346147635892326894175762413589519278634834569721451782963673941258298356417,6,WWing
000000240005304601000009305000008000030540000060030900302400800070206000946180052,693815247285374691417629385124968573739542168568731924352497816871256439946183752,6,WWing
740003006000020900090600310020000060000460000000350009100900000804000007065000400,741893526356124978298675314423789165589461732617352849172948653834516297965237481,6,WWing
080270006000000000000008100000004010003090700905000000028300000070000900001047680,189275436734916258652438197267854319843691725915723864428369571576182943391547682,6,SimpleColouring
003650010000070009209103000030700000000010056500200800000001200008060700000000008,783659412615472389249183567836795124472318956591246873967831245328564791154927638,6,WWing
000200000000000705008007142809000000002060001400000200003098060000010900070030400,357241689241689735698357142869125374732964851415873296123498567584716923976532418,6,SimpleColouring
012903000000000000390580600100000030054000070900000401806009350000700009000040000,612973584485612793397584612168497235254361978973258461846129357521736849739845126,6,WWing
010200006900080023002005400000001680205600900006008030000059004003000000400300109,817243596954186723362975418739421685285637941146598237621859374593714862478362159,6,SimpleColouring
400070030002800076001000980000209000000300000008160092060003007007000005200000000,485976231392814576671532984154289763926347158738165492569423817847691325213758649,6,SimpleColouring
030000020074800600000200003000006051000048006001070300400610000800003070500000100,935461827274839615168257943789326451352148796641975382497612538816593274523784169,6,WWing
007200500600040090000700010000000000200091074050087063095000000008030000320000040,947213586612845397583769412874326951236591874159487263495172638768934125321658749,6,WWing
080250000200000007070000041800090060000000050000400003000302000160500070040006090,481257639239164587576938241825793164394621758617485923958372416163549872742816395,6,SimpleColouring
000190008001500902709400105690000000010080200000000003500800030030020007008374000,256197348341568972789432165697253814413789256825641793572816439134925687968374521,6,WWing
000000008609080120000000090007002900001900050800037406040000500208409000005006000,124695738659783124783214695567142983431968257892537416346821579278459361915376842,6,WWing
300190407009002500000000006090000002200850300400003000000900000075000010000405030,356198427719642583842537196593714862267859341481263975634921758975386214128475639,6,WWing
000800400507000000002040510621000080080000600000010004308002000009050000100003050,916835472547261938832749516621394785483527691795618324358472169279156843164983257,6,WWing
400080300002700600000015000000100027050007000006040510500000000003000086068000702,475682391812793645639415278384156927951327864726849513547268139293571486168934752,6,WWing
000706000000003104790050000905000000001060008800007600000032580000600201050980006,184726935526893174793154862965248713371569428842317659619432587438675291257981346,6,WWing
000012000390000001000000308000560080007000000510009000072090000600008094008006070,486312759395687241721954368239561487867243915514879623172495836653728194948136572,6,WWing
000000090070600050806000020652300004000080001004060000200000340009040007000102000,425738196371629458896415723652391874937284561184567932218976345569843217743152689,6,SimpleColouring
000000206090000040000007803908050460003074500004000002340500900000610000000000020,837495216291836745465127893928351467613274589574968132346582971782619354159743628,6,WWing
000000062740000080000002100504086703006000008070030000035001400068000007000000000,951748362742163589683592174514986723326417958879235641235871496468359217197624835,6,WWing
060300090200008300000000150030000507650020000109067080000240000000900700000001020,561372498294158376378694152832419567657823941149567283716245839423986715985731624,6,WWing
003800000100490000059003008000980000065000000000004800040500709570600400008042306,623871594187495632459263178734986215865127943291354867346518729572639481918742356,6,SimpleColouring
074600000200100706006302900000000000020581000940067001802000600000000300005906080,174659823293148756586372914651493278327581469948267531812734695769815342435926187,6,WWing
050800000401000003030000090007021040100000702000500008000710906008400001000009380,259863417471295863836147295587321649163984752924576138345718926698432571712659384,6,SimpleColouring
010485002000000000000079400032700000079006200540012300000000020963000004028007590,617485932294163857385279416832794165179356248546812379751948623963521784428637591,6,WWing
010000800009532000007900000200000700080600050060079004000000000008006070530180020,312764895849532167657918243294853716783641952165279384971425638428396571536187429,6,WWing
600000900000306700500800060004710000008900042000000000067000000900007000040005130,623571984489326715571849263354712698718963542296458371167234859935187426842695137,6,SimpleColouring
500800000010000000030000802000270008090060000203000001120640009650003000000900067,574826193812439756936157842465271938791368425283594671127645389659783214348912567,6,WWing
070060000002900050000004206601000000040002800000030075000000090000300528200805700,574263189362918457189754236631587942745692813928431675857126394416379528293845761,6,SimpleColouring
700000002060080400090006005080900500000800100310005000002050041000000000400201830,745139682163582497298746315684917523529863174317425968932658741871394256456271839,6,SimpleColouring
050800003090002016003060000800000000006230009037005000700000001000050800009008205,651849723498372516273561948824196357516237489937485162785924631162753894349618275,6,WWing
900400000070010000430000502000700030008040010000008005100000760002037901000009003,925473186876215394431896572264751839358942617719368425193524768582637941647189253,6,WWing
000062000100008005000000378500900000000140062000000100760000400003090016409001000,837562941194378625625419378512986734978143562346257189761825493253794816489631257,6,WWing
703400901600800230000000000080000312170908060004002870005087000007049028801200700,753426981649851237218793654986574312172938465534612879425387196367149528891265743,6,WWing
240060000019000000070004290000006080350700600000030100000007000008020410004809003,245961837819273564673584291427156389351798642986432175132647958798325416564819723,6,WWing
019080037200000600508000004701000056902034000000000000000359060000070008000008000,619485237274913685538726914741892356962534871853167429487359162396271548125648793,6,WWing
700000250500000084009002000007089015800501003000207000003605070000000000650000309,786934251532176984149852637267389415894561723315247896423695178978413562651728349,6,WWing
302000060000096000006000140090071058240000003050000000000060090500004300800100000,372418569415796832986532147693271458241685973758349216124863795567924381839157624,6,WWing
050000098900060300000004160800050000001006000020301000000043000002000940006805000,657132498914768352238594167863459271741286539529371684175943826382617945496825713,6,SimpleColouring
000000070030102000504000891003001600060050207700000400009023100200500000000068000,691845372837192546524637891943271658168459237752386419489723165276514983315968724,6,SimpleColouring
004073605090040000083000000060004003000000000000560081008000030049030052052010006,214873695796245318583691427865124973921387564437569281678452139149736852352918746,6,WWing
100006000000080050478000096050004000300028000780100000000060009610050700009401068,195246873236987451478513296952634187361728945784195632847362519613859724529471368,6,SimpleColouring
309000054500829000800000060000008100000003007000100090900000000004051000003600201,329716854546829713871435962267948135198563427435172698912387546684251379753694281,6,WWing
700000000105960000029000060000802630604500001200000000000003900091600000000450008,763285419185964372429731865957812634634597281218346597842173956591628743376459128,6,WWing
800200040405003602000080007610050000000490000049600010300000009060009038000700560,871265943495173682236984157618357294523491876749628315357816429162549738984732561,6,SimpleColouring
000000002350807000090000305000039040436010907910740030009400023084000060100060400,741356892352897614698124375827639541436215987915748236569481723284573169173962458,6,WWing
000000500074003000300080060400078020500300000006405170090002400001040000600000950,968217534174563298325984761439178625517326849286495173893752416751649382642831957,6,SimpleColouring
000000345000000700004301080001007000072805904500169000000008030805200000030710020,167982345283654791954371682391427856672835914548169273726548139815293467439716528,6,SimpleColouring
000080170005000000010350040600900000000008030089200601000092000000000203806010000,263489175495127386718356942657931428142568739389274651534692817971845263826713594,6,WWing
900067004020000090007540020059020030300900000000003070000100067001800005840000000,938267154524381796167549328759428631316975482482613579293154867671832945845796213,6,WWing
068000000000000100000813040000600000070000420230071000820000700407005060000048052,168594237349267185752813649984652371571389426236471598825936714497125863613748952,6,WWing
100000000090840250000060849801500007074000000500000020200710060000000070000009008,148952736693847251752361849821534697374296185569178423285713964916485372437629518,6,WWing
500000030480060000010007002000009700000040020102000908000800000009520004060000300,526918437487362591913457862654289713398741625172635948741893256839526174265174389,6,WWing
060040010070300006904000000280906540040070280000008000090000600007000001010760000,563847912178392456924615738281936547346571289759428163492183675637254891815769324,6,SimpleColouring
000000200000000304080001007800006700005700920100093000017000500004000090000200000,451367289796852314283941657849126735635784921172593846917438562324675198568219473,6,WWing
000500103008010070000769005160000050000600820009000300583004000900005700200006010,794582163658413279321769485162348957435697821879251346583174692916825734247936518,6,WWing
072005000010700802800400000000000080740000000000500079063080100000104506004002000,472895613915763842836421957359276481748319265621548379563987124287134596194652738,6,SimpleColouring
050060004001007208203001009500008060000000003600900801005030000016205000020000000,958362714461597238273841659539178462187426593642953871895734126316285947724619385,6,WWing
207000030586000001040000200000091000000600380400200060300050400760300000004060070,297514638586923741143786295638491527912675384475238169329857416761349852854162973,6,WWing
000000003000047000630000710020190300001030009005000040006010000200000806004702000,847621593159347682632589714428195367761438259395276148976813425213954876584762931,6,WWing
803006000000072800000900600580020970006000300000001000000010050490000030300040002,843156297659472813172938645581623974726594381934781526268317459497265138315849762,6,WWing
080300006000800020050400013000000405260003000004000060001060080700000600029000004,182359746473816529956427813817692435265143978394578162531964287748235691629781354,6,SimpleColouring
080001600000023000300040080007009001010400000002000040008000010261030407400070002,784591623196823574325647189547389261819462735632715948978254316261938457453176892,6,WWing
400200000090000004000085907001800060000003012203060070000132000000090200060004000,435279681897316524126485937541827369679543812283961475958132746714698253362754198,6,WWing
000005000269000001700000000080000506000390040370060000000050200003007008498000000,841675329269483751735129684982741536156392847374568912617854293523917468498236175,6,SimpleColouring
400000050308019704000508093000000002600900517001057000500000030000720001060000400,419372658358619724276548193745136982623984517891257346587461239934725861162893475,6,SimpleColouring
000098000800500000040100900000020780001400000006007390300000000000080012010000006,165398247897542163243176958439625781781439625526817394358261479674983512912754836,6,SimpleColouring
001000000040008501096000400050060000010070903900005000400059700030820000000006090,521647389347298561896513472253961847618472953974385126462159738739824615185736294,6,SimpleColouring
200000000043050000005210000570080900000940300309005024050008640006001050000000030,218674593743859162965213478574382916621947385389165724152738649836491257497526831,6,SimpleColouring
004000809006000000980030060105694207002308001000200400000005000070000023640700000,324567819756819342981432765135694287462378591897251436213985674578146923649723158,6,WWing
050902100370000050000008020008704030000090004020500800000000001040200000103005000,854972163372146958691358427918724635536891274427563819289637541745219386163485792,6,WWing
030042860000300200800576003300600000010000080469000010200009036000400509000005100,935142867746398251821576493382651974517934682469287315254819736178463529693725148,6,WWing
040008010009010080000073400005030047000000000400600000010000005070089021520300000,342958716759416283861273459195832647236147598487695132913724865674589321528361974,6,WWing
070600500009002000612059008000304000050000940007200000000000802000700400000003010,478631529539872164612459378981364257256187943347295681794516832163728495825943716,6,SimpleColouring
009050021600310004045000000400000009060200003020840170200030800301902000000100000,839457621672318954145629738418573269567291483923846175294735816381962547756184392,6,WWing
070000008002000060000006090006050020009300000020094300000009600901730450040000013,675941238192583764384276591436857129719362845528194376253419687961738452847625913,6,WWing
300070000100304900000902003503000600000090000029000105005200007000001004004007091,398576412172384956456912783543128679761495328829763145615249837937851264284637591,6,WWing
000905000000060030570120096004090065090001040050000923080000010605309007007040009,462935871918467532573128496824793165396251748751684923289576314645319287137842659,6,WWing
000700300100300000208600000400001020090000000060000040000004059004108060000097001,649785312175342698238619574483951726592476183761823945317264859954138267826597431,6,WWing
100007203000100090000069004708000000020740000000000030530000008807010059900083040,189457263674132895253869174768395421325741986491628537532974618847216359916583742,6,SimpleColouring
000690802106500000000000001000700080900008007040100000000820300300000050070004600,453691872186572943297483561632749185915268437748135296569827314324916758871354629,6,SimpleColouring
720005001000000000060004700000200804002010003008007500201400000000090000900006087,723985461419762358865134729176253894542819673398647512251478936687391245934526187,6,SimpleColouring
000125009030090600000000010000084150000300060020700403050236000002040000004000086,476125839135498627289673514763984152941352768528761493857236941612849375394517286,6,WWing
401000000000023008020009107050000003000200800080016000200607904004500000000300050,491768325567123498328459167952874613146235879783916542215687934634592781879341256,6,SimpleColouring
001708000075040001200100000000000020080000040000005607006029700500600000300001002,431798256975246381268153479659417823783962145142385697816529734527634918394871562,6,SimpleColouring
000000020010048760004001000100000080400670003270000000050000000000002040000009508,568397421913248765724561839135924687489675213276813954357486192891752346642139578,6,WWing
008200607000930000400700000600000005002000030900000024070480000300007050000006300,538214697726938541491765283687342915142859736953671824275483169369127458814596372,6,WWing
010009804000006000007000001700200900028070043000000200106050028000034500050000000,615729834384516792297483651763241985928675143541398276136957428872134569459862317,6,WWing
030500900001830040000970020406380000000000070000065000600040500083000004000700069,237514986961832745845976321496387152352491678178265493629148537783659214514723869,6,SimpleColouring
000010500100000098070008000000035007000006050030000069204600001506001200007042000,468719523152463798973528416629135847741896352835274169284657931596381274317942685,6,WWing
700080050004000890000050007100008300000160000090370000080607000610000400270000080,721983654354716892968452137147298365832165749596374218489637521615829473273541986,6,WWing
009480000010700008200051090807003020600800700000090006000270030050004000000000010,569482173314769258278351694897643521631825749425197386146278935753914862982536417,6,WWing
000400800000831006007000000900050003720000090030008401002500040360000000000070100,653497812249831756817265934981754623724613598536928471172586349365149287498372165,6,WWing
810000004000000500205000060162000080000400000080002700038000010790006000000378600,816257934349861572275934861162795483957483126483612795638549217794126358521378649,6,WWing
000009640001007093080200000000000050000072000029050080050304006300000800047800000,273519648561487293984236571716948352835172469429653187158394726392765814647821935,6,WWing
020607040003000800000000610000030529700000000000105000350070000070200090600004030,521687943963412857487359612146738529735926481298145376359871264874263195612594738,6,SimpleColouring
100080007040200000000603401360450000800000600001900000070000200002100904900000006,196584327543217869287693451369458172854721693721936548478369215632175984915842736,6,WWing
040000800000000920500001004700040006000070510100009000230000000000090008060082000,346927851871654923529831674782145396694378512153269487238516749415793268967482135,6,WWing
000306000006200305081000000000900104200740006000000000602010900040000500800407010,925386471476291385381574269768932154213745896594168723652813947147629538839457612,6,WWing
007090000030001060280000090005007400000000008000084910100005700300609840400000000,517296384934851267286743195895167423641932578723584916168425739352679841479318652,6,WWing
090517600030000009000009408000436290900005000403000000070000000008703100005004060,894517623736248519251369478587436291912875346463921785179652834648793152325184967,6,WWing
002810700008900000700000190500006002030700000000081300020100067106075030090600010,962813754418957623753462198581346972634729581279581346325198467146275839897634215,6,WWing
708000590001600000050080006015000003002060400800200750100094020000000040000021037,768132594491657382253489176915748263372965418846213759137894625529376841684521937,6,WWing
700040000009601700402000005020000000040860007000310090000004003081000060070100200,765248931839651742412937685928475316143869527657312894296584173581723469374196258,6,WWing
090600320000005004003000805041360200006009000005040030600700001000200000000096000,594618327287935164163472895841367259376529418925841736652783941719254683438196572,6,SimpleColouring
030504109009000080000690052050060000000000903000102000001200000705000000300000276,237584169569721384814693752452369817176458923983172645691247538725836491348915276,6,WWing
005039007001000000380010040000000250043000600000040070000580162010020409020300080,265439817471865923389712546896173254743258691152946378937584162518627439624391785,6,WWing
010020006580000070060009014000040000100600390007002060600700058000006000300001000,719428536584163279263579814926345781145687392837912465692734158471856923358291647,6,WWing
000008740504700300200000000400000009300580020000007000000000903060920100001004080,619358742584762391273149658457236819396581427128497536742815963865923174931674285,6,SimpleColouring
018050020002100900400008000000000070630400000000780304800000000020509080069070003,918357426372164958456928137284613579637495812195782364841236795723549681569871243,6,SimpleColouring
900000000400070896000005000080040730000000010000100009070010000602400008005360400,928634157453271896761985243189546732236798514547123689374812965612459378895367421,6,WWing
980300004520070000070009006000002000000500100100040900710803000004050000800000067,986315724521674893473289516348192675297536148165748932712863459634957281859421367,6,WWing
000460010009007040103800000001002300900680750020900480000176005306500000000000800,752463918869217543143859627581742369934681752627935481498176235376528194215394876,6,WWing
300060080820009000005703002000500040160000007004090000030405160000070000041000200,317264589826159734495783612982517346163842957574396821739425168258671493641938275,6,WWing
020000006471000090038100020060037000097001200000040000000000507000063000000200100,925784316471326895638195724264837951897651243153942678382419567719563482546278139,6,SimpleColouring
800000240000000506309060100400007000001950000000030000004000860500086024000300095,865713249712894536349265187453627918621958473978431652234579861597186324186342795,6,WWing
000800420410600050000000100040030070000750903008409000080000701005000030074000500,356871429417692358892345167549136872621758943738429615283564791165987234974213586,6,SimpleColouring
043000700000050300050046080000081030009070010800000060001960050000005000004807009,643128795182759346957346281476581932329674518815293467731962854298415673564837129,6,WWing
009600000000084000000029010027000090600010200001000040800040001040803025000090300,439651872712384659568729413327465198654918237981237546893542761146873925275196384,6,WWing
040090005006800070300651000094000701530070060800000002000000200720008490000700050,248397615156842379379651824694285731532174968817936542965413287721568493483729156,6,SimpleColouring
000904702200000093000000800002000001009070060604205000070006504000008000508000900,865934712247851693391762845732689451159473268684215379973126584426598137518347926,6,SimpleColouring
000006590000000800006050700000601000004000000078940062605700000037085000400000000,742816593351297846896354721923671458164528937578943162615739284237485619489162375,6,WWing
060000000000049016007860200200030867000200094000970500649000000532400680000620000,364152978825749316917863245291534867753286194486971523649318752532497681178625439,6,WWing
630000008070506010001700009200800000080065007000000200060090000000002070105603000,634921758879536412521784369257819643483265197916347285762498531348152976195673824,6,SimpleColouring
300070000050002800000500010000020050807000600900000008530704000004190020000008005,348671592159342876276589314413826957827953641965417238532764189684195723791238465,6,SimpleColouring
004000850085400007300200006038000060000501403000000008053040009900000600001003000,694137852285469317317258946538924761726581493149376528853642179972815634461793285,6,SimpleColouring
000000006103060080095080000000910700002030400000000300930007601070000004040003000,487325196123469587695781243354912768762538419819674325938247651271856934546193872,6,WWing
000020003089000000006007090001000060002300900400000302000051026040000000060030570,714829653589643217326517498831294765652378941497165382973451826245786139168932574,6,SimpleColouring
090052000054080690002409500100007004200040100060900070000000000900103008000000016,697352841354781692812469537185237964279645183463918275531876429946123758728594316,6,WWing
000000640060007090000053000071000000502000400036002087000200830080095002300070000,713928645265147398948653721871439256592786413436512987157264839684395172329871564,6,WWing
600020900090500802082006405319040720048000006006000300000073000000001203000900004,654328917793514862182796435319645728248137596576289341421873659967451283835962174,6,WWing
750300008000560390000040007600000900000613400340000080200006000000030079930000800,759321648482567391163849527625784913897613452341295786278956134516438279934172865,6,WWing
000780400000206000673500802806020503020060080700800060180002900500070000002010008,259783416418296375673541892896127543325469187741835269187652934534978621962314758,6,WWing
002000380900000002001040500000304060800000000000070090060000000750200608023090000,642715389975863412381942576597384261816529734234176895168457923759231648423698157,6,WWing
080007000400000100000910024000000000350100069628500040000071000090340000004800003,182437956439625187576918324941762538357184269628593741863271495795346812214859673,6,WWing
000600010309000400010904003026009004100000000000700520000508240080030000400096038,845623917369817452217954863526389174174265389938741526693578241781432695452196738,6,WWing
930060005070200003040908000080000700509000000000800002357000201000301000010004509,938167425671245893245938176183592764529476318764813952357689241492351687816724539,6,WWing
020007400500060030060000005006000003739100000100005070000006000001090007000800192,928357461517264938463981725256479813739128546184635279892716354341592687675843192,6,WWing
470005000002040000350000061200700000040500003008000070027009300593007800000100007,476915238812643759359278461235791684741586923968324175127859346593467812684132597,6,WWing
007004600010000007065100900000537000000800000800000032000000060031050040002013500,297384615318965427465172983126537894743829156859641732574298361931756248682413579,6,SimpleColouring
083004000100500000000000580000407100009010058000060000700300010000095400008006030,583624971127589346694731582862457193479213658315968724756342819231895467948176235,6,WWing
030000900005600000709500010000700060200050007308010052807004000500800030000090700,436127985185639274729548316954782163261453897378916452897364521542871639613295748,6,SimpleColouring
026000008050701000000090057030200800160000000000040200008600000000005010000004003,726453198859761342341892657934216875162578934587349261418637529273985416695124783,6,WWing
000009000410000300300640007000008016005724080080050002000000060640080000570460030,257319648416872395398645127724938516165724983983156472831597264649283751572461839,6,SimpleColouring
090800400500006810700500620007000002003020104000438000400009000006000030000700000,692813475534276819718594623947651382863927154125438796451389267276145938389762541,6,SimpleColouring
000120900706000400300050000050400608000080000000500079600003204047000000000000001,485126937716398425329754186952437618173689542864512379691873254547261893238945761,6,WWing
004052700000600240000010600630007000070506300000000000010800000800070400307100060,164952738795638241283714695638497152971526384542381976419863527856279413327145869,6,WWing
107040000840005700290761008010098076080000900000004000071086309620100840000000017,167843592843925761295761438314598276786312954952674183571486329629137845438259617,6,WWing
002000000480020900950078062000050040005100208090087000138000000500090306000030820,762913584481625937953478162816259743375146298294387651138562479527894316649731825,6,WWing
000004060802096000600210090000020570000107400000460020006000040030500002009080005,973854261812796354654213897461928573295137486387465129526371948738549612149682735,6,WWing
200900053040023098000000000700104300000005970100000000000002004050008000804700025,216987453547623198389451267725194386468235971193876542971562834652348719834719625,6,WWing
080009040000780120200100350900000006020670000100004072000010004004000000003008010,381529647645783129279146358957231486428675931136894572562317894814952763793468215,6,WWing
602000370000000000473600001090008160060317280080900000040009030906700050008030000,612894375859173624473652891297548163564317289381926547145269738936781452728435916,6,WWing
107200340003060508000004061000700090701000005902003106008300000010002000529000000,167258349493167528285934761836715294741629835952483176678341952314592687529876413,6,WWing
040000005100075000005086300000900250000032004000000107908010000000004001060000702,843129675196375428275486319687941253519732864324658197938217546752864931461593782,6,SimpleColouring
700000040004600910010800560906500170020000000000004600008700000000905000000006800,769351248584672913312849567946538172825167394173294685698723451431985726257416839,6,WWing
010000009200005070007000200000007590800003042003900007001090080008700004950030000,315278469296345178487619235162487593879153642543962817721594386638721954954836721,6,WWing
000800007700962000000000900001003200950000001000000700030100600600085030004030058,329814567745962813186357924471593286952678341863421795538149672617285439294736158,6,WWing
000000054500908060400010000107006200800120400050070006600000080390060017000000000,971632854523948761486517923137456298869123475254879136645791382398264517712385649,6,WWing
300000000920150007000240030090000200001080090700000560000920100060800000580000000,345768912926153847817249635694531278251687493738492561473925186162874359589316724,6,WWing
070580002500000000000900000100705000050000008000001063901000400020006090080004030,679583142512467389843912657168735924354629718297841563931258476425376891786194235,6,WWing
000060000904200018000900305570480001608019030000030000800000007051800020390000100,735168249964253718182947365573482691648719532219635874826391457451876923397524186,6,SimpleColouring
000008003000750100004900000003060791710090006050007200406002000071009040000000007,197628453328754169564931872843265791712493586659817234436572918271389645985146327,6,SimpleColouring
040000000503002780109000000005609023020007000900000000300506012000200006000700400,247865139563912784189473265715649823428357691936128547374586912851294376692731458,6,WWing
000061400030000100019040062090034005005000010000000694002803700000075006000000080,527961438634258179819347562196734825245689317378512694462893751983175246751426983,6,SimpleColouring
030060005080009042002800000900100000005040600200000500000002100400000057000036090,739264815681359742542817936968125473315748629274693581893572164426981357157436298,6,WWing
000000600007090380025080000090008702400002951070000060080004000106000200000030000,813745629647291385925683417391568742468372951572419863789124536136857294254936178,6,WWing
009050030370008100000000006000000007010006900006080004050740600090000805004010000,649251738375468192182973456538194267417526983926387514853749621791632845264815379,6,WWing
050200009080400307001000080006000050310080004000040700000060001038001002000004008,453278169689415327271639485946127853317586294825943716794862531538791642162354978,6,WWing
300050900009100008000000063080091402403760095902000000008010000030009200106003004,341856927269137548857924163685391472413762895972548316728415639534679281196283754,6,WWing
300100200200000008007840000700090000956008000004700003090013087670089102010000060,389156274245937618167842935731594826956328741824761593592613487673489152418275369,6,WWing
020830000030100008500069000080000640204000705070000009700000010300024000000050400,429837156637145928518269374983572641264913785175486239746398512351624897892751463,6,WWing
053000070000060500098005002800000700060920080000001040000040028000002000007106004,453219876172468593698375412821534769564927381739681245915743628346892157287156934,6,WWing
048100005000420000030000000001008000000510340003000950800000064002009010000000070,248196735975423186136875492451938627629517348783264951897351264562749813314682579,6,WWing
000002800040600090005030047503017009010000050000006130000000520074503000908021000,369742815741685293825139647583217469612394758497856132136978524274563981958421376,6,SimpleColouring
000520090000001000300600501009060250030007004000000800008010600190400000000752000,681524397957831426324679581749168253835297164216345879578913642192486735463752918,6,WWing
000000082806073000040208009061000000035600098007004006002040003010030060000506200,579461382826973451143258679961385724435627198287194536652749813714832965398516247,6,WWing
000460000012008050009000040607300008000200500050007000000005002000806905840000600,538461729412978356769523841627354198384219567951687234196735482273846915845192673,6,WWing
700005038000490000000300140805000274000006000032000000540003000009002080080650000,724165938153498627698327145865931274471286359932574861546813792319742586287659413,6,WWing
009000280100000600003402000000605000000200930000009000010800000870006501304000009,469517283125983674783462195297635418541278936638149752916854327872396541354721869,6,SimpleColouring
700000042000000091000017300906804200470300000020000006007008009000002850302001000,719683542863245791245917368936854217471326985528179436657438129194762853382591674,6,SimpleColouring
010240005038060000020500190040083500000000017700010030000370050602150000050006000,916247385538961724427538196241783569863495217795612438189374652672159843354826971,6,SimpleColouring
070100000410003200000700300200900040509004080080000020000407100000008090005030000,873152964416893257952746318261985743539274681784361529698427135327518496145639872,6,SimpleColouring
090002040000004000400600030640903000000000002003008500010000009008001000500076008,896732145137854926452619837645923781981547362273168594314285679768491253529376418,6,SimpleColouring
180030000002000006090802500400001050000003800000700000700000013008307200900050070,184536729572149386396872541437681952251493867869725134725968413648317295913254678,6,WWing
050706000008020640200008050024570000300080700009000480000000270000000000407300801,953746128718925643246138957824579316361284795579613482635891274182467539497352861,6,SimpleColouring
009001000065400000700000900000823070007010426100000000000070204030000060900000050,429731685865492713713586942546823179387915426192647538651378294234159867978264351,6,WWing
003000500040000008006000032000002050000000700009041000050006070070004083004708100,283469517147235968596817432418672359625983741739541826851396274972154683364728195,6,WWing
080000060610700003005640001007090200020000005060401900000000392000973000400000000,784132569612759843395648721147895236928367415563421978876514392251973684439286157,6,WWing
870500000900081030052000070000006500030000000000358000460000000000090006100002709,871523694946781235352964178297146583538279461614358927469817352723495816185632749,6,WWing
907200000008000006340000001000700104400002600080409030012908003800500000000071000,957216348128354976346897251693785124475132689281469735712948563869523417534671892,6,WWing
006028000219003600000000300007000460402900000800042000080000090000100007600300000,536428971219573648748691325197835462452916783863742519384257196925164837671389254,6,WWing
010070000027000493908000070084005000000000001390208000070053089000901004009000300,416379258527816493938542176784135962265794831391268547172453689653981724849627315,6,WWing
038090700506300400009000061005003000000007010700006204000070006002060800900000005,138694752576321498249758361815243679624987513793516284381475926452169837967832145,6,WWing
000470000000056004090000600028060050010000300705008040100000070060005009009100003,256473891381956724497821635928364157614597382735218946142639578863745219579182463,6,SimpleColouring
000036900030400000090100008000002006800000401900305200500200000000000804070003000,184536972237498615695127348743812596852769431961345287519284763326971854478653129,6,WWing
000007100000940206006080000631000000500430009080000000040060020000503890003000700,294657183378941256156382947631295478527438619489176532845769321762513894913824765,6,WWing
050000000706510080000060300270004000060000700000080130005000090001800004000403000,852349617736512489419768325278134956163925748594687132645271893321896574987453261,6,WWing
003072406040600708007800020060300000038004001205000800000080000010000005026053000,183972456942635718657841329461398572738524691295716834574289163319467285826153947,6,WWing
305600000000024376004000002940050210000000097003000500000080020807040639030100040,325679481198524376674831952946758213251463897783912564469387125817245639532196748,6,WWing
000608003602300900007000200301000407070080000000000000000950700006070040010063090,459628173682317954137549268361295487274186539598734621843952716926871345715463892,6,WWing
020000600070800410000079000050040709300500200400000000005000080700030060000090305,528314697976852413143679528852146739391587246467923851235761984789435162614298375,6,WWing
004900106000500000000000930801000002530048000006001008000470201900020080005003000,354987126169532847728614935871369452532748619496251378683475291947126583215893764,6,WWing
802070604107080053409050000000400500000000106040003000000600390010008020020007001,852379614167284953439156782276491538398725146541863279784612395615938427923547861,6,SimpleColouring
005003090490020800600000000053000700700000015008004000020050001000190007000037000,875643192491725836632819574253961748749382615168574923927458361384196257516237489,6,SimpleColouring
000028700007050090000030051100600009000081000000007102045000000308004000090800060,519428736437156298826739451182645379973281645654397182745962813368514927291873564,6,SimpleColouring
000000001000005600006070020700020000800900005002063900019200706300000000000800500,487692351231485697956371824795128463863947215142563978519234786328756149674819532,6,WWing
506120900007008012000007300070000000060030498905200600009800000082006000000010000,546123987397648512128597364874961235261735498935284671619852743482376159753419826,6,SimpleColouring
080000015600005200700003000000100700050200600820007001068000070003600098000090000,382746915694815237715923864436189752157234689829567341968452173243671598571398426,6,WWing
000000930002008000009063008098700005450080002007400000100000800000607023000010059,816572934732948516549163278398721465451386792627495381165239847984657123273814659,6,WWing
020400600305012000600080100030008000400031900000900076000000000200050090009100540,128473659395612784674589132937268415456731928812945376543897261261354897789126543,6,WWing
300000000002009400900530800000054600060800090007900200070200140000601308000080900,315428769782169453946537812291354687463872591857916234678293145529641378134785926,6,WWing
020905070005600003000070000000000230000000001100037645040000080001094000093580004,328915476475628913916473852657149238234856791189237645542761389861394527793582164,6,WWing
070006509004000020009300100090008260307400000080600400008000000006590041500010000,872146539134985726659372184491758263367421958285639417918264375726593841543817692,6,WWing
000090270040000500702805009070060000051004028800900700060000000305000097097000604,518496273946327581732815469479268315651734928823951746164579832385642197297183654,6,SimpleColouring
030010700000000008009704020510006000000000050070400000060002801100807500000000300,235618749741529638689734125514276983926183457378495216467352891193847562852961374,6,WWing
100007000050000000000420006800000700200085064060300009700200030520003640003000910,146537298352698471978421356895146723237985164461372589714269835529813647683754912,6,WWing
700000200060501090000007560001784000000006702006000000800200004000405000900000010,745963281368521497192847563231784956489156732576392148853219674617435829924678315,6,Jellyfish
200047003030000000000005026070000080001080002300004000000502010040001000085003060,216947853537628194894315726479236581651789342328154679963572418742861935185493267,6,WWing
028704030000005200070000401030028500500300000802000100000009300000107000400060090,628714935341695287975283461137928546564371829892456173756849312289137654413562798,6,WWing
950310000000000000230705600000000008070000203000576000020030090800021005000800006,956312784718469352234785619641293578579148263382576941125634897867921435493857126,6,WWing
002610090000008600000050100200190008006000907900004000600520700000300010570000400,752613894193478625468952173247196358316285947985734261634521789829347516571869432,6,WWing
000062070000030800300000200004000500080070900000014002203005007000100004057000000,815962473492731865376458219724896531581273946639514782243685197968127354157349628,6,WWing
003075000400010790000000205050002901900500647610900020500104070700600402001000000,893275164425316798176849235357462981982531647614987523568124379739658412241793856,6,WWing
006050000000700000103002900000060020000340760008007405700001300060000280090004000,876953142429716538153482976947165823512348769638297415785621394364579281291834657,6,WWing
002000080010768052008400010500009726800000004070000090100050003000004900300602008,642195387913768452758423619531849726829576134476231895184957263265384971397612548,6,WWing
320000080000000200009800140900160704000003000600400030290050008500017000006004005,325741689841639257769825143953168724412573896678492531297356418584917362136284975,6,WWing
000000000007140060000030790002060008089020070050000300008470900000613000006002040,163957284927148563845236791372569418489321675651784329218475936794613852536892147,6,SimpleColouring
090083000008000502075000030000000900000039204020007010000040000130000008000001076,296583741318974562475126839643812957751639284829457613967348125132765498584291376,6,WWing
001400000000001200420650900009000100000004006600200430000005000900010000564008000,351492768796831254428657913849563127235174896617289435172345689983716542564928371,6,WWing
008005001205000000060000070000006900350701000046009080000500000030600005080300040,478965231295173864163842579812436957359781426746259183627514398934628715581397642,6,SimpleColouring
800000000000205840010000700009600005026509300007020000000900000000000230002037501,894763152763215849215498763389671425426589317157324986531942678978156234642837591,6,WWing
700029000460700802001000600000000020010000509058031004030090006000560200000000040,783629415469715832521348697947856321316274589258931764832497156194563278675182943,6,SimpleColouring
000000004016000200008600000004850070500904008030000900900473000020000000000500700,359217864416385297278649531194852376567934128832761945981473652725196483643528719,6,WWing
000000510020050060000408200000003000007800600460020000902040300000100000050072800,749236518328751964516498237891563742237814659465927183982645371673189425154372896,6,SimpleColouring
630000050081000002090006000003980000005402170000000000000060210400007060000100049,634218957581749632297356481743981526965432178128675394379864215412597863856123749,6,WWing
074030809020409000000082040603000000008060100000000970006800000000000007000050304,174536829825419763369782541693127458748965132512348976936874215451293687287651394,6,WWing
003950004019000005060030000007092030200000000006503000000109048600020000005040702,723951684419286375568437219857692431231874956946513827372169548684725193195348762,6,WWing
040700095000004603000090400000010000000600008705480000012376080000800000003000906,241763895897524613356198427468917352129635748735482169912376584674859231583241976,6,SimpleColouring
000236010000000000560004800005400900000060020410970063009300000000605400850000000,984236715271859346563714892635421978798563124412978563149382657327695481856147239,6,SimpleColouring
040000000000009600000520010000060009058300700000900100005200000081003562006001004,142638957573149628869527413314765289958312746627984135435276891781493562296851374,6,WWing
001000004020015008000048000060007100000030000400000702000860070050000093010903000,681729354724315968539648217368297145172534689495186732943862571256471893817953426,6,WWing
000000000000005006090063504002000000060010008801950003006070200500090000004600300,615749832483125976297863514752438169369217458841956723936574281528391647174682395,6,WWing
000060002450000806000001040502010000070002081006900200080027400003005000060100000,938764512451239876627581943542816397379452681816973254185327469793645128264198735,6,SimpleColouring
007039005800600010200080300301000080920050000000040900500060003000590001000003400,167239845834675219259184376341926587926857134785341962518462793473598621692713458,6,WWing
810600400004090000050004200000200010901006000730000500000020009002009830098143000,819672453274395681653814297485237916921456378736981524367528149142769835598143762,6,SimpleColouring
080904007000300042100000060308507000000000000407890020240030000000700000006400800,682914537579386142134275968368527491921643785457891326245138679813769254796452813,6,WWing
002000308000400000500000641100206000090031002003004000800090053904005000000002006,642519378317468529589723641178256934495831762263974185826197453934685217751342896,6,SimpleColouring
060750000900020800702003060086004730007230000000000500004300080000001200000002693,168759342943126875752843961286514739597238416431967528624395187379681254815472693,6,SimpleColouring
000000160000000095008190203000706002000085637000009000500070000376000050010600700,934527168127368495658194273485736912291485637763219584549871326376942851812653749,6,SimpleColouring
700000000086200040004073020020540006030000000000000078090700200000300600000095380,752984163386251749914673825128547936537869412649132578893716254475328691261495387,6,SimpleColouring
600000900940002050001000704000300000070000831000095007026100003000500000800007000,638754912947612358251983764482371695579426831163895427726149583314568279895237146,6,SimpleColouring
000000700730060002061009000070090405314000000000003000400000020000041007029008004,945312786738564912261789543872196435314857269596423178487935621653241897129678354,6,SimpleColouring
008070001040005200006090008004200016900010400080000070010004000702003000000007000,598672341147835269236491758374258916925716483681349572819524637752163894463987125,6,SimpleColouring
020008009700006050060003000080020063430009200000000100900702000000401007000000030,324578619798216354165943782589127463431869275672354198913782546856431927247695831,6,SimpleColouring
010650000600840509007012800102000003000000680000020040900000000075006000040005078,418659237623847519597312864152468793734591682869723145981274356375986421246135978,6,SimpleColouring
050016020000000306200500000000001070000029610000680090040000000009250001170040200,758316924491872356263594187926431875584729613317685492842167539639258741175943268,6,SimpleColouring
000639007000501200100002004500000000806170500000200100001000000090800736600000020,452639817768541293139782654517498362826173549943265178371926485295814736684357921,6,SimpleColouring
070040000603000002590001000730009000002050010060000380400900000000500920000003700,271645893643798152598231674734819265982356417165472389426987531317564928859123746,6,SimpleColouring
000000700000094208000005010008000059300000070769000802007103000800002003502000000,426318795175694238983275416218467359354829671769531842697183524841752963532946187,6,SimpleColouring
005003000000020000030006420850000000009050000600801200008000300001600009020009010,285473196164928537937516428852364971419257683673891245798145362341682759526739814,6,SimpleColouring
000000260090008001050960008006000800000040020800016300460001000000700000900003074,784135269693428751251967438146372895375849126829516347467251983538794612912683574,6,SimpleColouring
700100060006700804000005709000000450000030000001600008500000340090400005080070001,729148563356792814814365729938217456645839172271654938562981347197423685483576291,6,SimpleColouring
000350000054009000000000020010002040003900800400008709000000000540001380900060400,281357964654829137397146528819572643763914852425638719176483295542791386938265471,6,SimpleColouring
000060720000002350600000000930500000007000000002013609300001400008700960040090003,153968724879142356624357198931576842467289531582413679395621487218734965746895213,6,SimpleColouring
050008070090020500000000800070005003300000000005103007060900048120000900000004005,652498371897321564431576829976245183318769452245183697563912748124857936789634215,6,SimpleColouring
068090003020000090079050200040900060800000007290000034007280009000004500000000021,568192473123847695479653218745938162831426957296715834657281349912374586384569721,6,SimpleColouring
054030007000408301680000000000006000027000810000020050500007000068004720000800000,154632987279458361683971542495186273327549816816723459541297638968314725732865194,6,SimpleColouring
907008006008900000024706000083007900049600007700000630000000000000010042000009100,917548326368921475524736891683257914149683257752194638431872569896315742275469183,6,SimpleColouring
650000001000008000039010040540000823006004050000800604007090000010280090200703000,652479381174538962839612745541967823786324159923851674467195238315286497298743516,6,SimpleColouring
000000030050982040006000000004000170100036098800100000700050020001000007060200003,428615739357982641916743285634598172172436598895127364743851926281369457569274813,6,SimpleColouring
000000940406002003000030000000709502002000000080500036230010009540000200010000005,823156947476892153195437628364789512752361894981524736237615489548973261619248375,6,SimpleColouring
205700030400060000000080000006001300000039000700002048500000060600197000004000073,285714639471963285369285417856471392142839756793652148527348961638197524914526873,6,SimpleColouring
001000700080007000200401000700000308090000000058106000030900802040078100000040050,361859724584327691279461583726594318193782465458136279637915842945278136812643957,6,SimpleColouring
061380090007010000009007400508000640030000009000768000000090010000000080804201000,461382795357419268289657431518923647736145829942768153675894312123576984894231576,6,SimpleColouring
000037000008000006000650400016090000500320000900004030000005000050000109041080002,465837291138942576729651483316598724574326918982174635293415867857263149641789352,6,SimpleColouring
000000009507000060000203000020040000005030001034708500803090000000000050650000003,362157489517489362498263175126945837785632941934718526873596214249371658651824793,6,SimpleColouring
000005000570130000080000900000000000700000008000019657000800000092004070001076004,146295783579138426283647915965783142714562398328419657437821569692354871851976234,6,SimpleColouring
000290030200005080700000002102049800000000046000000090003000004000508000600120000,816297435239415687745863912152649873978351246364782591583976124421538769697124358,6,SimpleColouring
000013054000005209903020081700290416000001873801030025080059140500100300002380000,278913654614875239953624781735298416429561873861437925386759142597142368142386597,6,SimpleColouring
600000300001008560000040000000000075020000000800209000040806027006000001080025006,692517384471398562358642719963481275524763198817259643145836927236974851789125436,6,SimpleColouring
006700008570000010400010000700450000060008020104000000007260304000530800203800005,316792548579384216428615739732456981965178423184923657857261394641539872293847165,6,SimpleColouring
068002300010083200300000070035020090000070060009530000070000801000100000006050000,468792315517683249392415678635821497821974563749536182274369851953148726186257934,6,SimpleColouring
900002060800700020020500000180007005004000000057389000040075003000003080001000006,975812364816734529423596817182467935394251678657389241248675193569143782731928456,6,SimpleColouring
008000200000300050100060007040000000320010000500400070000002306000008001001690400,658974213472381659193265847849756132327819564516423978785142396964538721231697485,6,SimpleColouring
000050000590000410048006030650000000080003090004700000100400007007000001000010050,371254689596378412248196735653941278782563194914782563165439827837625941429817356,6,SimpleColouring
100006002000000600800100307040309000000000000001607008057030140003001009008700500,134976852579823614862145397745389261386412975291657438957238146423561789618794523,6,SimpleColouring
203040000006005200400700000000009075000002100000860030070008001842000006000000050,283946517796185243415723869328419675967352184154867932579638421842571396631294758,6,SimpleColouring
000000004001602730056000080002085070000270000040000850000120000600008900719000000,973851624481692735256437189192385476568274391347916852834129567625748913719563248,6,SimpleColouring
000007400700020000051409700209145007000802000000970120080650000002004060006090043,928317456743526918651489732239145687417862395865973124384651279592734861176298543,6,SimpleColouring
050000000003060080000200493300100800060080000000005000000070060140000000930002001,859413627423769185671258493394127856765984312218635749582371964147596238936842571,6,SimpleColouring
006030741000100000080060030020000060007000009340900000430005200900840600001000000,596238741273154986184769532829471365617583429345926178438615297952847613761392854,6,SimpleColouring
706500000020000001030080600970040000005006000600300972000001200090400010000060090,746513829829674351531289647973142568285796134614358972467931285398425716152867493,6,SimpleColouring
040600039209004005000032070000100300008000026000260000400850000602000050000000480,741685239239714865865932174526179348178543926394268517413857692682491753957326481,6,SimpleColouring
970000000003000607500000000000704000000109054008065073280007000040800000001000960,974326581823951647516478329152734896367189254498265173289617435645893712731542968,6,SimpleColouring
070006201000500400100000000010270900050600780702900000400765128027180040580002090,975846231238591476146327859814273965359614782762958314493765128627189543581432697,6,SimpleColouring
200050000060000004040006900050869100870000260000007000009000003004200090020070006,293458671168792354547316982452869137871543269936127548719685423684231795325974816,6,SimpleColouring
970001080000000003083000001000600010020000040007549000000800350006090070800450006,974361285215984763683725491348672519529138647167549832792816354456293178831457926,6,SimpleColouring
020000000000070000407900050900560300060000002710020600090000000003050108106092005,629145873851273964437986251982564317364719582715328649598431726243657198176892435,6,SimpleColouring
060000790000930100970002000400000010000000050000046002020060003000085000650120080,263814795845937126971652438432578619786291354519346872128769543397485261654123987,6,SimpleColouring
009000800030040519002080004000013000000007020806000000200000350063720000080004006,459371862738246519612589734524913687391867425876452193247698351163725948985134276,6,SimpleColouring
300004200009000010600082050070005000800070000005496000200008400006000900000000502,358164279429537816617982354972815643864273195135496728293758461546321987781649532,6,SimpleColouring
000003000096042500000860100000000000020900001050004826012059600003600200805000000,581793462396142587274865193638521749427986351159374826712459638943618275865237914,6,SimpleColouring
040000000000031002008020075000900067620000000000410050093060000082007003000009000,247598136956731842138624975814952367625873419379416258493265781582147693761389524,6,SimpleColouring
050430009040860000900000080000700001000042007200000300003107000005000008009003600,856431279742869153931275486394756821518342967267918345683127594125694738479583612,6,SimpleColouring
160097200904000000020010009500900806001000027002700050003100000470005100000089700,165397248934268571728514369547923816391856427682741953853172694479635182216489735,6,SimpleColouring
000009060300500004096020100000000020640700900010300000000400802060007000005008003,257149368381576294496823157973681425648752931512394786139465872864237519725918643,6,SimpleColouring
000005678008070005000600030007000004950000001030500080240000100080090000005002009,312945678698273415574618932827361594956784321431529786249857163183496257765132849,6,SimpleColouring
008000000050462890090508040001800600900000008000095470809600007700200180400087900,648971235357462891192538746571843629934726518286195473829614357763259184415387962,6,SimpleColouring
207001000050080207640000000000010000009602000000000350386090000000500003015700900,297451836153986247648237591824315679539672184761849352386194725972568413415723968,6,SimpleColouring
005600490403019000060058070000300010700060009030597006040030600090100000000004030,815673492473219865962458173659342718724861359138597246241935687397186524586724931,6,SimpleColouring
000904000904010060000003000009170400060409500001000002005030020020500600080600001,832964175974215863516783249259178436368429517741356982695831724123547698487692351,6,SimpleColouring
090400000010029708037000090003740510000803027000000040100000060002010000048000105,896437251514629738237185694983742516461853927725961843159378462672514389348296175,6,SimpleColouring
000007129000900008000020700890504000043200000510068400009000080100049506005600071,364857129257913648981426753896574312743291865512368497679135284128749536435682971,6,SimpleColouring
000370400237001000100900000020500107000000060800006050700200930980100000300008002,698375421237641895145982673426539187519827364873416259751264938982153746364798512,6,SimpleColouring
040050200000802000030070050860500010109000000000140700600000001005200609002000500,948351267751862934236479158864597312179623845523148796687935421315284679492716583,6,SimpleColouring
569030040004000009007500600000105000003000020000900000090000800046890570835006400,569238147384671259217549638978125364653487921421963785792354816146892573835716492,6,SimpleColouring
502809400003620089007040060271083000304000000080400020609000070000000000025090001,562839417143627589897541362271983645354162798986475123619358274738214956425796831,6,SimpleColouring
002000070090007001700629400040000005003000600629105704000470500000208009010000040,482513976596847231731629458847962315153784692629135784968471523374258169215396847,6,SimpleColouring
000230400920000008000600900008004070000090050040000003780005020010300000200000700,851239467926147538437658912398514276672893154145726893789465321514372689263981745,6,SimpleColouring
050030040000001006108060000000009061000200000702800005800300509903000400007000000,256938147439571826178462953385749261691253784742816395864327519913685472527194638,6,SimpleColouring
190000008050000002782006300000200100000030520900400800200510000070304010001090400,193725648654183792782946351368259174417638529925471836246517983879364215531892467,6,SimpleColouring
000009007006800009000060300000608003360900040402000050009000070000704100004085090,813529467746831529295467381957648213361952748482173956539216874628794135174385692,6,SimpleColouring
000002089000600040001030000008003060430800000100005070060004020210000008800207500,673542189582691347941738652758123964436879215129465873365984721217356498894217536,6,SimpleColouring
103004800040009070080000006900026000008040300000700000054800000006050010000000490,173264859642589173589317246937126584218945367465738921754891632396452718821673495,6,SimpleColouring
400000502070900040231008000008000007040580009657003000000000078090700400060000020,489671532576932841231458796918264357342587169657193284125349678893726415764815923,6,SimpleColouring
002000740600700000810000000008006059000025600050007408904002007200000800070009004,532918746649753182817264935728146359493825671156397428984632517265471893371589264,6,SimpleColouring
005000007600500020008039040109800000080000000030176000060000900001080005000200001,345628197697541328218739546179853264586492713432176859864315972721984635953267481,6,SimpleColouring
090600004008001500400900608009007005000020760750000020300000000000200083005084000,592638174638741592417952638129867345843529761756413829384196257961275483275384916,6,SimpleColouring
040700600000900002000040030009020000004078100800000003680000051000065070100004900,245783619738916542916542837569321784324678195871459263683297451492165378157834926,6,SimpleColouring
000020900018000000900007008005206040000040806000030090700300000082000703000008601,576823914218694375943157268395286147127945836864731592751362489682419753439578621,6,SimpleColouring
800300107903800000010000000000091040040020098020400005007030000500007060000008002,864359127973812654215674839358791246146523798729486315697235481582147963431968572,6,SimpleColouring
400508100000000007080000502000007004901085000300010000000000000100060003802090700,423578169519326487687941532258637914941285376376419258734852691195764823862193745,6,SimpleColouring
504900600928000000001080040007100400000008500002039006703000200090007080006250001,534971628928346157671582943867125439349768512152439876713894265295617384486253791,6,SimpleColouring
000802000300600000400003087006059020000000000104087050901000400000000098082000035,517892643328674519469513287876459321295361874134287956951738462643125798782946135,6,SimpleColouring
900000000000060500845103900509002000078400003010000700001000400000210060000500008,963754812127968534845123976539872641678491253412635789251386497784219365396547128,6,SimpleColouring
304090800090401300010000407000000084900018000005006070000000048100500930003080702,374295861698471325512863497731952684946718253825346179269137548187524936453689712,6,SimpleColouring
005370910003050020000400000000060050000001007081500000058200300300090500002000074,245376918873159426169428735924763851536981247781542693458217369317694582692835174,6,SimpleColouring
000008100800600000530040000001037006090006050200900340000000800000000572980005003,629578134814693725537142698451237986793486251268951347175324869346819572982765413,6,SimpleColouring
006002790028047560000000000000000080500084000700900400009000000150300008000060002,316852794928147563475693821294536187561784239783921456649218375152379648837465912,6,SimpleColouring
900005000001300000503000046070004100000000500400030000014028005000500063002090000,967485321841362957523917846276854139139276584485139672314628795798541263652793418,6,SimpleColouring
005807400039000000804023500200000900408009007903068005001000000080050103000000020,125897436639145872874623519267534981458219367913768245341972658782456193596381724,6,SimpleColouring
000000007902000830574080001000002003000840619406900000750000004000007200000100000,863219547912574836574683921195762483327845619486931752759328164631457298248196375,6,SimpleColouring
000094705000635000600170400500010000000400100086007000000000040219003006067001530,321894765748635219695172483574319628932468157186257394853726941219543876467981532,6,SimpleColouring
604000207007000100000002009009000000080130000001200706000080460300000000190500300,654918237927653148813472659269847513785136924431295786572389461346721895198564372,6,SimpleColouring
078000530090520010000000006630050070007096000080000000804070290020300008300900000,178649532496523817253718946632851479547296381981437625864175293729364158315982764,6,SimpleColouring
007906005080100007106000000000000000030700810020000479000009500004001000000300026,347926185582134967196587234718492653439765812625813479863279541274651398951348726,6,SimpleColouring
063500098000900300800006001000080207008190430000003000006005080000000002130000900,463521798512978364879436521391684257258197436647253819926745183785319642134862975,6,SimpleColouring
000000180310700004000000030080090502421060000900004000630040007072800050000000000,567423189319785264248916735786391542421568973953274618635142897172839456894657321,6,SimpleColouring
400000001270900000000000500000600094108002000000000800000700600000204709005009030,456328971271956483389147526537681294198472365624593817912735648863214759745869132,6,SimpleColouring
208700000000004060000100003000300072007001040604000000000003090506080400001420007,268739154173854269459162783815346972327591846694278315742613598536987421981425637,6,SimpleColouring
000600078060000400903018000700060000601059800020000500000001000008070203000200004,154623978862597431973418652785162349641359827329784516236841795418975263597236184,6,SimpleColouring
000092000300004100000000847050001006070000000400500003006010008900006000700930001,847192365365784192192653847259371486673248519418569273526417938931826754784935621,6,SimpleColouring
402000300780000026000040950004200000196080000000000040000600000900005000321004500,452968317789531426613742958834257691196483275275196843548619732967325184321874569,6,SimpleColouring
000000029070000000000198500520070901800003000000000005000430000005201803406009000,158347629379526418642198537523674981817953264964812375281435796795261843436789152,6,SimpleColouring
700000480003001000508309210000000002000932005050400900079108000600700050000000708,791265483423871596568349217946517832817932645352486971279158364684723159135694728,6,SimpleColouring
063000028000087060800600903000003001080000000004520090905200000000008070670000002,463159728592387164817642953756893241289714635134526897945271386321468579678935412,6,SimpleColouring
600007008000000600000960000000000000208615400745008000007000506030000080801050023,653127948974583612182964375316742859298615437745398261427831596539276184861459723,6,SimpleColouring
000000004001080600050003080006000040000509000000860350405000009000030002270001000,382675194791284635654193287526317948813549726947862351435726819169438572278951463,6,SimpleColouring
090000300020090068506000900000006010005000024079200000008504000700301000300000000,897165342124793568536842971283456719615937824479218653968524137752381496341679285,6,SimpleColouring
001040000354800200790603000020001680000000190080000007006030700900450000500080001,261745938354819276798623415427591683635278194189364527846132759913457862572986341,6,SimpleColouring
600000003002050400300060289800602100000000640000000002520093000090000010006500000,614829753982357461357164289845632197273915648169748532521493876498276315736581924,6,SimpleColouring
700000600063009150000500000500004090000000502032010006009037200046800000000090060,785143629463729158921586437517264893694378512832915746159637284346852971278491365,6,SimpleColouring
800000600000005000009020580004000060010000700000306090003904250200030076000080004,851493627762815439439627581324179865916258743587346192173964258248531976695782314,6,SimpleColouring
078000000060700080300480006006000003020507000100003207000805000009000000537001900,278156439461739582395482716756248193923517864184963257642895371819374625537621948,6,SimpleColouring
590000006008050700300080001050200000280060010900000000100009300020106005800042009,597321486618954732342687591751293648284765913936418257165879324429136875873542169,6,SimpleColouring
100000800300060000000420500060270000003180907079000000006000359000300070000050048,194735862325968714687421593861279435453186927279543681746812359518394276932657148,6,SimpleColouring
092000607000600000308009000000010580009006000150840000000100708200000130003000000,592381647471625893368479215634917582829536471157842369946153728285794136713268954,6,SimpleColouring
601004900020003070800000001704006003000000000500091006000908600100000087000300010,671284935925163478843759261714526893269837154538491726357918642192645387486372519,6,SimpleColouring
000820061006004200020070500003000000009250007002308095000400000304709052095000400,457823961936514278821976543583697124649251387172348695268435719314769852795182436,6,Jellyfish
500000007000000806200100900009000300000050001030007080004800700900000600080610005,563928147491573826278146953759281364846359271132467589614895732925734618387612495,6,SimpleColouring
308200000000900000901007006700820000042000830800005090009000650000102070070000302,368251749457986123921347586795823461142679835836415297219734658583162974674598312,6,SimpleColouring
000032809006800300003005001904000006008050040062000100400293600720000000030400000,147632859256819374893745261974128536318956742562374198485293617729561483631487925,6,SimpleColouring
500710060700006000000080000000070200020000691819000000002009400068000009000060500,584712963731496825296385147645971238327548691819623754152839476468257319973164582,6,SimpleColouring
091040006000000000000706005000008002060000501300005070700100000054069000000070830,591843726627951483483726195175498362968237541342615978739182654854369217216574839,6,SimpleColouring
000002010100690200087000000806200000720301800004000000500070020000000064400800300,649782513153694287287135649896257431725341896314968752531476928978523164462819375,6,SimpleColouring
062000109080590006030002000006050470000000800700000000000070600000019002100605030,562738149487591326931462587826953471319247865754186293295374618643819752178625934,6,SimpleColouring
001093028209407500000020970900040800070002050005600700500016007007054090430000100,741593628289467531356128974963745812174982356825631749592316487617854293438279165,6,SimpleColouring
007080503260000000000000000004300052000050400003007000075000609090040007000030200,417286593268593174539174826984361752726958431153427968375812649892645317641739285,6,SimpleColouring
006900000000000162005000908003800600060000207000390004000031000090005000058600070,246918753987543162135267948413872695869154237572396814624731589791485326358629471,6,SimpleColouring
807094005004002607600100000700208000000019000009045006506007840000000050028000000,817694325394582617652173498745268139263719584189345276536927841471836952928451763,6,SimpleColouring
009000850000198070800006009000300001000045007250600008480960210000020000502003000,169734852325198674874256139948372561631845927257619348483967215796521483512483796,6,SimpleColouring
000650090000001700500090008050200810000360000090008000009002000301500007820000100,248657391936821754517493268753249816182365479694718532479132685361584927825976143,6,SimpleColouring
053001009800003002000820003980102000020000590300050028000007000691000007000069030,253671489864593712719824653985142376126738594347956128438217965691385247572469831,6,SimpleColouring
000000670701309000000010030500000924029060000000004000010000000000020003038100205,394852671761349852852617439586731924429568317173294568215483796647925183938176245,6,SimpleColouring
980070002004190780003260040000006400846000000300001850000004008010680074400300160,981475632264193785753268941175826493846539217392741856637914528519682374428357169,6,SimpleColouring
700058406000904000002000003080006000204090080005100004900500710500060008000000000,713258496856934127492617853189476235274395681635182974968543712521769348347821569,6,SimpleColouring
010803045750900060000005000100200300200100000065000080070000016500020000000070030,912863745754912863638745921187256394249138657365497182473589216596321478821674539,6,SimpleColouring
000000007000000430000301082080200000067000040410000520004170900000002000000680003,638425197192867435745391682583249761267518349419736528824173956376952814951684273,6,SimpleColouring
000506039000002500600003700030000040107000090040607000358900006009001000070000000,814576239793142568625893714536219847187435692942687351358924176269751483471368925,6,SimpleColouring
000030100680020040013000008070100460000009002200040091107004250096005000000000000,524938176689721345713456928975182463341679582268543791137864259496215837852397614,6,SimpleColouring
000098700310004200000000040400500000005006000100080000070305084080042001040000670,654298713318674259729153846467521398895436127132987465271365984986742531543819672,6,SimpleColouring
020000050001000426009008300300000060007800102060200070800705000000410000000600000,723164958581379426649528317312957864457836192968241573836795241275413689194682735,6,SimpleColouring
600800000000000450403000060000730100250010003000962000008000070060509010010000030,675894321189623457423157968946735182257418693831962745598341276362579814714286539,6,SimpleColouring
090030100005900000003064005400000009500097030000105060700800956020000000001306000,697538142245971683183264795412683579568497231379125468734812956826759314951346827,6,SimpleColouring
052008000100070395000060000007900003000621700006080051820000006000030000305000080,952318674168274395734569128217945863583621749496783251821457936649832517375196482,6,SimpleColouring
008091004002803000000000050000070460930500001006000500100009000050700009000000038,568291374742853916391647852215978463937564281486132597174389625853726149629415738,6,SimpleColouring
901207000600004000004030000000020904000905010300000800090800005865070000700400060,981267543637594182524138679178623954246985317359741826492816735865372491713459268,6,SimpleColouring
079600410016030009000000060000000040050207006200500070900000000160000095000008001,379652418816734259524819367697381542453297186281546973938165724162473895745928631,6,SimpleColouring
073200800406000500850000042068000000000072050007090000340001070000500320700023001,973254816426718539851369742268435197194872653537196284342681975619547328785923461,6,SimpleColouring
003000570000002000000300049031000600090061003050000780009030008200900050000700000,163849572974152836528376149431287695897561423652493781749635218286914357315728964,6,SimpleColouring
050008700000060540062400008100080360003000000004500090000050010500100003000206004,451398726839762541762415938175984362293671485684523197346857219528149673917236854,6,SimpleColouring
000000300000085000060940080007500104031000000080020000400001200002057001005000000,258716349749385612163942587627598134531674928984123756476831295392457861815269473,6,SimpleColouring
704000030050000000002100000800050020003602008000048000500006200370080041200400059,784569132156823794932174865897351426413692578625748913541936287379285641268417359,6,SimpleColouring
040000090000301700600005023200700610005009004800000200000000001480000900513020000,348672195952341786671895423294753618165289374837164259729438561486517932513926847,6,SimpleColouring
002300010605000200100050006020009130000004000540017900000800000000900501310000070,472396815635148297189752346726589134891634752543217968957861423264973581318425679,6,SimpleColouring
040000030000005010000137600003000420004520000010400080309000000007000960000306007,741962538936845712258137694573618429894523176612479385369784251487251963125396847,6,SimpleColouring
950030400026094705704500980000009800000203000005400001500000300092040000403001560,958637412126894735734512986247169853819253647365478291571986324692345178483721569,6,SimpleColouring
820007000010680007007000900091005078405370000700019600000000706048000100000001034,824597361913682547657143982391265478465378219782419653139854726248736195576921834,6,SimpleColouring
000000450901400700800000069640700900000009046100000000080000005307900000200601000,762398451951462783834517269648735912573129846129846537486273195317954628295681374,6,SimpleColouring
070000030600200001008010900000590048030008000000062500009000120510006000200900000,971854632653279481428613975162597348735148269894362517349785126517426893286931754,6,SimpleColouring
000410600000000510000000030830000000172800000500002000900058160000700200060003050,753419682429386517618527439836174925172895346594632871947258163385761294261943758,6,SimpleColouring
030040105000608000000000300008067004200010000000900051870400500103000400000091007,936742185451638792782159346518267934294513678367984251879426513123875469645391827,6,SimpleColouring
650009000002000001008000002805030600000000090140060000000180700500000000020000053,657219438432578961918346572895432617276851394143967285364185729589723146721694853,6,SimpleColouring
002500000450200700800001300600000583000740010000003002009087250000100006000000000,932578164451236798867491325674912583283745619195863472349687251728154936516329847,6,SimpleColouring
090000020800205791000700400002509000000040010476010900300050000007003068000400070,791834526834265791625791483182579634953642817476318952368157249547923168219486375,6,SimpleColouring
800070000306081000090203007005009006900000030000000500001600009007800002000100360,852476913376981245194253687715349826968512734423768591281635479637894152549127368,6,SimpleColouring
800003010010000020009080050001020000000005900026890700000037000004000190050400000,847253619615749823239681457791326584483175962526894731168937245374562198952418376,6,SimpleColouring
003000406600005780020090300310002000000060000009830005000500000000006000006207930,593178426641325789728694351317452698285769143469831275974513862832946517156287934,6,SimpleColouring
006000000040078906100402000001003070080000004200010008009005000000090030500200080,726359841345178926198462753461983572983527164257614398639845217812796435574231689,6,SimpleColouring
500200309002080700000705600690021000070040802000800060203107500050030100009050200,587264319162389745934715628698521473371946852425873961243197586856432197719658234,6,SimpleColouring
002907000070008069000600010018000590000010000004005002000000900500040000087001050,162937845473158269859624713618273594725419638934865172341586927596742381287391456,6,SimpleColouring
040012005000907040370000002900100300016000009407500010000009064000005000020000000,849612735562937841371458692958124376216783459437596218183279564794865123625341987,6,SimpleColouring
200003090090005000350000004000010045000509006003400080400000600007094000900652010,286743591794125863351986724679218345842539176513467982425871639167394258938652417,6,SimpleColouring
004910007507000023900507406800190050000006000000800300009000002280000000000054800,634912587517648923928537416876193254395426178142875369459781632281369745763254891,6,SimpleColouring
000003800020001500000080210070020000000908005860000002234090000050000470000300000,197253846628471539543689217379526184412938765865714392234197658951862473786345921,6,SimpleColouring
100200006380006005000080300090000100001800000060400700050061090000709000200000070,175234986384976215926185347492657138731892564568413729857361492643729851219548673,6,SimpleColouring
000408900080052000030100052040300070900800000000090005001500600007000010090004000,572438961189652743634179852248365179915847236763291485421583697857926314396714528,6,SimpleColouring
029000700010006030730000000900060002104009070800700100200000003000040506006000080,629318754415976238738452691973561842164289375852734169287695413391847526546123987,6,SimpleColouring
500304090000080000306007104018070400900008700060039000800060050050003001109800600,527314896491286573386597124218675439943128765765439218874961352652743981139852647,6,SimpleColouring
000084600610003900000700050072060480004000000390000000000670500000300024000002090,235984617617523948948716352572169483864235179391847265429678531756391824183452796,6,SimpleColouring
200070000007000061049200000900000040000054300600700000502900000000800630000001005,256173489387549261149286573925318746718654392634792158562937814491825637873461925,6,SimpleColouring
054200908600800700020001040030000680000608050000090007080003000001700005040000800,754236918619854732823971546935127684172648359468395127587463291391782465246519873,6,SimpleColouring
070005020012709400609400700201508064000904500000001000100000007008000040003057001,374685129512739486689412735231578964867924513945361278196243857758196342423857691,6,SimpleColouring
008050140502001600000608020160000700005002000000060009400000276700040000000800000,678259143592431687314678925169584732835792461247163859483915276721346598956827314,6,SimpleColouring
000002000000000019800594000000480007072053090900020300720008006310070200000046000,497162583265837419831594672653489127172653894948721365724318956316975248589246731,6,SimpleColouring
090030004005060800730100000000000040100000390000027001003004508040900006007500000,698732154215469873734158962376891245182645397459327681963274518541983726827516439,6,SimpleColouring
062000000000201506830060040090008005000000429200400600980510062300790800000800050,562374198749281536831965247496128375158637429273459681984513762325796814617842953,6,SimpleColouring
000000000014060085000003140030500090000600804002100000020010903950008060060020000,385471629714269385296853147631584792579632814842197536428716953957348261163925478,6,SimpleColouring
004000200000070009905000607010000000000504000000006702000048060020030400603000800,734169258162875349985423617316792584297584136458316792571248963829631475643957821,6,SimpleColouring
000004020010000098000050400800210060900000000000540000095078000000000001200030580,386194725514762398729853416853217964942386157671549832195678243438925671267431589,6,SimpleColouring
067900000080706090049000070000000805050840610010502000004008000000000569100600004,367924158581736492249185376476391825952847613813562947694258731728413569135679284,6,SimpleColouring
800020700075008000600070090003000057000060000200080600020000900400000510001034080,814329765975618342632475198163942857758163429249587631326851974487296513591734286,6,SimpleColouring
900720006000009800000000045000070000050900300002006010001030602207065000000000000,985724136143659827726183945319578264654912378872346519591437682237865491468291753,6,SimpleColouring
840500030200100007000037400020008943080010500900200700008000370600001294090000060,847526139253149687169837452521768943784913526936254718418692375675381294392475861,6,SimpleColouring
050900020100030006000000000300010500006007300780090000000003010030008402002060050,853976124127435986964821735349612578216587349785394261598243617631758492472169853,6,SimpleColouring
000200080000300905006700300400000060030009000005400009009003708080540000020001000,913254687874316925256798341492875163738169452165432879549623718381547296627981534,6,SimpleColouring
008700510000063002000180000540001300000407200309000000060000004800350060000000005,698742513751963482234185697542891376186437259379526148965218734827354961413679825,6,SimpleColouring
000600000000400250190070000000700360000500000065210700000004000900108020020050038,547632891386491257192875643218749365739586412465213789851324976973168524624957138,6,SimpleColouring
600500010180000000004600000200806340000000001709001005000420850000000003002098000,693587412187342596524619738215876349836954271749231685961423857478165923352798164,6,SimpleColouring
000791000095000000200000000080003079000500800600007040809400003000300200072000008,468791325795832614231645987184263579927514836653987142819426753546378291372159468,6,SimpleColouring
067200400080000007000000000000002000040063078900700503000500109302040000090000000,167238495489615327253497681738152964541963278926784513874526139312849756695371842,6,SimpleColouring
050000060800900300067000002500060004016800000070200080000000020900008605002790800,159342768824976351367581942598167234216834597473259186785613429931428675642795813,6,SimpleColouring
187030000000000300345928070856007000000000008003000560904302000008074900060800040,187436295692751384345928671856247139719563428423189567974312856538674912261895743,6,SimpleColouring
406003170000001000007050009001040000925000000000308000000000085000080327002006000,456923178298671453317854269831542796925167834674398512743219685169485327582736941,6,SimpleColouring
002009030090000054010000000807000509000060000040078300009007000600023000035400027,582649731396781254714235986867312549253964178941578362429857613678123495135496827,6,SimpleColouring
500000000600102000003000950070006809000090000180000003020300060001700000300040000,542973186698152437713684952275436819436891275189527643924315768851769324367248591,6,SimpleColouring
000003900063005400000010003040007000000080000690400580009200104000050002010940600,784623951163795428925814763248567319537189246691432587859276134476351892312948675,6,SimpleColouring
085060000000000080901700504007000000002610047000000312400009050009000000006507100,385964271274351689961782534147293865532618947698475312413829756759136428826547193,6,SimpleColouring
000009000090064803600200070005091604000000000420000100300708500002000000540002009,831579246297164853654283971785391624916427385423856197369748512172935468548612739,6,SimpleColouring
800200007070009006231700000000300090097050002300080001020000109000403000004000700,869241357475839216231765984148327695697154832352986471523678149716493528984512763,6,SimpleColouring
000009300000050001730010200204070003103000602000002070000000009005031400907500000,521769384498253761736418295284176953173895642659342178342687519865931427917524836,6,SimpleColouring
090000501502090040830500600260010350000000016400650000000700105040205900700960008,694382571572196843831574692269817354385429716417653289926748135148235967753961428,6,SimpleColouring
240690100900074000000010009000009670100300000000006304020700506801000020706000008,245698137913274865687513249432859671168347952579126384324781596891465723756932418,6,SimpleColouring
600000000830410070100700005000500080002007090749800000000150064000006500000000900,627985143835412679194763825361549782582637491749821356973158264418296537256374918,6,SimpleColouring
030000045000065002008400100450070030009010007007500069910700020200800000000001000,632187945741965382598432176456279831329618457187543269913754628274896513865321794,6,SimpleColouring
109002008064090050800040000097030800600000100001427900310000007000050010006203080,159672438264398751873541692497136825632985174581427963315869247928754316746213589,6,SimpleColouring
700592000080000000000000013800001000090070060040300500407008001910000030008000402,731592846689143275524786913875461329293875164146329587457238691912654738368917452,6,SimpleColouring
000800010070000050590270000000008407000002100003400000300000008009051000004700200,236845719478139652591276843962518437745392186183467925317924568829651374654783291,6,SimpleColouring
700902005040000000008036470500000009069200000400001000000009000000800052902004060,716942835345718296298536471571483629869275314423691587657329148134867952982154763,6,SimpleColouring
900000400000600020203005000056090000800000009004060300080740200000000030300200670,965127483418639527273485916156392748832574169794861352681743295527916834349258671,6,SimpleColouring
000000009007109450000020800000200000790000000014070200200401900049060000000000703,421685379687139452935724816568243197792518634314976285273451968849367521156892743,6,SimpleColouring
000004000000200400091000300900800020003090006070405001000000109000063000020500060,852314697367259418491678352915836724243197586678425931536782149184963275729541863,6,SimpleColouring
395000000008000040002809300040000615007105008020000007050407800000000102000206070,395624781768351249412879356849732615637145928521968437256417893974583162183296574,6,SimpleColouring
070000008003400950010000400900042070000700096020068000006000000000023005040000020,479256318683471952512839467965342871834715296127968534256194783798623145341587629,6,SimpleColouring
070600080509003000180070904750040320000000000000300401300010070000900008040000000,472691583569483712183572964751849326934126857826357491398214675617935248245768139,6,SimpleColouring
000000009050030080000009006002081000360700000008400700020004801501900030007010905,736845219259136487814279356472681593365792148198453762923564871581927634647318925,6,SimpleColouring
000100006060800130009060800030040000507000308020090060005000000208000750040070000,382157496764829135159463872836745921597612348421398567975284613218936754643571289,6,SimpleColouring
030000700905087240700400009000000000003100000006000194050809020008040003000250970,432961785965387241781425639149678352523194867876532194357819426298746513614253978,6,SimpleColouring
010007006037090000604100790056000900000000021090000053003020504000008160000970030,519247386837596412624183795356812947748359621192764853983621574275438169461975238,6,SimpleColouring
820704000000009003000250800000640070700005200040890600070000040210000500400000010,829734156657189423134256897381642975796315284542897631978561342213478569465923718,6,SimpleColouring
020350007000000840000000092007500000100000059500610000009084006000903785080060010,924358167675291843318476592897542631146837259532619478759184326461923785283765914,6,SimpleColouring
000080001600100900030054800007500000900600308040002000100000002060000010000000570,594786231678123954231954867327598146915647328846312795153479682762835419489261573,6,SimpleColouring
000500001340080000000409630008000074000000000679000000080070046003008100060105800,926537481345681729817429635258316974134792568679854312581973246493268157762145893,6,SimpleColouring
006704800000100062500000000008000030010029700070000096000090085050000003040200000,236754819794138562581962347928576134613429758475813296162397485857641923349285671,6,SimpleColouring
000000006100590080085000047049800601000000700508100009001000000070008000004063000,492387516167594283385621947749835621613249758528176439931752864276418395854963172,6,SimpleColouring
000040005080037000100000070000008002803010506200064000000100903015090720020400000,937641285582937461164582379496758132873219546251364897748126953615893724329475618,6,SimpleColouring
009800070030604200010070004000056000070092500503000000000009730090000400067080002,459823176738614295612975384941356827876192543523748619284569731195237468367481952,6,SimpleColouring
100000004040000380003001060010900042000008050300000800076400000000805700800020010,197386524645792381283541967718953642964278153352164879576419238421835796839627415,6,SimpleColouring
700390004480002003020000000007009200000400000000000038001030000500704860860000000,756398124489162753123547986347689215218453697695271438971836542532714869864925371,6,SimpleColouring
000700802103005900000080004060009008000000040407500060000004090002100000540800100,954736812183425976726981534261349758895672341437518269318254697672193485549867123,6,SimpleColouring
070562000050900000001800002005400060860010000000300080000620008000004500407000096,378562419256941873941873652135498267864217935792356184513629748689734521427185396,6,SimpleColouring
070026098000000003604370200000400000051060000200090050805000000000540030090002000,573126498912854763684379215369485172751263849248791356835917624126548937497632581,6,SimpleColouring
230010000001000903045000800006807001950000008000020400500700000002000040070603000,239518674681274953745396812426837591957461328813925467598742136362189745174653289,6,SimpleColouring
700000002040005100006317000008690510004000800003000070000030405000402080000100000,781964352349825167526317948278693514654271839193548276812736495937452681465189723,6,SimpleColouring
204000700000000000000716000803009004040200000609400008106000040000098120000600090,264935781517824639938716452853169274741283965629457318196572843475398126382641597,6,SimpleColouring
106400070009010800400000003000090080608070105010002000090050060000006400000000030,156483972239617854487529613743195286628374195915862347394258761571936428862741539,6,SimpleColouring
206080309000072040004600000040029008360700902090000000705060000030000004000000107,276485319153972846984631725547129638361748952892356471715864293639217584428593167,6,SimpleColouring
010400080000090502500000001000000820007830000450006000000007010092100000030020004,219453786386791542574682931963514827127839465458276193845367219692145378731928654,6,SimpleColouring
201000380600000051030040020000005400003090000005600200100300500002900000056018043,271569384694823751538741629927185436863492175415637298189374562342956817756218943,6,SimpleColouring
003050000070090680000700000000400072000001000020309000090200003800500410010000008,983654127274193685651782394138465972749821536526379841495218763862537419317946258,6,SimpleColouring
200000005090705008400090020609000400080000090510000603005008000820070000000100004,237814965196725348458396127679283451384561792512947683745638219821479536963152874,6,SimpleColouring
036040000070000503900000000000054009007000001120069000040090035000000007000406000,536948172874612593912375846368154729497283651125769384641897235289531467753426918,6,SimpleColouring
008000670001900000260000000100064000000300065300070000007008120000400006005690000,598142673731986254264753918159864732472319865386275491647538129913427586825691347,6,SimpleColouring
089000400170000008006090005000050270790002800400000000000009030050007006300800007,589173462174526398236498715618954273795632841423781659867219534952347186341865927,6,SimpleColouring
302000800840900000000300401000500300000409205006001000004600000720090003000075000,312746859845912637967358421489527316173469285256831794594683172728194563631275948,6,SimpleColouring
307060080906010400400300000003000002100000000002005903000003005060000004000280010,357964281926518437418327569743896152195432678682175943271643895869751324534289716,6,SimpleColouring
200070050000004100049300060000063000600805000450000001000047500020008007004500200,283671954765984123149352768912463875637815492458729631391247586526198347874536219,6,SimpleColouring
300507008000020000005408200006000000083002700040010060650200000000000501901750002,329567418468129375715438296596873124183642759247915863654281937872396541931754682,6,SimpleColouring
000000800050000000000400720508072060900840070002600900020000089043060050000050003,694527831257183496381496725518972364936841572472635918725314689843269157169758243,6,SimpleColouring
000540007073000000800000100038010706000090200560000010000001400050900023020306000,291548367673129845845763192938412756714695238562837914386251479157984623429376581,6,SimpleColouring
020000000050210000600050930000000010403000000090000360008009000000800024004007050,327946581859213746641758932765392418483671295192584367518429673976835124234167859,6,SimpleColouring
008053100060000004500900000000008300007000090694000000209030500000080000300705060,948653127763812954512974683125498376837561492694327815279136548456289731381745269,6,SimpleColouring
000000004005100900090000070700000500010520000600090030507002010042003090100450006,381279654475136928296845371728361549913524867654798132567982413842613795139457286,6,SimpleColouring
005700000708042365000030480000600040006001003500200601054000100300010024001005000,435786219798142365612539487179653842246871953583294671854327196367918524921465738,6,SimpleColouring
305906080010300000000800001009607010020000300000093507000000400900000020004008050,375916284418372695692854731539647812726581349841293567253169478987435126164728953,6,SimpleColouring
000003860390500000060804000040001007700000102900000080000007005010000940400100030,574213869398576421162894573845621397736489152921735684683947215217358946459162738,6,SimpleColouring
060080140007000300000020500050040060040005800001002000005000000138090002000608030,562387149487519326913426578859143267246975813371862495695231784138794652724658931,6,SimpleColouring
500000000004000020060043508802754009000080200000001004100000096005390000070000005,517829643384567921269143578832754169451986237796231854128475396645398712973612485,6,SimpleColouring
000000584090000100700030000008240005300000002072008609800070000400009000000006000,613792584295684137784531926968247315341965872572318649859473261436129758127856493,6,SimpleColouring
005690043600040090000002067530070600000009705007050800280000000006020080451060970,875691243612743598349582167538274619164839725927156834283917456796425381451368972,6,SimpleColouring
640000901000007046080000050503006000090300704000800003000600005210000608060058230,642583971351927846987461352573246189896315724124879563738692415215734698469158237,6,SimpleColouring
700503600002006057600000900100080000000000040006904708800005010020001003010070800,791523684482196357635748921143687592978352146256914738867435219529861473314279865,6,SimpleColouring
400001000800000470170065002008076000090030080000200300000000900600000007040007200,432781659865329471179465832358976124296134785714258396587642913621893547943517268,6,SimpleColouring
000000200150060008200900305007640000010020030000500900000450020041002709000000800,374815296159263478268974315537649182916728534482531967893457621641382759725196843,6,SimpleColouring
000000000073004650000007002409600000001090005028000003040803009080001000000020041,812569374973214658564387912459632187731498265628175493146853729287941536395726841,6,SimpleColouring
500090000000000000276400059860200070905000060000045020100070000000300002052000010,538197246491526783276483159864239571925718364713645928149872635687351492352964817,6,SimpleColouring
005910000096040100700006030000000502800500000407000000000000060060403000000801309,345917286296348157781256934639184572812579643457632891123795468968423715574861329,6,SimpleColouring
600300097000080500030407000780000000001500600003000020000030000060010004200908003,658321497472689531139457862786192345921543678543876129895734216367215984214968753,6,SimpleColouring
520008090080000026000700008014020050000000000200604001000100000400090700098000002,526318497187549326943762518814927653675831249239654871752186934461293785398475162,6,SimpleColouring
002053700001280030008900000050030007780060020004000000409000082000001000020300500,962153748541287936378946215156432897783569124294718653419675382635821479827394561,6,SimpleColouring
000090602809000007000500100048067000000004001050002409037680000600200075205000000,571398642869421357423576198148967523392854761756132489937685214684213975215749836,6,SimpleColouring
580060700024005006706103000000000008000087000005340600002000410007009800030000000,581964732324875196796123584673591248249687351815342679962738415457219863138456927,6,SimpleColouring
204000800050000041900100030000000603000358000007040000000000060040001307105000000,214935876753826941968174532489712653621358794537649218392487165846591327175263489,6,SimpleColouring
100060000005300007200100600080050090014900000000204000409000070000005800000007520,173568942965342187248179653382756491714983265596214738459821376627435819831697524,6,SimpleColouring
000008070920000000007600123000010000000400000043780250090870010000230409008000700,436128975921357648587694123879512364152463897643789251394876512765231489218945736,6,SimpleColouring
000000006000000090270406500005600040064300020803000000009080400000020005040500810,491735286536812794278496531925678143764351928813249657659183472187924365342567819,6,SimpleColouring
004100705209400000070090002700901800000032070000040000000500008500000607090070304,864123795259487163173695482732951846416832579985746231327564918548319627691278354,6,SimpleColouring
103000000060080000800650090002000000040510006000006205010040069000020700079000004,193274658567189432824653197652738941948512376731496285215347869486925713379861524,6,SimpleColouring
000900160040008000329000000200500071004006509050030000000603010002000007030807600,875942163146378925329165784263594871714286539958731246597623418682419357431857692,6,SimpleColouring
000600070090040180200090000000200008000400096100076520002080000953002000007005000,581623479396547182274198635465239718728451396139876524612384957953762841847915263,6,SimpleColouring
126009000007402006004001297200700541600005780700130062503000000060020070002900608,126579834397482156854361297238796541619245783745138962583617429961824375472953618,6,SimpleColouring
230004000000008903000010050000000000050000860000900701780003009006050000005027040,237594186541768923869312457178436295953271864624985731782643519416859372395127648,6,SimpleColouring
700402005000051060001000040906008001000000020400105600007000059000000000009260800,763492185294851763581673942926748531175936428438125697617384259842519376359267814,6,SimpleColouring
000700950000000200040069070001090000080030004007000860000084730700000000600000002,163742958579318246842569173451896327986237514327451869295684731714923685638175492,6,SimpleColouring
020090040001080003500207000030500400605040039000008000840000006000000310100000500,328691745791485623564237891237519468685742139419368257842153976956874312173926584,6,SimpleColouring
800050000000400070400203005070020003000000010080970060340700620100060000090000030,839157246215496378467283195971624853624538917583971462348715629152369784796842531,6,SimpleColouring
050003004800000900209050001008740000000020460400009200002000700700400009340005100,157693824834217956269854371628741593591328467473569218982136745715482639346975182,6,SimpleColouring
007200000010503007304007010028001005000080000905000100002004308031000700040000000,587219436216543897394867512428931675163785924975426183752194368831652749649378251,6,SimpleColouring
006000000400005102000490700800000000000367000060900003000008015200000030090006800,976812354483675192521493768839524671154367289762981543647238915218759436395146827,6,SimpleColouring
700090501000021000000700800100370000057000008602009000000600000009084020000007060,726893541835421697941765832194378256357246918682519374473652189569184723218937465,6,SimpleColouring
009100008800390200600007010002000060300000940700080000097060000000000000060714000,479152638851396274623847519912435867386271945745689123297563481134928756568714392,6,SimpleColouring
005200903094010080080000000000050304400007600500300020000000860360000002800009005,175268943294713586683945271729856314438127659516394728951432867367581492842679135,6,SimpleColouring
000570000109000000004000802300009040000000701020010080907050600000780900000100007,286574193139268475754931862371829546698345721425617389917452638562783914843196257,6,SimpleColouring
000720030063150007500000100004807029082000400009200000010000500006500800000090004,841729635263154987597386142654817329782963451139245768918432576426571893375698214,6,SimpleColouring
002006084000070020580100000000000006305004007120500008030600041000091000000200600,712956384693478125584132769948713256365824917127569438239687541456391872871245693,6,SimpleColouring
000006300003100007000000004007001005080045030001300400002000096000970000800060700,175486329423159867968237154347621985289745631651398472732814596516973248894562713,6,SimpleColouring
000000003000507060007080100070000600004010800600903020800000700900065000001800040,285641973139527468467389152372458619594216837618973524826134795943765281751892346,6,SimpleColouring
800000060091000000200401070589000000004060802000000910000003024702008090000017000,873925461491376285265481379589132647314769852627854913158693724732548196946217538,6,SimpleColouring
000003080905601000100020000000000030801000005004009200003004006050100370010306800,267943581945681723138725649596812437821437965374569218783254196652198374419376852,6,SimpleColouring
807500010030000000000600200400002001000070000028300000070090600980047002200006090,897523416632714859514689273453962781169478325728351964371295648986147532245836197,6,SimpleColouring
007005004010000003309000000030209000006000000000000165000010600800030400040078009,267395814418627593359841276135269748786154932924783165593412687872936451641578329,6,SimpleColouring
038070900500803024000009000200000000000008405004000008000350000900002000470000600,638274951591863724742519863287495316369128475154736298826357149913642587475981632,6,SimpleColouring
000070000060008000500003000008010090090004801004000630046000700030100900210900460,423671589761598342589423176678315294392764851154289637946852713837146925215937468,6,SimpleColouring
000020064020030070600900100060000080481000500905000040000018006008600009000205010,193527864824136975657984123762459381481362597935871642549718236218643759376295418,6,SimpleColouring
000006070501300000094008200030000020000005004000800700007002065040901000000070000,823596471571324698694718253438167529769235814152849736317482965246951387985673142,6,SimpleColouring
040807105000039740000600000002004050100000000700000320650000004007503010000008000,346827195528139746971645283892374651135286479764951328659712834487563912213498567,6,SimpleColouring
003570000000040830008000600000190080800002010200007063050000020400001000307000041,623578194715649832948213675534196287876352419291487563159764328482931756367825941,6,SimpleColouring
503006097000501004090000000020000000300080420900100070000710006035062000601003900,583246197762591834194837265426379518317685429958124673249718356835962741671453982,6,SimpleColouring
097200000000000000820300590430098060000603204000050000004080009000000003000000450,697215348543869172821347596432198765159673284786452931374581629965724813218936457,6,SimpleColouring
010000005000062000600100304007006093000080020050001006000405900300000040400207000,819374265534862719672159384187526493946783521253941876768415932325698147491237658,6,SimpleColouring
006820000080005000010400030003080010000600042000001000705000061001000005460000709,376829154984315276512476938643982517159637842827541693735298461291764385468153729,6,SimpleColouring
000000500045100000900000008009003800170025060000400010008050200090007000030060090,287639541345182679916574328629713854174825963853496712468951237592347186731268495,6,SimpleColouring
900000402470000006008490005000100070702000540310700200020003004100600000000005308,961587432475231896238496715854129673792368541316754289529873164183642957647915328,6,SimpleColouring
030200800001000400600300020910070200000400070500806003000100090200040000060089000,439257861721968435658314729916573248382491576547826913875132694293645187164789352,6,SimpleColouring
603002009020000000580000016005700000000003074800040060900415000000089300000000001,613872459429156738587394216345768192196523874872941563938415627761289345254637981,6,SimpleColouring
030008970000100000070002046000900007009206080085004002000000004000400050000507620,231648975456179238978352146123985467749236581685714392592863714367421859814597623,6,SimpleColouring
047001800205070010019005300500100000000000020090023700700010000008090003000002086,347961852285374619619285347562147938873659421491823765736518294128496573954732186,6,SimpleColouring
109002005007039082000004300300000800000400000060750000080000500040000030001090040,139872465457639182826514379314926857795481623268753914683247591942165738571398246,6,SimpleColouring
000400000501000004084150602020000000000036800090000007050867000000010000200000038,962478351531629784784153692628745913417936825395281467153867249849312576276594138,6,SimpleColouring
700000050000105800001000000008000005610007209090300000870001002040609010000078006,782463951463195827951782463328914675614857239597326184876541392245639718139278546,6,SimpleColouring
000400007200000080041060023000008400900200070003000000007013000500000000006005890,385421967269537184741869523652378419918254376473196258827913645594682731136745892,6,SimpleColouring
000065002000000070010000900000050000200400800000786309009640001502010700070000080,794865132628931574315274968983152647267493815451786329839647251542318796176529483,6,SimpleColouring
000760002906000000700032100084000060030500040500000300000100007005007000000908610,341769852926815734758432196284371569137596248569284371692153487815647923473928615,6,SimpleColouring
005000800030400000002560007300900060028007040000043008800001009200700600010000500,675132894139478256482569137341985762928617345567243918856321479293754681714896523,6,SimpleColouring
021040050006020000090300081040680002000000100100204970000408005010070000050900300,321849756586127493497356281749681532238795164165234978973418625612573849854962317,6,SimpleColouring
005060800009105004300840000000481903080000407054007160000900600507000000090004000,415763892869125734372849516726481953183596427954237168231978645547612389698354271,6,SimpleColouring
010040930000000000090750060600002010003187040000000007500096000900400500007000000,715648932846329751392751468674932815253187649189564327538296174921473586467815293,6,SimpleColouring
000010007000970028600000030900050040061000002007090000043000070008004900000300000,829613457314975628675248139932856741561437892487192365143589276258764913796321584,6,SimpleColouring
000900804400000170076000093008030000630801000107400938200017080000208000700600250,351976824492583176876142593548739612639821745127465938265317489914258367783694251,6,SimpleColouring
000200600000000079089650000700005032000000000230004000007906420020000800090003005,471239658562418379389657241748165932916372584235894716157986423623541897894723165,6,SimpleColouring
700903005400070010001000207368000000500009001200308600005000100800091000100002708,782913465453276819691485237368147952547629381219358674975834126826791543134562798,6,SimpleColouring
100670030900400010000001900000000600340010002200004001002008090005000003000360407,154679238928453716763821954581237649347916582296584371632748195475192863819365427,6,SimpleColouring
060002000294018000070090600005004000080000004009007568400050020028003000000006800,563742189294618375871395642635984217782561934149237568416859723928173456357426891,6,SimpleColouring
000900082050063000000000060200040000001052870045807010130000000000000731060004000,416975382859263147723418569278341695391652874645897213132789456984526731567134928,6,SimpleColouring
180000096007810500006040010200080305865000000900004002000032000000400030000700800,182573496497816523536249718214987365865321974973654182748132659651498237329765841,6,SimpleColouring
000800050700064039040200000070000003004050800960000701090006000000000180000001000,216893457758164239349275618872619543134752896965438721491586372623947185587321964,6,SimpleColouring
005603000000085030607019000002070000010308000300000600000901280004000069209500040,895623714421785936637419825942176358716358492358294671563941287174832569289567143,6,SimpleColouring
740900000002050400100600000309001700000040300670000201006079002030000109000002004,745918623962357418183624957359281746821746395674593281416879532238465179597132864,6,SimpleColouring
000600098200150004007043010800000009105300000620001000000000900008700000706004005,451627398283159764967843512834265179175398426629471853342516987598732641716984235,6,SimpleColouring
010052400030000000507008620000406008820000300000087040050000731700010000080603050,916752483238964517547138629375426198824591376169387245652849731793215864481673952,6,SimpleColouring
020000000006100030000307905605000009041206300000000047400005001007410000000720000,523984176796152834814367925675843219941276358238591647482635791367419582159728463,6,SimpleColouring
006000000002309006070000050007050940000000000260000003004000060009500800010480070,386125497542379186971648352137256948498713625265894713854937261729561834613482579,6,SimpleColouring
900032000007400100025000080200040000008009607016000500002970003000020005000005000,941832756387456192625791384259647831438519627716283549562978413873124965194365278,6,SimpleColouring
090300040000000019002080003000008001200009070710630000100205090040000000800016000,591367842368524719472981563956478231283159476714632985137245698645893127829716354,6,SimpleColouring
350019002080000050000000006008000000700001069190203008026050000003927040000000020,354619782689372154271548396468795213732481569195263478926154837813927645547836921,6,SimpleColouring
000463100080900600001000020005006001090040002204007000040002080700510006009000000,952463178487921653631758924375286491896145732214397865143672589728519346569834217,6,SimpleColouring
200000015000970300400005000600100000841600020030007000700086001019002040000000000,297368415156974382483215679672143598841659723935827164724586931519732846368491257,6,SimpleColouring
508000600600502800000001057010000000300000006800073200000364090000020040900005000,598437621671592834432681957715246389329158476864973215257364198186729543943815762,6,SimpleColouring
600004183020600090007030000000400000090000670078009000000100040000008900002000006,659724183324681795817935462261473859593812674478569321735196248146258937982347516,6,SimpleColouring
000073890000008000090050000400300700020040001009700054000090120000006008050410000,142673895567928413893154672415382769726549381389761254634895127971236548258417936,6,SimpleColouring
100000408309600020008000000000000317000890002207000040000000000001530000090270004,162753498379648521548912763986425317413897652257361849634189275721534986895276134,6,SimpleColouring
057801900000070300001260000700000040100700000020540060400000002000004500000100080,657831924892475316341269758785613249164792835923548167418357692236984571579126483,6,SimpleColouring
004300006600081900030000400000000005000040020076500000007000200005006004000092800,784329516652481937139675482948263175513947628276518349397854261825136794461792853,6,SimpleColouring
005004000870001400120600030001009000260003070000000000700002009000090067046007010,695234781873951426124678935481729653269543178537816294758162349312495867946387512,6,SimpleColouring
090000800100560000762100000009010000020007906500300080000800000007050300000000425,495732861138569274762148539689215743321487956574396182953824617247651398816973425,6,SimpleColouring
060008000020000030900070000740000000500090002000005410130560090200100005008002300,367218954421659837985374126742831569513496782896725413134567298279183645658942371,6,SimpleColouring
084010003009400006307000000000006092008000100000170300800605040500000000030020070,684719523129453786357268914713586492268394157945172368871635249592847631436921875,6,SimpleColouring
003000000900000000760900008085700006270803000009000000500000004400300180800504970,153687492928435761764912358385749216271863549649251837537198624492376185816524973,6,SimpleColouring
000102000806000000031060080702000040680000200090040000900020073000308001000007094,549182367876953412231764985752839146684571239193246758918425673467398521325617894,6,SimpleColouring
002009400090700800000000030100203700003000010004806000900000078000900300007360052,382159467695734821741682539169243785823597614574816293936425178258971346417368952,6,SimpleColouring
004000080700203009000089000000000000005920600009706201300000000800000427900067008,294675183768213549513489762627134895135928674489756231371842956856391427942567318,6,SimpleColouring
062000000000000460003040070000107900080000000021908003074800100000000020000300008,462781395857293461193546872345127986986435217721968543674852139538619724219374658,6,SimpleColouring
006800040205001300090000051009070000010000500508140000900500730300007000000300004,176853249245691387893724651639275418417938562528146973984512736362487195751369824,6,SimpleColouring
020640100080000074000015008000004000900001340006030007051320090600009000297080000,729648153185293674463715928318574269972861345546932817851327496634159782297486531,6,SimpleColouring
090000004000008039032001780000513400001004000080000500000060000004000000720900001,897236154146758239532491786679513428251874693483629517915367842364182975728945361,6,SimpleColouring
000000105020001000000057300005000930470000060080060004090700000104900000200600090,738296145526341879941857326615472938479183562382569714893724651164935287257618493,6,SimpleColouring
700300005000504930030010004020000300090100080010029000009006700000030000600400010,748392165261584937935617824826745391597163482314829576189256743472931658653478219,6,SimpleColouring
000010080004000000709802100002040900000007000300290500501400800060001009900030002,256914783184673295739852164612345978495187326378296541521469837863721459947538612,6,SimpleColouring
000021800010600024000007000000068013000300000000000056801050007090014000005000900,643521879517689324289437165954768213162345798378192456821953647796814532435276981,6,SimpleColouring
000000007584000000700010045030602000000003000905740006008070030000000004240000609,163584927584927163792316845431692578876153492925748316658479231319265784247831659,6,SimpleColouring
030000040800002003001000708000000000050810604000400900000307000000680100704020805,537168249896742513241539768478296351952813674613475982189357426325684197764921835,6,SimpleColouring
600500040030090000040080906790000000003008050080406309012000000000001000000040620,629537148831694275547182936794315862163928754285476319412863597976251483358749621,6,SimpleColouring
600040000500831000008000004000090020001504000030700800200000000700005000010200570,623947158547831962198652734475398621861524397932716845256173489789465213314289576,6,SimpleColouring
080010000010907080005600020007030050003500006000000000000400700004320009900080062,486213597312957684795648321647132958823579146159864273268491735574326819931785462,6,SimpleColouring
000600090000030107098000000000140000000790032004200008400006700310000500005020000,537612894246839157198574263923148675861795432754263918489356721312987546675421389,6,SimpleColouring
030008040240000001050000780000910060004020000000870900007009000480300050603002000,731698245248735691956241783372914568894526317165873924527189436489367152613452879,6,SimpleColouring
000000050080701000310020009070059006500040008006008000090000437007000600000070095,769834152285791364314526789178359246523647918946218573892165437457983621631472895,6,SimpleColouring
901520007007000002000700040000000020005070806400000900590006070000093200002400080,941528367687341592253769148819635724325974816476182935598216473764893251132457689,6,SimpleColouring
000100080000030045900420600609000728080000460472800300005004800706500000890007500,564179283217638945938425617659341728183752469472896351325914876746583192891267534,6,SimpleColouring
006010209000520600000900000900700000005000003000400057050204300600003000073000006,546317289397528641218946735934751862725689413861432957159264378682173594473895126,6,SimpleColouring
003000006070060083804000500021900007000030000000006020080000200100002450500800060,913528746275164983864379512421985637756231894398746125689453271137692458542817369,6,SimpleColouring
040300060360000820800000007904107000000000090002500000200060170000080006000701000,147328965365974821829615347984137652516842793732596418258463179471289536693751284,6,SimpleColouring
103040006400300701020007394000032600702000000030900500007086040308090000540000900,173249856489365721625817394954132687712658439836974512297586143368491275541723968,6,SimpleColouring
009080300012000607000047000040000108000401060600700200030000001900006000000350900,759682314412593687863147592247965138385421769691738245536879421974216853128354976,6,SimpleColouring
800703000000000003000002901081006004457080000002100000200040700060007200009000030,815793642926415873743862951381276594457389126692154387238541769564937218179628435,6,SimpleColouring
003001000050000000010070060000000030070406809000500701400082500000000076790060008,623851947957643182814279365589127634172436859346598721461782593238915476795364218,6,SimpleColouring
000031400000040060120500000200100300007090050980000004005000203000060000840000005,569731482378249561124586937256174398437892156981653724695418273712365849843927615,6,SimpleColouring
000000005209005100060800000040020000103000400700100003000093501000070000408000290,814732965279645138365819724546327819183956472792184653627493581951278346438561297,6,SimpleColouring
090600027000000008000140350600010800030000010015090200400020000370081000800004500,594638127163257948287149356642315879938472615715896234456923781379581462821764593,6,SimpleColouring
005060000306000900020007000000000802002900030098040007003000000400701600010008005,875469321346512978921837456534176892762985134198243567283654719459721683617398245,6,SimpleColouring
020000001030080000179000500800009000010003092094000050000300800007640300040500200,428935671635781924179264583852479136716853492394126758261397845587642319943518267,6,SimpleColouring
009021030000800010006090502010040600008000000063200000900002070050700001004000300,549621738327854916186397542215943687498176253763285194931462875852739461674518329,6,SimpleColouring
020800000000201860010064500108000000092600000030000100560030000000007406009100070,726853914954271863813964527178342659492615738635798142567439281381527496249186375,6,SimpleColouring
800000001000000064071004920040602000008000000600970000700300640009020010000000300,864239751293517864571864923347652189958143276612978435785391642439726518126485397,6,SimpleColouring
850000002000520100600900000900070800008010040071000000120009060000002500507008000,859431672743526189612987435965274813238615947471893256124359768386742591597168324,6,SimpleColouring
045060700200015900000008310009600800050000000000001003002049000400000090300000000,145963782283715946967428315739654821851372469624891573572149638418536297396287154,6,SimpleColouring
070900000008000500290060710004500032007000000050304000000000000000106090130087600,475912386618743529293865714964578132327691458851324967586439271742156893139287645,6,SimpleColouring
090001004008500200060200031000070005006000000580000700010360009002008400000900100,293781654148536297765294831421879365376425918589613742814367529932158476657942183,6,SimpleColouring
000000500050984000800100700020070004003010000700000960040000100009600002000092080,192367548657984231834125796925876314463519827718243965246738159389651472571492683,6,SimpleColouring
090004000020005096700800320000027080005090001000006000200000704010000000304000800,593264178128735496746819325431527689675398241982146537259683714817452963364971852,6,SimpleColouring
002300090000700006569002000080200300200047900000010000017004060000000000800000005,172365894348791526569482173681259347235647981794813652917534268456128739823976415,6,SimpleColouring
000090075000700300200000009140000000030084700902006430006000000000008042409000100,364891275891725364257463819148379526635284791972516438526147983713958642489632157,6,SimpleColouring
310079000085310000000000000200048700800036200007000008000003006000020000703500190,312479685685312947479865321256948713841736259937251468524193876198627534763584192,6,SimpleColouring
300000040000200031900006020000000100080003000000450907025030098804000010000002000,312785649756294831948316725497628153581973264263451987625137498874569312139842576,6,SimpleColouring
000009800030600140040000002320506004008200510060000000650701003009030000000000007,172349865835627149946158732321586974498273516567914328654791283789432651213865497,6,SimpleColouring
070040006021300009608000050000430000067000320000005007000079080200860000000200000,975148236421356879638792451192437568567981324843625197314579682259864713786213945,6,SimpleColouring
000600980070080000000002135060790500000020010093001000050000040100000000900000806,512634987379185462648972135461793528785426319293851674857369241126548793934217856,6,SimpleColouring
000298030080400000500006000200100040460000003308600070802000000070003008000041009,746298135183475962529316487257139846461782593398654271812967354974523618635841729,6,SimpleColouring
000000200640000100098000070000407005000860007406130000000000800204008006003020004,137586249642379158598214673821497365359862417476135982965743821214958736783621594,6,SimpleColouring
040000006000020003908000001032090000500007000100000054003080000001005070400100200,347951826615428793928763541832594167594617382176832954763289415281345679459176238,6,SimpleColouring
700800400081090020000060500800006004300000201007100000000638040000500030020000007,796825413581394726432761598819256374354987261267143985975638142148572639623419857,6,SimpleColouring
000060013007003080400800000905000000003020100604500000000204095500300000000008701,892765413157943682436812579925186347783429156614537928361274895578391264249658731,6,SimpleColouring
601003000200010000000000640004290008800035000000000420000000070036007905020906000,671543892248619753953872641764291538892435167315768429189354276436127985527986314,6,SimpleColouring
000050120000700800000198503012037000000000000009640200050326401006000052043000008,978453126531762849624198573412937685765281934389645217857326491196874352243519768,6,SimpleColouring
009000200506003000000027090010000007094500600005070000000040970140009300000005106,379854261526913784481627593213496857794538612865172439652341978148769325937285146,6,SimpleColouring
070800300300000000800600049000000000040079100108025000009002060001000008060000402,976854321314297856825631749753168294642379185198425637489712563231546978567983412,6,SimpleColouring
009700050002001940080005607000800090000030005000049160037060410004000000206000000,469723851752681943183495627621857394948136275375249168537968412894512736216374589,6,SimpleColouring
600300000005040010000005920070020600008030740002706130003000080000000560510400000,694312875285947316731865924379124658168539742452786139923651487847293561516478293,6,SimpleColouring
000054001000060900043000700010009000900000036007010002000700008009030620160040000,796354281581267943243981765318629457924578136657413892432796518879135624165842379,6,SimpleColouring
008040007000200030030070000006000400200000890840500001700109604000850009050000300,628345917497281536135976248516798423273614895849523761782139654364852179951467382,6,SimpleColouring
050001002000000000001002870098070600000004000030050091010400500000090004000000380,356781942827349156941562873498173625165924738732856491219438567583697214674215389,6,SimpleColouring
600100000500000102800000050208000001070093600050000027740001003000039240000004000,623145879594378162817962354268457931471293685359816427742681593185739246936524718,6,SimpleColouring
002061000100800000060000083500020640400003000020007300004005006058300700207000000,832761495145839267769254183573928641486513972921647358394175826658392714217486539,6,SimpleColouring
008500003165002004300000100001600050000300070000000401083020000007050600006904000,498561723165732894372498165731649258824315976659287431983126547247853619516974382,6,SimpleColouring
800000700009000150020091000350000070000370004070000090400000006700600500000430000,841563729639247158527891463358924671196375284274186395412758936783619542965432817,6,SimpleColouring
029700010051000200600000090260400000900870000000000607700000008090250030040900000,329764815451398276678512394267435189914876523583129647732641958896257431145983762,6,SimpleColouring
032010007000000509600000000040000200900200010000050090400680000010900638020005000,532419867174368529689572341341796285958243716267851493493687152715924638826135974,6,SimpleColouring
000000073000000000072805090900007001030040050064000980090702500700060000006059000,548296173619374825372815496925687341837941652164523987491732568753468219286159734,6,SimpleColouring
000000001620000305350800700006007000000620900005930068010000007400000013000308000,784563291629471385351892746946187532138625974275934168813249657492756813567318429,6,SimpleColouring
000000040800009000000802539000004091180000300900000007001500000000071203050090708,319756842825349176647812539573284691184967325962135487731528964498671253256493718,6,SimpleColouring
041000000503007000000100008080000056000800730406000000000023080060708001090000200,841296375523487169679135428287314956915862734436579812154923687362748591798651243,6,SimpleColouring
500010070060090000907000050100704000400002001056130040310000008040000530005000600,534216879861597423927483156193764285478952361256138947312645798649871532785329614,6,SimpleColouring
000230010008070000070609820130000000060000080900000056600305000050080200000090100,496238517328571694571649823135867942264953781987412356619325478753184269842796135,6,SimpleColouring
250000000030500901009063500000340008004008090070000000920000000400000100500706004,256917843738524961149863572695342718314678295872159436923481657467235189581796324,6,SimpleColouring
050003002604001000002090030071006200000040650000200001000037840049000000000000000,958763412634521978712498536571386294283149657496275381125637849349812765867954123,6,SimpleColouring
000508009008310406040000008000000000980061005005007100602000070300000600000005000,163548729728319456549726318416253897987461235235897164692184573354972681871635942,6,SimpleColouring
200096701000000080070100000400010000000082056059000002002700310090500067600000000,245896731961327485378154629426915873713482956859673142582769314194538267637241598,6,SimpleColouring
000020050007100000520008000700913000004000600010000009000760800100300060040800310,631429758487135926529678143765913482294587631813246579352761894178394265946852317,6,SimpleColouring
000040602010067000007350004000006009000000351070100406080010040309000000004008900,935841672418267593267359814841536729692784351573192486786913245329475168154628937,6,SimpleColouring
170200800000003000003600005300560070064000050000370004010000090000000502500080300,175249836642853719983617425321564978764928153859371264218435697437196582596782341,6,SimpleColouring
700000065000000300004060809000501093070009002109800600205700906007000030036910000,781394265962158374354267819628571493573649182149832657215783946897426531436915728,6,SimpleColouring
000702010004010008009040000000100030020500100980000070800090000063000002100006800,538762419274913658619845723457128936326579184981634275845297361763481592192356847,6,SimpleColouring
050060000000704005820000070008007000000100200600050000030200000000009783000400109,957861342361724895824593671218347956495186237673952418139278564542619783786435129,6,SimpleColouring
000000000975000030082500600204070016300000000007430020000840903009700050700000002,613297485975684231482513697254978316368125749197436528526841973839762154741359862,6,SimpleColouring
830010200060005008017900603000002004540600000029000030000083000000001090100200800,835416279962375418417928653378192564541637982629854731794583126286741395153269847,6,SimpleColouring
700000341109000000040200000200895006003004795000070102010040923000051800400900507,726589341139467258845213679271895436683124795954376182517648923392751864468932517,6,SimpleColouring
004200009009075000170600000040000951701000002000060080000000014056021000400000630,864213579239875146175694823648732951791548362523169487987356214356421798412987635,6,SimpleColouring
000003000083200001000005304070600085010000703300050000700060090401870500050000000,247193856583246971196785324974631285615928743328457619732564198461879532859312467,6,SimpleColouring
000003400950020000080400000000201590400809006003000000001500009000006300070000280,127963458954728163386415927768231594412859736593647812831572649249186375675394281,6,SimpleColouring
906000500008005000050000002000601030064030000200008000001800005000040900070050416,926783541148265793357914862589671234764532189213498657491826375635147928872359416,6,SimpleColouring
200040600300000000069027400008000020090100006500800003000000000805000060010350900,287943615354618297169527438678435129493172856521869743936284571845791362712356984,6,SimpleColouring
100000000006000300038000059025006401300090600000000070010084000700010090600300700,172953846596148327438267159925876431347591682861432975219784563783615294654329718,6,SimpleColouring
500018600000004051300000800003000540070060030000900006009500100041700000000006003,527318694896274351314659872163827549975461238482935716639542187241783965758196423,6,SimpleColouring
080000064560074090000805000005006000894002007620700800006040001740200006000000070,387129564562374198419865723175486239894532617623791845256947381748213956931658472,6,SimpleColouring
000300905000600070091000420009034080008190600000050000003000002100700000402900800,847321965235649178691578423769234581528197634314856297983465712156782349472913856,6,SimpleColouring
250006700000000064970000020010900000020000083800500000001000000305280001040070000,254816739138729564976453128417938256529167483863542917781695342395284671642371895,6,SimpleColouring
020000560100030070600000090000000000001500009009074200005680100000000000000042700,923817564154936872687425391438291657271568439569374218745689123812753946396142785,6,SimpleColouring
000005000900060000006130000790604080003000904000008700000053800080009302004000070,238945617971862435456137298795624183863571924142398756629753841587419362314286579,6,SimpleColouring
080000000030000002002039580005002604700600008000500030600001007000705090000040000,586427913931856742472139586315982674749613258268574139654391827823765491197248365,6,SimpleColouring
074060005500000070000009020300000706800076010050004000061000004000040900003900000,274863195598421673136759428319582746842376519657194382961237854725648931483915267,6,SimpleColouring
803002000000013000024605000000000709300008020096000500500080600000100002080070001,813742965965813274724695318258361749347958126196427583531284697479136852682579431,6,SimpleColouring
400000507000708000800090000901200000506100070000000600200040060000802004007006900,419623587365718492872495316931267845586134279724589631258941763693872154147356928,6,SimpleColouring
078000260060900008200000000004000070030006094000057600005090010000025700000300400,978543261561972348243681957654839172837216594192457683325794816486125739719368425,6,SimpleColouring
003000050000070600000610002080000026001040000000290008912000000064000105300000007,623489751145372689879615342487531926291846573536297418912753864764928135358164297,6,SimpleColouring
050008000400000025000006700000620000300100900000859001006000080000002000109007004,957248613463791825218536749591623478382174956674859231746915382835462197129387564,6,SimpleColouring
000003250000090003300012089000000596100900000204035000060080005008100060010006020,981463257625897143347512689873241596156978432294635871762384915538129764419756328,6,SimpleColouring
000040700020903050000005020009000000008060007040200009056008000400500080007000100,915642738724983651863715924679854213238169547541237869156398472492571386387426195,6,SimpleColouring
500021809000050702009000305600240000032000000140009020000000107050030000018004050,573421869861953742429876315685247931932615478147389526394562187756138294218794653,6,SimpleColouring
000070201020000040004003800000031604000500000800060003040200005069007030008000100,385974261627815349914623857592731684436598712871462593143286975269157438758349126,6,SimpleColouring
010250060000018000900340157003090000050004601400030020005003090000080013000065004,714259368536718942928346157183692475259874631467531829845123796692487513371965284,6,SimpleColouring
090000600308006004024080500009078000001050040060000000005700060000300080006005310,197534628358926174624187593549678231781253946263491857835712469412369785976845312,6,SimpleColouring
400000000000905402001030000078000000500003760100400005000289040069000200010500300,495726813683915472721834596978652134542193768136478925357289641869341257214567389,6,SimpleColouring
020001000009004500000600003000060040060090100000307000090000070038020601001040082,523871964679234518184659723317568249865492137942317856296183475438725691751946382,6,SimpleColouring
007600002001080040000091080060000000900020010000900857004200091000040000320000500,897654132531782946246391785763815429985427613412936857654278391179543268328169574,6,SimpleColouring
000690100500000096000000007600070400007005001090003002003007008900038000800000020,748692135531784296269351847652179483387245961194863572413927658926538714875416329,6,SimpleColouring
000506100007300000890000003000160000309040800000000301040620050000000000056008904,432576189167389542895412673528163497319247865674895321943621758781954236256738914,6,SimpleColouring
200001508060800000000030670000300000007400000100008002803100200002000409040006380,279641538364875921518239674425317896987462153136598742893154267652783419741926385,6,SimpleColouring
203000084000029000000000050600250000089006000000800700520004009008005062910000000,263517984845329617791468253674251398389746521152893746526134879438975162917682435,6,SimpleColouring
026400000070200030809050100600004000084007059007000800200000360000102000000000900,126438597475291638839756124652984713384617259917325846248579361793162485561843972,6,SimpleColouring
006000000040091006200804000020000900107005040050300000300000060000400709700083100,976532481845791326231864597623148975197625843458379612314957268582416739769283154,6,SimpleColouring
000000000005020073017068002009000300000083040000050000071000200480006005000540000,234795186865421973917368452159674328726183549348952617571839264483216795692547831,6,SimpleColouring
061007520070005804000001000090000700008100000000008040900000003100000000300654000,861347529273965814549281637695423781438176952712598346956812473184739265327654198,6,SimpleColouring
062371000700058000905000037000000000000702650070800003800000300130080529500090060,462371985713958246985246137658439712349712658271865493896524371134687529527193864,6,SimpleColouring
000000000900002050000540903000005084090030620002001000381900200700020000000008071,415379862936812457827546913673295184198734625542681739381957246764123598259468371,6,SimpleColouring
600100008400300060090080000006450080005030040000002030903001000000509000250000004,637124958418395762592786413326457189175938246849612537963241875784569321251873694,6,SimpleColouring
007900000030080470800500001000260000040000010209000040001009008980030000705000000,417923586532681479896547321173264895648395217259178643321459768984736152765812934,6,SimpleColouring
601030047007050020000000000035210000400073059710090080000007500502060090000000406,651832947347159628289746315935218764428673159716495283164987532572364891893521476,6,SimpleColouring
071000900060140000000300000000050063000908074600010500100280000406000000090070010,371826945968145237542397681719452863253968174684713529137289456426531798895674312,6,SimpleColouring
000400200000000000400300018000070032500000000004086100060000000309014050007000003,613458297758129364492367518986571432571243689234986175865732941329814756147695823,6,SimpleColouring
000070090030100000040000508400005000005080060028900100050307006300000020007024000,581476392239158674746239518473615289915782463628943157152397846394861725867524931,6,SimpleColouring
063021700000000000504006008015000800206100005009704000300908006000000030050007089,963821754187495362524376198715269843246183975839754621372948516698512437451637289,6,SimpleColouring
400900000092056003000010500070080005000030208000005160001003000800200006000090040,453978612192456783768312594276189435519634278384725169941563827837241956625897341,6,SimpleColouring
107400820000700000603090000060000030800003750030800410000007003380620070000085600,157436829948712365623598147761254938894163752235879416516947283389621574472385691,6,SimpleColouring
000300000206900030000028014005080000071002000030705090600001200007000000028003070,584317962216954738793628514465189327971432856832765491659871243347296185128543679,6,SimpleColouring
002000600500003000067059300020000050300100800001000006800070003000090000000200081,932718645584623917167459328628347159349165872751982436816574293273891564495236781,6,SimpleColouring
000002000501000008080057000007009100920300700600004300000000900000600070200900800,496832517571496238382157649837269154924315786615784392768543921159628473243971865,6,SimpleColouring
005100093070040000000200710060004350000050006009308000000010607036007000017002008,825176493371549862694283715168724359743951286259368174982415637436897521517632948,6,SimpleColouring
070000058000000009058430000000752060000000000005000034030000102010809000400000070,173926458246587319958431726384752961621394587795168234837645192512879643469213875,6,SimpleColouring
000009000000047630000100024009200000020030000300076005610090000000050042052000007,436829571281547639597163824769215483125438796348976215614792358873651942952384167,6,SimpleColouring
500800460000030500003100000000080000086000007702306001001000000020540080000000902,519872463278634519463195278135987624986421357742356891891263745327549186654718932,6,SimpleColouring
090051400400000960000070000006000508000000020300010000000803002000500890002060005,297651483415238967863974251146729538579386124328415679654893712731542896982167345,6,SimpleColouring
800000050700000900000004020030000006200090040009015700076020000020400080000900400,862739154754182963391654827135847296287396541649215738476528319923471685518963472,6,SimpleColouring
000081000009005040010040000243050000106300800000000003500060701300000690600009020,465981372839725146712643589243856917176392854958417263594268731321574698687139425,6,SimpleColouring
067080004501007080000920000800200007004070030000000400703000001200003076050010000,967385124521467983348921765835294617194576832672138459783659241219843576456712398,6,SimpleColouring
007690040308005070000700001400070000069500010010020400004000000000000090050010804,127693548398145276546782931432871659869534712715926483684359127271468395953217864,6,SimpleColouring
000030000005008000000400236003020050901700003000000090000600370018000000302000840,124936785635278914897451236473129658981765423256843197549682371718394562362517849,6,SimpleColouring
000302500000000703700000091060205100040009000000000060508037200006000000000820070,619372584485961723723458691867245139342619857951783462598137246276594318134826975,6,SimpleColouring
006070100500402070000500000900004000083060500720000009050091204300200050800645300,436978125519432678278516493965824731183769542724153869657391284341287956892645317,6,SimpleColouring
500900000042000008070060020210030007000005000007408300094007000005000010100000090,531982674642751938879364125218639547463175289957428361394217856725896413186543792,6,SimpleColouring
000000130008000670700002085090803000350014000802965000004500800600000054570048090,245687139138459672769132485497823561356714928812965347924576813683291754571348296,6,SimpleColouring
204050000000080071910300040040900000006000050800002403109000000030000005000070008,274651389563489271918327546342915867796843152851762493189536724437298615625174938,6,SimpleColouring
020400000400060100007000090000005370060130204000040050080914700300000000009350000,821493567493567128657821493214685379765139284938742651582914736346278915179356842,6,SimpleColouring
049000000007005200801000079200506000980040060010020090000809000000074001050000000,549782136367915284821463579234596718985147362716328495172859643693274851458631927,6,SimpleColouring
003000700091060008040003100030200060000010053000090000000970000009041300100002607,853129746291764538746853129435287961927416853618395274362978415579641382184532697,6,SimpleColouring
300000040890007002062008000000000008000860050609001720040000000025100080000756000,317625849894317562562498137451273698273869451689541723146982375725134986938756214,6,SimpleColouring
000058090009000500402000008000026000000090600370500020027014000840009106900000000,763158294189342567452967318598426731214793685376581429627814953845239176931675842,6,SimpleColouring
070500000009700048802000070000000800053280169000030400600800030090065080020000000,476598312539712648812643975964157823753284169281936457645829731197365284328471596,6,SimpleColouring
070000600500600041206000080002000800900005000800090003000020008000410000604000290,471958632589632741236147985152364879963875124847291563395726418728419356614583297,6,SimpleColouring
008047003005100040200000010050000700100002000307801650080300065000700000400060000,618247593975183246243659817859436721164572389327891654781324965596718432432965178,6,SimpleColouring
069070000803000000740000001407000005008400620020003400500000002000150834000302000,269871543813245796745936281497628315358417629126593478531784962672159834984362157,6,SimpleColouring
703000900010000000002040508000000067000980300450600000008490030090030400100000090,743815926815269743962347518389524167627981354451673289578492631296138475134756892,6,SimpleColouring
300052006000316070000800000607105030201080000500003000850070001010030090006501800,378452916925316478164897352687145239231789564549263187853974621412638795796521843,6,SimpleColouring
000500906000219000000060000800400760206000008003080104000004050060851407001000200,128543976637219845594768312815432769246197538973685124789324651362851497451976283,6,SimpleColouring
001070030009006000060040500600300040070000620800000013050000904000800001210000050,581279436439586172762143598625317849173498625894652713356721984947835261218964357,6,SimpleColouring
000030000270800000509060080000000960000004038094300050020906510800100000060050000,148539726276841395539267481382715964715694238694328157427986513853172649961453872,6,SimpleColouring
300470000010900004007006000503000009000032060072000000200600010000040032080010007,329471856816925374457386291543168729198732465672594183234657918761849532985213647,6,SimpleColouring
602000005007095000030700004006089000900000000080600700000001203000250610000000057,612843975847195326539726184176389542923574861485612739758461293394257618261938457,6,SimpleColouring
000700001061090000000260050300000600007140800002000070000307100080009004090000000,238754961561893247974261358349578612657142839812936475425387196783619524196425783,6,SimpleColouring
000000300050000060006004810000040000920600000360900450090005620040003501003000040,489126375157839264236574819875342196924651738361987452798415623642793581513268947,6,SimpleColouring
002000000604900003000328000080062705000000000001009020008000000450700300060050001,832146579614975283795328146983462715246517938571839624128693457459781362367254891,6,SimpleColouring
200800070000046100000500040004010000500002080008300004479000020600000850000000001,243891675957246138186573942324718569591462783768359214479185326612934857835627491,6,SimpleColouring
790004000008390070000600400007000060400903020180000500570400000900027600000000900,791254836648391275352678491237845169465913728189762543576489312913527684824136957,6,SimpleColouring
604007002009000003001000050060009200012000600090100004000700000040302080200080065,634597812529618743781243956465839271312475698897126534158764329946352187273981465,6,SimpleColouring
100000200070501000030060040506240000004600005000300090207000000040000060000090410,169874253472531986835962147586249371394617825721358694217486539943125768658793412,6,SimpleColouring
107003004008020030020000001003080000000030090000405100000800300970000005005009200,167593824598124736324768951413986572756231498289475163642857319971342685835619247,6,SimpleColouring
700000008000008600800103000050400300600000029004000800001070000000380005003509170,739246518145798632862153794958412367617835429324967851591674283276381945483529176,6,SimpleColouring
103600000000400090408001000020900070007002500500000002001060800009000060300070100,193657248652438791478291653826915374917342586534786912241569837789123465365874129,6,SimpleColouring
004205090005078000620000500000000407840007060010800000002000000500030600000061002,784215396395678124621394578956123487843957261217846935162589743578432619439761852,6,SimpleColouring
083090100040000050206000040010200080900003605000007300000974000020010006007000000,583492167741836952296751843315269784974183625862547319658974231429318576137625498,6,SimpleColouring
903000005070000039800100700002700081100030000009000420000000000050270103000005000,923647815471528639865193742542769381186432957739851426294316578658274193317985264,6,SimpleColouring
803000104000000600000420005006540090091602008004100300000000003300705410400000500,853967124942851637617423985736548291591632748284179356175294863369785412428316579,6,SimpleColouring
003800005700004000290500003004300000010090000007000029000001030002000800081450062,143829675756134298298576413924318756615792384837645129469281537572963841381457962,6,SimpleColouring
050100600000000831700086500060004070003700090008000002000023000600000000000910700,852139647496572831731486529165294378243768195978351462587623914619847253324915786,6,SimpleColouring
060000005900008010700102000630200090000050020500003800800040000000006300000000407,168479235942538716753162948637284591489751623521693874895347162274816359316925487,6,SimpleColouring
072000000060000700000609000041000050026100039005000080000005600000094020050007004,372481965469523718518679342841936257726158439935742186294815673687394521153267894,6,SimpleColouring
071500008008000400950000000000942060600000020000106000090050100030200570005803002,471569238268317459953428716317942865684735921529186347792654183836291574145873692,6,SimpleColouring
049000010080300900001020005030500080010002000500000307000003140000800090004009700,249785613785361924361924875436597281817632459592418367958273146173846592624159738,6,SimpleColouring
009407060017036200000000000725104300000020700000700006062001004004092807978340000,289457163417936285653218479725164398896523741341789526562871934134692857978345612,6,SimpleColouring
000046803006020000430700650080370000540000000003015008009000100004091065000400000,975146823816523947432789651281374596547968312693215478759632184324891765168457239,6,SimpleColouring
000090000051000008700400206270000004590700860000004700040600050900000000030020087,326897541451362978789415236278956314594731862163284795842673159917548623635129487,6,Jellyfish
008000001400500000000020700006001800000092000700080054000005180050010207000830000,278649531419573628635128749396451872584792316721386954947265183853914267162837495,6,Jellyfish
090000302400710000300000000030400070000091030050060000000000009009806201062000040,697584312428713695315629487231458976876291534954367128583142769749836251162975843,6,Jellyfish
000065070200900003004100900130000000040050006000030017800000040079000300053040000,398265471215974683764183952137628594942751836586439217821396745479512368653847129,6,Jellyfish
400800060060090300030002009090530000000900001108004000020008010000240080905010000,459873162261495378837162459692531847543987621178624593724358916316249785985716234,6,Jellyfish
008100003109040005000000000070010030000004900300890027003080019006002800000000002,258169743169743285734528196975216438682374951341895627423687519516932874897451362,6,Jellyfish
050004109000090005730800000640001000000000090000507301064000203070006504000000000,856274139421693875739815426643921758517438692298567341164759283972386514385142967,6,Jellyfish
093060000106200300800900140005609010000050000039070085008096000000000200501002000,493561827176248359852937146785629413614853792239174685328496571947315268561782934,6,Jellyfish
800000400062000000007930000000000230430010000020050090001200000000060170000003640,813627459962584317547931826785496231439712568126358794671245983354869172298173645,6,Jellyfish
000083040000560009500000013078690400090000000265400000000700086000005000007000235,621983547743561829589274613378692451194358762265417398452739186836125974917846235,6,Jellyfish
906004500000005060003900080070000030500003008390086050030008070000100840200500006,926874513847315269153962487678251934514793628392486751439628175765139842281547396,6,Jellyfish
008009040004068090600000205050607100000800000081000004700000800005091070046000500,578329641124568397693174285359647128467812953281935764712456839835291476946783512,6,Jellyfish
006800000800004206471000805002061380009008402000240010238010500000000003100400020,326895741895174236471326895742561389619738452583249617238917564954682173167453928,6,Jellyfish
000000010200000607687500300000003000090000008000051036020000870003800050050070000,934768215215439687687512394562983741391647528748251936426195873173826459859374162,6,Jellyfish
001000000570180209002000060000000900000005000040230080095040700000020300204009015,931762458576184239482953167753618942128495673649237581395841726817526394264379815,6,Jellyfish
090180060800350900400900000000000000500000004070019030030000080060070000009205000,397184265821356947456927813943568721518732694672419538735691482264873159189245376,6,Jellyfish
050002060000100204000004300561430700400000000008706000000000003906570000002060050,754392168683157294219684375561438729427915836398726541875249613936571482142863957,6,Jellyfish
001004000020500480009600010007000000500140020600038500008001390000090805000000100,871924653326517489459683217147265938583149726692738541768451392214396875935872164,6,Jellyfish
905060100006500002000070050300006584080000700000450000740030009000200300000047000,925364178876591432413872956392716584584923761167458293748135629651289347239647815,6,Jellyfish
020900000105000680408100070000019000080200004001000060000070000000002509600805020,726958431195734682438126975362419758587263194941587263259371846873642519614895327,6,Jellyfish
004000090070050600930400000000000060015600007009000504200904050800003000050100000,584236791172859643936417825748395162315642987629781534261974358897523416453168279,6,Jellyfish
000009007000100200047053000023000006060304070080000000001090000204000900030082001,312849567598176234647253198723918456165324879489765312851497623274631985936582741,6,Jellyfish
020000010001000600003001029054009070000073901079005804000050000008004300047000102,625938417491527683783641529354819276862473951179265834936152748218794365547386192,6,Jellyfish
030000008100804090048000001000400070002009300000127000004000000070503002060070000,935712648127864593648395721516438279782659314493127856254986137871543962369271485,6,Jellyfish
000036900500019300000800000900200504003000008060980007200000006009008000008071000,812736945576419382394852761981267534723145698465983127237594816159628473648371259,6,Jellyfish
067500090085000700000100000023001060704300000000000507000430901000602003001000200,167524398485963712239178645923751864754386129816249537672435981598612473341897256,6,Jellyfish
036019502002000000500000006204983000000000080003060000000056008700800400000000301,836719542912645837547328196274983615659174283183562974391456728725831469468297351,6,Jellyfish
000070100004020800000000007000300002270640000106000003052003604039408000000000000,328974156764125839591836427945381762273649581186257943852793614639418275417562398,6,Jellyfish
000204070049000500000080920003100040002070003070000005100726000700400010090000000,586294371249317586317685924953162847462578193871943265138726459725439618694851732,6,Jellyfish
796000301000000006800600020042087100980000000507000000010000050000209400000801072,796425381123798546854613729342987165981546237567132894219374658678259413435861972,6,Jellyfish
010090005000000000500740002050200700060000028000073004974000006000000483080060070,712396845849125637536748192153284769467519328298673514974831256621957483385462971,6,Jellyfish
050340020007050000090000510024000000509406000006900003040060807070098050000004030,158349726467152389392687514724831965539426178816975243241563897673298451985714632,6,Jellyfish
504000001000083005300009006700016080200000500003000000000200040009000000820400103,594627831672183495381549726745916382268374519913852674156238947439761258827495163,6,Jellyfish
000700003700081049041003706070000090054908600006370100080069300000007005000100028,628794513735681249941253786173546892254918637896372154582469371319827465467135928,6,Jellyfish
004070030180006507000005100502007908000098600000000000871000090000000000035400070,654172839183946527729835164562317948417298653398564712871623495246759381935481276,6,Jellyfish
000300080200000609000006050029060107005200000040100000800003000006000508003004002,567391284231458679984726351329865147715249863648137925892573416476912538153684792,6,Jellyfish
800000760040050000700600200003009800000004007408002006000806070000200000010070009,895123764246957318731648295523769841169384527478512936954836172687291453312475689,6,Jellyfish
480000007000700300000090052000600830050009100106050900895004000300000000040005009,489523617512746398673891452924617835758439126136258974895174263367982541241365789,6,Jellyfish
891230000000900300004000208502100083000000500008340000010400009000000062203006005,891237456625984371374561298542179683937628514168345927716452839459813762283796145,6,Jellyfish
509000200070820000006000008000030006007060000040000080800200400000019003100003007,589371264471826935326945178218534796937168542645792381863257419754619823192483657,6,Jellyfish
006000008000702400000058000000070080084500063000000500105240090700000000020003005,576439218813762459942158637651374982284591763397826541135247896768915324429683175,6,Jellyfish
300000806050706040000000500940080001200300000070009030000200360004905070709000000,317524896852796143496138527943682751265371984178459632581247369634915278729863415,6,Jellyfish
900000416508000000300004000710000080650030190000060000000015004000640970000090800,972583416548126739361974528713459682654832197289761345897315264125648973436297851,6,Jellyfish
000890500718000002000204600800500000090080000005900340120060000000002000004000063,246897531718635492359214687831546729492783156675921348123468975967352814584179263,6,Jellyfish
080040000020015040405200006508920407200000000000071000709000800004500002000038000,681749523327615948495283176518926437273854691946371285739162854864597312152438769,6,Jellyfish
800095100070200300090400008910023800003058009700000000000000080002576000500000002,826395147475281396391467258914623875263758419758149623647932581182576934539814762,6,Jellyfish
180300000052070003900001080000000000035010600010009340000700006000000030400060805,184392567652874913973651284849236751235417698716589342398745126567128439421963875,6,Jellyfish
090050103000904000260000000000000007050060209030809050809005000000001790003007020,497256183381974562265138974946512837158763249732849651879425316624381795513697428,6,Jellyfish
070020500000009000009856400200600010008570300000000000926000000800030000003000205,674123598582749631319856427235698714198574362467312859926485173851237946743961285,6,Jellyfish
005000006046000030300080500800600029009031085000800400000009800030000097070068040,185943276246715938397286514814657329629431785753892461461379852538124697972568143,6,Jellyfish
005000040000504080700230500910000000046005000000097030000003002250009007000400000,835971246192564783764238591917346825346825179528197634481753962253689417679412358,6,Jellyfish
070049000000000800008006032021060009000100040300900605000000063830000000905002000,273849156546231897198756432421568379659173248387924615712485963834697521965312784,6,Jellyfish
020000000004000006908420701200054000830009000000003050000000900009100004401030070,623571498714398526958426731296754183835219647147863259382647915579182364461935872,6,Jellyfish
100040500000000600005087304800000000041005078050091000002070000009006750600009000,168943527374512689925687314893724165241365978756891243532178496489236751617459832,6,Jellyfish
000080010006000000001024905004000020920010087600400001000000000470008360060000700,749385216256791834831624975514879623923516487687432591395267148472158369168943752,6,Jellyfish
080500200070060010000002000090006000006080000800450300203000060900704000000000035,681597243472368519539142678394276851156983724827451396243815967965734182718629435,6,Jellyfish
000001309670000008000802001040000000300005000005409002008020000004000900209050806,852641379671593248493872561946237185327185694185469732718926453564318927239754816,6,Jellyfish
000006379500400000090710504710040230426001900000002000300100008009034000160200000,241856379537429861698713524715948236426371985983562417352197648879634152164285793,6,Jellyfish
200506000074009600000020100000200040860000900000030060329000070600000001050000002,281546739574319628936827154793261845862475913415938267329184576648752391157693482,6,Jellyfish
000400395400800000050000046000107000003004009060000200000900003090068074000005902,682471395439856127157293846925137468813624759764589231578942613291368574346715982,6,Jellyfish
005000409000520800070008030000400000530000060000100905900070300403000000080006000,825613479349527816671948532192465783534789261768132945916274358453891627287356194,6,Jellyfish
002900810040005070030000005000030109000000040005800200070490000210070980004000020,752943816849165372136728495687234159321659748495817263578492631213576984964381527,6,Jellyfish
305090000006120090000607000400200000007000806090800000000000530853004002004000700,325498671786125493149637285468273159237519846591846327672981534853764912914352768,6,Jellyfish
080000000040009200307602450000057020000060300206090070903000800000400003000020700,182745639645139287397682451439857126758261394216394578973516842521478963864923715,6,Jellyfish
000700000009501000000020037000000064004008003080106070100000000030080050050007240,248793615379561428615824937721935864564278193983146572197452386432689751856317249,6,Jellyfish
000975000000000400720030010009250040084090020050000000400000086008010000000700501,841975362963182457725436819379251648684397125152864793417523986538619274296748531,6,Jellyfish
000000200000000084008690005700000000030007060000068900006920800200050000500806700,617485239925173684348692175762519348839247561451368927176924853283751496594836712,6,Jellyfish
304000000000190040000005080030207100700001000200800009400002510003000406001000800,354728961682193745197645382938267154746951238215834679469382517873519426521476893,6,Jellyfish
000300500600020000904060080208047010000000000000800700002000007300980061000000900,821394576635728194974165283268547319743219658519836742492651837357982461186473925,6,Jellyfish
500004008907080200006500003002070000000600090100009082600005010000000007080007000,521734968937186245846592173392478651758621394164359782673245819419863527285917436,6,Jellyfish
004096700000807000900140006090000380340000000608004050006900008200050009000400010,814296735562837491973145826195672384347589162628314957436921578281753649759468213,6,Jellyfish
905010008006700000000820090020000645000004009000100020008000004001000980000300000,975413268286759431314826597127938645853264179649175823768592314531647982492381756,6,Jellyfish
003000007050000300100020080000005000000740016007090000000070023006000000080603400,293584167758961342164327985641235798539748216827196534415879623376412859982653471,6,Jellyfish
800000204070800030000600900500001000108200009036040020010000072200700690307000000,893157264672894531451632987529381746148276359736549128915463872284715693367928415,6,Jellyfish
000004058035080000094200000003001009007000600059306001000000800000940005002060010,721634958635189247894257136463821579187495623259376481546713892318942765972568314,6,Jellyfish
000000030003480000060005002000300804000000026807000090008003075090800000050270060,284619537573482619169735482612397854935148726847526391428963175796851243351274968,6,Jellyfish
068020004090000003300014006070002009000000000024360800080030690000000000006800050,768523914491687523352914786873152469619748235524369871187435692935276148246891357,6,Jellyfish
010090700002600500008005090190200800504800060000060900400082000001000004800000030,615498723942637518738125496196253847574819362283764951469382175351976284827541639,6,Jellyfish
000000083000320060000786200060000500407000000000490300008004030040000600036812740,672145983851329467394786251963278514417653892285491376728964135149537628536812749,6,Jellyfish
000600004200001700650000003193780600060040090004000080000900000000007009001006208,319675824248391756657824913193782645862543197574169382725938461486217539931456278,6,Jellyfish
070302050065040000090000082604000700027000010030004008002005009000070045000020060,478392156265841937391567482614258793827936514539714628142685379986173245753429861,6,Jellyfish
000057034060040500000020008026300000005704010900002000000000002700500080080030000,298157634167843529354926178426315897835794216971682453513478962742569381689231745,6,Jellyfish
500900800200000476060000900000040008002009000890260100050000600000070000306000042,547926813239518476168734925675341298412859367893267154751482639924673581386195742,6,Jellyfish
030590180805000930000600500040006018200003050080010000302004000019000300400000060,736592184825741936194638572543926718261873459987415623352164897619287345478359261,6,Jellyfish
900040700005000030341502000020060300700000008030005006607900000090600207010004000,986143752275896134341572689528467391764319528139285476657921843493658217812734965,6,Jellyfish
010009320000000001200000000070506400024071000908040006000304050045000030300005100,417869325586432971239157864173586492624971583958243716891324657745618239362795148,6,Jellyfish
000890040050000608000607900780001500000000082020040001064000810009000406500000000,672893145953214678148657923786321594491765382325948761264539817839172456517486239,6,Jellyfish
300005070002800000000000903000050706901400000006000005000010204700060000000002500,318695472492837651567241983234158796951476328876923145685719234723564819149382567,6,Jellyfish
090180070000400510007300080006094000000000700480007000000910000050006100700000906,594182673863479512127365489276594831935821764481637295642918357359746128718253946,6,Jellyfish
700005900000002000100000435000540000870000004009000106400300700560070008000000000,786435921354192687192867435631549872875216394249783156428351769563974218917628543,6,Jellyfish
000673900200500080790020000100000040009108005005000600000206000601000870080900000,518673924246591387793824156162359748479168235835742691957286413621435879384917562,6,Jellyfish
700000900029508304000490507007060000300700000090031200483005000000000000000300400,745213968629578314831496527217964835368752149594831276483625791952147683176389452,6,Jellyfish
900200600600500400030007005120070900007000061009000700001004390004002008200010000,915243687672581439438697215126478953347925861859136724761854392594362178283719546,6,Jellyfish
000000200080605000100000070504000000000400007000030160600800003000002450350070026,436798215287615349195243678564187932913426587728539164642851793879362451351974826,6,Jellyfish
600090018000000000090043070500304900030000006000510000000007400100000063040026500,674295318385671249291843675518364927432789156967512834856137492129458763743926581,6,Jellyfish
007000002500009400000500000240006003010950004906100000001000000000031060060000208,687314952532679481194528736245786193318952674976143825851267349429831567763495218,6,Jellyfish
030400017000020000000070340690000000800300005070015000009100000008060190000000803,532489617714623589986571342695847231821396475473215968249138756358762194167954823,6,Jellyfish
070300600000000000103900200064100000000020000200070180000000306700690040002040907,578312694926784531143965278864139725317528469295476183489257316751693842632841957,6,Jellyfish
000910300004050009007002540256080000400006052000000060028000090301060200005009030,562914378134758629987632541256483917473196852819275463628341795391567284745829136,6,Jellyfish
040901000297000000000000800800000003002475001051003000000030006000090020300080075,648921537297358164513647892864219753932475681751863249485732916176594328329186475,6,Jellyfish
037080004000300001000204007006008010000600900285000070320400700050060000004020038,937581624542376891861294357496758213173642985285139476328415769759863142614927538,6,Jellyfish
070950008520340000000000029000000690204000100060507040700005000030280000000600000,671952438529348716348761529817423695254896173963517842796135284135284967482679351,6,Jellyfish
060000020004090000129000600000100003003407000000260000600721080901000006000000007,768514329354692871129378645246189753893457162517263498635721984971845236482936517,6,Jellyfish
106007050000040073500900000005090000800000000002400060000020500004580200000300094,146837952928645173537912648465293781893761425712458369689124537374589216251376894,6,Jellyfish
000001042002038700000000000901003000004090010628000900009304160060910000040062080,397651842512438796486279531951823674734596218628147953279384165863915427145762389,6,Jellyfish
000010000470000000009067400000009605000080002060100000750200010200000060900005804,635914278471528396829367451182479635597683142364152789758246913243891567916735824,6,Jellyfish
020000000006800307001040080100400000000350670000060930405001708000000053000006000,829713546546829317731645289163497825984352671257168934495231768672984153318576492,6,Jellyfish
000806000104090070820030000073000001000000000000080354590000140000250008002000700,357816429164592873829734516973465281485321967216987354598673142741259638632148795,6,Jellyfish
750040000000000050003700800120000007094000210800002000008600900200430000000050108,751846329682913754943725861126394587394587216875162493538671942219438675467259138,6,Jellyfish
002041000600900000000003470000080605000700003210090000000004091030000004900100360,372641589645978132189523476793482615458716923216395847567834291831269754924157368,6,Jellyfish
000068509904030080000000400009000005040891070070200008700500800020370000005000704,237468519964135287851927463689743125542891376173256948796514832428379651315682794,6,Jellyfish
060002390000040600001630040900100807002098010800000000034000070100000008020050060,467582391359741682281639745943165827672398514815427936534816279196273458728954163,6,Jellyfish
900087000007310900000000000009825007000000058200030100020000030030950700600000005,916487523587312964342569871169825347473691258258734196725148639834956712691273485,6,Jellyfish
000070000200005070003008509900400205600500090000080600105000903002816000800000020,589174362246395871713628549938467215627531498451289637165742983392816754874953126,6,Jellyfish
000607000001000200270003000050710000027400830809000000000000900600200508092000076,945627183381954267276183459453718692127496835869532741718365924634279518592841376,6,Jellyfish
000003400057000000000105000800000000006010309030090107040600700500030010001089040,168723495257948631394165872819376254726514389435892167943651728582437916671289543,6,Jellyfish
030700040000801036920000000002006094090000610010479800080610900000500000703908061,836752149547891236921364758372186594498235617615479823284613975169547382753928461,6,Jellyfish
800400210600000000000183000000000000040260070009000630180500040070020000020001003,837496215614752398592183467768319524341265879259874631186537942473928156925641783,6,Jellyfish
007200800040003000500000047002650900000001700150030080008000000070040021000000000,397214865846573192521986347732658914689421753154739286418362579973845621265197438,6,Jellyfish
000006090005400000000915070007000040000001002040050609360000000400090020029004005,874326591915487236236915478587269143693841752142753689368572914451698327729134865,6,Jellyfish
076302509050000007200000000060700041090006250000020000020010000000039800035007000,176342589354698127289571634862753941497186253513924768728415396641239875935867412,6,Jellyfish
000000351800000000007003060040000000006704010005016000000005009260000800000187040,694872351832651497517943268143598726986724513725316984478265139261439875359187642,6,Jellyfish
603900502100000060000007000000500300000290005049010000000000000005060007706305091,673941582194852763852637914217586349368294175549713628931478256425169837786325491,6,Jellyfish
070100098200004003400000000059700300104000060000300050005200179000000000002050000,576123498298674513413895726859716342134582967627349851345268179961437285782951634,6,Jellyfish
100000500082600004603004008060010000000000200304506001000060010000800400000953070,149782536782635194653194728867219345591348267324576981235467819976821453418953672,6,Jellyfish
000020500070003864080001000009040000400000080830007400010070000000002093006000002,693428517271593864584761239129846375467235981835917426912374658748652193356189742,6,Jellyfish
900000000003572001000000040400801005000090030000207000109050600050000090080300002,975146328843572961261983547496831275712495836538267419129754683357628194684319752,6,Jellyfish
020640075007900082000007000340090000002083060600000900050000008279000000830070096,923648175167935482584217639345196827792483561618752943456329718279861354831574296,6,Jellyfish
700004056000900043008050000000000000004075000009080602000000100000000025047600300,793124856125968743468753219271396584684275931359481672832549167916837425547612398,6,Jellyfish
000090000580006000009324000020630000000009520600800400200000104030000800007080030,346598712582716349719324658425637981873149526691852473258973164134265897967481235,6,Jellyfish
754000060600400020003067000917005000006009000040608917009080206500070008000906005,754192863698453721123867459917345682286719534345628917439581276561274398872936145,6,Jellyfish
010000000500000062090706530040010670003000000000005000100080400000500093050600000,316852947574193862892746531245318679983467215761925384137289456628574193459631728,6,Jellyfish
001700800004000070002056000000500200070009000809204030000000002030002500100800043,591743826364128975782956314413587269276319458859264137945631782638472591127895643,6,Jellyfish
020006003000900500538040000200000030090004100100020005000010000056007000009500607,927856413641973528538241769274195836895364172163728945782619354356487291419532687,6,Jellyfish
040006019600080025058000000010000904800000030069004200030060008100000000002509001,743256819691387425258941673517623984824795136369814257935162748176438592482579361,6,Jellyfish
000060407041072095070090060010450008500008700008900100800640009000000010000009500,985163427641872395372594861217456938569318742438927156853641279794285613126739584,6,Jellyfish
004100000005000900032004057700002803320060000000850000890000300000000005000300790,984175632175236948632984157759412863328769514461853279897541326213697485546328791,6,Jellyfish
300080000290004700500060020030005902000030000000402800000006000608020410000003206,346287159291354768587961324834615972912738645765492831123846597678529413459173286,6,Jellyfish
060002000080030507040150030006070024000500700300000000000400015008000300000081000,563792481281634597749158632156873924824519763397246158932467815418925376675381249,6,Jellyfish
003007000076005100010090006037860040000000000200001008000000263060100050008200001,423617985976385124815492736137869542689524317254731698541978263762143859398256471,6,Jellyfish
100005098640800000000000300000080001010003875070006000000000640009001050000390000,127635498643819527598742316354987261916423875872156934231578649489261753765394182,6,Jellyfish
030000170006070030001035400050000006107060908860200050008720500302009007005006000,534682179296471835781935462453198726127563948869247351618724593342859617975316284,6,Jellyfish
409800030500000400007030105006079000700080050003500000000004361000100007000000008,469815732531927486827436195256379814794681253183542679978254361345168927612793548,6,Jellyfish
800000005010040003090806000600107500400600730370000800000015000000408019028060000,864321975215749683793856142682137594459682731371594826947215368536478219128963457,6,Jellyfish
305708000010000000900060800000000900700400081450100007070800013500007090002090070,365748129218935746947261835821673954796452381453189267679824513584317692132596478,6,Jellyfish
080040700000000103070600900064190005000008000008400000006002007050000009039051004,681349752495287163372615948764193825913528476528476391846932517157864239239751684,6,Jellyfish
607008230000004081001020000000007040302080700000000100020000600709000000080105000,647918235235764981891523476168297543352481769974356128523849617719632854486175392,6,Jellyfish
001000700000052900000000020008009300032040000409008007003026080090000604080004003,921463758874152936365897421618579342732641895459238167143726589297385614586914273,6,Jellyfish
000104000800006310000000094087300002020708000000060100010000700032005008040600000,259134876874926315361857294687391452125748639493562187516289743732415968948673521,6,Jellyfish
280000540130004000000002000406000003090035204000000000700021365000040801300080400,289163547135794628674852139416278953897635214523419786748921365952346871361587492,6,Jellyfish
802070500500009002060000080000000920000096070600053000900007001050000060000542009,842671593571839642369425187135784926428196375697253418984367251253918764716542839,6,Jellyfish
059402603730000005400000000000001904000340060002006000080100509093008010000600000,859412673731869245426537891365271984978345162142986357687124539293758416514693728,6,Jellyfish
008506002009000000070201809000400000000120090050000481001030650700005100800004000,348596712129873564576241839913458276684127395257369481491732658762985143835614927,6,Jellyfish
000060005020000600600950003050003001900000830002000000004800200001005007009100080,893261745125347698647958123458623971976514832312789456534876219281495367769132584,6,Jellyfish
309004050506001009040709020405900007000006030000000590801007000600000013000030000,379264851526381479148759326415923687982576134763418592831697245657842913294135768,6,Jellyfish
000000062300200001050106040070304200000021600040000000003000000860030000410060070,184973562396245781752186349675394218938721654241658937523817496867439125419562873,6,Jellyfish
329007060700000000000930740900002800075000000002500096030001078008020000000000001,329487165746215983581936742963142857875369214412578396234691578158724639697853421,6,Jellyfish
240080070630000200000090000098064500006002800050009004000048000804030102000000005,241583976639417258587296341798164523416352897352879614125648739874935162963721485,6,Jellyfish
950100060300000000807030000000570003000008010070301000001000040049005008700090002,952187364364259871817634295198576423623948517475321986531862749249715638786493152,6,Jellyfish
000003010007002090004700006803000000090500048000630000600004830030000000009000205,985463712167852493324791586873249651296517348541638927652174839738925164419386275,6,Jellyfish
040006300070000065601030800500061000400080000000502980008370090905000030030005000,249856371873129465651437829587961243492783156316542987168374592925618734734295618,6,Jellyfish
010003002400000078000400500070050010020080000001000037800001005000590700000006004,615873942492615378783429561978354216326187459541962837837241695164598723259736184,6,Jellyfish
006104000000070809000603000004000630700000008000001020490000007001000090600002000,926184573143275869578693142854729631712436958369851724495368217281547396637912485,6,Jellyfish
040501900007090206201000000050100004000009060003640000000000000002064000000905107,346521978587493216291876453659182734174359862823647591735218649912764385468935127,6,Jellyfish
010005000908000007007009000049002070750000103000500490000031000074000500000004910,412875369968143257537629841849312675756498123321567498695231784174986532283754916,6,Jellyfish
040000300500040007000008000907000030010007800800400000320010050100700009060802010,241975386598346127673128945957281634416537892832469571329614758184753269765892413,6,Jellyfish
005006740400320050001000200020050010007000000000000387000005000896000000000008173,235896741479321856681574239328759614167483592954612387713245968896137425542968173,6,Jellyfish
037100002000005003000009000000000950103400000090500004020000060005600070970040800,537184692489265713261739548742813956153496287698572134824957361315628479976341825,6,Jellyfish
060200004005009000190080700000070060002008300000140007320400010000037000080900000,768253194245719638193684752814372965672598341539146287327465819951837426486921573,6,Jellyfish
100000000080002046463700020000080705000060400056000002010006009034100008002803610,129634857785912346463758921341289765278561493956347182817426539634195278592873614,6,Jellyfish
700240000820009056000000400900300705300000009000007230205670003010003602070004000,736245981824719356159836427942381765367452819581967234295678143418593672673124598,6,Jellyfish
700206400000005030050140000500007040080000700900810005000001900000084002003000070,719236458428795136356148297531627849682459713974813625265371984197584362843962571,6,Jellyfish
007000050030000000201876000820900000005083000000000073009508060000010004600000080,487392651936451728251876349823947516765183492194265873349528167578619234612734985,6,Jellyfish
000000403480970050000604800108000705200107000640090002004000600760000008805200007,976825413483971256521634879138462795259187364647593182394758621762319548815246937,6,Jellyfish
405300002078400003000090050020000078000048600000900000700006000000750080300080000,495371862278465193613892457524613978937548621861927534789136245142759386356284719,6,Jellyfish
600041000009700004000000003001000000370000008400065000040000200080007600002390007,635941782829736154714582963251873496376419528498265371147658239983127645562394817,6,Jellyfish
002050047000127008000000020001000400000730080090004200300005000809306005100270000,912658347436127598578493126781962453254731689693584271347815962829346715165279834,6,Jellyfish
002100000500006800100307005080003009300600000200809603650000000003020400900000007,832154976547296831169387245486513729391672584275849613654738192713925468928461357,6,Jellyfish
001002006650040000000003000206000094080030020009004580300580040900000003000006000,891752436653948712427613958216875394584139627739264581362587149975421863148396275,6,Jellyfish
030090005900000400002800030504000208300700000001200900800000006005007100000120000,136492785958673412742815639574931268329768541681254973817549326265387194493126857,6,Jellyfish
100602700000001030004000610080500060000400000079016003006020050000005200010900400,153692784967841532824357619482539167631478925579216843796124358348765291215983476,6,Jellyfish
300001970704205000050000002506009020000304800400060000100003796000900010009500003,382641975764295138951738642536879421217354869498162357125483796873926514649517283,6,Jellyfish
020000000004000700300005608000003800050020060060080015200001090009500000700090200,628347159514968732397215648971653824853124967462789315246871593189532476735496281,6,Jellyfish
005800300000000002367400000109300800000050003002900104000000600000200058000693200,245819376918736542367425981179364825486152793532987164721548639693271458854693217,6,Jellyfish
057000006001700000000408007000001300070520000920034075809100000010095780000000000,257913846481762593396458217564871329173529468928634175839147652612395784745286931,6,Jellyfish
070000090900000186000001000000900020009810057400003600600054200100268000000000000,271685394953427186846391572715946823369812457482573619698754231137268945524139768,6,Jellyfish
060004000215009400080030500000503001007000000000906240000000000040002806006000003,763254189215689437984137562498523671627841395531976248872365914349712856156498723,6,Jellyfish
070003000804100090030000001300000000060000405000800000100950003600480007090300600,571693824824175396936248571318524769269731485745869132187956243653482917492317658,6,Jellyfish
000000080003040075040700600050000098900020406070000000530106000001080050800070000,765913284183642975249758613352461798918527436476839521537196842691284357824375169,6,Jellyfish
009001000380070201020400700000300500003000008100002094800029000010540803000080010,749231685385976241621458739298314576463795128157862394836129457912547863574683912,6,Jellyfish
920006070000000106700000005000003000290008000608070001000032000430007800000005090,921456378385729146764381925147263589293518467658974231579832614436197852812645793,6,Jellyfish
004700000000500004560080090020000600100640008600090075410007000900008730007060000,234719586798536214561284397829175643175643928643892175412357869956428731387961452,6,Jellyfish
600000000800420000045300006200070600000050000014002080030800000006000209100003040,623591874871426395945387126298174653367958412514632987732849561486715239159263748,6,Jellyfish
500700106002000000010004000000020060800000009326000507070905302200030700000000010,584793126932516874617284953759328461841657239326149587178965342265431798493872615,6,Jellyfish
040700053030041008000600020000006004000039000700000501800000000003005060010060005,649728153532941678178653429381576294254139786796284531865497312423815967917362845,6,Jellyfish
004970630600500072005000000010030096000000000006009004080054000900060010060300057,824971635693548172175623948218435796549786321736219584387154269952867413461392857,6,Jellyfish
005010076006000540020000001450000000000800103000030700034008060000300008600590300,845213976316987542729456831453721689267849153198635724934178265571362498682594317,6,Jellyfish
701000000000010700040000005004200050890007000500890200007004100020900304000000020,731685492285419763649732815374261958892547631516893247957324186128956374463178529,6,Jellyfish
910002300070509000304000090006000710008201000750004000000100050000040003000020906,915462378872539641364817295296358714438271569751694832629183457587946123143725986,6,Jellyfish
089000060000100020060003018000008000002000000500072030320000800005000700010025000,189254367753186924264793518431568279672319485598472136326947851845631792917825643,6,Jellyfish
005604000080020000007000009000080940010000200059000600000060405000048000003905008,195674832386129574247853169632581947814796253759432681928367415571248396463915728,6,Jellyfish
001007008080020003960000000070000090000200400490080107000018000000900001804030020,241397658785426913963851274578164392136279485492583167329718546657942831814635729,6,Jellyfish
060004009008300400100700005000000000000080600200405007070536000014002000000000083,763254819958361472142798365497623158531987624286415937879536241314872596625149783,6,Jellyfish
904800010000000008620000040200000000300000900070380160000600000000004056000019002,934827615715946238628153749246791583381465927579382164452678391197234856863519472,6,Jellyfish
500004609200010070300000000000089020002000060000507080000090000700405002806000000,578234619264918375319756248157689423982143567643527981425891736731465892896372154,6,Jellyfish
060400000090050200000100900980007000500600400030020007000000600004000020200090500,362489715198753246745162983981547362527631498436928157859274631674315829213896574,6,Jellyfish
000000042500300800700064500080000000030029070050830020000900005009003600000000010,693785142524391867718264593982417356136529478457836921861942735279153684345678219,6,Jellyfish
302050600600040003005010002000000800408001020500600409103500000080000700000800006,312759684697248153845316972739425861468931527521687439173564298286193745954872316,6,Jellyfish
000000500000120070000406800001050402540000300008000700050300000020080004900001080,263978541489125673715436829671853492542769318398214756854392167126587934937641285,6,Jellyfish
100080000042530090580000000200700000003000004090040100000100027007068400000000030,139687245742531896586429713214756389873912564695843172358194627927368451461275938,6,Jellyfish
015020000007400000000509800000003400000900000360074052946001000030000007000040060,815327694697418523423569871279653418154982736368174952946731285532896147781245369,6,Jellyfish
018720090000800006050400000074000210800000070000040008087000900000500600200069000,418726593932851746756493182374685219869312475521947368687234951193578624245169837,6,Jellyfish
730000000000000400090305010300004000000002008005837090002040050600020100100050003,731489562586271439294365817318694725967512348425837691872143956653928174149756283,6,Jellyfish
400002005000001703500600000000085030685000000000010020090000002007023800000009006,418372965926851743573694281241985637685237419739416528394768152167523894852149376,6,Jellyfish
000407830006000001000300026010800000002005000800030000001070002000008600080602305,125467839376289541948351726617824953432795168859136274561973482293548617784612395,6,Jellyfish
800010060064050009009700050300098100050000000070000400600007903000900000000004000,825319764764852319139746852346298175958471236271635498612587943487963521593124687,6,Jellyfish
060420000002000090004000006010002004000006008000103200000009000005080960180050000,961425873832761495754938126517892634293546718648173259426319587375284961189657342,6,Jellyfish
090402000100000304600100500000600900379080006000040000004930000006000008030000007,893452761157896324642173589485627913379581246261349875714938652926715438538264197,6,Jellyfish
090630000076000120000000003018720000000003090005090001000050010204300006000006040,592631487376548129841279563918725634427163895635894271769452318284317956153986742,6,Jellyfish
003600000050020087000705600020008000000073028100000005000000090600500004095040270,713684952956321487284795613427158369569473128138962745841237596672519834395846271,6,Jellyfish
000090004004208060008003090006740080400000036097500002080060300000000000200000078,372691854954278163618453297136742589425189736897536412781964325563827941249315678,6,Jellyfish
050690008900000007040100900010069002000001450000400600000045800304786000508000060,157693248936824517842157936413569782689271453725438691261345879394786125578912364,6,Jellyfish
080400000205000608090200074007000001000000407500090000000060500000000003820100000,781436925245971638396285174467523891932618457518794362174362589659847213823159746,6,Jellyfish
104000300098000004000001000000800013000407009000030600500600070007084090800090000,124978365798356124365241987452869713683417259971532648549623871237184596816795432,6,Jellyfish
209003700060020800080000009400080170000000600013706000000097380007000004000301000,249813765765429831381675249456982173972134658813756492124597386537268914698341527,6,Jellyfish
009000000045706000000500017072800050050000102600000003080050060900001030000600001,719238546345716928826594317172843659453967182698125473281359764967481235534672891,6,Jellyfish
008050000570800001209007000000094000060000007000016040000000095004000200092001008,648152379573849621219637584827394156461285937935716842186423795754968213392571468,6,Jellyfish
000007000020005067087000904000000400030601000000340000072000081004000020060200300,643897152921435867587126934256789413439651278718342695372964581894513726165278349,6,Jellyfish
040000800029000000700500600000002000200000073400017000010090500000020080507800060,345276819629184735781539624173962458296458173458317296812693547964725381537841962,6,Jellyfish
060000500010000090070006001700900000000200000490710023500028009000609230600030005,968341572314572698275896341752983416831264957496715823543128769187659234629437185,6,Jellyfish
040000000300100040006000813004806000000005000600420508000051907020007080005308004,841963752357182649296574813574836291982715436613429578438251967129647385765398124,6,Jellyfish
590000000000002000640030010400180297000000060010700003006340001000000600030890004,597618342183452976642937815465183297379524168218769453926345781854271639731896524,6,Jellyfish
006082500000090013000001000000900608060000000020005040050400001200000050347500060,196382574785694213432751986571943628964278135823165749658427391219836457347519862,6,Jellyfish
000010500002006900000394700840200030000040800009108075200005000410000000003901008,974812563132576984685394721847259136561743892329168475296485317418637259753921648,6,Jellyfish
380500002020081600100090000000000301000006000630408005003100406000000008007042000,389564172425781639176293584748925361952316847631478295893157426214639758567842913,6,Jellyfish
060000053030040000005006120300061004000000810000920000007000301050107600840000000,769812453132745968485396127378561294926473815514928736697254381253187649841639572,6,Jellyfish
003006002000490300000238075000000009308000050650300001004050600080620003506800000,843576192275491368961238475412765839398142756657389241124953687789624513536817924,6,Jellyfish
000005060084012009300098400150040800800000090003000020470150900000020040530004000,219435768784612359365798412156249837827563194943871625472156983698327541531984276,6,Jellyfish
030000070020000000060012508000709800490150000600003900789200600000000280000080050,834596172125874396967312548351769824492158763678423915789245631546931287213687459,6,Jellyfish
000001500000000007005308040004000000028100000010405609800000002056080103001500000,632741598489256317175398246564839721928167435713425689847613952256984173391572864,6,Jellyfish
002080460709500020060000500006005080090006000040000300000000070900070003000391600,512783469739564128864129537176935284398246715245817396623458971951672843487391652,6,Jellyfish
060000049300009000050041600040000800900007401008000020000020530001000000500094000,162875349374269185859341672745912863923687451618453927497128536281536794536794218,6,Jellyfish
002000409900107080000080000603000000004208000010600500001000605200000008000002090,182356479945127386367984251623495817754218963819673542471839625296541738538762194,6,Jellyfish
600074058830000000000000701500900076000430000000000100002045300060103000004600007,621374958837519624459862731543981276216437895978256143182745369765193482394628517,6,Jellyfish
002180700000000691060000000000010005016002040009400003003620000001708300400000000,592186734738254691164379582247813965316592847859467123973625418621748359485931276,6,Jellyfish
000000020000006000500020609000003007640100802800000100900610000000005400007802010,796541328284396751531728649129483567643157892875269134958614273312975486467832915,6,Jellyfish
000690705000000020002807300306900002400000000000050930008065047005701000600000008,134692785867513429592847361356974812429138576781256934918365247245781693673429158,6,Jellyfish
004100000207000000690037052000062075000050001000900060700040100040000000002001630,834125796257496318691837452419362875326758941578914263765243189143689527982571634,6,Jellyfish
090805070500000100003001000900000000107000008385004790200000930000007050000038061,491825376562473189873691425946782513127359648385164792218546937639217854754938261,6,Jellyfish
309020000600400078000000000000000500008500043200890000036050020001006400000010805,379128654652439178184675392763241589918567243245893716836754921521986437497312865,6,Jellyfish
420000000000610400009702000301000700000060002070500001750830000000000000060051030,425398176837615429619742853381924765594167382276583941752839614143276598968451237,6,Jellyfish
200809400300020900600005700072008009000000004003900600100070000700301280000000000,257869431381724965694135728472658319569213874813947652128476593745391286936582147,6,Jellyfish
875900020003070060960020008010200084280060010007090000000409206600002000090010000,875946321123578469964123758316257984289364517457891632531489276648732195792615843,6,Jellyfish
200007000690000000030028007000060000700004200002900506800300010000005390000009005,218697453697453821534128967985762134761534289342981576859346712476215398123879645,6,Jellyfish
504700800000050002030600005190300470003100000000009600000800000009000010600070000,524791863786453192931628745195362478463187259278549631357814926849236517612975384,6,Jellyfish
100086030008020000000000040000200074924300008070090000050800000000060002003079060,197486235438925716562731849316258974924317658875694123651842397749163582283579461,6,Jellyfish
200004000070280005010500800000049180000000302000300057300008090009052003000030200,258694731973281465614573829532749186796815342841326957327168594189452673465937218,6,Jellyfish
600800000007300000000090810030001070000580600040060000075004030003000040000000706,614857293987312465352496817536241978791583624248769351875624139163978542429135786,6,Jellyfish
006400002000002036304607000700003000200048001100000050000000000000081040080206305,896435712517892436324617589759163824263548971148729653972354168635981247481276395,6,Jellyfish
097250000040600503080040000002000001160500002000900700450000000903001040000020000,697253814241698573385147269572836491169574382834912756458369127923781645716425938,6,Jellyfish
009005010025104009000700000200000504490600007006070000000963100600000020000000000,769285413825134679134796852287319564491652387356478291572963148613847925948521736,6,Jellyfish
690000300150873004000100050070305816000010040000608500540080100000030400009000005,698254371152873694437169258274395816865712943913648527546987132721536489389421765,6,Jellyfish
005904000910200048000010000700020001080005400059008030300000007001500600094070000,235984176917256348648317295763429581182735469459168732326841957871593624594672813,6,Jellyfish
900002004000000007006804390500020040200006010000570003409000020000005009000300000,958732164342961857716854392587123946293486715164579283439617528871245639625398471,6,Jellyfish
500000700006300000040061000300000005000200803000040607034056008700000001025000000,593824716816397452247561389372689145461275893958143627134956278789432561625718934,6,Jellyfish
070083004906000020000060790000390005000007600400000000600000200190500000050800070,275983164936471528814265793761392845589147632423658917648739251197524386352816479,6,Jellyfish
601000000300105002050007014000501000003062000120000050000200080035800900806000070,671428539384195762952637814769581423543762198128943657417259386235876941896314275,6,Jellyfish
000090400000603005000701000700080000003050100005004030309000720001000050040100300,637598412128643975954721863712386549493257186865914237389465721271839654546172398,6,Jellyfish
300000001072000600400000090030019000600200900000806200000000700008650002700008060,395764821872391645461582397237419586684275913519836274126943758948657132753128469,6,Jellyfish
800004790490000008000030020100002000000805009000000570005001006700280050000060000,836124795492657318571938624157492863623875149948316572285741936769283451314569287,6,Jellyfish
000003500009010060100000003010008000435060008000020006006030010070051009000080200,264893571389715462157642983612578394435169728798324156926437815873251649541986237,6,Jellyfish
200004080050003007010050000700801900500400000030070041000100036900008070000007000,279614385654983217318752469746821953591436728832579641427195836965348172183267594,6,Jellyfish
000003070703000820060070009500030000002406003080000400000002058857010600000500900,418293576793165824265874319541938267972456183386721495139642758857319642624587931,6,Jellyfish
009000800020001760307000900030040000002037090000560000280070603900000001060000000,619754832528391764347682915736249158852137496194568327281975643973426581465813279,6,Jellyfish
200006000030581002800000100050460017024000000000053000047300068080040003000009041,291736485436581972875294136359462817624178359718953624947315268182647593563829741,6,Jellyfish
056102049000000000400090000000000290300000005082005300020560400090000073040700002,856132749279456138431897526564381297317924865982675314723569481195248673648713952,6,Jellyfish
000000090409050600700080001005600000000008040003000100200005000900010070008090420,521367894489251637736984251145623789692178543873549162267435918954812376318796425,6,Jellyfish
000000000410003900003106000980005100000240307000009000060980000300001500002000800,829457631416823975573196284984375162651248397237619458165982743348761529792534816,6,Jellyfish
008700000600040005000000620089002040000300090000000802400050007090000018070930000,928765431613249785745813629189672543257384196364591872432158967596427318871936254,6,Jellyfish
009600050700000204080000000051040007070000040002008010098750032500020100200009700,429637851763185294185492673851946327976213548342578916698751432537824169214369785,6,Jellyfish
700005902020043050000000000010920000000007680000080209000000040004700000090030805,743815962829643157165279438418926573932157684576384219381592746254768391697431825,6,Jellyfish
006010070070000004030005090004003000000000019000026080000004007098700620003000000,546912378279368154831475296184593762362847519957126483615284937498731625723659841,6,Jellyfish
070000000000408037200009060006000200009054000740600009000035020050946001400000053,574163892691428537283579164836791245129354678745682319917835426352946781468217953,6,Jellyfish
000060200010000030063000050530002060008400020020100500009010000080050090406300000,945863271817529436263741958531982764698475123724136589379218645182654397456397812,6,Jellyfish
030090407800040000400007000020000783004001000500060004000000900000072058060008000,132895467897346521456127839621459783374281695589763214218534976943672158765918342,6,Jellyfish
800790430000000000040006100002000004000049600007001080950000017070008000600020000,815792436326184759749356128162875394583249671497631582958463217274518963631927845,6,Jellyfish
000080461000001008050700200000030000920000600015070000560000100802009500000000007,297583461634291758158764239786432915923158674415976382569847123872319546341625897,6,Jellyfish
800000900506001038002000400001204003420300109003009040000060000208140600000032084,814623975576491238392857416951274863427386159683519742745968321238145697169732584,6,Jellyfish
000000010700001002000480000900010826030000000007508009000009300608007095000100060,389275614746931582521486973954713826832694157167528439275869341618347295493152768,6,Jellyfish
070010090005040000104009003000007005549008007017000000003004800060500004020670000,376815492295346781184729563832967145549138627617452938753294816961583274428671359,6,Jellyfish
000010003040300089021000000005030002000500000207061300800000470073048501050000000,798614253546327189321895764165739842934582617287461395819253476673948521452176938,6,Jellyfish
400080006000100070067500000800010602009000000130020007000270018302001004050000000,413782956528196473967534281875319642249867135136425897694273518382951764751648329,6,Jellyfish
308600000026031090000002100902000610000007005030000902209370000600000000047009050,318695247726431598594782136972853614461927385835146972259378461683514729147269853,6,Jellyfish
900000010060003000050000309080000100000004000002060790006510003129000060030020400,943752816861493257257681349684279135795134682312865794476518923129347568538926471,6,Jellyfish
000000700000900800000048065400100090800653004007800000980000001003000059005060000,698512743574936812231748965456127398829653174317894526982475631763281459145369287,6,Jellyfish
300010270704005000100200006000140090000000003050302708530000000040009000902081050,396814275724695831185273946673148592218957463459362718537426189841539627962781354,6,Jellyfish
309020001400030020207000090000000700000209080000574900080400030140000000000003805,369825471418937526257641398921386754574219683836574912685492137143758269792163845,6,Jellyfish
400200673002530000001000000000400301304012050500000000000007009003000002280006040,458291673762538914931764285826475391394612758517983426645127839173849562289356147,6,Jellyfish
007000200800620000010070800070900002089002500000850600300005010006301000100000090,967138254853624971412579863574963182689412537231857649348295716796381425125746398,6,Jellyfish
000028006003050000105700000002300007000070210001000900079001023000400000000002705,497128356283654179165793842842319567936875214751246938679581423528437691314962785,6,Jellyfish
030000090005600000600000000300090580800002704001008200000021000090040320060030040,238415697975683412614279853326794581859162734741358269483521976197846325562937148,6,Jellyfish
000005009000086014080020000000200007050008040041000203010034060000060500002000000,136475829527986314489321675698243157253718946741659283915834762374162598862597431,6,Jellyfish
005000109820510600070903008080070000700000000390002080000000700000150900200000010,435786129829514673176923458584371296762895341391462587913248765648157932257639814,6,Jellyfish
100000050006402000000000800500680010900000207010090000020070009800000401000100005,143869752786452193259731846572683914968514237314297568421375689835926471697148325,6,Jellyfish
000050000005003700900010850100500060003060904009002000312000000000070013000600000,271859436865423791934716852127594368583167924649382175312945687496278513758631249,6,Jellyfish
006403800500902030000000002060005000001600490280070006800000005000000600000500200,926413857578962134143857962369145728751628493284379516812796345435281679697534281,6,Jellyfish
001026004060000007002000900000000000100005090094208760607500040010000000480030102,951726834863194527742853916238967451176345298594218763627581349319472685485639172,6,Jellyfish
010500600070060002000204500008126050000805090601079000003008000109000000480050020,214587639875963412396214578948126357732845196651379284523498761169732845487651923,6,Jellyfish
300050006900100008000030190020008004000200035001490080000340000009000000087001000,318759246972164358546832197623578914894216735751493682165347829239685471487921563,6,Jellyfish
370000000000800750000300608452010800000006030060480070501048007704100000086500400,378654921649821753125379648452713896817296534963485172531948267794162385286537419,6,Jellyfish
000000900700300050800096000963007040400000500000061000070000028000700000200048060,326175984791384652854296713963527841412839576587461239179653428648712395235948167,6,Jellyfish
005000060100500403000013000300070000800001006000004009000000005400309208060705300,935427861178596423642813957316978542894251736527634189783142695451369278269785314,6,Jellyfish
000500490904000010050000006890605000001070000000000600300000004108007950070041000,613582497984736215257194836892615743461873529735429681326958174148367952579241368,6,Jellyfish
000000000530070061000016430300700090900083040060000007109050070000000000007004002,416328759538479261792516438324761895975283146861945327149852673283697514657134982,6,Jellyfish
610005300030004000400206001500000830740000000800501000070008046000000000000042107,617985324235714968498236751561479832749823615823561479372198546184657293956342187,6,Jellyfish
004000000901750000070000906410020080090005201500000047009000000038010400200049100,324961758961758324875234916413627589697485231582193647149372865738516492256849173,6,Jellyfish
004000000001750000070000906410020080090005200500000047000000000038010400200049000,324961758961758324875234916413627589697485231582193647149372865738516492256849173,6,Jellyfish
036000009001098006050000020000100000209000000680720000090010003800003401000600008,736241859421598736958367124375186942219435687684729315597814263862953471143672598,6,Jellyfish
030000904049100060008020000010000390000900200002000016003610020005800000000043005,231756984549138762768429153614582397357961248982374516873615429425897631196243875,6,Jellyfish
000053401800470020090000000000030097007005030080020000700080053000000200060009000,276953481831476925594218376625834197417695832983721564749182653158367249362549718,6,Jellyfish
010002648000084020000010500080000004000540070900100000004000000030027061000030000,719352648653784129428619537587296314361548972942173856174865293835927461296431785,6,Jellyfish
000000009003290580057000030000000000020936000004705300409000071008400900502300000,286153749143297586957684132371842695825936417694715328439568271768421953512379864,6,Jellyfish
000200080003000405040070000000000090080402007905000000090700600030600800200541900,659234781713968425842175369324857196186492537975316248491783652537629814268541973,6,Jellyfish
600210000030005160100030002020651030400070500080304000000000670300040805070500003,698217354234985167157436982729651438413872596586394721845123679362749815971568243,6,Jellyfish
300000000509007230000060005000030090002001004970000003600800000200640907000070500,361524879549187236728369415154236798832791654976458123697815342215643987483972561,6,Jellyfish
002805009005000200196300004703009000000000080020500090000640000009200040430000006,342815679875496231196327854753189462914762583628534197287643915569271348431958726,6,Jellyfish
000050064040000050700610000001020500080000109030009080802300040010000000000805003,129753864346982751758614392971428536684537129235169487892371645513246978467895213,6,Jellyfish
000009070407000800000006014601000503200500000000000040040200000005170000070005060,386419275417352896529786314691847523234591687758623149943268751865174932172935468,6,Jellyfish
060740000040109056000062740000050400900020000230604580006000070503206000000001003,361745298742189356895362741618957432954823167237614589126438975573296814489571623,6,Jellyfish
091700035030000002000030008500008000008500010002900007700004000000100090045200700,891726435634895172257431968513678249978542316462913857789354621326187594145269783,6,Jellyfish
000760008800000540001000002230050000000089000006270000050800026000610800000500073,492765318863921547571438692239156784745389261186274935957843126324617859618592473,6,Jellyfish
000000080090107530400005070040973000080000000607200094700020043034009007006030058,571362489298147536463895271142973865389456712657281394715628943834519627926734158,6,Jellyfish
010050003005000070300209001108000300407500020000000050860300002570006800000097600,712658493985134276346279581158942367497563128623781954869315742571426839234897615,6,Jellyfish
090004000006050080803007400002040060900080002070190040000000200000001050064070090,197824635426953187853617429312745968945386712678192543581439276739261854264578391,6,Jellyfish
300006004007000085210400000400600508000070000030000000700200030826503007000000400,389156724647392185215487369472631598961875243538924671754219836826543917193768452,6,Jellyfish
080003009703000002000810040018040300009268000000000000000100064020689000000000298,581423679743596812962817543618945327379268451254371986895132764427689135136754298,6,Jellyfish
039805067500000008080000090600000400800034900000000070007009030900610005000703000,239845167546971328781362594615297483872134956394586271167459832923618745458723619,6,Jellyfish
000200007000070506015900000950040000200609000004003600000000970000000208080060403,463258197892471536715936842956847321238619754174523689621384975347195268589762413,6,Jellyfish
608000701000000000201005800063501000005043000102008500000000005007620009000000320,698432751574186932231975864763591248985243617142768593826319475357624189419857326,6,Jellyfish
004067080600800020900023000007000003800409001000000064000080010003050000100906000,524167389631894527978523146247618953865439271319275864796382415483751692152946738,6,Jellyfish
907000000100908072000750000610000080000000010000030904705006020000000008086470000,967213845154968372328754196619547283543892617872631954735186429491325768286479531,6,Jellyfish
800006000000200000500100230030080000090000006082060040300000098000005000000371005,821736954473259861569148237634987512795412386182563749357624198216895473948371625,6,Jellyfish
820004001000090005001007000200003807017000050060000410702040000050200000000050070,829534761476192385531867924245613897317489652968725413782941536653278149194356278,6,Jellyfish
006500000000040000074003016000002607600100000000000090540006170030050008000021009,326517984915648723874293516153982647692174835487365291549836172231759468768421359,6,Jellyfish
080070000030002460000056307000040002700500090001209500209700003103004009000000000,684371925537892461912456387895147632726538194341269578269715843173684259458923716,6,Jellyfish
006002000000000000000980050002104090904007200100000080030048010000000705500010020,386452179495671832721983654872164593954837261163295487237548916618329745549716328,6,Jellyfish
000900000130000000060001073800004900300070060000608730000040008609000000580290610,457932186138765429962481573876324951345179862291658734713546298629817345584293617,6,Jellyfish
000803005600005080308960000004010360000708051100000008560000000027000100000001002,712843695649125783358967214984512367236798451175436928561274839827359146493681572,6,Jellyfish
000208001000007930000039860280000000000100000005300790800000000010000057097005080,934268571568417932721539864286974315379156248145382796853741629612893457497625183,6,Jellyfish
000003000709005000000062408500080002067300010000000000600000009070000030043900070,426893157789415623351762498534189762867324915192576384618237549975648231243951876,6,Jellyfish
003970500000008070000000040040600105002700000500090000024053600050200900306000000,283974561465318279197526348749632185612785493538491726924853617851267934376149852,6,Jellyfish
000006300007020100009040007600300500005000000170060800800000602031000000000005030,218756394347829156569143287692378541485291763173564829854937612931682475726415938,6,Jellyfish
000060000408007000070200030000004006200900800040000970506002004800001005000085700,392568417458317269671249538789124356265973841143856972536792184827431695914685723,6,Jellyfish
000000203007423506005000000008002004000060000001900000500004000006008700080500610,864159273197423586235786491958372164743861952621945837579614328316298745482537619,6,Jellyfish
000090200084302000000400000005010300800000006020863005600000900009050004450600007,537196248184372569296485731765914382843527196921863475678241953319758624452639817,6,Jellyfish
008006050094001700030059800000000030650900000007060002420080600800000090000200000,218376459594821763736459821981742536652938174347165982429583617873614295165297348,6,Jellyfish
010503409000000008000000203900000000040037000002000805370802500005000100004070300,217583469653429718489761253931258647548637921762194835376812594895346172124975386,6,Jellyfish
000080000070900400060000190004103800030508000001040003005400087000090030002700004,159284376273916458468357192524173869936528741781649523315462987647891235892735614,6,Jellyfish
000106350000400000056700081010200090700690000002008073380000000007301009009860035,894126357173485962256739481618273594735694218942518673381952746567341829429867135,6,Jellyfish
009018070306000020000706040001000006090000004700000092030574060400000000005360000,549218673376459821218736549821947356693125784754683192132574968467891235985362417,6,Jellyfish
000000009090310600002006107107035000900000060000260000000700400300400705075000008,631547289798312654542896137167935842924178563853264971289753416316489725475621398,6,Jellyfish
200080000006207000500001080800360050007004800400010060000000296000000004600103000,241586739986237145573491682819362457367954821425718963134875296758629314692143578,6,Jellyfish
700500020900000100000000084000709050006000000080062000102008600070240000000106040,768514329954823167321697584413789256296451738587362491142938675679245813835176942,6,Jellyfish
008510400700000009000006700034060070000000900000020068600000080020450000300000000,298517436716342859453896721834965172162783945579124368641239587927458613385671294,6,Jellyfish
050000809000270000000000076046030000000001460008600350070185003060009008180000790,657413829891276534423958176246537981539821467718694352972185643365749218184362795,6,Jellyfish
800093002530000000000820000000005040750030000003201000000608470000010093001000005,864593712532147986197826534218765349756934128943281657329658471675412893481379265,6,Jellyfish
001020600800610000300504208000800000610450900504900000409000802000003400000000060,951328647842617539376594218293876154617452983584931726439165872765283491128749365,6,Jellyfish
005300046000000008630590000070200093040700200000080700000000000904860002200070800,725318946491627358638594127876251493149736285352489761587142639914863572263975814,6,Jellyfish
000000030203840000070900000060009000000380150000050080080020010004000900501000840,196572438253841697478963521865219374942387156317654289689425713724138965531796842,6,Jellyfish
708040200040039010130820070006000000074090060900600004403060180001070600000000090,768541239245739816139826475316457928574298361982613754453962187891375642627184593,6,Jellyfish
986000070000607800000009010000010020700300060001004900100000050500003004007400306,986145273315627849472839615693518427748392561251764938134986752569273184827451396,6,Jellyfish
080207090060004080700500001004852000000009050000060320091000008006900000020040000,185237496263194785749586231374852169612379854958461327591723648436918572827645913,6,Jellyfish
300000000000027000602000004000008706090000580000400010401603070000000050030052001,385964127149827635672531894513298746794316582826475913451683279267149358938752461,6,Jellyfish
001007504900051003070000000530010270047005000060090000000000000600009008050008400,381927564926451783475386912539814276147265839268793145893142657614579328752638491,6,Jellyfish
010030080009205006050400030700006000000042008000008604300000060000050401900000200,417639582839215746256487139784196325163542978592378614345921867628753491971864253,6,Jellyfish
000750000002000047000021350060000020704102060020086003000008014209000730107005000,413759682592863147678421359865347921734192568921586473356978214289614735147235896,6,Jellyfish
000208094800010000000307500001092003000000070900005008402500100170000000003400029,617258394835914267294367581741892653358146972926735418482579136179623845563481729,6,Jellyfish
003900000000050607008062000007000340400009001230000050500076029300095000000000500,763984215942153687158762493697518342485239761231647958514376829326895174879421536,6,Jellyfish
600000002020160034003540760000074900240010000016003040360090021000000000400005600,674389152925167834183542769538274916249816375716953248367498521852631497491725683,6,Jellyfish
500800001640007000020500000000070900050003006309000700000105400006009007000004690,593846271641327589827591364184672935752913846369458712978165423436289157215734698,6,Jellyfish
690001020000700004000040500000527000203900000907000010006209070300004000080005903,694351827125798634738642591861527349243916785957483216516239478379864152482175963,6,Jellyfish
090320050070800003050079000008500700920037800700008009000010002300080501006000000,894321657172865493653479128438592716921637845765148239587914362349286571216753984,6,Jellyfish
000120509500760100008000060060000000000302000070000304200607900007000050950000710,746128539593764128128935467365849271419372685872516394281657943637491852954283716,6,Jellyfish
070000400409002057300000006005076020000090704800003001003061000000450000000000010,678519432419632857352784196145876329236195784897243561783961245921458673564327918,6,Jellyfish
090041007080000030000000009006007000100080900230006008010050700000000003007300064,392841657784965231561732849846297315175483926239516478413659782628174593957328164,6,Jellyfish
002690008900248700000000009050760094760009000000000500090100030020407000040050006,372695148916248753485371629851763294764529381239814567597186432628437915143952876,6,Jellyfish
805020630001000000000800020700000560008045000200300001502060710300000000070000002,895124637421637985637859124743291568168745293259386471582463719314972856976518342,6,Jellyfish
000010900084200750000000800008070006403060009260000000500004000107008400000120000,752813964384296751691745823918372546473561289265489317526934178137658492849127635,6,Jellyfish
056000003903000000004062057067009005000250000020000000000001040000906001400000200,256197483973584612814362957367419825149258376528673194635821749782946531491735268,6,Jellyfish
009304200204001008100000700000003000002500006900800000700000000000407309300006004,579384261234761598186295743457613982812579436963842157741938625628457319395126874,6,Jellyfish
754000960820576040600000020290801070005600400000000000000400009500020614000068000,754213968829576143631984527296841375375692481418735296162457839587329614943168752,6,Jellyfish
000730000030450600200609400005040300000000008000800749002000000001300084800500020,614732895739458612258619437985247361467193258123865749342981576571326984896574123,6,Jellyfish
000902800100080064000000030000700000802054001601020003065000008980040000400000900,346912857159387264728465139594731682832654791671829543265193478987246315413578926,6,Jellyfish
090005001000100000000930050300600407207000800000007000001000530500060208800500090,793245681652178943148936752385692417217354869964817325421789536539461278876523194,6,Jellyfish
210040060000000053700200001890024000000001020060500000500700080000008000907000405,213845769648197253759236841891624537375981624462573198524719386136458972987362415,6,Jellyfish
007520900209400500500030000005802001090000000704190000400000200003070105100004803,347521986219486537586739412635842791891657324724193658478315269963278145152964873,6,Jellyfish
000080007003600010290003060000000500901007000400098006100070000002000630000126040,614985327573642819298713465827461593961537284435298176186374952742859631359126748,6,Jellyfish
080500600009006007070040900064089030005300000000000000000900005006000700702050803,483597612529816347671243958264789531895321476137465289348972165956138724712654893,6,Jellyfish
006490200000000985000000040040179600060025070507306800092017060000000001001900000,856493217734261985129758346248179653963825174517346829392517468485632791671984532,6,Jellyfish
007080003008002500600003000000100000900020060035000100000070000000000210154000390,517684923398712546642593781476159832981327465235846179823971654769435218154268397,6,Jellyfish
030807060010060000070000009000709020080200001004006080000090006000102700002003508,239847165418965372675321849561789423987234651324516987753498216896152734142673598,6,Jellyfish
000030800300600000002087050000060009004020007070908000000090401180040000600003000,467539812358612974912487356831764529594321687276958143723895461189246735645173298,6,Jellyfish
000000000083000000009347000307020000000000280000903057400009001900804005700001030,574682319683195742219347568347528196195476283862913457436759821921834675758261934,6,Jellyfish
031700040098000000600000005010365000400000010009020080000052490000000001005001000,531786249298543167674219835812365974463897512759124386187652493926438751345971628,6,Jellyfish
060041038407003020000078060070000300000800000010030086702000000001090500030000009,569241738487653921123978465278169354356824197914537286792485613841396572635712849,6,Jellyfish
029000000000300000000000285000004096000006700040090850490080070070600000305009001,529418367867352419134967285753824196918536724642791853496183572271645938385279641,6,Jellyfish
060000070009082000030500000100040600000800030900000805600250008050000007000730200,865193472719482563234576981187345629526819734943627815671254398352968147498731256,6,Jellyfish
