400096821109400075087513049020870006008000137706341008670050083800000702900287500,435796821169428375287513649321875496548962137796341258672154983854639712913287564,1
802009401007482006493065207624518070089200615015006840538000020006750190971020503,862379451157482936493165287624518379389247615715936842538691724246753198971824563,1
700201830601390570032500916287059100514700269069400005400006301020830097953107028,795261834641398572832574916287659143514783269369412785478926351126835497953147628,1
109080260603520000007000093400600020000000400002040009005210007270008050080000910,159387264643529178827164593498631725536972481712845639965213847271498356384756912,1
040305082607140500005089040769430000038920060012706893076503210100260000090817300,941375682687142539325689741769438125538921467412756893876593214153264978294817356,1
190547060038090100700001000050800009280005070406009025000613700003008090800972530,192547368538296147764381952357824619289165473416739825925613784673458291841972536,1
354970601070401000012006400020603089190807560786095314540100006900562008000780050,354978621679421835812356497425613789193847562786295314548139276937562148261784953,1
986027014123864075040390082701942850000035040405670231304010560208750000609403020,986527314123864975547391682731942856862135749495678231374219568218756493659483127,1
000720006900430850002506040003274105090100428124058037408602571069015284051840963,845729316976431852312586749683274195597163428124958637438692571769315284251847963,1
031408000700360150080500002050003004000100389310200005200041000893002640000936800,531428976724369158689517432957683214462175389318294765276841593893752641145936827,1
530982714000704532002003086709001005024090000305076000160028050058607123040159867,536982714891764532472513986789231645624895371315476298167328459958647123243159867,1
285060097061849035934527608000780009050000106379150840693408020507030980042915003,285361497761849235934527618126784359458293176379156842693478521517632984842915763,1
100070463800000721047200905004032090938507210010980507300005049569308170402601008,125879463893456721647213985754132896938567214216984537381725649569348172472691358,1
760190028598000106214680003000709051409508600050420709020840065140236800300900204,763194528598372146214685973832769451479518632651423789927841365145236897386957214,1
843600000905007080000538001480270003201803900376100028127006030098351274004000160,843619752915427386762538491489275613251863947376194528127946835698351274534782169,1
430020607059000800017000534820009001906200348140378906300050160501984200792063485,438521697659437812217896534823649751976215348145378926384752169561984273792163485,1
310040260000027090070903451193256080005304609608791000237009800580432970064875120,319548267456127398872963451193256784725384619648791532237619845581432976964875123,1
050070004271040590003100000386420057720086000104700680048010329507204800002368700,859672134271843596463159278386421957725986413194735682648517329537294861912368745,1
417000030003009607800701524028970056000002108700018200000005702300804001900167045,417256839253489617896731524128973456539642178764518293641395782375824961982167345,1
200805097490002083060000005570048001801920056300601070930004008007080009100006532,213865497495172683768439215576348921841927356329651874932514768657283149184796532,1
102930465006217003890060072040056090610072540305104000504080000968021734001603859,172938465456217983893465172247856391619372548385194627534789216968521734721643859,1
000540000003200050520690007200810509085364000741000608002009780058000961000486020,617548293893271456524693817236817549985364172741925638362159784458732961179486325,1
791523804054170392036490070007805249082039500900064738043000680509080403008347001,791523864854176392236498175367815249482739516915264738143952687579681423628347951,1
064080003790260548000709106500608930010070800820091000189002007472056019005907004,264185793791263548358749126547628931913574862826391475189432657472856319635917284,1
000009000013600079679401000106003720307005410580712090700030080900080050805004000,258379146413628579679451832196843725327965418584712693742536981961287354835194267,1
008204105402053768105076024783520640510468203000030500047600302001740090056080410,678294135492153768135876924783521649519468273264937581847619352321745896956382417,1
140562938065003210803941075700020180010008457604000092000407561400109823030086749,147562938965873214823941675759324186312698457684715392298437561476159823531286749,1
908450073010900000002070010700800300600200107003719400000000521004582600000100084,968451273517923846432678915741865392689234157253719468896347521174582639325196784,1
801009050600705891095280006100800500789004312354100670938000127510027403240018965,871639254623745891495281736162873549789564312354192678938456127516927483247318965,1
714080092000900310003000580800004031109005046046139805400390000302050060905618403,714583692528946317693721584857264931139875246246139875461392758382457169975618423,1
430016509020070000176509204040000896061028745850000010790035001083192457210600983,438216579529473168176589234342751896961328745857964312794835621683192457215647983,1
900001003283507016060083075070100090098002104014806030026470300030009007000328501,957261843283547916461983275372154698698732154514896732126475389835619427749328561,1
089100706600908300015070009892560401046831502103400687001049270068003900000205160,389124756627958314415376829892567431746831592153492687531649278268713945974285163,1
004009620000082740300000085830000264007206500010805070703514800600000030090020007,184759623569382741372461985835197264947236518216845379723514896651978432498623157,1
065417298491020607700360105020800459904150806650942710040000902000085304836094501,365417298491528637782369145123876459974153826658942713547631982219785364836294571,1
078250040405700082020800051300678024084100637060342819042507000000923470700060290,178259346435716982629834751391678524284195637567342819942587163816923475753461298,1
070109040405736091091200076006810730743092018008050460800920050134068027259071000,672189345485736291391245876526814739743692518918357462867923154134568927259471683,1
306852017079000250125070680400205100500400026902130040203794001694000002750326408,346852917879641253125973684438265179517489326962137845283794561694518732751326498,1
056000704037416890094030000000904018571080469480651072710500980948067103005190247,156829734237416895894735621623974518571382469489651372712543986948267153365198247,1
501900084089015230037062095308146902200570340104090050860759413003604009900021768,521937684689415237437862195358146972296578341174293856862759413713684529945321768,1
184026050930470008576009000093510080051807963047000521420038000760950300009260070,184326759932475618576189234693512487251847963847693521425738196768951342319264875,1
149007506006400010705168924002000805900054000000709401304601000050903600607582003,149237586826495317735168924472316895913854762568729431384671259251943678697582143,1
080102590097840006160570040020958630035200008809637210400020700278000300000081460,384162597597843126162579843721958634635214978849637215416325789278496351953781462,1
005240007090861200230009008301000004000010379409037000003052706000784031010396420,185243697794861253236579148371928564628415379459637812943152786562784931817396425,1
109675832750008900600291750965784120304012560801300097290040601003869000086127000,149675832752438916638291754965784123374912568821356497297543681413869275586127349,1
639140270152076004784200613423657800596081700870020046200039067008702159000500008,639148275152376984784295613423657891596481732871923546215839467348762159967514328,1
080260490030540082902800600059070236621938507403052008790325060000796005005481379,587263491136549782942817653859174236621938547473652918798325164314796825265481379,1
760420008000871004830050702600509000472600935985000000127304000308060470506197080,761423598259871364834956712613549827472618935985732146127384659398265471546197283,1
901023700200001398805000100060105407704286000100400250019078604403000079007900013,941823765276541398835769142362195487754286931198437256519378624483612579627954813,1
200308671006700802003012590541860709730109006000427103027980365300076018009501047,295348671416795832873612594541863729732159486968427153127984365354276918689531247,1
680047003072039500934051027407105236060000714203076080006928070009513002821060059,685247193172639548934851627497185236568392714213476985356928471749513862821764359,1
000510430170804200534007018845009070760002893090170000009601784687945001412080905,928516437176834259534297618845369172761452893293178546359621784687945321412783965,1
094070800005802001810035020003060000176090034020000605048050912601020300902481507,294176853365842791817935426583264179176598234429317685748653912651729348932481567,1
009007104180020670406319258312098500000003401690175380941850720260030805000742910,529687134183524679476319258312498567758263491694175382941856723267931845835742916,1
006300904000069200008405007004030009000901000600002075002016090001000500805003020,126378954547169283398425167254637819783951642619842375432516798971284536865793421,1
001006003600243100203900700700108005000020901108059467014705002000604300906802074,491576823687243159253981746749168235365427981128359467814735692572694318936812574,1
098600705470000002562010094080453109003270008215896473650030001824065937107904006,398642715471589362562317894786453129943271658215896473659738241824165937137924586,1
309605178105087000002903400000052000018706503253190700031070092824569310697001850,349625178165487239782913465476352981918746523253198746531874692824569317697231854,1
743980150956412830002735096029500004000208500005104729634800201501027008208341005,743986152956412837812735496129573684467298513385164729634859271591627348278341965,1
007004080163008042004600539005002913730140208801300407906000805000907104402815390,597234681163598742284671539645782913739146258821359467916423875358967124472815396,1
400003759100709040070048100506800304018400020004910500827691035601070802049002600,482163759163759248975248163596827314718435926234916587827691435651374892349582671,1
572401080009205037008076452800024093701093005923650040135008906087009014600302570,572431689469285137318976452856124793741893265923657841135748926287569314694312578,1
412630080073985102980124030006208415000043207050716090008360971160459028020001604,412637589673985142985124736736298415891543267254716893548362971167459328329871654,1
832017006100000923509342008051600072608075439970028000090001205200034190005060004,832917546147856923569342718451693872628175439973428651394781265286534197715269384,1
060002158000018004809600007020507006000900500307260819092003060173020905006179240,764392158235718694819645327921587436648931572357264819492853761173426985586179243,1
520001600008347501000006090209008030376950148000703000705130400012004305000005917,524891673698347521137526894259418736376952148841763259785139462912674385463285917,1
301750006950160738060328105500010387800972401147835009010000074470001960003547812,381759246952164738764328195529416387836972451147835629218693574475281963693547812,1
361082950097010000048709100625804791039200405800091063480175620700000000000600508,361482957597316842248759136625834791139267485874591263483175629756928314912643578,1
000000005001749000600850010905067080700081963810392750009630501008905346003124800,387216495251749638694853217935467182742581963816392754479638521128975346563124879,1
051476089406983000098521740060802493040065107130000060684000902513040078920630500,251476389476983251398521746765812493849365127132794865684157932513249678927638514,1
050000003200405786800603019010972654700581302920340071002700000176050900009168027,651897243293415786847623519318972654764581392925346871482739165176254938539168427,1
027503000800060097140720058000300000092150743070042109700806905509004030008010406,927583614853461297146729358481397562692158743375642189714836925569274831238915476,1
304007000600000530295803104400006710006174298008900040000095420041000350000041980,314257869687419532295863174429586713536174298178932645863795421941628357752341986,1
000053240085014670743008901108340000309026085452009000510432869806597034930681500,691753248285914673743268951168345792379126485452879316517432869826597134934681527,1
010209300902870400047000000000610240526490003481032000103704092004060801090000700,618249357952873416347156928739618245526497183481532679163784592274965831895321764,1
830007004000108093102600008289356010057081302301702080628413050003805200705069831,836597124574128693192634578289356417457981362361742985628413759913875246745269831,1
046209070270158004308704001500981026964072138820600907003897042790405680400326000,146239875279158364358764291537981426964572138821643957613897542792415683485326719,1
200910046104060305760048921908030500050402103312050860071824039409576000026090457,283915746194267385765348921948631572657482193312759864571824639439576218826193457,1
075209004940068500802400003756090020001076495009021800007683249004907008300100706,175239684943768512862415973756894321281376495439521867517683249624957138398142756,1
030264081084001659060905040450023967007850003319076005170602590590300270042597130,935264781284731659761985342458123967627859413319476825173642598596318274842597136,1
010800300009075480837416529200700010900280000740051008102560007305140960470000105,514892376629375481837416529258739614961284753743651298192563847385147962476928135,1
001026000520080670608370052439000860206008341005060729182700000364800507007040083,741526938523189674698374152439217865276958341815463729182735496364892517957641283,1
800910372510030408070000591062809704450300689981076003000042135130060007720193046,846915372519237468273684591362859714457321689981476253698742135134568927725193846,1
043702600062508700501096200006051407307060910150003820609185004430600108700349500,843712659962538741571496283296851437387264915154973826629185374435627198718349562,1
400630000160008352398025746526349170700000920901782500615000230040253617070061080,452637891167498352398125746526349178784516923931782564615874239849253617273961485,1
008009030900700600010030924406297010000385006075064000800650700704000068620400001,268549137943721685517836924486297513192385476375164892831652749754913268629478351,1
018700050095283040700500800080090600907860504056420198800000206500638000104072380,218746953695283741743519862481395627927861534356427198839154276572638419164972385,1
812600090700000401463519072507300040608724030001050006130075689070180054005400007,812647593759832461463519872527361948698724135341958726134275689976183254285496317,1
079601830263008719810093000700050100056189007000472060327915406081260073645000291,579621834263548719814793652792356148456189327138472965327915486981264573645837291,1
682001093057800001049060800531027000000009100006410735824970006703100209015006074,682751493357894621149362857531627948478539162296418735824973516763145289915286374,1
006537908784006235300800601400019806009042000070000490247950000903071004508463729,126537948784196235395824671432719856859642317671385492247958163963271584518463729,1
400086200000030609290400100000209700004067900720800010560004807902050000080000000,413986275875132649296475183658219734134567928729843516561324897942758361387691452,1
319082065060504002540300800090271356071005900600040701920003510080009070053427089,319782465768594132542316897894271356271635948635948721927863514486159273153427689,1
070413020012800067040670813026000500890301246103000000200740058500130670701528094,678413925312895467945672813426987531897351246153264789239746158584139672761528394,1
180230754097006300205104609001600407700015928940000165850061203670803001319050800,186239754497586312235174689521698437763415928948327165854961273672843591319752846,1
300080060057003821062017003140965287275008906608024015720049108081206400904800672,319582764457693821862417593143965287275138946698724315726349158581276439934851672,1
501400000092600500340502781710209408084137056063805120020000070058720394407908602,571483269892671543346592781715269438284137956963845127629314875158726394437958612,1
000030079700804302000001048073189250002070906591602007005000003900560400040917020,854236179719854362236791548673189254482375916591642837165428793927563481348917625,1
807465900049000560500029407703148695490230871068957320301000049000003256072594030,837465912249871563516329487723148695495236871168957324351682749984713256672594138,1
000065301000008002810300704140576000025090100009041070900104600500080429674902008,297465381453718962816329754148576293725893146369241875982154637531687429674932518,1
008235406602804010500609827000020030030050248426983175009340000080590304304067082,718235496692874513543619827875421639931756248426983175269348751187592364354167982,1
018400730000105640340070000200000850007583160680210394059001206020860470004702013,518426739972135648346978521231694857497583162685217394759341286123869475864752913,1
900040802851027009423859017205700008018200004340100005080503206100072503000908401,976341852851627349423859617295734168618295734347186925784513296169472583532968471,1
390270805005390000108604030932000400010983702007400019049700100080020670071040593,394271865765398241128654937932517486416983752857462319649735128583129674271846593,1
170629003003008020908010607280057106530891700700060895450936078800740319390002504,175629483643578921928314657289457136536891742714263895451936278862745319397182564,1
910207064724006800003004200030000097090000080860092103040768000082000730076001908,918257364724936815653814279231685497495173682867492153349768521182549736576321948,1
608050300357090410000600580070000045960000030800015602000023160500470008120809700,698154327357298416412637589271386945965742831843915672789523164536471298124869753,1
007021040000000008400900010010300000500217300376050000700800106080500237090073084,857621943921734658463985712219368475548217369376459821735842196184596237692173584,1
023519800019060007560308100082096005070000092100720640207045081641987250058000006,723519864819264537564378129382496715476851392195723648237645981641987253958132476,1
910000685200108300438750029540680000896400010021035040179863002354210060082549731,917324685265198374438756129543681297896472513721935846179863452354217968682549731,1
003408160090270300060000974309627005120003000046910080030560020002109007614080039,573498162491276358268351974389627415125843796746915283937564821852139647614782539,1
281970364049000871030184000003010080400508927800200043152346708000751402074092006,281975364549623871637184259723419685416538927895267143152346798968751432374892516,1
000641308400089007010502000004058790180034250375006841206000005058400070000805030,597641328462389517813572964624158793189734256375296841236917485958463172741825639,1
238010065600800009190006348086075003029140806071000052042301087703490501815060934,238914765654837219197526348486275193529143876371689452942351687763498521815762934,1
300020608720061039590030142430009007900570001017000903009207304070096805080050706,341925678728461539596738142435819267962573481817642953659287314174396825283154796,1
004030682350086071620174003100320004402958036000041700247800019081492367930005000,714539682359286471628174953165327894472958136893641725247863519581492367936715248,1
800039521900015400500047068246700019385020006710060205123576890608093072407002053,874639521962815437531247968246758319385921746719364285123576894658493172497182653,1
086000000100004390473965180039000015640312809000596003001080004764029500020007901,986231457152874396473965182239748615645312879817596243591683724764129538328457961,1
002380000048105020050429078004700030023804706007032401430000960080070214271946580,912387645748165329356429178564791832123854796897632451435218967689573214271946583,1
020104080007000009004900170002095301030601050051043290040500020006402915290310048,923174586817256439564938172482795361739621854651843297148569723376482915295317648,1
040305806803100000750984132574290061000007089209000570015030900328459617067000403,142375896893162745756984132574298361631547289289613574415736928328459617967821453,1
390802000725030900108050603930200067067090205000603009504028000009300082083000174,396842751725136948148957623931285467867491235452673819514728396679314582283569174,1
724508910080040506500010002008654009291070654450000700007180000802700460915006007,724568913183249576569317842378654129291873654456921738647182395832795461915436287,1
180247009500196003976538402350010698701003200000900301000600920809375046005429030,183247569542196783976538412354712698791863254268954371437681925829375146615429837,1
020100708400020050060750024134072005900560003600400070790604800800297500210005497,529143768471826359368759124134972685987561243652438971795614832843297516216385497,1
047080050580000000630950708000360210702000000900720580120030470395807002070091835,247186953589473621631952748854369217762518394913724586128635479395847162476291835,1
295600030348051967617039020020904650589700240406100008960517380003000076800340019,295678134348251967617439825721984653589763241436125798964517382153892476872346519,1
049520810100607432030001905000062390806079204200154070980046523420930106360210740,649523817158697432732481965574862391816379254293154678981746523427935186365218749,1
002047169196802470743106582005000890280009050900530724000971005027460918400080637,852347169196852473743196582375624891284719356961538724638971245527463918419285637,1
400860723500309840038020050085290407000541008000000035000900172807410360120036584,491865723562379841738124956685293417273541698914687235346958172857412369129736584,1
173026805509308026026150093032497008958600374017003269090805400004200051365000980,173926845549378126826154793632497518958612374417583269291865437784239651365741982,1
183020006490356801507081000000604030046030910320078005000010583050060100001000267,183927456492356871567481329815694732746532918329178645674219583258763194931845267,1
714905208203748001509100640092456003047300950056079002975213804000084370030000125,714965238263748591589132647192456783847321956356879412975213864621584379438697125,1
092705030006000052305428670231054960060001040954030280027549000080370024003182006,492765138876913452315428679231854967768291345954637281627549813189376524543182796,1
080629450000074000492000001000500014015000307004091285000030120003786009060000000,781629453356174892492853671238567914915248367674391285847935126123786549569412738,1
701032068689145327000870491032000076058000100106089040067053912000708603503200704,741932568689145327325876491932514876458627139176389245867453912214798653593261784,1
060810357004007000370096418490080730010000920500400186920008073053962041040370602,269814357184537269375296418492681735618753924537429186926148573753962841841375692,1
936520047000040003800000105190807004070960500005130900603400009009300480041089050,936521847517648293824793165192857634378964512465132978683415729259376481741289356,1
160200508300958040508000000031020409080300006456179800070003180915680203040012000,164237598327958641598461327731826459289345716456179832672593184915684273843712965,1
003470010408160030010380240840090370600008590200510680102000703394007100706001009,963472815428165937517389246845296371631748592279513684182954763394627158756831429,1
306070000400300020298060071900030150007804000030000000700003000010207604080540003,356172849471398526298465371924736158167854932835921467749613285513287694682549713,1
103260700006430812820007036607941080480005600290000107960003508372854061510002370,143268759756439812829517436637941285481725693295386147964173528372854961518692374,1
206310900000600270007082061000521038735064092810000500129000050608030427000008019,246317985381695274597482361964521738735864192812973546129746853658139427473258619,1
080691405950002063000300020028400900300917280010800350060049732007000590500103648,283691475954782163176354829628435917345917286719826354861549732437268591592173648,1
002000065706405089008130000290501870317008596060390201080714002670050408001000957,142879365736425189958136724294561873317248596865397241589714632673952418421683957,1
730809006010040325402135008258063407040572080690480530074618250026050090003204761,735829146819746325462135978258963417341572689697481532974618253126357894583294761,1
002569034576020089403070020709258000620413900380706402950630040004180390007940065,812569734576324189493871526749258613625413978381796452958637241264185397137942865,1
007412060346090020120830947593004670460103859018050400831700290259040016670900305,987412563346597128125836947593284671462173859718659432831765294259348716674921385,1
029701003607003219053020700080004097091070060065012340004096071006407005978005420,829741653647853219153629784382564197491378562765912348534296871216487935978135426,1
053904187048507090729183400090345001502010709016009530061038075075690014984700200,653924187148567392729183456897345621532816749416279538261438975375692814984751263,1
081043590062501384000208006695107003073004805048305019050039620320816400416700930,781643592962571384534298176695187243173924865248365719857439621329816457416752938,1
000750890800032060075908042564103287082605931193200006031809024408510300907004018,246751893819432765375968142564193287782645931193287456631879524428516379957324618,1
060500900020800460439006000614302070205087000370004005900005001080061002000978306,861543927527819463439726158614352879295187634378694215946235781783461592152978346,1
001720436403100078080643005005004000100380000020000809500802004000010007000957001,951728436463195278782643195895264713174389652326571849517832964239416587648957321,1
020590000690700302008000000164027005530000006000035000200000804416300079870046000,721593648695784312348162597164827935532419786987635421253971864416358279879246153,1
265001000100009600400600820809020407010030200020417398000780136001090500300060709,265841973183279654497653821839526417714938265526417398942785136671394582358162749,1
908703062000000090506091430095412070174630059362057810030085941480369000000000306,918743562743526198526891437895412673174638259362957814637285941481369725259174386,1
037042000209360741410975200896201504570890123001457800060709485005004300942000610,637142958259368741418975236896231574574896123321457869163729485785614392942583617,1
083705006765894320900306850000600002651000938020981075500139080210008003038200519,183725496765894321942316857897653142651472938324981675576139284219548763438267519,1
000874003800002000730060040620045308578026401010089506000000932007203080053600010,961874253845932167732561849629145378578326491314789526186457932497213685253698714,1
914280056037190084050003091203670045081004020460920170040700002000809017509312068,914287356637195284852463791293671845781534629465928173148756932326849517579312468,1
080560021312789054600203987540001203201490006009630100720050000000040000060027009,987564321312789654654213987546871293231495876879632145723956418195348762468127539,1
419308070680059000200107890304080200020036410900200087090070008500002030730814902,419328576687459123253167894374981265825736419961245387192573648548692731736814952,1
009067100026005394085409702067048201200071043341520009600750938804003506093682007,439267185726815394185439762967348251258971643341526879612754938874193526593682417,1
519600208200391065600285090305179004091000570704802310070510020138900750950063001,519647238287391465643285197325179684891436572764852319476518923138924756952763841,1
824903070050047301031600000543200018002085963980031040000098150010000630395106487,824913576659847321731652894543269718172485963986731245467398152218574639395126487,1
000008302382106579000530418095814637140360205736090080801050723000021806427080050,514978362382146579679532418295814637148367295736295184861459723953721846427683951,1
037604520050007896681250043208543007503702009040091002304078065100406008809310274,937684521452137896681259743298543617513762489746891352324978165175426938869315274,1
209301050340065128015004090006107245000028900120509800702000009450700306031856472,289371654347965128615284793896137245574628931123549867762413589458792316931856472,1
692470310571600400080219000810024906020056001046108275450060090008091704100000582,692475318571683429384219657815724936723956841946138275457862193238591764169347582,1
512083670690502103304000528036950017809000300120060890200107030740806902063240781,512483679698572143374619528436958217859721364127364895285197436741836952963245781,1
000078609260004830000692401000100006072965304000847902620431005740200160050080240,415378629269514837387692451894123576172965384536847912628431795743259168951786243,1
170965040658370009349010507410587000820093006935046008201758034060421085080039700,172965843658374219349812567416587392827193456935246178291758634763421985584639721,1
080040000502103040400250017307629000200030009006510203169070000000002001805060090,681947532572183946493256817317629485258734169946518273169475328734892651825361794,1
801045007540900610000831205107053000094002000350796084000570030418309570005010460,821645397543927618976831245187453926694182753352796184269574831418369572735218469,1
006147092004389000790600483010560207008001360000034051203496715107825900945703600,836147592524389176791652483319568247458271369672934851283496715167825934945713628,1
006190007089467250070080196493026008007301600601958000300000900008204700700600042,536192487189467253274583196493726518857341629621958374342875961968214735715639842,1
050827040000040039064000570695203487000008006008704925326401750007586203000302100,953827641271645839864139572695213487742958316138764925326491758417586293589372164,1
851936407370040806000100053930600245217004369000003080000409572040300008590001600,851936427379542816624178953938617245217854369465293781183469572746325198592781634,1
124600758900000100807014239080327491079140583401905600710032905042009816000461007,124693758953278164867514239685327491279146583431985672716832945342759816598461327,1
108047695600009087073050200045120068061080030309006012090061803010002470007500020,128347695654219387973658241745123968261985734389476512492761853516832479837594126,1
409371586160940370038205040283590010950024638074180290007050000000000060300810400,429371586165948372738265941283596714951724638674183295847659123512437869396812457,1
316098407009060010040710200008040325034000900570030048087000504403076182001054739,316298457729465813845713296198647325634582971572139648987321564453976182261854739,1
000090000010607080030040501042960057860501304190304020009200006020039045073406000,758193462214657983936842571342968157867521394195374628489215736621739845573486219,1
103020650070600349968435071690018725781006030502904180850103462020800010300040807,143729658275681349968435271694318725781256934532974186857193462429867513316542897,1
700032498069040030430070000520407681040200070910006004000009846182764953094080002,751632498269548137438971265523497681846213579917856324375129846182764953694385712,1
230860010400701062008054793304917600090546138065020079903075080006100000070090056,237869514459731862618254793384917625792546138165328479943675281526183947871492356,1
486010020053002100021004736000530817000281000318006502839420671204070000175093048,486317925753962184921854736642539817597281463318746592839425671264178359175693248,1
054037206320140507017009843460021030000590000700300452043602180176900000089403065,954837216328146597617259843465721938832594671791368452543672189176985324289413765,1
010546007962807154754020086001903578579408632036200010007300005690050020200601743,318546297962837154754129386421963578579418632836275419147382965693754821285691743,1
890750240503284096102396850460820019701030560320165700050602400004008675017500020,896751243573284196142396857465827319781439562329165784958672431234918675617543928,1
290480106030260759001590080002039001010845007709610500020056498568004010903128075,295487136834261759671593284452739861316845927789612543127356498568974312943128675,1
080052160021406950600971802502093670070000400009700025430027591008039206205610783,987352164321486957654971832542193678873265419169748325436827591718539246295614783,1
520607834743000956968400702000975120280041560100860300812704090600100200097006481,521697834743218956968453712436975128289341567175862349812734695654189273397526481,1
504060029600500340900002105400007000107053496803091250040006072051004003086205000,514368729672519348938742165495627831127853496863491257349186572251974683786235914,1
090870000850294670627105498500007100460510307081309560976400005040703910010008720,194876253853294671627135498532687149469512387781349562976421835248753916315968724,1
092045100000090702351600009020036007009704005100029000004210578015060304000000960,792845136486391752351672849528136497639784215147529683964213578815967324273458961,1
900418732180030954430095000040000203016803549253060178000780095578300601690152307,965418732182637954437295816849571263716823549253964178321786495578349621694152387,1
050278001719005860030610057008051000305004120470006083007590610503067204006842370,654278931719435862832619457928351746365784129471926583247593618583167294196842375,1
085914702100206800642038000400071920031800007006002180020180406064520301517063008,385914762179256834642738519458671923231895647796342185923187456864529371517463298,1
570320840609048001408016072302150609906804017180002030095073168760201095014095020,571329846629748351438516972342157689956834217187962534295473168763281495814695723,1
012500704706000358035040010470650802000972000509001600157304980068100437094807105,912538764746219358835746219471653892683972541529481673157324986268195437394867125,1
020000536873005904906000871080091365540003018060507000000350140712908600005716009,124879536873165924956234871287491365549623718361587492698352147712948653435716289,1
050004690080065002037928054002089007506207840008503060065092481429851370800076025,251734698984165732637928154342689517596217843178543269765392481429851376813476925,1
043600001172009480590008700380506102654721938901403000038900015415037069060815004,843672591172359486596148723387596142654721938921483657738964215415237869269815374,1
319580060605024090204000105053406801046070950892000000530049018000658739060700000,319587264685124397274963185753496821146872953892315476537249618421658739968731542,1
500070082092148536806300010410056098058294173000013045160087024024530060007060950,531679482792148536846325719413756298658294173279813645165987324924531867387462951,1
701040960289106504456897021308915042020308090690070803067051030000683057500720106,731542968289136574456897321378915642124368795695274813867451239912683457543729186,1
809070430006813900273694100905140820108900543724038000502369700390450008640700059,819275436456813972273694185935146827168927543724538691582369714397451268641782359,1
503002080740586030000010572097400260480120095200769408050040006024000000600090340,513972684742586139869314572197458263486123795235769418351847926924631857678295341,1
074096030610405970039207608007654309063700085045083026090570164450360090000901050,274896531618435972539217648827654319163729485945183726392578164451362897786941253,1
071520406042081300536409001104897000750060040089354000405736280097240600200915734,871523496942681357536479821124897563753162948689354172415736289397248615268915734,1
165900300970500861430076050081325400609008235023049718090057184054000073010063520,165982347972534861438176952781325496649718235523649718396257184254891673817463529,1
390470650005300710102965000030547290010028347027193800000214500201736904004809020,398471652645382719172965438836547291519628347427193865983214576251736984764859123,1
917028060236410050085693170800900041309080720041270983790002605100809207503760098,917528364236417859485693172872936541359184726641275983798342615164859237523761498,1
026704830800192654000008172070510003481073000590046200045907061000031905309025700,126754839837192654954368172672519483481273596593846217245987361768431925319625748,1
010009200506100049002500601809005400721000300453267910195420700604790020207856100,318649257576132849942578631869315472721984365453267918195423786684791523237856194,1
000000000408000003201800604030000010070014035100309000082930000305486900900500008,763145892498762153251893674536278419879614235124359786682937541315486927947521368,1
520083190003069070060572840095000000602730908000208654200004380370000509950027460,527483196483169275169572843895641732642735918731298654216954387374816529958327461,1
030082040405307218082090300568039024049000083301040560900406000820010630057803091,736182945495367218182594376568739124249651783371248569913476852824915637657823491,1
960810430512743080300629001270350004406980005058400096600000048023004007705160923,967815432512743689384629751279356814436981275158472396691237548823594167745168923,1
423070150050410206600020409564102807008060345070084612742853061005601720090247500,423976158957418236681325479564132897218769345379584612742853961835691724196247583,1
007201800002690047006004050205010934001400020040002000728060410560000280004809000,437251896152698347896374152285716934971435628643982571728563419569147283314829765,1
000281407724300160918406500072043859000027613030605204400918025207560001000032900,356281497724359168918476532672143859549827613831695274463918725297564381185732946,1
901006020402108006080052704539680172267390000000527003015060049600749580004215637,971436825452178396386952714539684172267391458148527963715863249623749581894215637,1
500900800280030095697080430105803009800700000070100020900308100700590200002600084,543916872281437695697285431125863749839742516476159328964328157718594263352671984,1
000020080500904030920801560073000419054019003100000056009002345300000007200403608,436725981581964732927831564673258419854619273192347856769182345348596127215473698,1
804090600275806390961372085006009104180463002700205908407930000312057849690000703,834591627275846391961372485526789134189463572743215968457938216312657849698124753,1
200695137170402006590173248040300700017008923309761000762050309050937602008016405,284695137173482596596173248845329761617548923329761854762854319451937682938216475,1
400700830087009200020003497002030059814090302953200080601072948279384500508001723,495726831387149265126853497762438159814695372953217684631572948279384516548961723,1
401500780085007321900000500273846195540200000800970400308100060754620000002780004,431562789685497321927318546273846195549231678816975432398154267754629813162783954,1
750060001618700450432100600107390560890045072046271000081502740370916005005407910,759864231618723459432159687127398564893645172546271398981532746374916825265487913,1
002694503301070940094301000056720401200046759470153806000408097038000264600900100,782694513361275948594381672856729431213846759479153826125468397938517264647932185,1
504039000209604000768005400302470090197560200406000350605001900000300080840206001,514739862239684715768125439352478196197563248486912357675841923921357684843296571,1
052003970000002300608470001590734002300500649480020703700200430260041007043600000,152863974974152368638479521596734182327518649481926753719285436265341897843697215,1
820109475901000620005000109178000002590201860264850917457018036609327041302060090,826139475941785623735642189178496352593271864264853917457918236689327541312564798,1
000015700307008951805379402063107049154803000970462015502736100000080520009521008,496215783327648951815379462263157849154893276978462315582736194631984527749521638,1
032410805009008600065739410604200000010940060928670543001804050400350900590102780,732416895149528637865739412654283179317945268928671543271894356486357921593162784,1
304095010000601400000480000806509040942710080517040000460000001000873094700104205,384295716279631458651487329836529147942716583517348962463952871125873694798164235,1
200051004070036501410280396704160802063570149120843075302608407001720960600305010,236951784978436521415287396754169832863572149129843675392618457581724963647395218,1
009060710701900064000107392003000209000040058000620073070806501100753420356400007,839264715721935864564187392683571249217349658945628173472896531198753426356412987,1
810400003200980701300601004002510439000800120000002870450790000920036507000050910,817425693264983751395671284682517439573849126149362875451798362928136547736254918,1
028760090001845762765020080600189024104250600800030900017098300300004251540310809,428763195931845762765921483673189524194257638852436917217598346389674251546312879,1
920000560534206807006000040857300400003020718192807603200600900000180000000452106,928734561534216897716598342857361429463925718192847653241673985675189234389452176,1
487061020906235740030008601390582107025006030600394200040000059000050400153000076,487961523916235748532748691394582167825176934671394285248617359769853412153429876,1
002394000450802300900600200027100000500003008108950002003500140600430027010200903,782394561456812379931675284327148695569723418148956732273589146695431827814267953,1
802090367400067008006080020060000571500600042000072000300820409684009205021450000,852194367439267158716385924263948571597631842148572693375826419684719235921453786,1
070050219206800407031024605302008000817005046060970000049562873603180594780000062,478356219256819437931724685392648751817235946564971328149562873623187594785493162,1
000720100702908050580004720358147000607890534009530010420609081803201006096403270,934725168762918453581364729358147692617892534249536817425679381873251946196483275,1
703905614020607008005308079508031942010090067270800030032409506456080700000006420,783925614921647358645318279568731942314592867279864135132479586456283791897156423,1
070000000020000960904603810600020300700400600280136740108704003000005076037000080,876912534321548967954673812645827391713459628289136745168794253492385176537261489,1
140900500207400630090705184509048307076000258301572490902850001705290063834160025,148936572257481639693725184529648317476319258381572496962853741715294863834167925,1
945702360072056489800104725490871006001035978700009000080510602210008007007003014,945782361172356489836194725493871256621435978758269143384517692219648537567923814,1
063018009540007100780965020690003000058040976012609805070584293805190007024000500,263418759549327168781965324697853412358241976412679835176584293835192647924736581,1
009300010040009200300807000010070008070481009208063400900100504104096807000705190,589324716741659283362817945413972658675481329298563471927138564154296837836745192,1
794080053631594020205007410800400001327608905419753260143870002008005130560900080,794182653631594827285367419856429371327618945419753268143876592978245136562931784,1
000041328028700000510832960975128004136400209802603175207010896080006512691200003,769541328328769451514832967975128634136457289842693175257314896483976512691285743,1
625100340013407800000320196000601400500009010831074269000753920004912070279006000,625198347913467852487325196792631485546289713831574269168753924354912678279846531,1
000006837970208014834157602600302470010805020782009150328960705060004380549003260,251496837976238514834157692695312478413875926782649153328961745167524389549783261,1
070412308003760050200000000000301420047200100820007936000604090082009503190803670,579412368413768259268935714956381427347296185821547936735624891682179543194853672,1
920300100500412639316980000139048700045031896867000000002104003093050081050803962,924367158578412639316985247139648725245731896867529314682194573793256481451873962,1
047002910108007402065900700780500349000000000900183607029675104506030278470210096,347862915198357462265941783781526349632794851954183627829675134516439278473218596,1
069030040514680720030070090405100000006720050090358004000910482941800007802543619,769231845514689723238475196425196378386724951197358264653917482941862537872543619,1
150782490728040010600510870000071920315409680000008030807005040540007068902864051,153782496728946513694513872486371925315429687279658134867135249541297368932864751,1
063540209709620854540981006600009470901700683037008092350890047070015968098006025,863547219719623854542981736685239471921754683437168592356892147274315968198476325,1
920040000800006903064895127006020091182060034430108562010030480000951306790684205,921347658857216943364895127576423891182569734439178562615732489248951376793684215,1
200000010470300086651700329902815004540203168180467295800074900700936000394582071,238659417479321586651748329962815734547293168183467295826174953715936842394582671,1
901008602407009180002670954100000740574810396609040000790004000300187020000060400,951438672467259183832671954123596748574812396689743215795324861346187529218965437,1
091000060206000107807190352085039746604850239023040580038900070700460000062578003,391725468256384197847196352185239746674851239923647581538912674719463825462578913,1
003041609169702040008960170581690200026300500937520461804000052070283904000059706,753841629169732845248965173581694237426317598937528461894176352675283914312459786,1
003100809005029170908040625584630702020008050197254000030002517042010060000970030,273165849465829173918347625584631792326798451197254386639482517742513968851976234,1
601879000900034671270605800096580007015427036023060500100706382307100460562000719,631879254958234671274615893496583127815427936723961548149756382387192465562348719,1
135670240048012076000005001309048062000230054254190083000860437416700800700020615,135679248948312576627485391379548162861237954254196783592861437416753829783924615,1
750031200000587010001209530102400895000000100500102400217050304045010600906304751,759631248423587916861249537172463895634895172598172463217956384345718629986324751,1
008600214000502380923014076692100037005009100041207095050031908800400700200005643,578693214164572389923814576692158437785349162341267895456731928839426751217985643,1
900503268800409305501268970079000851180930000002001709000700083058000092093002040,947513268826479315531268974379624851185937426462851739214795683758346192693182547,1
003900786624805900000613254936581000102000003070006105200009008360008500091054072,513942786624875931789613254936581427152497863478236195245769318367128549891354672,1
398015072576000009100967358200070410900020805861054097610042083039500721700093064,398415672576238149124967358253879416947621835861354297615742983439586721782193564,1
902800000500290003873540026240705630750960210090100705630000500005009348409350107,962837451514296873873541926241785639758963214396124785637418592125679348489352167,1
408000003203060508901703020004078102100300680700921345315200004607804031802130059,468512973273469518951783426534678192129345687786921345315297864697854231842136759,1
780105492030928657205740108012057860500000700073609021029001070350274000640090205,786135492134928657295746138912457863568312749473689521829561374351274986647893215,1
032841000097560400804003250701635902609027005253089017015078096370916000906300078,532841769197562483864793251781635942649127835253489617415278396378916524926354178,1
100475000407923180200600000080201600014007825602580913020800060590130470841056302,168475239457923186239618754385291647914367825672584913723849561596132478841756392,1
050024019007069050980001436060093072003080900290740003700632094600008020804910065,356824719147369258982571436468193572573286941291745683715632894639458127824917365,1
806513000500604201174029563607000419082460375300795806200000058498050100700108000,826513794539674281174829563657382419982461375341795826213947658498256137765138942,1
306052900500007208720961400003085020075694003860000509657210384004536702902078150,346852971519347268728961435493185627275694813861723549657219384184536792932478156,1
060900010984713020020050740406237090891504003300090054019070000000029000205100000,567942318984713526123658749456237891891564273372891654619375482738429165245186937,1
006923705050180436003645021002000108100002007890430002028000000341078260070064003,416923785259187436783645921532796148164852397897431652628319574341578269975264813,1
961302004030060271247801693409005000100608037073210048006400019094106305300007486,961372854538964271247851693489735162125648937673219548856423719794186325312597486,1
080020509050087623620190704810046235200001000435008900006532800070000396340769102,784623519951487623623195784817946235269351478435278961196532847572814396348769152,1
000057000574802391806390045040080670780906050639045812008019000157030900302574160,913457286574862391826391745245183679781926453639745812468219537157638924392574168,1
472903600930010742051047803000000580015672934749805120124750068006308000380104209,472983615938516742651247893263491587815672934749835126124759368596328471387164259,1
390761080876952301001083900019524803480070592200398400140000020902010004630200158,394761285876952341521483976719524863483176592265398417148635729952817634637249158,1
074250091953100070128739506002600908035020004096815207049370000580402703307581400,674258391953164872128739546712643958835927614496815237249376185581492763367581429,1
021864000869517000754000610130200006008000000246078195002780360005600700070421089,321864957869517432754932618137259846598146273246378195912785364485693721673421589,1
087024106000790280260100009805200043300485700040361090070813060601040008438652917,987524136153796284264138579815279643396485721742361895579813462621947358438652917,1
034081050008200400002306010461539700000078043007620591709463100040800300803907264,634781952178295436952346817461539728295178643387624591729463185546812379813957264,1
310054007800976501000132498400219000760080219021000304238040000100307802007020140,319854627842976531576132498483219756765483219921765384238641975154397862697528143,1
002700100570000036301000080806200070709380260000470008908002000400060020120807659,682793145574128936391654782836219574749385261215476398968532417457961823123847659,1
073090020621753908059068300100630804084000067067004100240000610006502003900040780,873491526621753948459268371192637854384915267567824139248379615716582493935146782,1
390846700876130004154002030060201480020000167080003592630000240918027056005009870,392846715876135924154792638769251483523984167481673592637518249918427356245369871,1
003509602709642850250138900970264030105387200342905708020091300601050027007006105,483579612719642853256138974978264531165387249342915768524791386691853427837426195,1
149756020763802940058390170092600000300048700087100009530200010000501004021407300,149756823763812945258394176492673581315948762687125439534289617876531294921467358,1
060000532052106079304052608040009860096025003508400290680503904410200050925640000,169784532852136479374952618241379865796825143538461297687513924413298756925647381,1
416280503200107804079000216000320900003000428700958361607432009380795600902816035,416289573235167894879543216168324957593671428724958361657432189381795642942816735,1
009002001281963450504080269900700836400508002827000040148005690756300100090810570,679452381281963457534187269915724836463598712827631945148275693756349128392816574,1
080006530630721009000800017290160700300200000008000000500004000040082306860090040,187946532635721489429853617294168753316275894758439261573614928941582376862397145,1
250700019100400062690231740960085270700690501435120986807042003526010000309576000,254768319173459862698231745961385274782694531435127986817942653526813497349576128,1
017349850908260170365701024029008740470190008083074092092400300851020400034057009,217349856948265173365781924529638741476192538183574692792416385851923467634857219,1
307002815050004706162785040098506430036078059010009670000257301623041500571000290,347692815859134726162785943798516432236478159415329678984257361623941587571863294,1
002090410791483652054060078020800096046700830830006520508142300209300105400000087,682597413791483652354261978125834796946725831837916524578142369269378145413659287,1
502000706000850002010627040758290031000300400001765008090106003683079024100432069,532941786467853912819627345758294631926318457341765298294186573683579124175432869,1
023850700809170000147603509308007042076901300090230000761082090980410607534096820,623859714859174263147623589318567942276941358495238176761382495982415637534796821,1
871050360456300028900006004513704982290503600000091005000900103100605807380100206,871452369456319728932876514513764982294583671768291435647928153129635847385147296,1
000501020687320150012700603050200091200610070000905200408002500100097830700006000,934561728687324159512789643856273491249618375371945286498132567165497832723856914,1
008004003075800040100370859007903020830700910502401380009148002203007060040230090,928654173375819246164372859417983625836725914592461387659148732283597461741236598,1
005830206309572481270046050420010700900650000800027003701305042500001600002090518,145839276369572481278146359423918765917653824856427193781365942594281637632794518,1
300090758700138900400070020642007090050640210093005476916800040000700080000964032,361492758725138964489576321642317895857649213193285476916823547234751689578964132,1
291700305037160009564392108020007901059600087708409053040510000086003090375900802,291784365837165429564392178623857941459631287718429653942518736186273594375946812,1
000607100076090058194580300010376845035208971480905600860000020740823016501469783,258637194376194258194582367912376845635248971487915632863751429749823516521469783,1
150930748000807162607412395091083000020095010005740280079360850813579604046120000,152936748934857162687412395491283576728695413365741289279364851813579624546128937,1
900000057384170006057890340008700109029010008603008504106300080470201003000000005,961432857384175296257896341548763129729514638613928574196357482475281963832649715,1
007368514541297308806005900090504786208700149674981205700649800360002400000100072,927368514541297368836415927193524786258736149674981235712649853365872491489153672,1
001040006046152000270000041592814700160020984030970002800200697710068000023507010,981743526346152879275689341592814763167325984438976152854231697719468235623597418,1
706020050013705682090068070020613597907502816061879024070080000050237941040950768,786324159413795682295168473824613597937542816561879324179486235658237941342951768,1
193000065050210398286053140509000803462078051837000004040039512001465780975102030,193847265754216398286953147519624873462378951837591624648739512321465789975182436,1
057094360004006005863050942980640030032518600000907050029085470571463800308079516,257894361194326785863751942985642137732518694416937258629185473571463829348279516,1
040106500000809304002000000070460009000700000620305100008214035035978410104650028,947136582516829374382547691873461259451792863629385147768214935235978416194653728,1
176423009500000216002100034650010840000956371307000900890031420704002053031574098,176423589543789216982165734659317842428956371317248965895631427764892153231574698,1
925083060030020785000604090050800002790010806086002004008001000510000609309270008,925783461634129785871654293453867912792415836186932574268591347517348629349276158,1
943528170000600032620090508100050000384260090290347601507180400062070003019036207,943528176758614932621793548176859324384261795295347681537182469462975813819436257,1
070000063040201058985043100708060041060405037534712689000006800852930000400820300,271598463643271958985643172728369541169485237534712689397156824852934716416827395,1
940856127176090005820037690300024059658719203092300000730968012200501000080240076,943856127176492385825137694317624859658719243492385761734968512269571438581243976,1
067831902123009807805400001072103469900520070080947005604708200010360004738094506,467831952123659847895472631572183469941526378386947125654718293219365784738294516,1
025810043783900162000030900009507001150620000860093504004070200370209000008060307,925816743783945162641732985439587621157624839862193574514378296376259418298461357,1
058060070200095860460100295609000400307016000185472900806001009500000000002009358,958264173271395864463187295629853417347916582185472936836521749594738621712649358,1
081673092763900851420180300042060519150020030300001007614030025900214708070090043,581673492763942851429185376842367519157829634396451287614738925935214768278596143,1
482319067000025801000078024345100086806034000709850413674280195090540078000900042,482319567967425831531678924345192786816734259729856413674283195293541678158967342,1
482915000069007200307820495800602040743100960025000813954000008208591030106084759,482915376569347281317826495891632547743158962625479813954763128278591634136284759,1
508900073704008006923610500190000607680475300307169050476351028809700001201804005,568942173714538296923617584195283647682475319347169852476351928859726431231894765,1
009000250002307008040002379003000407010000020090041083806003700051604000304080000,739418256562397148148562379683925417417836925295741683826153794951674832374289561,1
961008730000096582800300610000083000620019370480607051516700800097061205248935007,961258734734196582852374619179583426625419378483627951516742893397861245248935167,1
094730205071002308000850400950310002320900751140080930730020100609003507010509600,894736215571492368263851479956317842328964751147285936735628194689143527412579683,1
060007428804520000000800065300600107009000586651789340008000639040938201930100054,165397428894526713723841965382654197479213586651789342218475639546938271937162854,1
600014085050276040140380720030027950507801030291000600026000594480069010010702860,672914385358276149149385726834627951567891432291453678726138594483569217915742863,1
730041692641009057590073408170034980320068000000710003407080009010006025009007034,738541692641829357592673418175234986324968571986715243457382169813496725269157834,1
283154796000809231190003008841930567020000903530710020002407080900085100758001040,283154796475869231196273458841932567627548913539716824312497685964385172758621349,1
307050104690801700512097638430020900761340280259000400906280041805010076103005020,387652194694831752512497638438526917761349285259178463976283541825914376143765829,1
509401326004263589032009040043980650065100270708006403800390704320708065090615802,589471326174263589632859147243987651965134278718526493856392714321748965497615832,1
000963002469080135000041068834215070795630821002009453501000396040196007070058200,158963742469782135327541968834215679795634821612879453581427396243196587976358214,1
741000809809006304036900517005109640020368070607205138968421003013850200572600080,741532869859716324236984517385179642124368975697245138968421753413857296572693481,1
029743560030005427740680901090058070578010200000270000983061700000509684004027310,129743568836195427745682931492358176578916243361274895983461752217539684654827319,1
900361208230048609068052047809406700072010863356820094003090502000205006504673981,947361258235748619168952347819436725472519863356827194683194572791285436524673981,1
010208000040000010056047009003859041007000592000700080008070000900601008070405960,719238654342596817856147239623859741187364592594712386468973125935621478271485963,1
054079020800210306010843900400006178631000095080091630562004009008050263003960584,354679821897215346216843957429536178631728495785491632562384719948157263173962584,1
027005814100470259059820003860137005230008400790060108008010040540700090310649000,627395814183476259459821763864137925231958476795264138978513642546782391312649587,1
070604000095810243042305167427008300300009006968030700080450000230900081000283400,173624958695817243842395167427168395351749826968532714789451632234976581516283479,1
008040162407300090001280074840570031003004500060000047790450013300620489004093006,938745162427316895651289374849572631173964528562831947796458213315627489284193756,1
050084230703500489400300500000040063000050000800601900002000008009200741340019620,956184237713526489428397516295748163631952874874631952162475398589263741347819625,1
061085340890073260230046087040602970082019500509830002000328456056097801028501790,761285349894173265235946187143652978682719534579834612917328456356497821428561793,1
470205196820009007050467328960720804040050973037948060010034609390000010604090735,473285196826319547159467328961723854248651973537948261712534689395876412684192735,1
005000718063210940007008263070090300009720001258043670090400007100679802780030090,925364718863217945417958263671895324349726581258143679596482137134679852782531496,1
000205090925370000781946050310050249402100070079430800000000000800023001137000925,643285197925371684781946352318657249462198573579432816256719438894523761137864925,1
000090004247603159080004003479300216036400000500967438614832975300170602790046381,163795824247683159985214763479358216836421597521967438614832975358179642792546381,1
809000503502098000614000298925061000040900615160074309300240087400600052250009030,879126543532498761614753298925361874743982615168574329396245187481637952257819436,1
801000005645290130739500046070908601008176453156000900063019000017802060980765310,821643795645297138739581246374958621298176453156324987563419872417832569982765314,1
129040070005108340384009500471863000850917030693054107908032705546080200200506004,129345678765128349384679521471863952852917436693254187918432765546781293237596814,1
490003000060951007030002589659010002000574008004296000000039004043000201008027603,495783126862951437137642589659318742321574968784296315276139854943865271518427693,1
742960003060703450305408270207000001504006007036180542079051024451602308620040010,742965183168723459395418276287534961514296837936187542879351624451672398623849715,1
320640005070095632906300480735080069860931020009756048680019703500000010100023896,321648975478195632956372481735284169864931527219756348682419753593867214147523896,1
500100280203008700070259036320740100084930600050010003000504307700000524460020091,546173289293468715871259436329746158184935672657812943912584367738691524465327891,1
100000923290830614036900075800463259060008040502009360901002080700680091000100732,178546923295837614436921875817463259369258147542719368951372486723684591684195732,1
060740135400080007079230040700908003006070000008653401025014069004007020980362010,862749135453186297179235846741928653536471982298653471325814769614597328987362514,1
820003040639100780140070693063000000400736900908024130502017060704650310306089005,827963541639145782145278693263891457451736928978524136592317864784652319316489275,1
005901006036070080000083275310000000609040500407010309900852643003069052060004890,785921436236475981194683275318596724629347518457218369971852643843769152562134897,1
068045371340012065000060002600001004013400500024007010450178600900006240836004157,268945371347812965195763482689521734713489526524637819452178693971356248836294157,1
400172058078030004000680790680509123092708546540300079910203000726891435853000012,469172358178935264235684791687549123392718546541326879914253687726891435853467912,1
070058396000400100080301247912805003007906812068012409826070931050680700734000500,471258396293467185685391247912845673547936812368712459826574931159683724734129568,1
000780351107030006853026049009070460064208100308460900406017500000050000725840603,692784351147935286853126749219573468564298137378461925486317592931652874725849613,1
065000201900800650001300489008040560004000073007005800036020190002600000509004726,865479231943812657271356489198743562654281973327965814436527198712698345589134726,1
803501200109726080200000001704060905305489106061205834610802300090000010008907600,843591267159726483276348591784163925325489176961275834617852349592634718438917652,1
162850793854090016970000008080142309041037000739685420017300900008500632325069180,162854793854793216973216548586142379241937865739685421617328954498571632325469187,1
040900065716050920900786010280697450090040000030518296109432500028170049574809032,843921765716354928952786314281697453695243871437518296169432587328175649574869132,1
000003000603025048002718630000074062007302010080100970426009081790001020018200459,851643297673925148942718635139874562567392814284156973426539781795481326318267459,1
910208004508430907364090280106907340040165008080000061070000003400013806601872050,917258634528436917364791285156987342243165798789324561875649123492513876631872459,1
380012759050307406140905308729846105015093840430021600000074500561200970800009200,386412759952387416147965328729846135615793842438521697293674581561238974874159263,1
096000540040085136105063790659730080070601359000008000800109463004002815001800007,396217548742985136185463792659734281478621359213598674827159463964372815531846927,1
004360718380004906100080040060073100701206094005190630008600070200807500640021009,954362718382714956176985243869473125731256894425198637518639472293847561647521389,1
760000004954620000000405796075000200003060070082759031009380600800596000040200080,761938524954627318328415796175843269493162875682759431219384657837596142546271983,1
050098106010403790730216080000601003060000247300000600900860001070904520080007900,452798136816453792739216485297641853165389247348572619924865371671934528583127964,1
003005040007309000040816007030407010498102070060900204374620598000790020029504063,813275946657349182942816357235467819498132675761958234374621598586793421129584763,1
200000706000064250700200800400018072371492000000605040923840507517906000080000093,245189736138764259769253814456318972371492685892675341923841567517936428684527193,1
208006500340819762076002048002075390054030020739600801093481276401007000060093400,218746539345819762976352148682175394154938627739624851593481276421567983867293415,1
253100060480300010906704385702019800300040000041030000600001030074060002100005600,253198467487356219916724385762519843398647521541832796625471938874963152139285674,1
093546807400080260800002405729350106601279058350060902107000624082614000004723500,293546817415987263876132495729358146641279358358461972137895624582614739964723581,1
010789000070342100024615800138906502457128003690000000703564291000237080205001400,516789324879342156324615879138976542457128963692453718783564291941237685265891437,1
410000329000012007023040800650094783092736415374008602200401056765820004149500078,417685329986312547523947861651294783892736415374158692238471956765829134149563278,1
805620030206901405910050820170009204092740183050102769780006040360008017501074608,845627931236981475917453826173869254692745183458132769789516342364298517521374698,1
020739048749006050603405179250380497300040512410002086030070805572108930000090001,125739648749816253683425179256381497398647512417952386931274865572168934864593721,1
710002034342060800508730000875300406100005380003648015459806003087453000030200540,716582934342169857598734621875321496164975382923648715459816273287453169631297548,1
700001920695824037082937456308402710427509680960000000076100590019040060530096070,743651928695824137182937456358462719427519683961378245276183594819745362534296871,1
030000097002897100794300280580604012300025804009081536140050768078100450965478301,831542697652897143794316285587634912316925874429781536143259768278163459965478321,1
703018920002057348804320715075260891900004070038090050301000469640100580500900000,753418926192657348864329715475263891916584273238791654321875469649132587587946132,1
005000003907001608284706109400098016502064000801305294150600830320809475008523961,615982743937451628284736159473298516592164387861375294159647832326819475748523961,1
009008030280075469547369120906800704850704096304690280000082603038000902062900051,619248537283175469547369128926853714851724396374691285195482673738516942462937851,1
060903007409070200032054190901086720800197034376502019097238451003405008080719360,168923547459671283732854196941386725825197634376542819697238451213465978584719362,1
003925710178634950095000006469012003300400079507009120030506097926071405700203000,643925718178634952295187346469712583312458679587369124831546297926871435754293861,1
984301572000027010007009400241738006509040208860005147416072085302080791790003620,984361572635427819127859463241738956579146238863295147416972385352684791798513624,1
030520000900746002201039070000153800500200000002067510709314086100085040348600050,437521698985746132261839475674153829513298764892467513759314286126985347348672951,1
025361879397200000800700200100602058070819000068453917602907140050136782080020603,425361879397248561816795234149672358573819426268453917632987145954136782781524693,1
027386490006095701504172008050010860471060350000523174718609240030041900902807506,127386495386495721594172638253714869471968352869523174718659243635241987942837516,1
802065041070201050650300720000104009000590437497620015009000070043000580208007096,832765941974281653651349728385174269126598437497623815569832174743916582218457396,1
380026405069470201420000070004009020108042500205630980903207800752864010840910702,387126495569478231421395678634589127198742563275631984913257846752864319846913752,1
050010400400068001000470236361009750092051000084027913030590007900104025145702689,657213498423968571819475236361849752792351864584627913238596147976184325145732689,1
940070020700002800025098736091000008370000501004600079206530010000860002519040003,948376125763152894125498736691725348372984561854613279286539417437861952519247683,1
960000502001050408005104097006095000798206300542731980083572100007910065000460273,964387512271659438835124697316895724798246351542731986683572149427913865159468273,1
080097106106508739390164028460702893520810004008600051003405000800900407900200365,285397146146528739397164528461752893529813674738649251613475982852936417974281365,1
006700520201060709087240300070423610100007002342000980654802100708090250023156870,496731528231568749587249361879423615165987432342615987654872193718394256923156874,1
197020065030100740002670300900200153400000000571839426209010030010000204064002010,197423865635198742842675391986247153423561987571839426259714638318956274764382519,1
039270846065004007007093000300148795004907300070352461040000250850426170790031080,139275846265814937487693512326148795514967328978352461641789253853426179792531684,1
501002000403517609008439200000300970957008410300070062602150000840790126079826534,591682347423517689768439251286341975957268413314975862632154798845793126179826534,1
001083067605000910000000845720154009030000020190306578250000001410038000063700400,941583267685472913372961845728154639536897124194326578257649381419238756863715492,1
308041005690000143100670080509100072234700018871300490400009620782005930016030050,328941765697528143145673289569184372234796518871352496453819627782465931916237854,1
470852163023601849001004070950016037000009000200530980300005692190760354605000718,479852163523671849861394275958216437736489521214537986387145692192768354645923718,1
006340290080001307509008640008130420263004009007296800621470580800653912005802704,716345298482961357539728641958137426263584179147296835621479583874653912395812764,1
003002600000705413008630000802007930365498200090063045006000008934001700001920050,573142689629785413418639527842517936365498271197263845256374198934851762781926354,1
030680701010000560760902300090738145573461092108059673009176008001800457380500006,934685721812347569765912384296738145573461892148259673459176238621893457387524916,1
805040129271309640600281753003908005704520900000410062002870530007090214406102897,835746129271359648649281753123968475764523981598417362912874536387695214456132897,1
607090200015720643280013900800000009003500026526130000160900304470350060002040000,637495218915728643284613975841267539793584126526139487168972354479351862352846791,1
684071029200846007000030060405010280020608100006294753900160802758409030060003040,684571329239846517571932468495317286327658194816294753943165872758429631162783945,1
542009873900000000106000020090702068670100030825000090063900040210364750459071000,542619873987523614136847925391752468674198532825436197763985241218364759459271386,1
890306520000021796200507080609032004720064135310750900500279310082013657170680040,897346521435821796261597483659132874728964135314758962546279318982413657173685249,1
271950300305178000908602057710090504530060090400520610127305809090010405000789201,271954386365178942948632157716893524532461798489527613127345869893216475654789231,1
790060001608701902421089057060835049900607013380904700009456308530208090876103504,793562481658741932421389657167835249945627813382914765219456378534278196876193524,1
000030120000762003380000000257090068163840209408050071706480905800105036500609040,675938124914762583382514697257391468163847259498256371726483915849125736531679842,1
600910400200700090098530671020040987360875210780291356900127548070409160105083020,657918432213764895498532671521346987369875214784291356936127548872459163145683729,1
602704581045080000008600207400850020800000356000003418987000034203149075150078692,692734581745281963318695247431856729829417356576923418987562134263149875154378692,1
300897005001264080600153002780602000004900006063000000010380027206041538807506410,342897165951264783678153942789612354124935876563478291415389627296741538837526419,1
603279548074608001902050036046720009250090460891460075709006054160007092030912607,613279548574638921982154736346725819257891463891463275729386154168547392435912687,1
300574100571002469820000030047068350003745006090030804710609243450000000906420510,369574182571382469824196735247968351183745926695231874718659243452813697936427518,1
008010000000800500520349800090007048705080030104000075079100006041025387250008019,938516724416872593527349861392657148765481932184293675879134256641925387253768419,1
050030904608000500030506018782940300040358200000002400405680007009005032060019845,251837964678194523934526718782941356146358279593762481425683197819475632367219845,1
700800090040370205013529040206403900001297060400086000100902008952048307308700000,725864193649371285813529746286453971531297864497186532174932658952648317368715429,1
015240937790500280000087000084631702107008396003700148601094025230000000059872600,815246937796513284342987561984631752127458396563729148671394825238165479459872613,1
704002053100709806002308104327980001816204539459031780000016240060027098200500007,784162953135749826692358174327985461816274539459631782973816245561427398248593617,1
050700090834000721002040685025300847010870000907020006000050130000207060009018500,156782493834965721792143685625391847413876259987524316278659134541237968369418572,1
264508030000906080000031460020807590700023010800695073082700059035109607097002048,264578931513946782978231465326817594759423816841695273182764359435189627697352148,1
240589017180706349009041200700890000000605728528037960857964002360078590002153070,243589617185726349679341285716892453934615728528437961857964132361278594492153876,1
840592100000107298091000057673081520080400036020703901038019600060304000914806070,847592163356147298291638457673981524189425736425763981738219645562374819914856372,1
096370028508900143004008060005491006060200810002080400007640301900035602603100084,196374528578962143234518769785491236469253817312786495827649351941835672653127984,1
700020350610000028005800000140360580870510003536480179003090460407203801900006005,798621354614935728325874916149367582872519643536482179253198467467253891981746235,1
512748003736120054409600127200003000071080090960417502600050019100006048803291075,512748963736129854489635127254963781371582496968417532627854319195376248843291675,1
480600950015097080076400002723805091090024063104000020837510240640700539050300108,482631957315297684976458312723865491598124763164973825837519246641782539259346178,1
520309460140760008600204519092003601300600094006957000254030006873096042901472835,528319467149765328637284519792843651385621794416957283254138976873596142961472835,1
000064003800701060630009074960500040010086957000023010407102800300005001196370020,579264183824731569631859274968517342213486957745923618457192836382645791196378425,1
070080091085002007390070008938561472064020910217409000053000789706958100009713260,472385691685192347391674528938561472564827913217439856153246789726958134849713265,1
200070365065180000000502901859320070070005230602701859506900027708000613420010590,281479365965183742347562981859326174174895236632741859516938427798254613423617598,1
027060531980215006500704002052397468746801050398046020205003000600089070000600310,427968531983215746561734892152397468746821953398546127215473689634189275879652314,1
307580296500273000021604705902046057000030080038750020000410062290060071180007500,347581296569273418821694735912846357475132689638759124753418962294365871186927543,1
000100237004037968230690014070900842040850000091002050720009401405020796009084020,968145237154237968237698514576913842342856179891472653723569481485321796619784325,1
307900008925860013010057092406008100100243000802710004004030056561082300293605841,347921568925864713618357492436598127179243685852716934784139256561482379293675841,1
007501800000940200641080900700159480508270030400008502374805620095000040200013700,927531864853946217641782953732159486568274139419368572374895621195627348286413795,1
009401056056397012070602009905040037307905068801036500010520600603004000502860401,239481756456397812178652349965248137347915268821736594714529683683174925592863471,1
800520103000980705270003804300090002720356948040002531100040089509200017002019356,894527163613984725275163894358491672721356948946872531137645289569238417482719356,1
500002408273540690418600300631080900740010065050400037325860709000003516100954283,596132478273548691418697352631785924742319865859426137325861749984273516167954283,1
902045006000687923806000000704219630260000819190508402017490258459802160000751300,932145786541687923876923541784219635265374819193568472317496258459832167628751394,1
090000701000040200630710084060578423240090500080320619850402000109007006300960002,495283761718649235632715984961578423243196578587324619856432197129857346374961852,1
500002004918604002003859170809030507030745869657028430700490218204061003301000605,576312984918674352423859176849136527132745869657928431765493218284561793391287645,1
063092007870403059504007320950000032046031590021958046600370200037105964400609800,163592487872413659594867321958746132746231598321958746689374215237185964415629873,1
760030004890450120000017036000000050200391470407085963130040085075000300000573600,761832594893456127524917836389764251256391478417285963132649785675128349948573612,1
290605180016487039800012654600704005953168700001000890045806920782359001060200578,294635187516487239837912654628794315953168742471523896145876923782359461369241578,1
000403921210085364346020087130942000027000093904070802460200105501630009702004608,875463921219785364346129587138942756627851493954376812463298175581637249792514638,1
008506310050402806126070900597030060000750030003804500600943720732605149040127603,478596312359412876126378954597231468864759231213864597681943725732685149945127683,1
000630008070000001003000060001800543740050026050100000090407380020013470037290005,219634758674985231583721964961872543748359126352146897195467382826513479437298615,1
082000060003014005100056930230400500069075802801090307716500003020703004305120679,582937461693814725174256938237481596469375812851692347716549283928763154345128679,1
710002048248716050060580700380957124500408370409103060000600090000030587052009006,715392648248716953963584712386957124521468379479123865837645291694231587152879436,1
208306100601807050730510800324058067070003008805060432480200095190675300060904721,258346179641897253739512846324158967976423518815769432487231695192675384563984721,1
596034027204570369000920504407209013329008050815000942000700630000405001002693078,596834127284571369731926584467259813329148756815367942948712635673485291152693478,1
280015706300267590067038020100009085076020309000080100632100057700056200050802060,289415736314267598567938421123749685876521349945683172632194857798356214451872963,1
503690027670080530012350068005061782840000391720038605468500010009043876200010050,583694127674182539912357468395461782846725391721938645468579213159243876237816954,1
500001049960750201001639875830975400027483096059060380705208103304506020002010900,573821649968754231241639875836975412127483596459162387795248163314596728682317954,1
435287109006001500819350702028170096001069200960023804692730081083640957750000020,435287169276491538819356742528174396341869275967523814692735481183642957754918623,1
075006040941750862820900007030670985068200370197038026704165003203497650000080714,375826149941753862826914537432671985568249371197538426784165293213497658659382714,1
285100930360800041904007600179002085602005000408391706520914873003528100840073590,285146937367859241914237658179462385632785419458391726526914873793528164841673592,1
090867320003204008852009000360700284040005090100640573720000800010400000036020700,491867325673254918852139467365791284247385196189642573724516839918473652536928741,1
093010002260400901400009000675003004010048000804905003586370009107890600900004710,793516482268437951451289367675123894319748526824965173586371249147892635932654718,1
071026490902040103543719600306450910400680500005000860620570381108293706030168209,871326495962845173543719628386452917497681532215937864629574381158293746734168259,1
001607000006000300083940017205780900030050070147309002370506400610403780900100063,491637528726815349583942617265781934839254176147369852378526491612493785954178263,1
820140756009327418007856000901008004042671300008594000080002047206080105000760832,823149756659327418417856923961238574542671389738594261385912647276483195194765832,1
014308000730209016800105003056007408003500197179483600540601970361702080920054301,614378259735249816892165743256917438483526197179483625548631972361792584927854361,1
098305102605009030032407596071000029059630014026790300900853270080014960213906480,798365142645129837132487596371548629859632714426791358964853271587214963213976485,1
057261048008347695043085021000000000824090537571038962706804050035729180100050009,957261348218347695643985721369572814824196537571438962796814253435729186182653479,1
080003562005007430031620897013452000090860325020700108078390204050214786040078913,987143562265987431431625897813452679794861325526739148178396254359214786642578913,1
090080057475030010008057400000002100001000824340508906920005341034721069016304780,193486257475239618268157493789642135651973824342518976927865341834721569516394782,1
370240900068075300540000870005087036406001000037026149710054692600700013000003400,371248965968175324542369871195487236426931758837526149713854692684792513259613487,1
120050803050028041089137020831005004502413680070209015005006030347092100908301400,126954873753628941489137526831765294592413687674289315215846739347592168968371452,1
509400020104706089670009034200070000345900071010034250753190460000200315020065000,589413726134726589672859134268571943345982671917634258753198462896247315421365897,1
000568091801702605065019870604120080580000200002890463740000100258000930910080750,427568391891732645365419872634127589589346217172895463746953128258671934913284756,1
000908020702465380100000069000157608084200710071804290800721936206000170007003002,463918527792465381158372469329157648584296713671834295845721936236589174917643852,1
001067300000842061020000007907035802230010006050726093740250038500684270080000045,891567324375842961426193587967435812234918756158726493749251638513684279682379145,1
056904038830502100027308560740651893000240001513897026270130680600000340305006910,156974238839562174427318569742651893968243751513897426274139685691785342385426917,1
215000009093571080060900035100460057906350001572000306329805000700006503054709018,215683479493571682867924135138462957946357821572198346329815764781246593654739218,1
046090012197400080500006094002000400700205900065380000071000035089002647604038120,846597312197423586523816794932671458718245963465389271271964835389152647654738129,1
080900000003050060605040010300506800001003200070420030000805003000600100800014009,184967325793152468625348917342596871561783294978421536219875643457639182836214759,1
700486300185239760340100029003062047008307196657941203860510970001698030530020000,792486351185239764346175829913862547428357196657941283864513972271698435539724618,1
000463015000050000400189062860020900500000004130047050350078049290030570040005820,982463715613752498475189362864521937527396184139847256351278649298634571746915823,1
400095136009001070156040820603800000902706018005000600200068350031000962504003780,478295136329681475156347829613859247942736518785412693297168354831574962564923781,1
108900003002603900590024067030000618200401039015000472841030000357102800620000050,168957243472613985593824167734295618286471539915386472841539726357162894629748351,1
806500000095013000034807605407065038003001020580390701051900040049100850378006210,826549173795613482134827695417265938963781524582394761251978346649132857378456219,1
631425897849073600257080001070246900926031504014500000000000000705304029162907438,631425897849173652257689341578246913926731584314598276493812765785364129162957438,1
840031009691080200000604800064750081009408532002010704473006095900173406026005308,847231659691587243235694817364752981719468532582319764473826195958173426126945378,1
490006700001402000527000400962703001804210609005069204000004197070391845140087300,493156728681472953527938416962743581834215679715869234358624197276391845149587362,1
891462530753910024060530109907001465310000200000009301009070802170825940284093706,891462537753918624462537189927381465315746298648259371539674812176825943284193756,1
085100000200850491000320006759402603460003715100070249500709168890201030016500972,685194327273856491941327856759412683462983715138675249524739168897261534316548972,1
095183476670924530004075219020501694000297051050806300460010085513700002080402160,295183476671924538834675219728531694346297851159846327462319785513768942987452163,1
053012860802004000000006000000000540405000920097025318509060400718000030000037009,953712864862354791174986253321698547485173926697425318539861472718249635246537189,1
000902080019500237287134059093200000000309061000050392005601003031025078940783016,356972184419568237287134659793216845528349761164857392875691423631425978942783516,1
002564780870000906064900203300200504006170002057003000010400000020050010700012000,932564781875321946164987253381296574496175832257843169519438627623759418748612395,1
030400000891000704472100005127906080569030000004700000200090046900300120003061500,635479812891625734472183965127956483569834271384712659218597346956348127743261598,1
503070820089000613160093750076509081000207395930080060000010000020900030450328906,543671829789452613162893754276539481814267395935184267398716542627945138451328976,1
700043008080100400904070210406315000050728000078004530809431002021680090307500100,715243968682159473934876215496315827153728649278964531869431752521687394347592186,1
020034060190068327673921000500003400040010073030406208300040500000600730708352690,825734169194568327673921845587293416246815973931476258369147582452689731718352694,1
438600000150000204609541780015863070270194000864070000502080390090300640006019507,438627915157938264629541783915863472273194856864275139542786391791352648386419527,1
047921086682003040091008520408500000209014000070806230854100960016280470020609805,547921386682753149391468527438572691269314758175896234854137962916285473723649815,1
359000027486032190010980000008307204501620000247809060905478601803091470174200050,359146827486732195712985346698357214531624789247819563925478631863591472174263958,1
000002000281540036703608200106053802809070300032000000048006103610090428025080079,564932781281547936793618245176453892859271364432869517948726153617395428325184679,1
053718426061002080028006590210054867045687002070921005600145008502060174000270659,953718426461592783728436591219354867345687912876921345697145238532869174184273659,1
800072516007041200132695487060020340200483960013000728790014800020700694504900100,849372516657841239132695487968127345275483961413569728796214853321758694584936172,1
803100407010200000547930002000000603401069820030802004000090030302687540100503089,823156497916274358547938162289745613471369825635812974758491236392687541164523789,1
809603000021400069760910000973800600546302087200765304137589420480270010692030578,859623741321457869764918235973841652546392187218765394137589426485276913692134578,1
040501000190302740000764031870209000900806574051073800080100062460020007010647000,347591286196382745528764931874259613932816574651473829789135462463928157215647398,1
950060702701830950280090104679304800020908607010200095500680200002140500137529068,953461782741832956286795134679354821325918647418276395594687213862143579137529468,1
008094362003500184416203907069708431300060870800430000080640790037810500094007010,758194362923576184416283957569728431342961875871435629185642793237819546694357218,1
680005923301946085975080416269710050438209160107460090000604570013800609006090032,684175923321946785975382416269718354438259167157463298892634571513827649746591832,1
020430008080670150601905720508204030000319080009007460452100076890040205030526040,725431698983672154641985723578264931264319587319857462452198376896743215137526849,1
809763000436081590702409863940502300005896020020300985190025700567908130084100009,859763214436281597712459863948512376375896421621374985193625748567948132284137659,1
056000128798000000132400709600948075300571092509063480915706043047039256200804010,456397128798612534132485769621948375384571692579263481915726843847139256263854917,1
080003016705000009160240008350100007870600021601370845207910000930500100010007690,489753216725861439163249758352184967874695321691372845247916583936528174518437692,1
071002940000617082020003571800765109090000758710009604080291467102070005960458213,371582946459617382628943571834765129296134758715829634583291467142376895967458213,1
236410000010608029809053104190526803064030007320094605081007052053040701000105906,236419578415678329879253164197526843564831297328794615981367452653942781742185936,1
400207581701680432500403607987102346000000059306740210874300060000578104205904803,463297581791685432528413697987152346142836759356749218874321965639578124215964873,1
701502684006701032000030010523080796610079345400300800984007050365418279070900068,731592684856741932249836517523184796618279345497365821984627153365418279172953468,1
530046800602000040840312095950004008704850030006000524069270381208163459000490267,531946872692587143847312695953624718724851936186739524469275381278163459315498267,1
570163020083092050421000396342000168708201030905806007006370000057600013204510009,579163824683492751421785396342957168768241935915836247196374582857629413234518679,1
486500090237001080050086074392000000670453029040602837804765013760809542910320068,486537291237941685159286374392178456678453129541692837824765913763819542915324768,1
604020000000007000008603401002104507975802104000065082020379815000240003007010049,634921758251487396798653421862194537975832164143765982426379815519248673387516249,1
002000000057018236080239750720306005534900670008520003641793028803050400095004310,312675894957418236486239751729346185534981672168527943641793528873152469295864317,1
800000921002000070000902835568001003120460089004835002451683090380720100079010360,845376921932158476617942835568291743123467589794835612451683297386729154279514368,1
000003821602001037318072605430000018071064250000708364150826490083409106900007080,795643821642581937318972645436295718871364259529718364157826493283459176964137582,1
108790045000802790090154003873040026900010538061008904050009300010403850302071460,138796245645832791297154683873945126924617538561328974456289317719463852382571469,1
800541097010807406700360580986070150007000002245008069008729304300010678000083925,863541297512897436794362581986274153137956842245138769658729314329415678471683925,1
264019057879050030503280000080034005040801720096072308957003682638020409020068003,264319857879456231513287964782634195345891726196572348957143682638725419421968573,1
605009217349007608127050900000006870856700090970085462004900006008520009090861700,685439217349217658127658943432196875856742391971385462214973586768524139593861724,1
108274500700098240540060000960180000000627100000045300000050813850410609017830425,198274536736598241542361987964183752385627194271945368429756813853412679617839425,1
408139726010000053037200890023461080085392610106007002090604075361708249000020160,458139726219876453637245891923461587785392614146587932892614375361758249574923168,1
046200790005719000003000102090027010702850400800690207407035826500008300300002001,146283795285719643973546182694327518732851469851694237417935826529168374368472951,1
187002530600013827300070169756980000019320700203051080072508301061030400900000002,187692534695413827324875169756984213819326745243751986472568391561239478938147652,1
020106048508040000006530702650200170180000405030951006003415927201600050405000360,327196548518742639946538712659284173182367495734951286863415927291673854475829361,1
613508400080000030042063581970231000000006700150007000360749020090080003000315900,613528497589174236742963581974231658238456719156897342361749825495682173827315964,1
769200001504007060321064870093470500010325700070008213137840000052736108640002000,769283451584917362321564879293471586816325794475698213137849625952736148648152937,1
852709046006841520000206087365978000714025098008410000600102050409060200501004760,852739146976841523143256987365978412714625398298413675637192854489567231521384769,1
076304812103068050805012763691800400502649108780520006350000001409005200210480039,976354812123768954845912763691873425532649178784521396358297641469135287217486539,1
000820430020030005503001280390206508000310002602458310910500000004900700250080964,169825437728634195543791286391276548485319672672458319916547823834962751257183964,1
600239080000600094000074010021300400000700501743500000280463150039157002065028307,614239785378615294952874613521396478896742531743581926287463159439157862165928347,1
764208130018064709905000060501800640096473510430106800153000206200610304647382000,764298135318564729925731468571829643896473512432156897153947286289615374647382951,1
001530469000049000490086020300600905500928003819357600078005230250800000943060807,781532469632149578495786321327614985564928713819357642178495236256873194943261857,1
090005684500980200100647953010002408968170500030050100621090045003520019850001706,397215684546983271182647953715362498968174532234859167621798345473526819859431726,1
305897021010050879000421503590238140081076090000109085908765004147380006052014700,365897421214653879879421563596238147481576392723149685938765214147382956652914738,1
073049600082001459140500700758300290920078031431295860010600040365900070090100306,573849612682731459149562783758316294926478531431295867217683945365924178894157326,1
759040600040010800061003500006050003005630489023487060614320900037800014008174000,759248631342516897861793542486951723175632489923487165614325978537869214298174356,1
004150629162049075503000048320970504900400736046038010005002861207005490610304257,874153629162849375593267148321976584958421736746538912435792861287615493619384257,1
392748050004026800780150049028615073530270008600830025047590001005001700003007502,392748156154926837786153249428615973539274618671839425847592361265381794913467582,1
495718003831420970206395418080509034300280059050103000620000580007801092900650347,495718263831426975276395418182569734364287159759143826623974581547831692918652347,1
645070832030005710071028546050200600004519307190736480000097100080163274017000063,645971832238645719971328546753284691864519327192736485326497158589163274417852963,1
406002800000403107270900560092600305854100672031027040320896000105074080908010000,416752893589463127273981564792648315854139672631527948327896451165374289948215736,1
040008750060720091008053604014570930020019487030406002453861279089207365072030108,241698753365724891798153624814572936526319487937486512453861279189247365672935148,1
000806042754930006682400090070605100905003000400028069020304651046001900507060083,193856742754932816682417395278695134965143278431728569829374651346581927517269483,1
163080920870200500205007060936041200708900400041800079389070645000090082412658793,163584927874269531295317864936741258728935416541826379389172645657493182412658793,1
060930005143005906900806037790612003000450270012370040201597364359064718006180002,867931425143725986925846137794612853638459271512378649281597364359264718476183592,1
630007198748600300192358476917040803006509700500710002009070600400005207200000519,635427198748691325192358476917246853326589741584713962859172634461935287273864519,1
230080950709046200160592304007209608802600037015837490001060700473000069986473020,234781956759346281168592374347259618892614537615837492521968743473125869986473125,1
890746000005201349120593876408000032570312408000000617080130725200005900057820100,893746251765281349124593876418967532576312498932458617689134725241675983357829164,1
081090000659284107003165408532971600806040079900000520190703006724650900300400702,481397265659284137273165498532971684816542379947836521195723846724658913368419752,1
000038090600050070950470006134086709000300000509040308040017200705004063890503147,427638591683159472951472836134286759278395614569741328346917285715824963892563147,1
100302000520900070006417285413089627009106350860203419300804706000605840648001502,187352964524968173936417285413589627279146358865273419351824796792635841648791532,1
103080004064927350027413009075601000081730902039000715716000000958274006302060000,193586274864927351527413689275691843481735962639842715716359428958274136342168597,1
260480057890005100415027080120730095079040368046008070902870516080000749750610000,263481957897365124415927683128736495579142368346598271932874516681253749754619832,1
089702305450030906063009002520308100871940063090006008200500000935607421007020509,189762345452831976763459812526378194871945263394216758218594637935687421647123589,1
900080040740020008008700159601000423530010800287000000070506300063070080450030207,916385742745921638328764159691857423534219876287643591872596314163472985459138267,1
728300050915670320060050798600587430837004965000030007080700510100062800003800609,728349156915678324364251798692587431837124965541936287486793512159462873273815649,1
038009215510040860209805740681703090902000370003004020120400007370190400090000056,438679215517342869269815743681723594942561378753984621126458937375196482894237156,1
000430059809570201036902000751000480094200006020740190410009800083050000965024007,172438659849576231536912748751693482394281576628745193417369825283157964965824317,1
010507243000082900652043817090236170467850300020470650005000420030605081206710539,819567243743182965652943817598236174467851392321479658175398426934625781286714539,1
390006000000040500008092730902000045850030600000825193180457906000603001045210387,394576218217348569568192734932761845851934672476825193183457926729683451645219387,1
406703900075000346080546701000000204000471058064802107052600419698004573301950000,426713985175289346983546721817365294239471658564892137752638419698124573341957862,1
050070604009058103326149785600020900700906352000500060063710849010094206804362017,158273694479658123326149785635421978741986352982537461263715849517894236894362517,1
732005009008310020601204378070600950005000067809753010410906082080531490096420000,732865149948317625651294378174682953325149867869753214413976582287531496596428731,1
386020710041580000200013068008057000530090080000238009103842907809360104452079800,386924715741586293295713468928657341537491682614238579163842957879365124452179836,1
100632487643508090028000000010307809087005613365019724001026000000750241072001365,159632487643578192728194536214367859987245613365819724531426978896753241472981365,1
693020407120097865875100020210740083030000240009632500300401708001980050058076134,693528417124397865875164329216745983537819246489632571362451798741983652958276134,1
098407251000300080106000470000100049204009000960004000010000000075000018400001597,398467251742315986156298473537126849284739165961854732819573624675942318423681597,1
401030708003604050600817034006000000004190082090786403005002801130408005000051370,421539768783624159659817234816243597374195682592786413965372841137468925248951376,1
009270000706030009050800070007504106400061003000090050000013560500408007108057042,819276435746135289352849671937584126425761893681392754274913568563428917198657342,1
000430619014200870809170403970541002100729000040680190001002734520010986403967050,752438619314296875869175423978541362136729548245683197691852734527314986483967251,1
040900250032715009090002007008000391953001406610093080360508000270349108480167500,147986253832715649596432817728654391953871426614293785361528974275349168489167532,1
548027130600809040792430850905040260016090070420060900204003680309006401167080095,548627139631859742792431856975148263816392574423765918254913687389576421167284395,1
710003054030800020004561037301006590809207000640095008107309240200640003063712085,718923654536874129924561837371486592859237461642195378187359246295648713463712985,1
430196058860405090915738200276009415098004070003057069600003504020561987750800031,432196758867425193915738246276389415598614372143257869681973524324561987759842631,1
030019200502300670004607005005000040240900701197050803401862300600195020029073016,736519284512348679984627135365781942248936751197254863451862397673195428829473516,1
800402060010509700020610050007090510000004009590000800000705390060923100900801607,875432961416589732329617458247398516638154279591276843182765394764923185953841627,1
370061090040893271291705068500907083009486152800002049100500934487039006000020007,378261495645893271291745368524917683739486152816352749162578934487139526953624817,1
006400873010750624007803501004106350032040018090200067040002186060315709170684205,956421873813759624427863591784196352632547918591238467345972186268315749179684235,1
840205709302097415500100238910080076200003901070619803009504080628970000754368100,841235769362897415597146238913482576286753941475619823139524687628971354754368192,1
604830700020900000180000029942305100307010205018720043009070562006003804001264097,694832751725941638183657429942385176367419285518726943439178562276593814851264397,1
892040000410270930063908450008090270920061583007005600386452097071089020200007000,892543716415276938763918452658394271924761583137825649386452197571689324249137865,1
746080500850720601201004097000296010920800006010007000000000008487060132500300760,746189523859723641231654897378296415925841376614537289163472958487965132592318764,1
016700090904615287782400001890346010003050908240007650050903426400172800328564070,516728394934615287782439561895346712673251948241897653157983426469172835328564179,1
030700890901350472724198306290001037403002000076035004000210000510080903347569020,635724891981356472724198356298641537453872619176935284869213745512487963347569128,1
030985067008600304106300895500008003800254976640190250360427589782039001005810702,234985167958671324176342895529768413813254976647193258361427589782539641495816732,1
007196804200080736080200150963045000010300090742819065009000070178903042026478910,357196824291584736684237159963745281815362497742819365439621578178953642526478913,1
200930805016500090090700602700452906065179000920000100002095400073861500109047060,247936815316528794598714632731452986865179243924683157682395471473861529159247368,1
001307605759206080000805701432100500518604000970500810093450006005730942040962300,821347695759216483364895721432189567518674239976523814293458176685731942147962358,1
040000706560094080870160942008400015725813694300056820400078509007001000286039071,149382756562794183873165942698427315725813694314956827431278569957641238286539471,1
740300025830010079906740308062008940000093102400060857670020500309050084250001790,741389625835216479926745318162578943587493162493162857678924531319657284254831796,1
618200734200008609730041020000974386463100207097302400000096870500417003000820040,618259734254738619739641528125974386463185297897362451341596872582417963976823145,1
001730009090081270045296038189560320000823010030910580917600050254300091308009740,821735469693481275745296138189564327576823914432917586917642853254378691368159742,1
301620850640857090075319062120765340000098075759032000207000000930081720500200016,391624857642857193875319462128765349463198275759432681217946538936581724584273916,1
000840000860510000000602003408001005070428001210000608306700912520109000197206800,952843167863517429741692583438961275675428391219375648386754912524189736197236854,1
109386070327004600800172390900800020010009007450720189001497060700060040600238751,149386275327954618865172394973815426218649537456723189531497862782561943694238751,1
060800075329607004708030206200760900601390750897542603482000507003006820970085430,164829375329657184758134296235761948641398752897542613482913567513476829976285431,1
020650004617004503048009060091020376200801940754063100906540081400008032082736050,329657814617284593548319267891425376263871945754963128936542781475198632182736459,1
026708415438650027001240360009084032003100594542000801017063059000827146064005703,926738415438651927751249368179584632683172594542396871817463259395827146264915783,1
500080412218475096340010587000860900084300620003290008865000104020136000700048009,597683412218475396346912587172864953984357621653291748865729134429136875731548269,1
001200340003874001409105072900008560678902134010040280590400003130026008820503006,781269345253874691469135872942318567678952134315647289596481723134726958827593416,1
000090406610000830003700500508971000732840051001230670004309760025600100970004280,857193426619452837243768519568971342732846951491235678184329765325687194976514283,1
293064800000003400640000920782000304160007082534218700905436108308052640016079200,293764851851923467647581923782695314169347582534218796925436178378152649416879235,1
874019523000853700135700698216570039000264015040931007401380002600000384380027000,874619523962853741135742698216578439793264815548931267451386972627195384389427156,1
489306752530042809200598604963007400000263090000480376070020900091635207004970503,489316752536742819217598634963157428748263195152489376375824961891635247624971583,1
400237890800149572972865014126000030004601280085392460219008643640003008500000920,451237896863149572972865314126584739394671285785392461219758643647923158538416927,1
009012073010000284204800100000920000175080300002053067600700930920061748000239015,869412573517396284234875196386927451175684329492153867651748932923561748748239615,1
009500006578260091001080524486739152010006800903050600194378065302090470807602913,249513786578264391631987524486739152715426839923851647194378265362195478857642913,1
034182950560070012100006800980231007470508200216794000800607329300825160000910705,734182956568379412129456873985231647473568291216794538851647329397825164642913785,1
207634981000790256906201740040025169500416308000370020619580007320047615470003090,257634981134798256986251743743825169592416378861379524619582437328947615475163892,1
193476280002190674600058003018700526460820001050361049005604902846002050000000468,193476285582193674674258193318749526469825731257361849735684912846912357921537468,1
869071002704000010300008509080090154030000697001065000090004301500000708100803960,869571432754239816312648579286397154435182697971465283698754321523916748147823965,1
780312059031000004009450138845700060106040273072961080007035800908074316210080547,784312659531896724629457138845723961196548273372961485467135892958274316213689547,1
007000050400012090052600010006708000209043800040065907790420603004009521021350070,617934258483512796952687314536798142279143865148265937795421683364879521821356479,1
060715002501400807709003040080571930100890250900230000896102073210360089300958621,468715392531429867729683145682571934173894256954236718896142573215367489347958621,1
200005340000921005059408200936100854105300970008540103802054001000800426360017098,281765349473921685659438217936172854145386972728549163892654731517893426364217598,1
100062300030904170400300002051680000040200607060005908000003025007800439920047861,195762384238954176476318592751689243849231657362475918684193725517826439923547861,1
860103000972005800510800006746259038328001009005304670009010360201976504657438900,864123795972645813513897246746259138328761459195384672489512367231976584657438921,1
561870204040502078002401506328004060700008409410756300007210040095040000204980001,561879234943562178872431596328194765756328419419756382687215943195643827234987651,1
000950070537462891809310526970805040006700105400000039000100067010006908604070213,162958374537462891849317526971835642326794185458621739295183467713246958684579213,1
300410025005027608006950017600100584000060200204879103140085702082700036060003800,378416925915327648426958317697132584831564279254879163143685792582791436769243851,1
398005402710462380060893051142000905570041026600520074051036090020004600036218547,398175462715462389264893751142687935579341826683529174451736298827954613936218547,1
058060900046890710972001638635009007700200800800706004080630490090074000401928503,158367942346892715972541638635489127714253869829716354287635491593174286461928573,1
090400560047806003000039840060000204435100780120074005600053409370900601050261000,893417562547826193216539847769385214435192786128674935681753429372948651954261378,1
060009000002800900309600008940005000520061009631708024705900040216080307000276085,864139752152847963379652418948325671527461839631798524785913246216584397493276185,1
065027019904030067702069803870900346246378195509000720000700600403106002057240001,365827419984531267712469853871952346246378195539614728128795634493186572657243981,1
023009187700320654084706300097564000040097063150000740905201830000605001000000075,623459187719328654584716392397564218842197563156832749975241836438675921261983475,1
130020960765403800098010043900781004456000000000564039041276098382109476679000502,134827965765493821298615743923781654456932187817564239541276398382159476679348512,1
900000042300485670705006813608709300003002791200350080100620058560970100009510067,986137542321485679745296813618749325453862791297351486174623958562978134839514267,1
709000400001009352532140009203910508805460090906520103000005830357680924198234670,789352416461879352532146789243917568815463297976528143624795831357681924198234675,1
070500816086021700010086900040002090297050100038914007003068420860205301129040560,472539816986421735315786942541872693297653184638914257753168429864295371129347568,1
100520006900870001406001080271640008890152674650030019562900047040265100309087562,187524936935876421426391785271649358893152674654738219562913847748265193319487562,1
006730008192450376780061540001047200934025687020806430005289710010070825270510900,456732198192458376783961542861347259934125687527896431645289713319674825278513964,1
560000843019034506803506001072040090104695030690027000020000164450009080700081000,567912843219834576843576921372148695184695732695327418928753164451269387736481259,1
403271006001006000076508134708059000029703040004010905005124709102607058647085002,483271596951346287276598134718459623529763841364812975835124769192637458647985312,1
320940671718000400460370002542709016876510203190862745004080027250490008080103050,325948671718256439469371582542739816876514293193862745934685127251497368687123954,1
008090123021340965096100048083004007070859601915600402830067010000932806267401000,548796123721348965396125748683214597472859631915673482839567214154932876267481359,1
004058103090401062710603400020700000801090040340006209002040687000060930400839000,264958173593471862718623495629714358851392746347586219932145687185267934476839521,1
070006300093208470800730009000003792052001830380029000008092140215004907409000253,571946328693218475824735619146853792952671834387429561738592146215364987469187253,1
087951034300408196001006857930065408540037900710200300200000700009600040803702010,687951234325478196491326857932165478546837921718294365264519783179683542853742619,1
590200680300691405060087090000003701956012308030846200729060530400020006080070010,591234687378691425264587193842953761956712348137846259729168534415329876683475912,1
057382469400501080230496571529634008380950240060100950873010600002009035005800020,157382469496571382238496571529634718381957246764128953873215694612749835945863127,1
000017635305240719719065824840706502650020100000500460508672341037004206400050070,284917635365248719719365824841736592653429187972581463598672341137894256426153978,1
080104067900807401401053092002006040349010006060042005810009500003471628600508100,285194367936827451471653892152986743349715286768342915817269534593471628624538179,1
630825004018746200540391760051062000063074000409180506095000402306410075004257039,637825194918746253542391768851962347263574981479183526795638412326419875184257639,1
300029000047183692019650708000502976605901380704060501000800040178090053053210800,386729415547183692219654738831542976625971384794368521962835147178496253453217869,1
010920480095840031400017592351080600604200019809160005140600250532401008908532007,713925486295846731486317592351789624674253819829164375147698253532471968968532147,1
100230840420000079058607021500960030607803910300072086205710003001300208004520090,176239845423185679958647321582961734647853912319472586295718463761394258834526197,1
070000982900206730320000410800500000090800050000607020009750200001060803004100560,476315982918246735325978416867521394192834657543697128689753241251469873734182569,1
230705490097608000051493072013509004074200030928030765060051840340862017089300506,236715498497628351851493672613579284574286139928134765762951843345862917189347526,1
480503709003097800050408360146370008092805170578910204900200607817609452620701000,481563729263197845759428361146372598392845176578916234935284617817639452624751983,1
030074900890502400204300000070085130100720049003900007086157204902000300040239861,531874926897562413264391758679485132158723649423916587386157294912648375745239861,1
030980000080012036052634700003570802049268071208043600000057960095826017800091250,736985124984712536152634789613579842549268371278143695421357968395826417867491253,1
400003580018690024072081003003900070860034209059726438000060945025809010034510062,496273581318695724572481693243958176867134259159726438781362945625849317934517862,1
091400587480095210352070460900200050008950070006847190010500940245009631800300725,691423587487695213352178469974231856128956374536847192713562948245789631869314725,1
408156029690020508003080006800201965320805417060049000516308200000602003730000000,478156329691423578253987146847231965329865417165749832516378294984612753732594681,1
054081230980045061100007005605308000418709023239000006020050948001000050046802307,754681239983245761162937485675328194418769523239514876327156948891473652546892317,1
907105000408000007152674030579860304306000085000350070090000040785410090001700053,937185462468239517152674938579861324326947185814352679693528741785413296241796853,1
005060400300142009024090718000970100746580000100000605007800030293600801800004007,915768423378142569624395718532976184746581392189423675457819236293657841861234957,1
001003000085200001936100280352010496060405108800906752190652807547891600000040500,271583964485269371936174285352718496769425138814936752193652847547891623628347519,1
000140000840200030006807902100080093027410600438965200302670500050001708080020300,273149856849256137516837942165782493927413685438965271392678514654391728781524369,1
109305000850097142674100935005004010008021750007068300590070483032000071780413520,129345867853697142674182935965734218348921756217568394591276483432859671786413529,1
059687012007402938820900007906023045032594786085106093240000001790005024061240009,359687412617452938824931567976823145132594786485176293243769851798315624561248379,1
610500908840067035007002601700009503900753064501020807083200010000378052070601300,612534978849167235357982641764819523928753164531426897483295716196378452275641389,1
060809024704612958000570063047100039620090501050060000010703402309200010402000070,165839724734612958298574163847125639623497581951368247516783492379246815482951376,1
200867359098401206650900040046593800083000490920784030105209783409000021070310060,214867359398451276657932148746593812583126497921784635165249783439678521872315964,1
710059000003000490005260000201000060407012980000640050000000207009020036300806010,714359628623781495895264371251938764467512983938647152586193247179425836342876519,1
700000921301760045205000703000910432950000107142073006607400000410300050039681004,764538921391762845285194763876915432953246187142873596627459318418327659539681274,1
380006107100080490547209000210005370090800001000921500050792003704100902030650008,389546127126387495547219836218465379495873261673921584851792643764138952932654718,1
900350006600080000030246090861720004097005600040000070406502019002094500150038200,918357426624981735735246891861723954297415683543869172486572319372194568159638247,1
047030006962084103800201009000057430701840092500010600000075060009028375070690200,147539826962784153853261749286957431731846592594312687328175964619428375475693218,1
050740390147293800293605014806570109024000073001439008765304000409850006380910407,658741392147293865293685714836572149924168573571439628765324981419857236382916457,1
730950060948100352060328497053092781091073500280400906300009605000046073020000840,732954168948167352165328497453692781691873524287415936374289615819546273526731849,1
035264000010507329708009450040910068169870040580040930294708010000000504600491802,935264187416587329728139456342915768169873245587642931294758613871326594653491872,1
136900504078205009209010008681042050702108460500679000924063001300800245805700006,136987524478235619259416738681342957792158463543679182924563871367891245815724396,1
600003840000260000391050620003809070958604203026030498240900061005746900069312750,672193845584267139391458627413829576958674213726531498247985361135746982869312754,1
000257960000001200102060078593602000200900436006030020430000000820004690070823040,384257961967381254152469378593642817218975436746138529431596782825714693679823145,1
846050090030009200000010050103026080000000036700430500000040060097560003600003920,846257391531689274972314658153726489428195736769438512385942167297561843614873925,1
720030518001902074084105260805290000402610900093000682000800007940020036210060095,729436518651982374384175269865293741472618953193754682536849127947521836218367495,1
601000804700060350309780026836050000014390000070610430000100040105903062407800913,621539874748261359359784126836457291514392687972618435293176548185943762467825913,1
060391200900702618002608937056034792800007006200169380380275009047980501009410873,768391254935742618412658937156834792893527146274169385381275469647983521529416873,1
205481706408037005673200481380069047709010250050372000000043570507020014041006302,295481736418637925673295481382569147769814253154372869926143578537928614841756392,1
060002009210000703405030200650821900083500007920000158701005060502067001006203005,368742519219658743475139286657821934183594627924376158741985362532467891896213475,1
009072003852069107700000096605037814480590000000041609078624000900710005014050008,169472583852369147743185296695237814481596372327841659578624931936718425214953768,1
721006509080090070095470320050047182200160953900532000507814290809023710160750834,721386549483295671695471328356947182274168953918532467537814296849623715162759834,1
169738420400000090002006318000620743754003200036140009097061504001050000640879102,169738425483512697572496318918625743754983261236147859397261584821354976645879132,1
400003600090000040261400083900031067006700054015064398500009436130006000600045021,457983612893612745261457983948531267326798154715264398582179436134826579679345821,1
093604150070300080001798000715040063030106092629030040087269005042581670056470018,893624157274315986561798324715942863438156792629837541187269435342581679956473218,1
090300010203100485405070906029081004600500090500039000030040000900000348104000020,896354217273196485415278936329681574641527893587439162738942651962715348154863729,1
000329651015000920932610708198060000504190830260078094801247300326001400040800015,487329651615784923932615748198463572574192836263578194851247369326951487749836215,1
700000103056000874194873256503026908401390000960004002810902600009587420205630789,782465193356219874194873256573126948421398567968754312817942635639587421245631789,1
345968020000504306960030000631840579807390214090010683503471962409080751700000038,345968127178524396962137845631842579857396214294715683583471962429683751716259438,1
078316009500800047092740300040082000960107400007004013709061030204503076050070020,478316259536829147192745368341682795965137482827954613789261534214593876653478921,1
030018507000637000090000003350090200400006105600000370960100030003070061100000050,236918547514637829798425613351794286472386195689251374965142738823579461147863952,1
315008700924700030708293500079805063530904007000027095087406952452189006003500814,315648729924751638768293541279815463531964287846327195187436952452189376693572814,1
300085612000700048001406030083040020419057086207300495958160273730092004102503809,374985612625731948891426537583649721419257386267318495958164273736892154142573869,1
903740060560932401010568370070053000095024607040000003126389700004275096009400230,983741562567932481412568379678153924395824617241697853126389745834275196759416238,1
090600108040123975531008004000800790019000506678250403020016847180570069407982050,792645138846123975531798624354861792219437586678259413925316847183574269467982351,1
650007201900600437207000065069024308024901570581376924100068040430705689000409152,653847291918652437247193865769524318324981576581376924195268743432715689876439152,1
008500064700001953003000182012704008470200510380016207200390001040072030007040029,128539764764821953593467182612754398479283516385916247256398471941672835837145629,1
700009003064203057000076200400800976002100084600034521240008709370642810800790000,728519643964283157135476298413825976592167384687934521241358769379642815856791432,1
600090740000050291910008600400010009107500000060200174030970400749860310801340960,625193748378456291914728653482617539197534826563289174236971485749865312851342967,1
000490203984312605001705049107030502060850134500124960496500720050270090712906350,675498213984312675321765849147639582269857134538124967496583721853271496712946358,1
820030910605129043000604257230465009001090580507802364703050690000301025150076438,824537916675129843319684257238465179461793582597812364743258691986341725152976438,1
040906080913040060680501349850000007427005036090700408000027890260104573008050600,745936182913248765682571349856493217427815936391762458534627891269184573178359624,1
000907301003800070019064028040500036065002009800436210006090402024600000100240690,482957361653821974719364528241589736365712849897436215576193482924678153138245697,1
070000491060784050040950700203860900700003620000402813400039186120007039030508047,875326491961784352342951768213865974784193625596472813457239186128647539639518247,1
009001070064070018102390000050084230000035007000007480700049020890056703025010896,589461372364572918172398654657184239248935167913627485736849521891256743425713896,1
300974008700008006508006437637000952109207003285060041472615389800093600900840005,326974518714538296598126437637481952149257863285369741472615389851793624963842175,1
026057841000008035059134206015000400030200700700010600000870000400000020068002000,326957841147628935859134276915763482634285719782419653293871564471596328568342197,1
500600714800421500310050020090064075406072801003095246602009487701240953005738102,529683714867421539314957628298164375456372891173895246632519487781246953945738162,1
400093702096000314070481090129708456607500008548900103083050000051009867060020000,415693782896275314372481695129738456637514928548962173783156249251349867964827531,1
700048901906213570401075020098300407204591060063780259602850743040000080000436192,725648931986213574431975826598362417274591368163784259612859743349127685857436192,1
693805140078020000012034608100408950045210700006357021704180205801090364269503800,693875142478621539512934678127468953345219786986357421734186295851792364269543817,1
008042050007195000450080610603200405000000902000004031200930546906751028000400090,198642753367195284452387619683219475514873962729564831271938546946751328835426197,1
009401002170080904342906010600030490000007003080094271791025040206000008008763029,869471532175382964342956817617238495924517683583694271791825346236149758458763129,1
905076040002431009100050007006897035570000984208040060329004500807015002650009000,985276143762431859134958627416897235573162984298543761329784516847615392651329478,1
107305008059408610006921700240000100090002347071834006814050269932186500760049000,127365498359478612486921753243697185698512347571834926814753269932186574765249831,1
506813027104296008030000910907320000000040802240678003418000039320089164700134285,596813427174296358832457916987325641653941872241678593418562739325789164769134285,1
017008340230009071950017802196054000745130980800000415471005603060000128082061704,617528349238649571954317862196854237745132986823796415471285693569473128382961754,1
150009624670400903490603710080524196540891070000376045001007509920108407034905201,153789624678412953492653718387524196546891372219376845861247539925138467734965281,1
005016042648500037712304060074201900250003481390840726060030074087020305123000000,935716842648592137712384569874261953256973481391845726569138274487629315123457698,1
347051020908037610001800037186000903700103060235060178470510380002008054803046090,347651829928437615561829437186275943794183562235964178479512386612398754853746291,1
004200000930406012106000845082041079600720300050603200760004100008932000240167008,874215936935486712126379845382541679691728354457693281769854123518932467243167598,1
490002070837000102150003489740368901009724650600190743900080234284007506063001090,496812375837459162152673489745368921319724658628195743971586234284937516563241897,1
090741200150632987720080100000506400900010000040090010009260701502170308310054602,698741235154632987723985164831526479976418523245397816489263751562179348317854692,1
590063018362800900810095060609324000400918736000006000000032800731689542000050603,594763218362841957817295364679324185425918736183576429956432871731689542248157693,1
430500700008006920026809501510963280683724100207008000802091000900385672000000800,439512768158476923726839541514963287683724195297158436872691354941385672365247819,1
204790801061800700870020009007052460028064073643007205410570306300249087700003542,234796851961835724875421639197352468528164973643987215412578396356249187789613542,1
006000501508072009437159620082001700600400090040000080751803400060000807800006010,296384571518672349437159628382961754675428193149537286751893462964215837823746915,1
000063095100450720685002103040539618851024037300800450500346280020070300963080500,274163895139458726685792143742539618851624937396817452517346289428975361963281574,1
025406301060731005000005070000078206609000547207000008510809703870523090093067802,725496381968731425341285679154978236689312547237654918512849763876523194493167852,1
600291700000050160801746000780009043020403658030502970560807010004600837008910520,643291785297358164851746392785169243129473658436582971562837419914625837378914526,1
000000001104069000025418309059634002240805006863170040000741003007906050092500610,938257461174369528625418379759634182241895736863172945586741293317926854492583617,1
907030168803010504160849020006194002008527930092368405031400780204970600570080203,947235168823716594165849327356194872418527936792368415631452789284973651579681243,1
751906048240000000600002701000453600800060950065009120904600300506004819002807005,751936248243178596698542731129453687837261954465789123984615372576324819312897465,1
768059243020000100059203006246780395905000718007395400502804001081030524394500087,768159243423678159159243876246781395935426718817395462572864931681937524394512687,1
001040200362709000084010730146070829700001064823000001057020900039805407410900600,571348296362759148984612735146573829795281364823496571657124983239865417418937652,1
100640935020010047453709061018005300046831090935420610370056080500308100001004753,187642935629513847453789261218965374746831592935427618372156489594378126861294753,1
264317090001850360003600047852063019000091280719280634108000003390100856020930071,264317598971854362583629147852463719436791285719285634148576923397142856625938471,1
090200057760503049500960300830000490956148023000096015689071002072050064010632908,193284657768513249524967381831725496956148723247396815689471532372859164415632978,1
504832060008567400706941835850690000063200500492108376305016008009305740201789050,514832967938567412726941835857693124163274589492158376375416298689325741241789653,1
805000942094820100231649578610300094009078000020096750002963417903210605006087239,865731942794825163231649578617352894459178326328496751582963417973214685146587239,1
159036407030580600008071200840025739007060140091040502004693875005417026603052914,159236487732584691468971253846125739527369148391748562214693875985417326673852914,1
680072400002090080400108067138020906205000030007063010079000050504900000820507009,681372495752694381493158267138425976265719834947863512379241658514986723826537149,1
640830010300072640090614070920765483035021700760903020103250064080090002259146007,647839215318572649592614378921765483835421796764983521173258964486397152259146837,1
016009840047500120200614597002060000179450362863092410621030000390120658000040200,516279843947583126238614597452361789179458362863792415621835974394127658785946231,1
370006950018452730405000010090138605036027100150000380000200490609700021503040000,372816954918452736465379218294138675836527149157694382781265493649783521523941867,1
000678301800050279357010000100360004000094000943127065509200430030006907604709500,492678351816453279357912648128365794765894123943127865579281436231546987684739512,1
010408352250071800904023061891356274460100935005009608000060193000032507739010406,617498352253671849984523761891356274462187935375249618528764193146932587739815426,1
514786903000000401900500708071059630209301870003000000405000307328640190190835240,514786923786923451932514768871459632259361874643278519465192387328647195197835246,1
408302970037409650005000000049601085020045706856297104692074803070180509081923067,468352971237419658915768342749631285123845796856297134692574813374186529581923467,1
904000012012980300060014890105007948200048037748093256009001423000459701071362589,984735612512986374367214895135627948296548137748193256659871423823459761471362589,1
169050304507023160200400579700601803000579000450082690600100035304000900970200010,169857324547923168283416579792641853836579241451382697628194735314765982975238416,1
850041200026000403743000510902408751580013092607520030008250140060137920201094065,859341276126975483743682519932468751584713692617529834398256147465137928271894365,1
803100275070008001015070038431960700527030160089200000750620314064503000002041806,843196275276358491915472638431965782527834169689217543758629314164583927392741856,1
925080670001096000860057102580040903092000040130800520009165087010008000008024300,925381674471296835863457192587642913692513748134879526349165287216738459758924361,1
008945001530160290190002700002409057049706310751000960915300000620090083083021570,278945631534167298196832745362419857849756312751283964915378426627594183483621579,1
400068752607502480582043916040176005870039601360005279900000367100097024700054090,413968752697512483582743916249176835875239641361485279954821367138697524726354198,1
005381429028000300409605080010456090000000045090270600002004530843017960600900004,765381429128749356439625187317456298286193745594278613972864531843517962651932874,1
020006809850920640940008005198700562060801470000265901489300256500000704600540130,327456819851923647946178325198734562265891473734265981489317256513682794672549138,1
030005046200049803000006790900302007057980020028760005503427100060003470741600532,139875246276149853485236791914352687657981324328764915593427168862513479741698532,1
090400000305802004804000100056009032108623597020745608089370201432951876071208040,297416385315892764864537129756189432148623597923745618689374251432951876571268943,1
001200840062008037005379102000004350430012906596780210600000780080060000124800605,371256849962148537845379162217694358438512976596783214659421783783965421124837695,1
305602197710035006608010520457860002960403058080090041004056009509108004876240305,345682197712935486698714523457861932961423758283597641124356879539178264876249315,1
908603205012900306056214908600020537207000000080397621000040052070802469029001783,948673215712985346356214978691428537237156894584397621863749152175832469429561783,1
700059206650407100048001950904082010000100009817593624170306008480915732503000001,731859246659427183248631957964782315325164879817593624172346598486915732593278461,1
012490000309108406804027009000700008000285963598060100467030285025806030000072000,612493857379158426854627319236719548741285963598364172467931285925846731183572694,1
004708150016004738007010900103007000508362000002500389305079624029405807070800503,234798156916254738857613942143987265598362471762541389385179624629435817471826593,1
642800090091620080508901206007106008926008400814293075080000050260587310470312860,642835197791624583538971246357146928926758431814293675183469752269587314475312869,1
080605402670200015250008073530900007027040168406000300090060530041059026000021900,183675492679234815254198673538916247927543168416782359892467531341859726765321984,1
010004006603289005078500203300100704000097830000002059530806017000715390021943568,215374986643289175978561243396158724452697831187432659539826417864715392721943568,1
240000190900067423070240605100520030450931076023408901002710560564003000700652340,246385197985167423371249685197526834458931276623478951832714569564893712719652348,1
102070030090830026306010009703590608018463050260700043004106290001000060609300000,182679435497835126356214879743592618918463752265781943834156297571928364629347581,1
004500237907000406253047008078004001000000084490050060546001803700480120810035649,164598237987312456253647918378264591625179384491853762546921873739486125812735649,1
705000024604752890289301567058009006901860000476500910002134709007086043140905600,715698324634752891289341567358419276921867435476523918862134759597286143143975682,1
090600500540190300236485719400070803050204107007308245374921650005046932009003471,791632584548197326236485719412579863853264197967318245374921658185746932629853471,1
074802000105300600903010080000000178007028000810060000061084000090501402430009005,674852391185397624923416587256943178347128956819765243561284739798531462432679815,1
000300710003075928276910530809067000004593087000040000400086070701402800300059640,958324716143675928276918534819267453624593187537841269495186372761432895382759641,1
508610749063070128917240003079005236000936400030020900291307850000852300385194000,528613749463579128917248563179485236852936417634721985291367854746852391385194672,1
953768001020000005600000009500609103370415000180203054830140092001050030004932508,953768241428391765617524389542689173379415826186273954835147692291856437764932518,1
000350780370910600810402950008735000753004018064200507589067042030549876607823095,492356781375918624816472953128735469753694218964281537589167342231549876647823195,1
014082070630500018782913050100400600905031020047060090006320105050000042000000763,514682379639547218782913456128495637965731824347268591476329185853176942291854763,1
495000237680237094702059618153062009964071000270090001800905173010003000027100080,495618237681237594732459618153862749964371852278594361846925173519783426327146985,1
700610380810300604063580002600090801900040500541820709100907268070450903398260007,729614385815372694463589172632795841987143526541826739154937268276458913398261457,1
901000564530090072748250390403007000090341785007629000269803457070000208385472609,921738564536194872748256391413587926692341785857629143269813457174965238385472619,1
500002090169050000402108600084370010050921064020684037300017406207530009000049753,578462391169753248432198675684375912753921864921684537395817426247536189816249753,1
478200169005609073000817024906000008010598036307104002701023685002756091563000207,478235169125649873639817524956372418214598736387164952791423685842756391563981247,1
874392516010000080000418023036500108002007300400100602620850097795206830308971065,874392516213765984569418723936524178152687349487139652621853497795246831348971265,1
653000800107650009209030065060023790008190250002400008800067402430209070700004903,653941827187652349249738165564823791378196254912475638895367412431289576726514983,1
712549086800271549050386720530910400000020970209000130306150897000792003190038254,712549386863271549954386721538917462641823975279465138326154897485792613197638254,1
640801009279500084510000206860000000427009810905718400186900753052300900090005020,643821579279563184518497236861254397427639815935718462186942753752386941394175628,1
030004600050001090098200530780415320523980001040620875070309140469052780302700906,237594618654831297198276534786415329523987461941623875875369142469152783312748956,1
267000900000200030009040200401065800090002067086900052000416720645027000172003608,267351984814279536359648271421765893593182467786934152938416725645827319172593648,1
386504927075062010010790056293480070800070009057030040038600704000950360069340502,386514927975862413412793856293486175841275639657139248538621794724958361169347582,1
819003065506900007027540098000625934960000502050019706130867009408052600602190850,819273465546981327327546198781625934964738512253419786135867249498352671672194853,1
059801432000054108010032700971400000245310690300597010582703941430000026096005070,659871432723954168814632759971426385245318697368597214582763941437189526196245873,1
050000342830057619100463570280716904070040250041502086308625490092308065007090020,756981342834257619129463578285716934673849251941532786318625497492378165567194823,1
109005700508072496720309000400020060953786210286910305370000620641007983890031007,169845732538172496724369158417523869953786214286914375375498621641257983892631547,1
005001600932060018186304752000056009300428567050970020543712086807000005200845070,475281693932567418186394752724156839391428567658973124543712986817639245269845371,1
906830210285060079710205860407180003600054708050006941802503196004078532009002087,946837215285461379713295864427189653691354728358726941872543196164978532539612487,1
045100000910527040706890500034600005000370462000045308450760000609453107070918654,845136279913527846726894531234689715598371462167245398451762983689453127372918654,1
001070250002400307906000010160500042040006800200010005305847109000620083009035704,431978256852461397976352418167583942543296871298714635325847169714629583689135724,1
960730008040000002280509700006097145170004623530210809490120006052460917000070034,961732458745681392283549761826397145179854623534216879497123586352468917618975234,1
654381029273000681981000030000800902008002376002009000105407890400698015829513407,654381729273954681981276534716835942598142376342769158165427893437698215829513467,1
000000090530940600067512000070409050384206907609001400023007548700000160806130729,418763295532948671967512834271489356384256917659371482123697548795824163846135729,1
902864310034001820680023090060080032128607500403010080009700063250348000347196050,972864315534971826681523794765489132128637549493215687819752463256348971347196258,1
052749083406058072098020415007600041310480060060500238809271006003060000670005024,152749683436158972798326415287693541315482769964517238849271356523864197671935824,1
935104000742038000001972030420003000307619000008020370503000620800051490200300708,935164287742538916681972534429783165357619842168425379593847621876251493214396758,1
310000004290630580070590021732050008041073006056428003027809605003200000160005800,315782964294631587678594321732156498841973256956428713427819635583267149169345872,1
736048150200010807000257306860394501000082064500001980140075600309120408078430215,736948152295613847481257396867394521913582764524761983142875639359126478678439215,1
042903008817000392003810004971628003030004061460000900300000710006300000009040030,642973158817465392593812674971628543235794861468531927354289716126357489789146235,1
708093640400276938000485712002008090197000583830719064013060059974501006006942070,728193645451276938369485712642358197197624583835719264213867459974531826586942371,1
350186002600974510090203068004827135502001904100549276249310000730095800815702000,357186492628974513491253768964827135572631984183549276249318657736495821815762349,1
084079360900005082302640179029000706730962500048500923460091000890724051217050094,184279365976135482352648179529483716731962548648517923465891237893724651217356894,1
062470050000060173735891000216000080000306090350100000523000800080000407004038500,162473958498265173735891624216947385847356291359182746523714869681529437974638512,1
150020340804501060379408000243915780700046205685300400008007500900003000007184629,156729348824531967379468152243915786791846235685372491468297513912653874537184629,1
461900700308140500509023481034089005210360800005410070142806000953271048700000103,461958732328147569579623481634789215217365894895412376142836957953271648786594123,1
700050000030274008520986040010502396000708054405613287386120400170409000954807600,748351962639274518521986743817542396263798154495613287386125479172469835954837621,1
052400000471256083008007405206030509007800230009062004194070302800045600765309000,952483761471256983638917425286734519547891236319562874194678352823145697765329148,1
040025018000836749090007352384000000079301060200050090020169037007243086006008921,743925618152836749698417352384692175579381264261754893825169437917243586436578921,1
080700400579006080630981000000035679003060024761402800000328007096500000307600540,182753496579246381634981752248135679953867124761492835415328967896574213327619548,1
032471008417689325068532410026050904001008030000020176095016843600803201180045700,532471698417689325968532417326157984741968532859324176295716843674893251183245769,1
092010000080045210641832097050200400264000080008001720400008159300526004805090002,592617348783945216641832597157289463264753981938461725426378159319526874875194632,1
006319728020764003090000000030100280182030065047500390070450030068000540004090070,456319728821764953793825614935146287182937465647582391279458136368271549514693872,1
893076401000895000275034896547060100039540062020010005006420517902350680754001029,893276451461895273275134896547962138139548762628713945386429517912357684754681329,1
320054080506800003807009500060080025954260810201790064490172630078900452000040079,329654781546817293817329546763481925954263817281795364495172638178936452632548179,1
000928430860403052030150700490082075073500000528709304040201580087005240352847061,715928436869473152234156798491382675673514829528769314946231587187695243352847961,1
002039418380070960940620700520006034600200009007003620810004090003960500059080300,762539418385471962941628753528796134634215879197843625816354297473962581259187346,1
009605078025748030784903520170490865840150000592800704968001240250300080007089051,319625478625748139784913526173492865846157392592836714968571243251364987437289651,1
253000079864379020010402000325608004097020803481007256006005102540200937072890645,253186479864379521719452368325618794697524813481937256936745182548261937172893645,1
000700095591648270207910468815000040642100080379200001003076009006503004004891030,468732195591648273237915468815367942642159387379284651153476829986523714724891536,1
000809001000263908308010706056492810042380000083607009200100007864705100510028064,625879431471263958398514726756492813942381675183657249239146587864735192517928364,1
910047502320080604560020789090863000005010090046592378059038067003100005071450820,918647532327985614564321789792863451835714296146592378459238167283176945671459823,1
641703598807006003325080704010270346283504971760310280000007000130602407076140802,641723598897456123325981764519278346283564971764319285452837619138692457976145832,1
018030207040107068702680504480972650000418900900305842025706189090053726000200405,618534297549127368732689514483972651256418973971365842325746189194853726867291435,1
800012040401080760735400120000108306153200090670394015017630400502907630364801950,896712543421583769735469128249158376153276894678394215917635482582947631364821957,1
806007005900326001000005060408200030030409700079030020602703948000904007000580603,826147395945326871317895462468271539231459786579638124652713948183964257794582613,1
009002710370109548106578030863054200051007400000013800410020359630095107920700080,589342716372169548146578932863954271251687493794213865417826359638495127925731684,1
040672051020051070050803600008305407006000000495028003031000540504900000002500038,849672351623451879157893624218365497376149285495728163931287546584936712762514938,1
908362054014085700652400308501004672020001849846279030000100980267000013189703060,978362154314985726652417398591834672723651849846279531435126987267598413189743265,1
659000010017200000402970053174000000820000034060082100206810007098700001001090420,659348712317256849482971653174539286825167934963482175246813597598724361731695428,1
210643078008729450749005062453087600006100230002306784500030096380002040000071003,215643978638729451749815362453287619876194235192356784527438196381962547964571823,1
040350020350670098097004653918063500563490802002018930024030780005001269080700045,846359127351672498297184653918263574563497812472518936624935781735841269189726345,1
050902104000040205001835900800567001764103008513498072130004056000710800208356009,356972184987641235421835967892567341764123598513498672139284756645719823278356419,1
086000019039578642020090835302905164910240503605003298063052001854109020091000450,586324719139578642427691835372985164918246573645713298763452981854169327291837456,1
083469050450700080069200000095370000630008005010652700078090001926030548500820097,783469152452713986169285473295371864637948215814652739378594621926137548541826397,1
327008165589001400041570308490053610003006054860417200030000040104620903958100720,327948165589361472641572398492853617713296854865417239236789541174625983958134726,1
007092040603045800504308261130580490065000102780214000950800004206401038308007500,817692345623145879594378261132586497465739182789214653951863724276451938348927516,1
690320408450080601120654730986507213002198000004206807200965000065400972040072100,697321458453789621128654739986547213732198546514236897271965384865413972349872165,1
260589017745020398018400005480000002152036900397002056000364579070100623030057040,263589417745621398918473265486915732152736984397842156821364579574198623639257841,1
780015003109000457526700801200049300003267514045000079001050986958003040062098735,784915623139826457526734891217549368893267514645381279371452986958673142462198735,1
960073020013924050080015903058700061471368000609400087092047836000586049006039700,965873124713924658284615973358792461471368592629451387592147836137586249846239715,1
048000060207000410060700390856493000000000950704521683015070030009054176000319845,948132567237965418561748392856493721123687954794521683415876239389254176672319845,1
004200093091470286082900705007040608040086002006152009700021030203590867009037000,574268193391475286682913745127349658945786312836152479758621934213594867469837521,1
006300700000500109910002034003004900025639000800005023502000006690003218081926450,456391782238547169917862534163284975725639841849175623572418396694753218381926457,1
610000050000305000000642008700060924249170536536920871800239615963401200125780309,612897453498315762357642198781563924249178536536924871874239615963451287125786349,1
715068490049000061008419200100074300053600709020530600602305080000126007531040926,715268493249753861368419275186974352453682719927531648672395184894126537531847926,1
014000206500263700600000905001700000086002503050648192170006428069120057240387610,714859236598263741632471985921735864486912573357648192173596428869124357245387619,1
512367089009018000003009007034756098905800074000042560751290836306085702428070951,512367489679418325843529617234756198965831274187942563751294836396185742428673951,1
619080205070659084840312700067021853038000010451000020024160398090238040183900670,619784235372659184845312769967421853238596417451873926524167398796238541183945672,1
925300046060040598070050003037914680010000072506020409750400800603108204108532967,925381746361247598874659123237914685419865372586723419752496831693178254148532967,1
305000400290473865064500073400086001013240700900317040700008904029604107048709632,375862419291473865864591273457986321613245798982317546736128954529634187148759632,1
948001620517240900360908150403102005000430200720580300000023496634795802209614503,948351627517246938362978154493162785851437269726589341175823496634795812289614573,1
364108070092070300571903200047309006000200500953006400419602058000500040025780103,364128975892475361571963284247359816186247539953816427419632758738591642625784193,1
249001000610780924705209610400970150090054200157020400832410596500896340900032780,249361875613785924785249613426973158398154267157628439832417596571896342964532781,1
004019650200085010915000827000000900500863700143900500309078060721054098460002075,874219653236785419915436827687541932592863741143927586359178264721654398468392175,1
032640700001300549040907620269700058308069007407582036003094065194856002526003804,932645781671328549845917623269731458358469217417582936783294165194856372526173894,1
305080210890310600204069837570291400900034070400756021708040192059103040102908360,365487219897312654214569837576291483921834576483756921738645192659123748142978365,1
100000670025340009470000030000238701014000326037460900006700195052603000780054203,193825674625347819478196532569238741814579326237461958346782195952613487781954263,1
603000510000000006800607020740102050901060000520970400400500062082700100165020043,673294518254381976819657324748132659931465287526978431497513862382746195165829743,1
570081000106597482200360010781450009400006000062910704003070041600009003907003265,574281396136597482298364517781452639459736128362918754823675941645129873917843265,1
753004020006290537001700480070400250600310700030572008360805070410907800007040000,753684921846291537291753486178469253625318749934572618369825174412937865587146392,1
008000060049300000027891030065208093803567000270000000030100086481000500006080004,318475269549326871627891435165248793893567142274913658732154986481639527956782314,1
800900030500060081100030027009140000402008350050092000270086493634709015085003000,827951634543267981196834527369145278412678359758392146271586493634729815985413762,1
506032080009004001003001002000080236037126040600593178060345000290000053005000004,516932487729854361483671592951487236837126945642593178168345729294718653375269814,1
100034080583960010047050020306009150824001300000386070031697000069000730008240690,192734586583962417647158923376429158824571369915386274231697845469815732758243691,1
910345008408792006070008049043901000107400890002800401060280100520674003084000600,916345278438792516275168349843921765157436892692857431769283154521674983384519627,1
031002498980140506465897320008200050357416082006578000000080700804060210010704863,731652498982143576465897321148239657357416982296578134623981745874365219519724863,1
000605070018349500036700041004806395080591700075430018000000257300000106052007400,249615873718349562536728941124876395683591724975432618461983257397254186852167439,1
057600100300001068006530000008000614430000809019487025002005000963800250581000036,857642193324791568196538742278953614435126879619487325742365981963814257581279436,1
502860470071003500060570021045000638320056040617038200080092300259014006730685902,592861473871243569463579821945127638328956147617438295186792354259314786734685912,1
108657000970310508064982100281506407000400982000800000310065000005140000846209015,138657249972314568564982173281596437653471982497823651319765824725148396846239715,1
135079408000031070902648100060000340207903506503006010020000690709360025650802731,135279468486531972972648153861725349247913586593486217328157694719364825654892731,1
050010064060400187000780900003060091000831070600002008000120705825004600470690800,758219364962453187134786952283567491549831276617942538396128745825374619471695823,1
284091000000030704030006020041820605060070091000015048013002000452180060070463150,284791536596238714137546829341829675865374291729615348613952487452187963978463152,1
602901074030800109079040830020400690310069287956270040067002050590300726040006918,682931574435827169179645832728413695314569287956278341867192453591384726243756918,1
360120940040395608905746003000470080010030097003680051738004509050017830194853000,367128945241395678985746123529471386816532497473689251738264519652917834194853762,1
623400008800036429004002613460200007900357000370964802106823790739605080058079306,623491578817536429594782613465218937982357164371964852146823795739645281258179346,1
601000740000607020900524001764080100080150600500040390003205007456070000208003016,621938745845617923937524861764389152389152674512746398193265487456871239278493516,1
654290780000607040708430200465008302083520417070900856040172908092060571130800624,654291783329687145718435269465718392983526417271943856546172938892364571137859624,1
240130850005600001060598042300910405094703210750084069428360500907400683536800120,249137856875642931163598742382916475694753218751284369428361597917425683536879124,1
400980036768000400000065010005000020804300501602590000509600170307150800120038000,451987236768213459293465718935871624874326591612594387589642173347159862126738945,1
007940003023075009914260507001324895305687004402010000040008670008050941106090308,857941263623875419914263587761324895395687124482519736549138672238756941176492358,1
600050247271008503940000168780016435094720010310800020000500081050600000860000300,638159247271468593945372168782916435594723816316845729429537681153684972867291354,1
065890070100620358870041002500914800080702010621058097010070005950236700702180609,265893174194627358873541962537914826489762513621358497316479285958236741742185639,1
037060091010704068846051070190007002020000050700120009450209706972486310000000924,537862491219734568846951273198547632324698157765123849453219786972486315681375924,1
604007315503018902000000740026085030805146097000020586002870650700061420069032071,684297315573418962291653748926785134835146297147329586312874659758961423469532871,1
610070035273108094800300120528064019000809050001503748032485061086201573150607080,614972835273158694895346127528764319347819256961523748732485961486291573159637482,1
910700004040100050020500800058000642093462518462010009584900207000047105071650090,915786324847123956326594871158379642793462518462815739584931267639247185271658493,1
850630492000082053230074810600748200000000000084006900340869100970000068168250349,857631492416982753239574816691748235723195684584326971345869127972413568168257349,1
200571364030204907407893010148732609690150040075600801004026038003000500910380402,289571364531264987467893215148732659692158743375649821754926138823417596916385472,1
178900205059020040234008009760091320301800096800007051010705080406200503520006914,178964235659123847234578169765491328341852796892637451913745682486219573527386914,1
079862001502007689000109274047031825195628003038000010001000437754093168086004500,479862351512347689863159274647931825195628743238475916921586437754293168386714592,1
500600201042000003671053904403065027085407090090108430304872510958310740027540308,539684271842791653671253984413965827285437196796128435364872519958316742127549368,1
800020056090005000003704010000007005060048039009632078408076593930001724020093681,874129356291365847653784912382917465167548239549632178418276593936851724725493681,1
879032640000409080402800397721960038085240176630700520097604853206390014008000062,879132645563479281412856397721965438985243176634781529197624853256398714348517962,1
691725040800600209072893600004069701000002803356100400007530000500976034960214080,691725348835641279472893615284369751719452863356187492147538926528976134963214587,1
003008060002060879760021405600004050300810020005670900006107094834209617901000000,593748261412563879768921435627394158349815726185672943256187394834259617971436582,1
005046000670003050009850026090002003007508001008409005040080930080374500053090604,825146379674923158319857426591762843467538291238419765142685937986374512753291684,1
357260014002047900900003207794005030531700002620030501489070305063452009270308140,357269814812547963946813257794125638531786492628934571489671325163452789275398146,1
056004029084560107010007000000630900063100708829005010000270491200483600607950080,756314829984562137312897564175638942463129758829745316538276491291483675647951283,1
450300290180429500203806704764203100020185460018764029800041902001972000000530601,456317298187429536293856714764293185329185467518764329835641972641972853972538641,1
063050807080613240201840000059000070040076198000021500800090750910760400734000926,463259817587613249291847365159438672342576198678921534826394751915762483734185926,1
063510700010090600090004020908270304324056107100083200000030000089000005530600002,463512798215798643897364521958271364324956187176483259742835916689127435531649872,1
509040671003100900620095400090378064054020039006409007218930056047502198965000342,589243671473186925621795483192378564754621839836459217218934756347562198965817342,1
053109040409200010800004000047690823908043000300812409004950280790368104581020030,253179648479286315816534792147695823928743561365812479634951287792368154581427936,1
084210307530876001712009658400690002300750980000430506905007800063004009208963015,684215397539876241712349658457698132326751984891432576945127863163584729278963415,1
102976530075080600836100702708500000409210803520064900051498267287603040090000385,142976538975382614836145792718539426469217853523864971351498267287653149694721385,1
000306940927004635006952701305807010178429003602000008254008107700290004800740300,581376942927184635436952781345867219178429563692513478254638197763291854819745326,1
000634100600200907010078203009000680540080379068029504054800700891762400370405020,927634158683251947415978263139547682542186379768329514254813796891762435376495821,1
400983006000400008800006105018042750574801600203007001027108530100030062000020807,451983276762415398839276145618342759574891623293657481927168534185734962346529817,1
090005124145060000038940006060004300524600018903008640450070230082010560710203480,697385124145762893238941756861594372524637918973128645459876231382419567716253489,1
601047903009321406480906200207005809814790560905000147006508320302060790748230605,621847953579321486483956271267415839814793562935682147196578324352164798748239615,1
297003005418000020030000174726004390083270450004839060072061509360095042549082710,297143685418657923635928174726514398983276451154839267872461539361795842549382716,1
920870006500410239100952070807200091392680047600094023400000902750008060200040010,924873156578416239163952478847235691392681547615794823431567982759128364286349715,1
020501803057300100001000029000480015142000687583716000615270030000034051730095268,429561873857329146361847529976482315142953687583716492615278934298634751734195268,1
670409010542001800800305000090010400436970150187540006001000005000106394900007060,673489512542761839819325647295618473436972158187543926361294785728156394954837261,1
306074058400508013802103000061300970009210836730090500600701492973602180024859300,316974258497528613852163749261385974549217836738496521685731492973642185124859367,1
364052008970846000210070060783905240540087910091030075107490630009563000806701459,364152798975846321218379564783915246542687913691234875157498632429563187836721459,1
817950306900006207056034918090000605504078130361029000435891062079260483600047090,817952346943186257256734918798413625524678139361529874435891762179265483682347591,1
516327089049610000370540201695034078721986300004000002000170843100400520400862907,516327489249618735378549261695234178721986354834751692962175843187493526453862917,1
000408030543792806768001040090814507000200000074903128020345070001007304030100050,219468735543792816768531249392814567185276493674953128826345971951627384437189652,1
100034057673090018548006000000451080800070000304080071480109003006300005031560894,129834657673295418548716239967451382812973546354682971485129763796348125231567894,1
009520060402008107568000090054097603180406709970080540600003972027600800090005030,719524368432968157568731294254197683183456729976382541645813972327649815891275436,1
703900460210867050600400801900086530860739124037004008000391085300500706521078900,783915462214867359659423871942186537865739124137254698476391285398542716521678943,1
001050043040913000050008001063705004420009350105204796502041609004090237600872405,291657843748913562356428971963785124427169358185234796572341689814596237639872415,1
026391040304027918790085036970560021143078000265009070607902354002000197000034602,826391745354627918791485236978563421143278569265149873687912354432856197519734682,1
067010403080602510200030760140000006096200805300060074020096380030400952879325000,967518423483672519215934768148753296796241835352869174524196387631487952879325641,1
001302476367904218400107509108030900009708302700040001000400195000500023235800764,591382476367954218482167539128635947649718352753249681876423195914576823235891764,1
307015009040086050650900187405301098096478531803500706000604005001892674060050000,387215469149786352652943187475361298296478531813529746728634915531892674964157823,1
092138470070406051610007280800010340001385092053600817905000064087261000006090008,592138476378426951614957283869712345741385692253649817925873164487261539136594728,1
698007400253049800100825930016400200084090051020701648502003164031564790000072503,698317425253649817147825936316458279784296351925731648572983164831564792469172583,1
890250074400917080001003600002040300739000056614730908068302501027004000005100702,893256174456917283271483695582649317739821456614735928968372541127564839345198762,1
900540306342000070006702400609870000700000000020000010090007100100400908504003007,971548326342169875856732491639871542715294683428356719293687154167425938584913267,1
149532060273006900560004003300718026720403001001025700000800005900061308014050690,149532867273186954568974213395718426726493581481625739632849175957261348814357692,1
973000218006080300401020000105043009390610480008900631610290800052108000839500170,973456218526781394481329567165843729397612485248975631614297853752138946839564172,1
657820013003090040900530827429387651100000000036000079704962300508403190300050004,657824913283791546941536827429387651175649238836215479714962385568473192392158764,1
871009052092850003003100090510000700300685001060714230736598124180046079249071586,871439652692857413453162897514923768327685941968714235736598124185246379249371586,1
580200074009504003670831295812950000036002001045106000251390400098617530367425018,583269174129574683674831295812953746936742851745186329251398467498617532367425918,1
500400908900605427204798051371000502009514000485072609003150296100809730000000105,537421968918635427264798351371986542629514873485372619843157296152869734796243185,1
000070000008400009002100500000018970063290000801500003010800300926053801307901050,439675218158432769672189534245318976763294185891567423514826397926753841387941652,1
342601978089307026607908103018060730060800204034010005090286350076100800020070461,342651978189347526657928143218465739765893214934712685491286357576134892823579461,1
080002500070040206069007300300006020014005000702000013940350000000620000006804030,483162597175943286269587341398716425614235978752498613947351862831629754526874139,1
940000003000006809006400702694853200273601900050700030185064327420087150067210400,948172563712536849536498712694853271273641985851729634185964327429387156367215498,1
800140023271390504350070061012530000003900170980020035625709048149860250008400610,896145723271396584354278961412537896563984172987621435625719348149863257738452619,1
000350708803790651605001934018905400200040300500800219481672000730519840952430160,194356728823794651675281934318925476269147385547863219481672593736519842952438167,1
679004300082503649500906780060140038008035100931060450050691820004020000200400070,679284315182573649543916782765149238428735196931862457357691824894327561216458973,1
105802470980607301002001865000369157370210608000004293401978500800540012007123084,165832479984657321732491865248369157379215648516784293421978536893546712657123984,1
003869020962701058170003000040302000820970143030405079000037862200098035386250900,453869721962741358178523694749312586825976143631485279594137862217698435386254917,1
000002346060738000100600005000050632603001080028000150305004768480905000217300004,879512346564738921132649875941857632653291487728463159395124768486975213217386594,1
420007050000300400056402890800023900347050000000700300100030020568000109239580064,423897651981365472756412893815623947347159286692748315174936528568274139239581764,1
417632805008410230023800004051240080084093001930080540045700900000050078870324050,417632895698415237523879614751246389284593761936187542145768923362951478879324156,1
970020803480060010321080040698004100754812060203095078502740680000106032167038500,976421853485963217321587946698374125754812369213695478532749681849156732167238594,1
314200870807001296260780100000900001931650402025008000506824300100569700092003050,314296875857341296269785143748932561931657482625418937576824319183569724492173658,1
008007509005910030729050008090563070834200600506080000953046700081090003207000910,318627549465918237729354168192563874834271695576489321953146782681792453247835916,1
004381000060527003080000712600170840418936075297008031809263004140795320032814900,724381596961527483385649712653172849418936275297458631879263154146795328532814967,1
000702810275100630813000040502490360691803504430620981050010200026980403300256178,964732815275148639813569742582491367691873524437625981758314296126987453349256178,1
005041000170093060346250080754006003010534679963072004089305700507409318401000096,895641237172893465346257981754986123218534679963172854689315742527469318431728596,1
000045000520007139060903400000091060010000504390000000230008640800006000040009781,983145276524687139167923458452891367718362594396574812239718645871456923645239781,1
010039820950860007060417005321604098608090143495080670009028061180346000236901004,714539826953862417862417935321674598678295143495183672549728361187346259236951784,1
103524086406800072892001300907046538045978001028150794730002000580090623060005417,173524986456839172892761345917246538345978261628153794734612859581497623269385417,1
308020059740605028592000710870061200219348675650209103406902507900700800030004062,368127459741695328592483716873561294219348675654279183486912537925736841137854962,1
800003090006147008020008013450602000067000049382000100600051000073200600000036904,841523796936147528725968413459612837167385249382479165694851372573294681218736954,1
105034907024691000803500614602940300007180060340200700209008106076009048418000503,165834927724691835893572614682947351957183462341265789239458176576319248418726593,1
569802070321000608807650192790000300013974020200501700078309546050106907906700080,569812473321497658847653192795268314613974825284531769178329546452186937936745281,1
108000390070800502060530048782196450941200080605740021590012834020904000014305260,158427396473869512269531748782196453941253687635748921597612834326984175814375269,1
072000180040080765060057932009705206200643890014298073080006409000800000320970008,572369184943182765168457932839715246257643891614298573781536429496821357325974618,1
208900006600187025090302748900431002360000590842500173700059060416870050029604807,278945316634187925195362748957431682361728594842596173783259461416873259529614837,1
143068002000234607062950080358602941610093725000105800020006370806010254530029168,143768592985234617762951483358672941614893725279145836421586379896317254537429168,1
600002080702591003039800070096180730027346001001927640010008956964203017578000324,645732189782591463139864275496185732827346591351927648213478956964253817578619324,1
204968000830501042900420060469805127083740600000106480092004378047289506618000290,254968731836571942971423865469835127183742659725196483592614378347289516618357294,1
620400750510060943074059800850640209060810437000792080201980074490001320705304196,629438751518267943374159862857643219962815437143792685231986574496571328785324196,1
726549318043070200009012000254703069908201004071090820010930580092104607060027941,726549318143678295589312476254783169938261754671495823417936582892154637365827941,1
108400250060159480905078600709625300650007021823901705287530196000090072090012804,178463259362159487945278613719625348654387921823941765287534196431896572596712834,1
400086071000001000600570084090800003547009810080000056060095400004010527750200060,425986371873421695619573284196852743547369812382147956261795438934618527758234169,1
500064009049310756000000000007530980000089300008070020076042035005600000400100098,583764219249318756761925843627531984154289367398476521976842135815693472432157698,1
069800570003900841108400609756090304290601000831700926907540003040082100000109465,469813572523967841178425639756298314294631758831754926917546283645382197382179465,1
069401800341000006080907413950000734008043592400700680017009008502000160094126350,769431825341582976285967413956218734178643592423795681617359248532874169894126357,1
186425973035087400009361800000090008840503629060048001051839204008070005690000387,186425973235987416479361852513296748847513629962748531751839264328674195694152387,1
094600018200003005038004000359002047086309000401800036005430079942001080003096154,594627318217983465638514792359162847786349521421875936165438279942751683873296154,1
000201054250004907301790800597062401614570209832400005063807002005043768789026003,976281354258634917341795826597362481614578239832419675463857192125943768789126543,1
450030760060001003103604952516029040042180000900040026000402637025000014634817200,459238761267591483183674952516729348342186579978345126891452637725963814634817295,1
090010360260530004173009508080164279940273005700950400807091653001785940059300000,594812367268537194173649528385164279946273815712958436827491653631785942459326781,1
319706804080005712200801063002408030800160079761530048045000301000600090900214085,319726854486395712257841963592478136834162579761539248645987321128653497973214685,1
306510940510089237208407010085241600040000701009708002061870020453126070827394160,376512948514689237298437516785241693642953781139768452961875324453126879827394165,1
519003206438060150762154803273090504054000000980035000107009005395780421006521009,519873246438962157762154893273698514654217938981435762127349685395786421846521379,1
510030980409000370006080251000043020603200517921056400004900060298301045060804102,512637984489512376736489251857143629643298517921756438174925863298361745365874192,1
008400900032070068000160043820000000063759000050000010507302681291040500006007400,618423975432975168975168243824631759163759824759284316547392681291846537386517492,1
872904010964320807315067402290003581038502069007609243000075938703000620089206000,872954316964321857315867492296743581438512769157689243621475938743198625589236174,1
602154000800020046035000071051090762040010800086002150100200905094080603520900417,672154398819723546435869271351498762247615839986372154163247985794581623528936417,1
000245009000010204052096830108030060703600000506821007010080046630100900070500120,381245679967318254452796831198437562723659418546821397215983746634172985879564123,1
040875016658123040070000028382007050700250109591436072900060400406002095835790201,249875316658123947173649528382917654764258139591436872927561483416382795835794261,1
160007020837240091025000703050000234713520968200390057470002309382410000500670080,164937825837245691925168743659781234713524968248396157476852319382419576591673482,1
380000106009000200010603854006030007403100582800427000500078920008010705090006048,385742196649581273712693854926835417473169582851427639564378921238914765197256348,1
000020040370108009084050213000891670608402350147065000469037105830014927021009406,516923748372148569984756213253891674698472351147365892469237185835614927721589436,1
007800106230700849608901007024056900800170300375208004053620481902007003010080702,597842136231765849648931257124356978869174325375298614753629481982417563416583792,1
491008705307100096020407001570269010160700908030000602709506003010370540253904160,491638725387125496625497831578269314162743958934851672749516283816372549253984167,1
000169007001400560064080091082357149900600785175048026500074600400500002010000054,258169437791423568364785291682357149943612785175948326529874613436591872817236954,1
080613200500020900000050080760000002403079568091060004207841059608002340000030020,984613275576428913312957486765384192423179568891265734237841659658792341149536827,1
046179002002400000107063000204801065000607890060005107485030706020510003631080200,846179532392458671157263948274891365513627894968345127485932716729516483631784259,1
538700962100902345029003000052000809071290054890050720713820096240109087900640210,538714962167982345429563178652471839371298654894356721713825496246139587985647213,1
720801050005400703003759600008506009957100206264070018000640090540090060030217845,726831954195462783483759621318526479957184236264973518871645392542398167639217845,1
136849702800062130000501684200350400083090520795080306040603000018070243327018900,136849752854762139972531684261357498483196527795284316549623871618975243327418965,1
307102000001070002800004700073001406684007195219046378030015000000068053700490061,397152684461879532825634719573981426684327195219546378936215847142768953758493261,1
000900230061243007090000500920600050630070012010890763700159300140008000350007180,874915236561243897293786541927631458638574912415892763786159324149328675352467189,1
071954003030710090649023100805062970300507281427100035000480310004630728000079540,271954863538716492649823157815362974396547281427198635762485319954631728183279546,1
364250000587340020200608500000120385752063100800495002005000410920514037140780059,364259871587341926219678543496127385752863194831495762675932418928514637143786259,1
060008300700030000340020187009087506570010030000460971132050809950800000604200015,261578394798134652345629187419387526576912438823465971132756849957841263684293715,1
900065023610320947823400500460071309578039400300204006030800195254913608000756204,947165823615328947823497561462571389578639412391284756736842195254913678189756234,1
090520084001008020400901600925807040074605090860204507230700000500306872746180930,697523184351468729482971653925817346174635298863294517238759461519346872746182935,1
407200160206791345109630780605309000070816500890000607004123950903548000008967410,437285169286791345159634782645379821372816594891452637764123958913548276528967413,1
017500060462000009039460000241000950056271308700054216690700120070020000020605783,817539462462817539539462871241386957956271348783954216698743125375128694124695783,1
001840300080597010900301600160004053800635149503019002012000000700400000690052407,271846395386597214954321678169284753827635149543719862412973586735468921698152437,1
070408100008021000002075083200307000050062079063190825020503941130000008000016030,576438192348921756912675483289357614451862379763194825627583941135749268894216537,1
057000862080057319093080070508094020400205680032806500975368241801520736000400908,157943862284657319693182475568794123419235687732816594975368241841529736326471958,1
207601304804900657005070000431209700526100800000006142652014038148002000973060421,297651384814923657365478219431289765526147893789536142652714938148392576973865421,1
745000000026000001908064530002830914034009285059140070000001643000306750000080020,745913862326758491918264537672835914134679285859142376287591643491326758563487129,1
102000003006700000508194620865071902049032100200086074000059708607000249080047360,172865493496723851538194627865471932749532186213986574324659718657318249981247365,1
079021048080746930430590207007163852102900006068057090020470083700812060800635729,579321648281746935436598217947163852152984376368257491625479183793812564814635729,1
002700901500100724071200058250691003090080002806003070700300006020904037643072095,432758961568139724971246358257691483394587612816423579789315246125964837643872195,1
538007000791653842006901570610029380085076200070410900120830469059702130863100700,538247691791653842246981573614529387985376214372418956127835469459762138863194725,1
950601000040000059708590002503806014000000680600130005065000700819357020427060030,952681347146273859738594162573826914291745683684139275365412798819357426427968531,1
710095003962100475008007091801009000600800317200750960039070082486002709507983006,714695823962138475358247691871369254695824317243751968139476582486512739527983146,1
560193824001050907329000561010769045043081092005320006972000008136008409004916203,567193824481652937329847561218769345643581792795324186972435618136278459854916273,1
028794003417620895069080702740300009853219670006507080000050006000072018105406927,528794163417623895369185742741368259853219674296547381972851436634972518185436927,1
030820905059673842804150630900300400040008150008240709573481290402036080081592004,736824915159673842824159637965317428247968153318245769573481296492736581681592374,1
400300067260100940030504180006700290750000000140839000800000600524080009000203470,418392567265178943937564182386715294759426831142839756873941625524687319691253478,1
200780590746195083000600174507060948084070360639000700475936002060510439301042650,213784596746195283958623174527361948184279365639458721475936812862517439391842657,1
271680043350000810800300000918573004407016085630020079702100500060408007083260490,271685943354792816896341752918573624427916385635824179742139568169458237583267491,1
892716543530090601061004200216375080009162357057000000020000000103900865605401030,892716543534298671761534298216375489489162357357849126928653714143927865675481932,1
000380510200519437305004200834075900621890054079421000090007348753148692000906170,947382516268519437315764289834675921621893754579421863196257348753148692482936175,1
026700910198250467000106200304910602251307000067840531010038790049070325730400186,526784913198253467473196258384915672251367849967842531612538794849671325735429186,1
420006091560001402980000765216704850008015070050300109109600040045832017800149500,427586391563971482981423765216794853398215674754368129139657248645832917872149536,1
371084200060013475452609008607105802008742600024036057905020063010008024240057089,371584296869213475452679318637195842598742631124836957985421763713968524246357189,1
043560092600000085905103746500801437010709650730654200007215964159000823400300070,843567192671942385925183746596821437214739658738654219387215964159476823462398571,1
308672905627594318095381720740000100901467203056130000062005007039706000574803090,318672945627594318495381726743258169981467253256139874862915437139746582574823691,1
003700002016504970700010500020186000680400200001950000900840635108095427345027809,853769142216534978794218563527186394689473251431952786972841635168395427345627819,1
801375924940806315003009608639780450700614093084003267000207046012460030406901000,861375924947826315253149678639782451725614893184593267398257146512468739476931582,1
050040897080070605937608200795183006340905710208004953864002300573406100109830000,652341897481279635937658241795183426346925718218764953864512379573496182129837564,1
143006500805407630600008402380070105090000003001603090000000704002080051730020906,143296578825417639679538412386972145497851263251643897518369724962784351734125986,1
000006040060409180090200706478060003630094008510320007706080201020007004003902075,251876349367459182894231756478165923632794518519328467746583291925617834183942675,1
829015406430276080500089310200891607170002804980750231618040000004120900790508103,829315476431276589567489312243891657175632894986754231618943725354127968792568143,1
000069024090502138200003095060710009709005841010908067376050080401296070052087000,135869724697542138248173695863714259729635841514928367376451982481296573952387416,1
206074000010063804083102000030000000004630075605720483002380010861900207309206500,256874391917563824483192756738459162124638975695721483542387619861945237379216548,1
806743519401695780957820006019300007000508903200074051078030000300000064602050078,826743519431695782957821436519362847764518923283974651178436295395287164642159378,1
040080000083461925615293874000970513000008402200314008804000200091806307306547089,942785631783461925615293874468972513137658492259314768874139256591826347326547189,1
710000005000074062052061300600709003170050004504208090301495700007083000980600000,716932845893574162452861379628749513179356284534218697361495728247183956985627431,1
000160703302507600070004102168023579240756001007000000000849006091230487483601900,854162793312597648976384152168423579249756831537918264725849316691235487483671925,1
100050000546100300092000580407961835819305604603024917730008206001030758285600000,178253469546189372392746581427961835819375624653824917734518296961432758285697143,1
302000470000932516961750002036405908020396107500281604610043095290607040843029000,352168479784932516961754382136475928428396157579281634617843295295617843843529761,1
107060900080005470503407800000306104004000200000042638706030580010728069002000000,147863925689215473523497816258376194364981257971542638796134582415728369832659741,1
004501090001249705809600400906038020520496038000725900760014059308057264400800301,274581693631249785859673412946138527527496138183725946762314859318957264495862371,1
064801000058492006921536000605743002872065140009028760100200608090004071203610950,364871529758492316921536487615743892872965143439128765147259638596384271283617954,1
080000065060200831310605240100060700830902500097014023670390050240100370900407106,482731965765249831319685247124563798836972514597814623671398452248156379953427186,1
853001962100002030000938075749010386680309007010000204008000651520896043076100029,853471962197562438264938175749215386682349517315687294938724651521896743476153829,1
207800000410500700508000090850007930020089075709354080940700002082945360005001049,297816453416593728538472196851627934324189675769354281943768512182945367675231849,1
097000345485703690100009207813090024700810003004370160008040509349567010520930476,297186345485723691136459287813695724762814953954372168678241539349567812521938476,1
706430850098572600035800002043107060610205387200396100301700008800900506952010470,726439851198572634435861792543187269619245387287396145361754928874923516952618473,1
010200900780016235025000000172340609004900000893002700940020563607508140251034090,416253978789416235325879416172345689564987321893162754948721563637598142251634897,1
600801752518000604290654300300709000861040027479026030986230400005918263020460080,634891752518372694297654318352789146861543927479126835986235471745918263123467589,1
600905142012680900947021060704150609806230417100740028260810300380002750079560201,638975142512684973947321865724158639856239417193746528265817394381492756479563281,1
759064013140900002062713000000100007400620105017009000070081926201000048684002731,759264813143958672862713459926145387438627195517839264375481926291376548684592731,1
001500009007281003000000240050407306060090407409803020005000000234706900706900002,621534879947281653583679241158427396362195487479863125895312764234756918716948532,1
306800754000004003000390260439150007072489006068073010900615070000702100721038640,396821754217564983845397261439156827172489536568273419984615372653742198721938645,1
070600908854923160009807000085710320106000870020080050500270490007160005208390016,372651948854923167619847532485716329196532874723489651561278493937164285248395716,1
005048000000060805810507000300704260126893007400610000583100674042005000000080052,265948713734261895819537426398754261126893547457612938583129674642375189971486352,1
173600004040357809508421073305798146010030598089145300001000005900060701467010002,173689254246357819598421673325798146714236598689145327831972465952864731467513982,1
932000708850079046406028391010093400003084060600000020065000074024867500780405632,932146758851379246476528391217693485593284167648751923165932874324867519789415632,1
000704002254386100706251304025648030103907400087000096309802605010400027072510843,831794562254386179796251384925648731163927458487135296349872615518463927672519843,1
258009070067402000004700506496501000005907460013020908071800602642075389300040005,258369174167452893934718526496581237825937461713624958571893642642175389389246715,1
000005603090738025530060709065903800918504206300810590173602904800340170029100368,287495613691738425534261789765923841918574236342816597173682954856349172429157368,1
934800102070090806600002497107030020396005700420106380249000000700623000800040000,934867152572491836618352497187934625396285714425176389249718563751623948863549271,1
654320000102908570897106200305800400740532098200074051500400182008713065910200730,654327819132948576897156243365891427741532698289674351573469182428713965916285734,1
897000000100800425004136897701380054400607231352941700005460370973015040008790002,897524163136879425524136897761382954489657231352941786215468379973215648648793512,1
014059060927006450865047930008700503039000178070398006082000610750401000003020000,314259867927836451865147932648712593239564178571398246482973615756481329193625784,1
000508041006710230040603758804301007613000005209000160000200010068107092100849376,732598641586714239941623758854361927613972485279485163397256814468137592125849376,1
090056207320047105075000800200700904504000700967028351642001580850632070709580602,498156237326847195175293846283715964514369728967428351642971583851632479739584612,1
080100093042070860137000400290768310000354089053921670076290048500416007410007520,685142793942573861137689452294768315761354289853921674376295148528416937419837526,1
203068000009043207001700936137092458805031602640807103008514309300270841910006700,273968514569143287481725936137692458895431672642857193728514369356279841914386725,1
003674090016005430000108207070046050081002604000500300040753026200000010637280549,823674195716925438495138267372846951581392674964517382149753826258469713637281549,1
320000968050090031160730425000471000010869070978050106002900017701024850003000290,327145968854296731169738425236471589415869372978352146542983617791624853683517294,1
640003520890516743000000061010730900708649105953280476267908314109024607500060200,641873529892516743375492861416735982728649135953281476267958314189324657534167298,1
000047008040308092578926104287000549905470060463805207051230000020060381030080425,392147658146358792578926134287613549915472863463895217851234976724569381639781425,1
010724080743158090000693400501832749390040160478001520280005000657009200009200054,916724385743158692825693417561832749392547168478961523284315976657489231139276854,1
000080000000000600003076480026095718001030040540708020602800530100300004730021000,267984153418253697953176482326495718871632945549718326692847531185369274734521869,1
098007526060000070170090030000005009900001602016020307040503068600870140001042703,498137526362458971175296834287365419934781652516924387749513268623879145851642793,1
027800150800005200140003078014038520300500016000401307263000705490300800570204900,927846153836715294145923678714638529389572416652491387263189745491357862578264931,1
000030200304716058785209630030004506041050302050163479519082000400690825008305194,196538247324716958785249631937824516641957382852163479519482763473691825268375194,1
265180040407009010918064000021090500006530920809620070080910007100376852002845103,265183749437259618918764235321497586746538921859621374583912467194376852672845193,1
000030025057402030000806010602083907304000582570020001080005006000290073001067050,146739825857412639239856714612583947394671582578924361783145296465298173921367458,1
081063000603240108902810060168072905235690781749100632500401006020780000010026573,481563297673249158952817364168372945235694781749158632597431826326785419814926573,1
721400096003687000400102530080375041504016900316900058890061074642700105007008269,721453896953687412468192537289375641574816923316924758895261374642739185137548269,1
000914075500080100410073690800002060020705930054638210200460350065020080301009006,632914875597286143418573692873192564126745938954638217289467351765321489341859726,1
510620400000084503008500176684300010100700000730040085041890050000005040070000062,513627498967184523428539176684352719159768234732941685241896357396275841875413962,1
510090600006004981049026507150869024980507316674201090200003068468010203731080000,517398642326754981849126537153869724982547316674231895295473168468915273731682459,1
600500843040080120000436759430000618186000090000610037000300560700054900204860300,679521843345987126821436759437295618186743295592618437918372564763154982254869371,1
946000030000739004087450000670300020093670081510020070460017308035060200000000746,946182537152739864387456192678341925293675481514928673469217358735864219821593746,1
001260450020740018948103007507800906863090172402017800234506700080904000059301000,371268459625749318948153267517832946863495172492617835234586791186974523759321684,1
036048000205610900894002061500200034308400509700059806980120670057000190020005083,136948257275613948894572361569281734318467529742359816983124675457836192621795483,1
005020040000507200000931580070015038800003090031498620780100304050002971619304800,195826743368547219247931586976215438824763195531498627782159364453682971619374852,1
070561004000034287049872600006095002004106590000048300560280709820450103093607800,278561934615934287349872651186395472734126598952748316561283749827459163493617825,1
120069584907800213080000900408190020039427158200538609846302700012970860795001030,123769584967845213584213976458196327639427158271538649846352791312974865795681432,1
514090287863000510079800400342065108090300620000700004908100000026580030430270006,514693287863427519279851463342965178197348625685712394958136742726584931431279856,1
020908701800000002010400900061040325705213049400069010100702506070056104506180000,624938751859671432317425968961847325785213649432569817143792586278356194596184273,1
003871609400029000600345872802030060009206004170084325024758030368102057705063298,253871649487629513691345872842537961539216784176984325924758136368192457715463298,1
003841605802790001051030978600058010120463809589010430210079004305000207908000000,793841625862795341451632978634958712127463859589217436216379584345186297978524163,1
003008461904016083186000009008379026000281040290500030040690002700002008300857690,573928461924716583186435279458379126637281945291564837845693712769142358312857694,1
897024030000003849054190627143206500785930402029485003470000350030000000510040900,897624135261753849354198627143276598785931462629485713472869351936517284518342976,1
004620893000580720082030564031070940047900000509042100015008070000107035976400218,754621893693584721182739564231875946847916352569342187315268479428197635976453218,1
000357604010980002350002908492031050001060000680095040175809000803000200200603185,928357614714986532356142978492731856531468729687295341175829463863514297249673185,1
802000306763802400090630050000100960009205701048769230086090027020006103517328690,852914376763852419491637852275143968639285741148769235386491527924576183517328694,1
700908560580740031936010874251074380003089100879020450005391048107052003008407210,714938562582746931936215874251674389463589127879123456625391748147852693398467215,1
381467590926000701704200008875106439402853070600000825068005903149300607000010284,381467592926538741754291368875126439492853176613974825268745913149382657537619284,1
716409835903678241020301600035280007174006020892710463047160982080040710001000004,716429835953678241428351679635284197174936528892715463547163982389542716261897354,1
800603900643792518902008763500240006080900204020835070059000027238560401064120805,875613942643792518912458763597241386381976254426835179159384627238567491764129835,1
010042503020703010000080624000100460940820030105000092091300000302579100407008009,819642573624753918753981624238197465946825731175436892591364287382579146467218359,1
093800206500190700000064805819000002057921680642038950064080030035609008028513000,493875216586192743271364895819456372357921684642738951164287539735649128928513467,1
354020100906071080870090020602107809408002500000900302049360718105749236700008954,354826197926571483871493625632157849498632571517984362249365718185749236763218954,1
003070468617084520805063170002349756300800291709106000400005832598030007236700040,923571468617984523845263179182349756364857291759126384471695832598432617236718945,1
000193074009002080327480900560819007701000829803274615100930060935607040000001000,658193274419752386327486951562819437741365829893274615174938562935627148286541793,1
092108004810069300046275018109723806408906700027580193200307000073800561084690037,792138654815469372346275918159723846438916725627584193261357489973842561584691237,1
267094010540100600900060000001906502030001970009300064000410057000020006072009001,267594813548137629913862745481976532635241978729385164896413257154728396372659481,1
020008030431960258758100906070800403019020870004005000000014692000050387607280510,926548731431967258758132946275891463319426875864375129583714692142659387697283514,1
093275060806034000007180093054068001082301000301529870478092100600453082205000049,193275468826934517547186293954768321782341956361529874478692135619453782235817649,1
261900073400100906090080010809004030500062009340810002680500307070403008134000200,261945873458137926793286514829754631517362489346819752682591347975423168134678295,1
026930800089407000173258006041000537095370080730800690014006700200049350907023400,426931875589467213173258946841692537695374182732815694314586729268749351957123468,1
720050000963000571518030006057603020002470609600002750041700065000000000300021007,724156893963248571518937246457693128182475639639812754241789365875364912396521487,1
023007010510620400460510328040162750630000204075000601006090035000700062190350040,923847516518623479467519328849162753631975284275438691786294135354781962192356847,1
321406070009018000867025914034579002002100756070002039016043825040267390093001600,321496578459718263867325914634579182982134756175682439716943825548267391293851647,1
790681030530702816600530970300010469000056000126479080469807100073045608805903247,792681534534792816681534972357218469948356721126479385469827153273145698815963247,1
486751030130049700000368401049605378007480000000907560603090017070832640054106900,486751239135249786792368451249615378567483192318927564623594817971832645854176923,1
006000710000097500987103020090314800008206930372080061009030250241765390753928140,536842719124697583987153624695314872418276935372589461869431257241765398753928146,1
835270196102006030070081000008750403451600970300408602209140005580002061703860049,835274196142596837976381524628759413451623978397418652269147385584932761713865249,1
869501432257930681104006597400090000003482910082100000305000209798043005020759843,869571432257934681134826597416395728573482916982167354345618279798243165621759843,1
968274510140000286523601974030000659056802000019056020605740030071920408000163795,968274513147539286523681974832417659756892341419356827695748132371925468284163795,1
201680390304970851070015460842009730605037000739450000000590020126803009593701008,251684397364972851978315462842169735615237984739458216487596123126843579593721648,1
010070520050800971470025000783940102590782306200530098000290410048600030907013865,816379524352864971479125683783946152591782346264531798635298417148657239927413865,1
390000205042035768756102093000341609009028100410097850000200006504763000960054007,398476215142935768756182493285341679679528134413697852837219546524763981961854327,1
300000400680004005095086120850017009079803560100002837562370904734920058008405370,327159486681234795495786123853617249279843561146592837562378914734921658918465372,1
970004000624080915503629080000170892095800361002906574300458020200003640049060753,978514236624387915513629487436175892795842361182936574367458129251793648849261753,1
293057160107600945400080372304060500716504080050002014031048720040275000872316009,293457168187623945465189372324861597716594283958732614531948726649275831872316459,1
240809000006000580007623400008970205920500100075208639503000726419062803762085014,241859367396417582857623491638971245924536178175248639583194726419762853762385914,1
280740000000300706000060005807050060950800310600900080742098031060400209195003070,286745193519382746473169825837251964954876312621934587742598631368417259195623478,1
106003200030000476489602035091254060320809751650001902900087623000390814813026090,176543289532918476489672135791254368324869751658731942945187623267395814813426597,1
020040801058210047017036950104682093836001270502074080905103720700020410001457300,629745831358219647417836952174682593836591274592374186945163728763928415281457369,1
900010024500900003427835106001057902095083041374000008009200005142590367608004010,983716524516942873427835196861457932295683741374129658739261485142598367658374219,1
017004023030670000000102700003060950065080240000457036002715009700003805090806302,817594623234678591659132784473261958165389247928457136382715469746923815591846372,1
590100632020530001810762095160285000950317004300090050000654000005971300049003017,597148632426539781813762495164285973958317264372496158731654829285971346649823517,1
762130504000000280080562173007380010008251007000007300623009401170025839805010062,762138594351794286489562173247386915938251647516947328623879451174625839895413762,1
250094000009250007041738090910583000700906018080172400002060001460819700078020004,257694183839251647641738592914583276725946318386172459592467831463819725178325964,1
420105000015896203936007080607520038140380750503700920054913007809052004361478090,428135679715896243936247185697521438142389756583764921254913867879652314361478592,1
090240036400050908780103400860925000030804650940031007270580300600010800318007090,591248736423756918786193425867925143132874659945631287274589361659312874318467592,1
090400673602930004340010090820500000003840126016203058235080907701004005489002001,198425673652937814347618592824561739573849126916273458235186947761394285489752361,1
900125864154600702286003010710060523502000479039050680097010256000580300025900148,973125864154698732286743915718469523562831479439257681897314256641582397325976148,1
809413607030798145000000800976130008103504090540600000460325981091000500200060374,859413627632798145714256839976132458123584796548679213467325981391847562285961374,1
040020981208491075091005026020006000975008060306270004682903047037864002059010638,543627981268491375791385426824536719975148263316279854682953147137864592459712638,1
109800035804503201532009048600080970203407150940050302701205863426930507300076009,169824735874563291532719648615382974283497156947651382791245863426938517358176429,1
900876203507210900236000007800000519050620008000008032341900020608040300000360801,914876253587213964236594187862437519153629478479158632341985726628741395795362841,1
938000064406583090572000018009001400064039070107246080620410800795300640840065237,938172564416583792572694318389751426264839175157246983623417859795328641841965237,1
568097430003250760927034810304870006100940203205316000002461098601700304049500671,568197432413258769927634815394872156176945283285316947732461598651789324849523671,1
916487205700103000300296801201708000000930182003020746030800017089075003470002908,916487235728153694354296871241768359567934182893521746632849517189675423475312968,1
003520079024068050807139600201405000068070905000681027780910030036847291040350786,613524879924768153857139642271495368468273915395681427782916534536847291149352786,1
080400501140807206560130049050029710791005400030714958876243100904501087010900024,283496571149857236567132849458629713791385462632714958876243195924561387315978624,1
600001003704952860281604095968205307317098652000300908100800004420500006856140279,695781423734952861281634795968215347317498652542367918179826534423579186856143279,1
054780000070102540103954000048009357002078461005460800430695020280001070061827030,954786213876132549123954786648219357392578461715463892437695128289341675561827934,1
300970500069005000020006400730052890900310005052000003200860007605023080083500246,318974562469235178527186439731652894946318725852749613294861357675423981183597246,1
001003200302100904009005073200070830003006700050300602700900380600800010938651427,541793268372168954869425173296574831483216795157389642715942386624837519938651427,1
000500060649073258581002473100409002824310607300087500932800006018036005065020081,273548169649173258581692473157469832824315697396287514932851746418736925765924381,1
609803700183200940745090802208007604504002001360504070807129403032700100916030000,629843715183275946745691832298317654574962381361584279857129463432756198916438527,1
600935702009000850175628030000059301001060095053081074468503107390716540507042960,684935712239174856175628439726459381841367295953281674468593127392716548517842963,1
300452070000000400000307006600008000001503800000640309046000900753069240002004650,369452178517986432428317596634298715291573864875641329146725983753869241982134657,1
320609704570010800906400102010200060632095001005800920400020010058103649103046278,321689754574312896986457132819234567632795481745861923467928315258173649193546278,1
302064870068397001400802000926080104084000795750100008035070012090406000047250003,312564879568397241479812356926785134184623795753149628635978412291436587847251963,1
020000065030600728615700049000009402000547900104208030061973050307406090940010603,728394165439651728615782349576139482283547916194268537861973254357426891942815673,1
683009100900013000200050700300001570549376080800240003000800602100530497000067050,683729145957413826214658739326981574549376281871245963735894612168532497492167358,1
732100506610035008500602007070064185005381600860007004007026893920873401403009702,732198546614735928598642317379264185245381679861957234157426893926873451483519762,1
265090017480006390097000050009805074754003020108070630513040700040537281800000543,265394817481756392397182456639825174754613928128479635513248769946537281872961543,1
263107480008050670015400923904026050021000349537010260050009810170680004040031092,263197485498253671715468923984326157621875349537914268352749816179682534846531792,1
020786534650302807370100902532600140410903020809214300786520090243000050005007280,921786534654392817378145962532678149417953628869214375786521493243869751195437286,1
010006304635004800200003070400100092026409083109000040090601537064080009000095000,917826354635974821248513976453168792726459183189732645892641537564387219371295468,1
041820675080705403700060008059010046410957800307080001004500000060149050590000060,941823675682795413735461928859312746416957832327684591174536289268149357593278164,1
000172008001903560004600019093000046205700103416800205000580001102300600600400950,569172438871943562324658719793215846285764193416839275947586321152397684638421957,1
927480010000003490834106275492861030000940601600000020509700163380000742276000009,927485316165273498834196275492861537753942681618537924549728163381659742276314859,1
370680090005009078408100306067501000020708900080060010050470000846200137009800054,372684591615329478498157326967531842123748965584962713251473689846295137739816254,1
065987420004021395092003807040508970009064500500000643050702184021805030037106000,365987421784621395192453867643518972279364518518279643956732184421895736837146259,1
073842950020670431056109070341506090080090105597000680200968517000450329915700000,173842956829675431456139278341586792682397145597214683234968517768451329915723864,1
603041028910650703704008050469807100572903804381005009107009500835000400296504300,653741928918652743724398651469827135572913864381465279147239586835176492296584317,1
204600007680010204700240306376592040418006029020480763809124605502760091160009430,254638917683917254791245386376592148418376529925481763839124675542763891167859432,1
007453090032090740960000305200810960790024001150600034070000503005231079000047086,817453692532196748964782315243815967796324851158679234471968523685231479329547186,1
090480056005006204400532080009613070000807003743200608971364805504728960620059307,392481756185976234467532189859613472216847593743295618971364825534728961628159347,1
094000302610002875005803010248906057960541238000270090406309000030704980100020743,894157362613492875725863419248936157967541238351278694476389521532714986189625743,1
690430172410900305020600048002847000546020810079106234084703651961084000753260000,695438172418972365327615948132847596546329817879156234284793651961584723753261489,1
006007103904612000000930204471300000620074038089050001160540380800720045542000709,256487193934612857718935264471398526625174938389256471167549382893721645542863719,1
000302901030085207040107083005809300006201570327504009904720030600410090071903060,768342951139685247542197683415879326896231574327564819984726135653418792271953468,1
001003760706582100020000050070218006098300274065904003800621945052009080914000607,581493762746582139329167458473218596198356274265974813837621945652749381914835627,1
860250014504000607291764030105380209703609548609540070902400103078120400406908052,867253914534891627291764835145387269723619548689542371952476183378125496416938752,1
093008070008097605270010000834060000650000400901504368100706594060050283345029016,593648172418297635276315849834162957657983421921574368182736594769451283345829716,1
400002100270061453035874609700009040004015062051023987300008090069200810047006205,496352178278961453135874629723689541984715362651423987312548796569237814847196235,1
530406098010090275020071430100630802340900007782104360000805720251003904400219650,537426198614398275829571436195637842346982517782154369963845721251763984478219653,1
002301087400800102801002050093000274700039501256000398309107040018540720540008000,962351487475896132831472956193685274784239561256714398329167845618543729547928613,1
031620000045003000060075318080002650506004209094507180600300005100200006009050831,831629547745183962962475318387912654516834279294567183678391425153248796429756831,1
798004203056397814010008597005902008479005021803741609502009106640100902930086700,798514263256397814314628597165932478479865321823741659582479136647153982931286745,1
100035407003098000785004923201009374378400100500103002014307596000001200930500041,196235487423798615785614923261859374378462159549173862814327596657941238932586741,1
951640700032007906007100540829300175000005403045708009100800020000493001503270800,951642738432587916687139542829364175716925483345718269194856327278493651563271894,1
970500130820301960316009500431076025080050000007800300548030200700000410102680703,974568132825341967316729584431976825289453671657812349548137296763295418192684753,1
413059270957010430268003105740026000800907604639000500302865900000390002000740850,413659278957218436268473195741526389825937614639184527372865941584391762196742853,1
250001364374050810000083020502307000936125078000800250493010782001238940820790601,258971364374652819619483527582347196936125478147869253493516782761238945825794631,1
008062019746190380120308000070006120050003604904020000392800567000650230605207901,538462719746195382129378456873946125251783694964521873392814567417659238685237941,1
165073289000218500804005317006780050380609070090000820200000040643007190000041632,165473289739218564824965317416782953382659471597134826251396748643827195978541632,1
400005603759036028830094710023417809008900007947600300281360504374001980695008130,412875693759136428836294715523417869168953247947682351281369574374521986695748132,1
002900731900013200040070895070600483539400106486132070325700948710340602004520307,862954731957813264143276895271695483539487126486132579325761948718349652694528317,1
000124000014760390025098014940036721060000405500002963100000546082000179650409208,396124857814765392725398614948536721263971485571842963139287546482653179657419238,1
010380400480052061390000020006413209003769184149800000921074036030698512508001047,612387495487952361395146728876413259253769184149825673921574836734698512568231947,1
002908000985037001300150002000010060004072000601500798508720009470090020219080070,142968537985237641367154982753819264894672153621543798538726419476391825219485376,1
081020350479310600020068000590237164700001280000006795900003500132954876800600030,681429357479315628325768419598237164746591283213846795967183542132954876854672931,1
590420007870035420340090506460010790050900230009000604085060903607009800930278065,596421387871635429342897516463512798758946231129783654285164973617359842934278165,1
704912603916053024532406001057249008000587049049631500300004806000368205600195000,784912653916853724532476981157249368263587149849631572395724816471368295628195437,1
805906723203054060010703840127408000000630200008005419602387194001549602409000057,845916723273854961916723845127498536594631278368275419652387194731549682489162357,1
900082417001005820283700050430006002600591084010243700508420601000030509007059048,956382417741965823283714956435876192672591384819243765598427631124638579367159248,1
920070801600085370507319406059060002071028504208700913730591600005602190196007230,923476851614285379587319426459163782371928564268754913732591648845632197196847235,1
097000360030496700468075001003804179700903002900607500370100050816030000205009003,597281364132496785468375921653824179781953642924617538379148256816532497245769813,1
802103400001004560306759100560410000009070010027000804003920645610008092200007080,852163479971284563346759128568412937439875216127396854783921645614538792295647381,1
573698210809014600014025879000001090201560708906080320400903180087140052100870060,573698214829714635614325879748231596231569748956487321462953187387146952195872463,1
018209007000186000000730020730000095000067001056000000000802010002670030685090274,318259467427186953569734128731428695294567381856913742973842516142675839685391274,1
109480752035000900278090413021804560007100008040050137900320601002501304010047825,169483752435712986278695413321874569597136248846259137954328671782561394613947825,1
365049071807000560412756080000005010620400357750210000070080135040062798100530406,365849271897321564412756983934675812621498357758213649276984135543162798189537426,1
094003600001702035723056018409100320302670001000300709008090160160038007030060584,594813672681742935723956418479185326352679841816324759248597163165438297937261584,1
623497085405208637710053049000300702074105960302006810206839000009000006137560408,623497185495218637718653249961384752874125963352976814246839571589741326137562498,1
003124600007080532602500090098000000004003000700460850800092145175340920040015080,953124678417986532682537491398251764564873219721469853836792145175348926249615387,1
100004035800932007300000980003040650605398712002651000501403009470086000000079504,197864235856932147324715986913247658645398712782651493561423879479586321238179564,1
000010857705900013312085900800530601040600080050802009567129348901460500000307190,694213857785946213312785964879534621243691785156872439567129348931468572428357196,1
300896725560740109000510306708200003451609800600080090270000914130074050009025007,314896725562743189987512346798251463451639872623487591275368914136974258849125637,1
049012570017958040580007120900060710401000030730100064690504201005231490004006350,349612578217958643586347129958463712461729835732185964693574281875231496124896357,1
800040002200085340000201508021570084640823750570009200902030000000002070783150609,895347162216985347437261598321576984649823751578419236962738415154692873783154629,1
841607205097820340350491078500208160470500003018306057760082400124053780903000500,841637295697825341352491678539278164476519823218346957765182439124953786983764512,1
300004060067015423450260978805030712216580390704129806020000531070302600043690000,382974165967815423451263978895436712216587394734129856629748531178352649543691287,1
007000300284500010000020057720608000601300009093002600308045091050039060070100000,517964328284573916936821457725698143641357289893412675368245791152739864479186532,1
950017420147000038820004710002705160408001005000209307280653971569100843031498600,953817426147926538826534719392785164478361295615249387284653971569172843731498652,1
210674539500009040934051007150003482023140070487295361000900800000530704090480203,218674539576329148934851627159763482623148975487295361342917856861532794795486213,1
450803900068490200903500008701206409539104682000905017014729060027651890605008020,452813976168497235973562148781236459539174682246985317814729563327651894695348721,1
370428091180796540906005287034100965200000030658934072003070024067201300020853706,375428691182796543946315287734182965291567438658934172513679824867241359429853716,1
150600402628047913749013008865030090004861725207000080436029807902305600501086030,153698472628547913749213568865732194394861725217954386436129857982375641571486239,1
007604012164700385250813000003002001542180600970005800306208409095030068008090130,837654912164729385259813746683942571542187693971365824316278459795431268428596137,1
030694007080031000004580100060970014320006700007018506002045968853169402490000051,135694827289731645674582193568973214321456789947218536712345968853169472496827351,1
867140523052806914010035007590620401200300805043058076704003108601002050985701340,867149523352876914419235687598627431276314895143958276724593168631482759985761342,1
032080700680700032075403816850042697100098304294370000008030061010807240006015978,432681759681759432975423816853142697167598324294376185728934561519867243346215978,1
400000806008061904002400050006800391091036240003004700120080000600205409080040012,415923876378561924962478153746852391891736245253194768124689537637215489589347612,1
097125643003706051510000072600300007074001089089200036408912065065430100001568090,897125643243796851516843972652389417374651289189274536438912765965437128721568394,1
078000000002000780004000106140050067006030409005620010000206001020095008401873002,678412935512369784934587126143958267286731459795624813859246371327195648461873592,1
050600000300000098004950760235007900048290100190080425473002650086079010010563870,759638241361724598824951763235147986648295137197386425473812659586479312912563874,1
004027000200048500600315007062000710891070053357100090138750920920060104700091380,514627839273948561689315247462539718891472653357186492138754926925863174746291385,1
974013625001054300653029000100200473047036900090405260582360700000000500719502830,974813625821654397653729184165298473247136958398475261582361749436987512719542836,1
000704000004020000002005174080400321346102590020057406090000000507013048018609005,851734269674921853932865174785496321346182597129357486493578612567213948218649735,1
030085291157020430098431705482317609006502047509860000001900506043150972060200004,634785291157629438298431765482317659316592847579864123721943586843156972965278314,1
509810346800406001040500008091260435680004017304197600035781269900020850268940170,579812346823476591146539728791268435682354917354197682435781269917623854268945173,1
000243800610058740824600009708509010050364070230007900075130400481700020062485107,597243861613958742824671539748529613159364278236817954975132486481796325362485197,1
002800960000040087840002000931608425000004790070050030103086570086125340000793006,512837964369541287847962153931678425625314798478259631193486572786125349254793816,1
178923500632800971094610080780040632300762498026000700901008326000490850857036000,178923564632854971594617283789145632315762498426389715941578326263491857857236149,1
020040075950003016387000049008090130792001450510428960005302090009705624200914080,621849375954273816387156249468597132792631458513428967845362791139785624276914583,1
080071900007809100901620700012090600643080590090156002200915030100340207800700400,386571924427839165951624783512493678643287591798156342274915836169348257835762419,1
094087000627401380810030020408005201061700095000000400102500630753004900986312507,394287156627451389815936724438695271261743895579128463142579638753864912986312547,1
007090000095083400010000058059204380800901207062008094006805729501020806908600130,487592613695183472213476958759264381834951267162738594346815729571329846928647135,1
002059400041003008000846021406300080030010000529070103068007204090061037053082009,382159476641723598975846321416395782837214965529678143168937254294561837753482619,1
260510930050794160917326548480605701735041680000070054008000093100050076306982010,264518937853794162917326548489635721735241689621879354548167293192453876376982415,1
300708102014500970089421065190050704830004509007902030001835497900247810070010253,365798142214563978789421365192356784836174529547982631621835497953247816478619253,1
807020510000001904145000208002050630950000742603240085064905000520870096080612400,897426513236581974145397268412758639958163742673249185764935821521874396389612457,1
064000098009481256002093007000020530340000000200340860853164729400932005006570013,164257398739481256582693147618729534345816972297345861853164729471932685926578413,1
030000008008074069040060200005030720001000903390120856003000012580713604010006307,136592478258374169947861235865439721721685943394127856673948512582713694419256387,1
050009278209185030683274150500700321700801065001503897800300042007900586906408703,154639278279185634683274159598746321732891465461523897815367942347912586926458713,1
900028643000190720086304019007080290402905080009237461060850002500610870100743956,971528643345196728286374519637481295412965387859237461764859132593612874128743956,1
307094500205000096400150080072040000600070045004968237560029070743080912920703600,387694521215837496496152783872345169639271845154968237561429378743586912928713654,1
720601005090032000143009260400003710030007059617054823380000691905410380201308007,728641935596832174143579268459283716832167459617954823384725691975416382261398547,1
050009367007158204400036850704090026810600940002310000580000710241507639003001000,158429367367158294429736851734895126815672943692314578586943712241587639973261485,1
900185647780390501140067390257038064610002059094500702501020073009600080408000916,932185647786394521145267398257938164613472859894516732561829473379641285428753916,1
200084706004002900080070040425700109700000500910043672007009001000816407000000800,293184756574632918681975243425768139736291584918543672867459321352816497149327865,1
000082410700010580812945703109078005047103000328000007936000070405200630201634050,653782419794316582812945763169478325547123896328569147936851274485297631271634958,1
023008417790610823814023905260405301950230048438901650540867009000100006080059200,623598417795614823814723965267485391951236748438971652542867139379142586186359274,1
800401032302589001701306080018732596500618004260945018020060007680090053073004020,856471932342589761791326485418732596539618274267945318925163847684297153173854629,1
050010840000065900003800601000070300320091500900603000132580096009036200605024107,256719843841365972793842651564278319327491568918653724132587496479136285685924137,1
075009000930465780040027039703250001002800000800710426300002900106070243524930000,275389164931465782648127539763254891412896357859713426387642915196578243524931678,1
601049030050080407840076019086004000390651020000000940008390571030005690009000302,671249835952183467843576219786924153394651728125738946468392571237815694519467382,1
006903000070261894890045060603170029510628400020539601002416000168007045730850016,246983157375261894891745362683174529519628473427539681952416738168397245734852916,1
617345980084162075300897060060050100001700006549680237200418753000530620403076010,617345982984162375325897461762953148831724596549681237296418753178539624453276819,1
702845913150293600000710240800602051020981067000504800080360590905408106036050784,762845913154293678398716245849672351523981467617534829481367592975428136236159784,1
921658700468370090750042806080007059009506072570100630010095004000760920300204587,921658743468371295753942816682437159139586472574129638217895364845763921396214587,1
209864001000000034807130600005400900780050412096280500900600345054320087310040200,239864751561792834847135629125473968783956412496281573972618345654329187318547296,1
802000005090028460007309018483006720915002683726030040104293850239685004560710902,842167395391528467657349218483956721915472683726831549174293856239685174568714932,1
439000507701490008560203019047020865005000090602907040200009381193048276076102954,439816527721495638568273419947321865315684792682957143254769381193548276876132954,1
000016905529070106761005002070482061680109420100560839090650200358021090216948750,834216975529374186761895342973482561685139427142567839497653218358721694216948753,1
040193852839000147025708930200371500791405200300080471410937605903504718500006000,647193852839652147125748936284371569791465283356289471418937625963524718572816394,1
002104590980653702570090346308006150160430800000810903843061075216580030059300600,632174598984653712571298346398726154165439827427815963843961275216587439759342681,1
250308067064500239037902050705029348400800570380000690043286015001793086070154023,259348167864517239137962854715629348496831572382475691943286715521793486678154923,1
859100643040096208210043900682051709037020461491307000070610025068035104020004306,859172643743596218216843957682451739537928461491367582374619825968235174125784396,1
901400003300000792070900006600000871140802359835091024023100947710549008489273165,961427583354618792278935416692354871147862359835791624523186947716549238489273165,1
298300415465109300070054000027060800934728561006400207000040628782630090600012753,298376415465189372371254986127563849934728561856491237513947628782635194649812753,1
643078021059420083078531640500000308832609407007853290065094802001080904080000070,643978521159426783278531649596247318832619457417853296765194832321785964984362175,1
803000000159600830070009600705006913080490070296103048004762000608514009000008164,863251497159647832472389651745826913381495276296173548914762385638514729527938164,1
050190036960830005200706180490580300008403907670200408720948013000075802389601074,857194236961832745234756189492587361518463927673219458725948613146375892389621574,1
965703002007050300012804597690007103000098705704021069406100000170209650000430270,965713482847952316312864597698547123231698745754321869426175938173289654589436271,1
981250000570800900000906070052789346790000008308104750205378004849060200637400001,981257463576843912423916875152789346794635128368124759215378694849561237637492581,1
346000201900800740705240900004000050060300002278050090450018020610030578007500004,346975281921863745785241963134692857569387412278154396453718629612439578897526134,1
008370100710942805254061790080407010020080950000650008406090501830700029002534607,968375142713942865254861793589427316627183954341659278476298531835716429192534687,1
134760082629081037708239164207054090001900000963817020400500610395100200816002700,134765982629481537758239164287654391541923876963817425472598613395176248816342759,1
004080060301452800280601034708340005420078006630009478006900103103065740572130609,954783261361452897287691534718346925429578316635219478846927153193865742572134689,1
000803475020650000000109628305400081701035200200708530052007096010046000008000300,169823475827654913534179628395462781781935264246718539452387196913246857678591342,1
060750040751280003483100007000907100207030400649521730000600510075302004096015302,962753841751284963483169257538947126217836495649521738324678519175392684896415372,1
002000086100006090490538020803700000560080172200650834030065207018200043025000000,352971486187426395496538721843712659569384172271659834934865217618297543725143968,1
200007940040290385000564021000010800834020019706039250070050138060100492108040560,251387946647291385983564721592416873834725619716839254479652138365178492128943567,1
002379010708102000003846007006401700300690200980200051265018403470063000800900500,642379815798152364153846927526481739317695248984237651265718493479563182831924576,1
980703006020508034000962801803000400010354089654870013538490102472680390069000048,981743526726518934345962871893126457217354689654879213538497162472681395169235748,1
900400601082915403047003098421060009759230816863701204070009105094076000300000047,935487621682915473147623598421568739759234816863791254278349165594176382316852947,1
005007900607234501031098260003026090168943700000780306052301004004809050006452139,825617943697234581431598267573126498168943725249785316952361874314879652786452139,1
073192650801460900590807241104000009050304070367928004015600080700209065042581790,473192658821465937596837241184756329259314876367928514915673482738249165642581793,1
610030948234709165500406230100800423470001086820600709302170000000060302908324671,617532948234789165589416237196857423473291586825643719362175894741968352958324671,1
706405002495820103218900070602143089801200046300060015587002001160570028020301650,736415892495827163218936574652143789871259346349768215587692431163574928924381657,1
593048070861000050742653098357426019900080745010970023004060000079804562000219487,593148276861792354742653198357426819926381745418975623284567931179834562635219487,1
076000410008040307000500080050290801800004005069080730095020070002700109743016000,576839412928641357431572986354297861817364295269185734195428673682753149743916528,1
059306120007584060800109500073498000000051000200637805005042031010065904094803256,459376128127584369836129547573498612968251473241637895685942731312765984794813256,1
640187053072900148508430006005219804800603002204508019406700380150004960907365401,649187253372956148518432796765219834891643572234578619426791385153824967987365421,1
000360001018040532350128740140986273800007600026431085081570009000000457030094128,274365891618749532359128746145986273893257614726431985481572369962813457537694128,1
805900134302810007400075928257000000030007009040601070019062483580049061004183795,875926134392814657461375928257498316136257849948631572719562483583749261624183795,1
209610004174035069605040700900000000027590040501860000050789003710056008098120007,289617534174235869635948721963472185827591346541863972456789213712356498398124657,1
006000700894300056200680309709253060063000275025046980040039507071465032508070694,316594728894327156257681349789253461463918275125746983642839517971465832538172694,1
020400010006003702470020580083507420040300978010004060057602194032009850060108207,328475619596813742471926583683597421245361978719284365857632194132749856964158237,1
050179408684052000070800532005613047740285000321794850907408300060007084038520609,253179468684352791179846532895613247746285913321794856917468325562937184438521679,1
700205104325000600104960320431500700600410900802070500576302800940850276218000400,769235184325184697184967325431529768657418932892673541576342819943851276218796453,1
600783490059640872780029600000010246020305007090000103047152300268437519030006720,612783495359641872784529631573918246421365987896274153947152368268437519135896724,1
057000600609504000802100039070800296200950070908002400020700900790420180401006002,357289641619534827842167539175843296264951378938672415523718964796425183481396752,1
876090453301400607045036901603179200402003879907040006730568192509314700008000500,876291453391485627245736981683179245412653879957842316734568192529314768168927534,1
070090613608704005003165080400017029002640857735020000007089461840000070260470530,574892613618734295923165784486517329192643857735928146357289461841356972269471538,1
020574300807000600009100700590608471000900205008400060063891000900205030205063009,126574398857329614349186752592638471634917285718452963463891527971245836285763149,1
302004000000100050058920314804006509009540670001000420100035090900702003003400060,312654987497183256658927314874216539239548671561379428146835792985762143723491865,1
200394576000526841500008209315040060927005403006001700400609305009780620038452197,281394576793526841564178239315247968927865413846931752472619385159783624638452197,1
023700000800060000100052003600921047402080060795430010280140056340600298070200401,923714685857369124164852973638921547412587369795436812289143756341675298576298431,1
300460295600930480040050100260300704400175032053040008002004009104783526006520340,318467295625931487947852163261398754489175632753246918532614879194783526876529341,1
000000006329000504050000397765300400090487060842596103204760901030840602506209040,471953826329678514658124397765312489193487265842596173284765931937841652516239748,1
604050270208300164017002080702000641000004027091020050000945030009680412800200596,634158279258397164917462385782539641365814927491726853126945738579683412843271596,1
106024098308170000927000301270058139589731060603092007465200913002006005091540820,156324798348179652927865341274658139589731264613492587465287913832916475791543826,1
085004706076120000409708300743050061690200085852010937530072008060983024008541600,285394716376125849419768352743859261691237485852416937534672198167983524928541673,1
061008040003421050450090108006000910000067504734150800005000601180634000600005480,261578349893421756457396128526843917918267534734159862345782691189634275672915483,1
060094803109020007043070010075039180090750406006401700014005078927000501058010024,762194853189523647543876219475639182891752436236481795314265978927348561658917324,1
000000030048901002050643900001400389060035700003809156095008603600000290030290075,916582437348971562752643918521467389869135724473829156295718643687354291134296875,1
645000098008000200700839405000793040000504000090000010403050100006040700520671800,645127398938465271712839465851793642267514983394286517473958126186342759529671834,1
705260189090000063612900547500402398103089602028673050200007035000000810350800004,735264189894751263612938547567412398143589672928673451286147935479325816351896724,1
409003500001698027200000003148350200320980614600040058810509706003104982060872030,489723561531698427276415893148356279325987614697241358812539746753164982964872135,1
003015008765803219802090534039601780207004300100378092691402800074080126000167043,943215678765843219812796534439621785287954361156378492691432857374589126528167943,1
342967800097500304815402609004003068900185043730020100203809000580201406001350082,342967851697518324815432679154793268926185743738624195263849517589271436471356982,1
007516240050090007004700059500270004039154062420000500910027405840960021200341980,397516248652498317184732659568273194739154862421689573916827435843965721275341986,1
290608043030042609164030005083210706702800000041073008378065900016900380020000567,297658143835142679164739825983214756752896431641573298378465912516927384429381567,1
943000070600002340807394105400003006090100004082069713200950400050608021139200008,943516872615782349827394165471823596396175284582469713268951437754638921139247658,1
080201070317049280245738010002060798094187523708923040800500400000096857000874030,986251374317649285245738916132465798694187523758923641873512469421396857569874132,1
470813690892000137100000045640501700907208061001007904004039200006700000709620050,475813692892456137163972845648591723937248561251367984584139276326785419719624358,1
982740531000810607716520804075960048248130769069078152600200005804000276020000403,982746531453819627716523894175962348248135769369478152637284915894351276521697483,1
000009001008016207000850493623000005004105000001060080070040900000008570059671028,245739861938416257167852493623987145784125639591364782872543916316298574459671328,1
050107468080952700371608209809263507004580026205704890040075900107006385098020604,952137468486952731371648259819263547734589126265714893643875912127496385598321674,1
805912640000860310700435080100203094000574002074601038503709020982006471647008053,835912647429867315761435289156283794398574162274691538513749826982356471647128953,1
153060892008100300249080060090070436675000120024000000030690040016852000000340000,153764892768129354249583761891275436675438129324916587537691248416852973982347615,1
208709060500300800067010903600432008000097510902085306320974681700820405184500009,238759164519346827467218953651432798843697512972185346325974681796821435184563279,1
070860050038520167400019020293087610701006030000102009820601540015208796647395080,172863954938524167456719328293487615781956432564132879829671543315248796647395281,1
020569714005200806107083205070900058006054021050030900539008002602305180708602003,823569714495217836167483295371926458986754321254831967539148672642375189718692543,1
030506701000098526250471930580210674600807150470600009009050012300104097147002360,938526741714398526256471938583219674692847153471635289869753412325164897147982365,1
413279568000006700020405139901002380040951006002030091290164853860000017035008642,413279568589316724726485139971642385348951276652837491297164853864523917135798642,1
495718060000050004638004510003541078020000050057063049002480006709635821386002000,495718362271356984638924517963541278124897653857263149512489736749635821386172495,1
060400850002010360354670029000800236806090571010056900008060492400129600020084010,961432857782915364354678129597841236846293571213756948138567492475129683629384715,1
020008134300620079000901650106305240032840006547210900000103490000482360410569708,629758134351624879874931652186395247932847516547216983268173495795482361413569728,1
354006028080004900709800530093560700510700000820400690908600302601000000230080006,354976128182354967769821534493562781516798243827413695978645312641237859235189476,1
200040036804200900067008041329071000608052309005609080902160470713504698050900020,291745836834216957567398241329871564678452319145639782982163475713524698456987123,1
361278905040605203200049008010002806092500714587160320004850600038420501106930480,361278945849615273275349168413792856692583714587164329924851637738426591156937482,1
850129036002000097060307802090034020004001365036500904513460279078290540429715083,857129436342856197961347852195634728284971365736582914513468279678293541429715683,1
752160394903457800000000710607235189000679040000804000295741038380026970076003452,752168394913457826468392715647235189821679543539814267295741638384526971176983452,1
632040007791036004084002310258007400360028105407360920100080009003619750026700031,632841597791536284584972316258197463369428175417365928175283649843619752926754831,1
251098467003070025784600913378460009000027086562030001410080602930006108026710004,251398467693174825784652913378461259149527386562839741417985632935246178826713594,1
401600325963005007520001986702506891046080000809210700070052040005004070294170053,481697325963825417527431986732546891146789532859213764678352149315964278294178653,1
061043008503007609200961005835400160692135087004600950007000800326708090409356070,961543728543827619278961345835479162692135487714682953157294836326718594489356271,1
620008053030520478854100002700930501200001900003065780408300217501840360302010805,627498153139526478854173692786934521245781936913265784468359217571842369392617845,1
150607904708120060600345817004050006000090500905000438091708243062034700437512009,153687924748129365629345817274853196386491572915276438591768243862934751437512689,1
029060007830592416600003829200009074015600080790258000070985040040316000003024065,429861357837592416651473829268139574315647982794258631176985243542316798983724165,1
020870090068301057375006802007090000509000048000230005003012000100700364006453001,421875693968321457375946812287594136539167248614238975743612589152789364896453721,1
650210734040756209207000156004630005006570923025198007061080072709000560502300490,658219734143756289297843156974632815816574923325198647461985372739421568582367491,1
580094367347865090000307540008450023904623781030978406865039014010000679029040000,581294367347865192296317548678451923954623781132978456865739214413582679729146835,1
020600700070034260480970500050000019300020047014000602800000070000407080637019000,123685794975134268486972531258746319369521847714398652841253976592467183637819425,1
280003160007508000493760805720805039350019708000070012070630001062907354034052976,285493167617528493493761825721845639356219748948376512579634281162987354834152976,1
001005009203910000000402001902540710084091260705826940140050086530600000820109400,471365829253918674698472531962543718384791265715826943149257386537684192826139457,1
982741600370820104064050700600070901097100008003589460036207040401690270029405000,982741635375826194164953782648372951597164328213589467836217549451698273729435816,1
000008040041200007070000025435001700200704008007002400352080610760310289019426003,523678941941253867678149325435861792296734158187592436352987614764315289819426573,1
060850000059027030104030800410293568236100904080746000001500049098374020503010706,362851497859427631174639852417293568236185974985746213721568349698374125543912786,1
360875049054009028800002607679403000123987465080026070518234706000560284040708000,362875149754619328891342657679453812123987465485126973518234796937561284246798531,1
040200136301657490086001702094100080205800601108560000069410073403706009712038560,547289136321657498986341752694172385275893641138564927869415273453726819712938564,1
015008020372156984008430050501200470240500109000010030650300810809671000107805200,415798623372156984968432751591263478243587169786914532654329817829671345137845296,1
046510902109740536007390418030400720810937600094265103203600091068000057000073204,346518972189742536527396418635481729812937645794265183273654891468129357951873264,1
078006000526310400090002170000493260000000000614078950300084009740000380980705614,178946532526317498493852176857493261239561847614278953365184729741629385982735614,1
045396080100008370063271409009010203520634000000927048206480705007163024080050691,745396182192548376863271459479815263528634917631927548216489735957163824384752691,1
050023874700580019481060020679050283008290450240370090367815940004902068002040001,956123874723584619481769325679451283138296457245378196367815942514932768892647531,1
501720900409183057007090802300801725708000300152930486803004000975318060210679538,581726943429183657637495812396841725748562391152937486863254179975318264214679538,1
789004120002008459034201700806319502307452810105687900908003205051000007070845691,789564123612738459534291768846319572397452816125687934968173245451926387273845691,1
467358912890247063203009000712580096940600080600021070106405820309012000500896000,467358912891247563253169748712584396945673281638921475176435829389712654524896137,1
593000708281900306604010205020403600015800937030571004107030080360180400859702103,593264718281957346674318295728493651415826937936571824147639582362185479859742163,1
069021800470058692805700030683004070204800019107200060530607940740102583908040000,369421857471358692825769134683914275254876319197235468532687941746192583918543726,1
004029706500640120902701400100974850050863001489000360701300090600097500095000674,814529736573648129962731485136974852257863941489215367741356298628497513395182674,1
084507390150090062003086500308045006000930080410608923500710030001800049842300007,684527391157493862923186574398245716276931485415678923569714238731852649842369157,1
980107000025946008006830024001590200070000000058300009060450700502000840007019305,984127536325946178716835924631594287279681453458372619163458792592763841847219365,1
174236090952410000030970020206500837789103004543820010801740005300680049000050180,174236598952418673638975421216594837789163254543827916891742365325681749467359182,1
003048000159000080060051000002806350510023908030000700001080006206000009905000817,723648195159237684864951273492876351517423968638195742371589426286714539945362817,1
540100623079003000012605000784092136000736402200840075130908207897064050425307869,548179623679423518312685794784592136951736482263841975136958247897264351425317869,1
030800927091670000402090060040950002260000009709206043580000310000560000326710500,635841927891672435472395861143957682268134759759286143587429316914563278326718594,1
700030000000216000006095020839000570600850040000070001160042985258900430004007102,725438619983216754416795328839124576671859243542673891167342985258961437394587162,1
801900004750108029394002001412003795080500240000000038500321480040756010030000060,821935674756148329394672851412863795983517246675294138569321487248756913137489562,1
468930000370400600190628047041586732056003804783094010629001473007002068830709050,468937125372415689195628347941586732256173894783294516629851473517342968834769251,1
100054980890321640400970250500209108010865400320017596280090704650703829049182000,172654983895321647436978251564239178917865432328417596283596714651743829749182365,1
039002081042300906500609400456701020218406375090800000003004197020000003170060200,639542781742318956581679432456731829218496375397825614863254197924187563175963248,1
864052910937006258010008046180604030305980461406031029008245003740109000001003694,864352917937416258512798346189624735325987461476531829698245173743169582251873694,1
145906328200043000390018546674020050030460000582097014006009400419630805700104000,145976328268543197397218546674821953931465782582397614826759431419632875753184269,1
200349087084216005039507060002900406640725039008000752000093000063074521800600900,256349187784216395139587264572938416641725839398461752425193678963874521817652943,1
958370020046090180002060090070105060204900017315020800603409001401007950007200004,958371426746592183132864795879145362264983517315726849683459271421637958597218634,1
509367000070500329830492006687950210905604007000708000190006703358079401064135000,529367148476581329831492576687953214915624837243718695192846753358279461764135982,1
003090060020340008840106392084003050060059003039704000318967024490008600650430789,173892465926345178845176392284613957761259843539784216318967524497528631652431789,1
701095640006080000802106795009641003000000000064820079095002300300057416410300002,731295648956784231842136795579641823283579164164823579695412387328957416417368952,1
035900026600000040000000005901320807300000060006874301503780010804530672127060030,435918726689257143712643985941326857378195264256874391563782419894531672127469538,1
405000207837040501100503908900000670004069180700081093001498020040000800080630714,495816237837942561162573948918354672324769185756281493571498326643127859289635714,1
000600073042003001637045890003000680960057124000208350309804006710009248004706930,195682473842973561637145892523491687968357124471268359359824716716539248284716935,1
382176054975004080041590070000069740000350120050401839060002000007010460508000097,382176954975234681641598372123869745894357126756421839469782513237915468518643297,1
439070610210040003580193742302604100854031290760008054000365429923007560640010800,439872615217546983586193742392654178854731296761928354178365429923487561645219837,1
208030000004200081710080000001002438870309026023800705080920000042070009950603000,268135974534297681719486253691752438875349126423861795386924517142578369957613842,1
100600080087431065056027430012983047830000019790006023029760058008005290560098004,143659782287431965956827431612983547834572619795146823329764158478315296561298374,1
000309080900007135358201049200740051081020407047915023400036510002074908865092004,714359286926487135358261749293748651581623497647915823479836512132574968865192374,1
060000750247050908015008000400810000721935000658200100100000009006702000070000830,863429751247351968915678342439816527721935684658247193184563279396782415572194836,1
703098005962045001851027049509810704100234596006079210307051900600700150210963000,743198625962345871851627349529816734178234596436579218387451962694782153215963487,1
006001029098025371000379604010500290204196703509000400060912840925864100841700962,736481529498625371152379684613547298284196753579238416367912845925864137841753962,1
086532094754000200203407518049000072800020031310970645008106007507243089001700426,186532794754819263293467518649351872875624931312978645428196357567243189931785426,1
570006020130280409280900600915024876020671094647809031008590103000100700450063980,579416328136287459284935617915324876823671594647859231768592143392148765451763982,1
020030008400950200893100005079005482348620001102840639060290804035480917904570020,526734198417958263893162745679315482348629571152847639761293854235486917984571326,1
903408015214503786805010039720009040056800901400076528509700062132605090007902000,973468215214593786865217439728159643356824971491376528549781362132645897687932154,1
009031008040280009200056000060542913095813206132769054906170432714008000520600187,659431728341287569278956341867542913495813276132769854986175432714328695523694187,1
003000100060000030541200860400050900002380670096702003000004700689073000700008301,273896145968415237541237869437651928152389674896742513315924786689173452724568391,1
025030941901000300473019860132400059590301004600957010059182076786090132204600098,825736941961845327473219865132468759597321684648957213359182476786594132214673598,1
600390710910804000304027608035081060792006183061932540200079001006458900049203000,628395714917864325354127698435781269792546183861932547283679451176458932549213876,1
780006243296400501040570096170200305800300419400090027024009000017805934930040002,785916243296483571341572896179264385862357419453198627524739168617825934938641752,1
504003000203710000900000020100040600090008000340679208052931700719000430800007002,574293861283716954961584327128345679697128543345679218452931786719862435836457192,1
900138742800096530013004960590042800600000200000005600701309486009000370380457109,965138742874296531213574968597642813648913257132785694751329486429861375386457129,1
006092108723000495109530762900458003300000070860173509405600210698200054270340986,546792138723861495189534762917458623354926871862173549435689217698217354271345986,1
042750680008346002003080417400020009080937000091460030029600875814570396756890041,942751683178346952563289417437128569685937124291465738329614875814572396756893241,1
901005000000179504500000017003510820805007400642803001057041602069308100028750309,971435268286179534534682917793514826815267493642893751357941682469328175128756349,1
905004037287160059040007800598710040104832795072405000001049300030620514406371980,915284637287163459643957821598716243164832795372495168821549376739628514456371982,1
009037806600900305803000749401582000300601950256090184984165037002070500030829461,529437816647918325813256749491582673378641952256793184984165237162374598735829461,1
083020900105079280900803040070500439500097621009040500604180705001030800090005010,483621957165479283927853146276518439548397621319246578634182795751934862892765314,1
700608104008020006090305820250830000931040000006001003400100500080400000102070438,723698154518724396694315827257836941931247685846951273479183562385462719162579438,1
060427001002000703080003052098014530400059000000236908029148075054372689000905210,365427891942581763781693452298714536436859127517236948629148375154372689873965214,1
673182004000640130510039062000007080130000406087006319952860700700003028060000090,673182954829645137514739862496317285135928476287456319952861743741593628368274591,1
000208000548903061729641800297315486063820500815009000384196002976580100050034008,631258974548973261729641835297315486463827519815469327384196752976582143152734698,1
810090000374005000000630174420569010569300008130002600040003985053986400900450003,816794532374125896295638174428569317569317248137842659641273985753986421982451763,1
000752369230608050756139020304260105600010800510804002901000000465070283803506004,148752369239648751756139428384267195692315847517894632921483576465971283873526914,1
008704010940002706001096040000400201082007003004281670050040090800520004406170805,368754912945812736721396548679435281182967453534281679253648197817529364496173825,1
035060010620590730419000806283156409054870000007002085340087091001904068892610347,735468912628591734419723856283156479154879623967342185346287591571934268892615347,1
060043570530827691079516080613200954400030710705090020827309045300080200046050837,168943572534827691279516483613278954492635718785491326827369145351784269946152837,1
060250010000104086000360052031480590072916800894030060005621439006597100100043600,967258314253174986418369752631482597572916843894735261785621439346597128129843675,1
012040007074630500035127608398256001450918203020070809200064930703092084509081706,612845397874639512935127648398256471457918263126473859281764935763592184549381726,1
500200000008759041030006070109027006200500007764010035815603700072045619096172800,547231968628759341931486572159327486283564197764918235815693724372845619496172853,1
901074506870000000025006700003829007080000954107000038764350829308790041019600375,931274586876513492425986713543829167682137954197465238764351829358792641219648375,1
300069054000820090946700800002030007193000508600000001400002009037910486800600035,328169754751824693946753812582431967193276548674598321465382179237915486819647235,1
059280106067050038481060052790500800008904671004006000003095007670102400910748003,359287146267451938481369752796513824538924671124876395843695217675132489912748563,1
000428937492130856008500120000300240245610780317080090980001400006803000570962318,651428937492137856738596124869375241245619783317284695983751462126843579574962318,1
210807059960040000700691802047583296000070183893026570006050421029314068400760930,214837659968245317735691842147583296652479183893126574376958421529314768481762935,1
603187405108250060004390781561739000039860017807541000085000106316908200900610308,693187425178254963254396781561739842439862517827541639785423196316978254942615378,1
900028154060000708050074360000090072002300000080016040010730095020400837037509210,973628154164953728258174369341895672692347581785216943816732495529461837437589216,1
412560070073001052058037090725083946090604000046072015134790020567000130089315704,412569873973841652658237491725183946391654287846972315134796528567428139289315764,1
987054000152003079603010002060020000004306700700085604005901200001608503806000090,987254361152863479643719852368427915514396728729185634475931286291678543836542197,1
408006200020710958910200047600080000034052086092061375583120700100040592200670803,478596231326714958915238647651387429734952186892461375583129764167843592249675813,1
002380790930070801708000000070450960000100530865900007086500300397840010020739080,652381794934675821718294653173458962249167538865923147486512379397846215521739486,1
000210047260804001000503268400600003701408095006009000072045010030087052145062809,583216947267894531914573268498651723721438695356729184872945316639187452145362879,1
825040970009803642346002050651409700000206509982100360500014280204000195108527036,825641973719853642346792851651439728437286519982175364563914287274368195198527436,1
026034000403090008071850000004019507005308610710400000100080005060100030307526401,826734159453691278971852346634219587295378614718465923142983765569147832387526491,1
069270080000901000700005196310790462027500000806042000070400608204007900080120007,169274385538961274742835196315798462427516839896342751971453628254687913683129547,1
000060300610800072905010800080142003300000051100730480070300049050001030400508020,728964315614853972935217864586142793347689251192735486871326549259471638463598127,1
123046700089721060576093142600057018008004270700600050204160837007409605305078491,123546789489721563576893142642957318958314276731682954294165837817439625365278491,1
800796250652130007700528000004875000967001538508063000180357942000409165405610783,831796254652134897749528316314875629967241538528963471186357942273489165495612783,1
009000204238005617005602390096403005400806020050107046000000769900008531763519482,679381254238945617145672398896423175417856923352197846581234769924768531763519482,1
193060040007014000620009058008900500062408019015037820071046003300100670056793481,193865742587214936624379158438921567762458319915637824871546293349182675256793481,1
710950000546280179098070052830009001050128063621030000400895206105002097089716000,712954638546283179398671452837469521954128763621537984473895216165342897289716345,1
583972164620401938149003750200148600390500480408300205802000500001230849960005007,583972164627451938149683752275148693396527481418369275832794516751236849964815327,1
070100204009006501060854309010902005283017040954368007421600053700230008500070602,875193264349726581162854379617942835283517946954368127421689753796235418538471692,1
016070200059600080047329500020016000901053002435700691002005000504060020003294057,316578249259641783847329516728916435961453872435782691172835964594167328683294157,1
614700090379026854520000076047000605132568740960370010000052080406930021250040067,614785392379126854528493176847219635132568749965374218791652483486937521253841967,1
300000701409782653750100800835021970906403008041097036100308090083070160694215300,368549721419782653752136849835621974976453218241897536127368495583974162694215387,1
870605902500000648206389751095060020020090006108523409610258000052906804087134265,871645932539712648246389751495867123723491586168523479614258397352976814987134265,1
940502100020783409080019070850026013369801205000050806530290080070605000290040050,947562138125783469683419572854926713369871245712354896531297684478635921296148357,1
071029405094301267502800001206070503047230896935100000720003159009718024403590078,371629485894351267562847931286974513147235896935186742728463159659718324413592678,1
587039100000420308342815090156708900029500014038290065205376009070000031000054200,587639142961427358342815697156748923729563814438291765215376489674982531893154276,1
003012468278600030140080050084576310350000006017208500000893041860020900000100025,593712468278654139146389257984576312352941786617238594725893641861425973439167825,1
200810056609000008500693720167350049430960075005408360890506417716040080350180690,273814956649725138581693724167352849438961275925478361892536417716249583354187692,1
900005478432178509000649302081056004059010683060000157000023840647801035820564700,916235478432178569578649312781356924259417683364982157195723846647891235823564791,1
400060001030947508680250903906000257000570809700120000060394175009612384003705690,495863721231947568687251943916438257324576819758129436862394175579612384143785692,1
190702800000039124050601937981000503420903708735014000000098001040100000819020305,193742856678539124254681937981276543426953718735814692562398471347165289819427365,1
090000075461700938870090010520900004608207301019008027700530049150400863034060000,293186475461725938875394216527913684648257391319648527786532149152479863934861752,1
708030094095700016000180075007000000601200583030546107026800451070002900004960000,718635294395724816462189375257318649641297583839546127926873451173452968584961732,1
020060000468900021030820600310009480057000002080000000203056810806001037190700200,729164358468935721531827694312679485957348162684512973273456819846291537195783246,1
830071025000302800062094307406700500170465238203910064020000080040539070091206403,834671925917352846562894317486723591179465238253918764325147689648539172791286453,1
749003062800741509051690487200056098683070250015020670538200940092800003100934820,749583162826741539351692487274156398683479251915328674538217946492865713167934825,1
390804100001503040400600028152040007000009002907160500700000296800906050560000830,396824175281573649475691328152348967638759412947162583713485296824936751569217834,1
152090830849000000736004000507310068080000301301845907608039000073001682420768093,152697834849123576736584219597312468284976351361845927618239745973451682425768193,1
052401600408003907637098042760015800201384005040207319100050403500030200029746081,952471638418623957637598142763915824291384765845267319176852493584139276329746581,1
040050700900002560000070280501829000490700052020000000050008001280017305100035006,842956713917382564365174289531829647498763152726541938653298471284617395179435826,1
589002004640080932123640587260738000914050008030190020370415896850903040001007053,589372164647581932123649587265738419914256378738194625372415896856923741491867253,1
204570090000010000080000014058046201720980000436120800362751008847239160100800320,214578693679413582583692714958346271721985436436127859362751948847239165195864327,1
059007002032981750000032100070800924000750010801604000000100090026005000504000060,159467832432981756768532149675813924243759618891624573387146295926375481514298367,1
103920004098405730006000019010387000802590170730000050607100320520003461341052097,173926584298415736456738219915387642862594173734261958687149325529873461341652897,1
005320000268409500397615020000206975502100006079054312006781240813040060000963150,145328697268479531397615824481236975532197486679854312956781243813542769724963158,1
082167500357409100006035742015780930270903610904051000809200351703510400061090208,482167593357429186196835742615782934278943615934651827849276351723518469561394278,1
620004810070061000040037006718500230000728005256410089000070040500082371307045690,623954817975861423841237956718596234439728165256413789162379548594682371387145692,1
207009160468701005591268047902316804140870600006002731085604910000097586019580000,237459168468731295591268347972316854143875629856942731785624913324197586619583472,1
000040389206093517390000002810504290027600004900321750009700423000408061431900805,175246389246893517398157642813574296527689134964321758689715423752438961431962875,1
618700090007004003354000067062800079083009621905610304829000006741000035506407918,618735492297164853354298167162843579483579621975612384829351746741986235536427918,1
001038060023500004008214903005900080902460051004870020036000598000002130100380602,491738265723596814568214973375921486982463751614875329236147598849652137157389642,1
800102006605090817731856004064200170000065009300000640010907083050020701973501402,849172356625394817731856924564239178187465239392718645216947583458623791973581462,1
050200716064371589708000240831507604002893107000004832900085460400916320086430905,359248716264371589718659243831527694642893157597164832923785461475916328186432975,1
240005360105804020037000008001050604504716983376489205083090406609500830450368090,248975361165834729937621548891253674524716983376489215783192456619547832452368197,1
017000050065080472000756000206537140170460380350008200000129000630040091001003804,817294653965381472423756918286537149179462385354918267748129536632845791591673824,1
053010000064003000780209053608000007320500481010030062000360804800072005130400020,953617248264853179781249653698124537327596481415738962572361894846972315139485726,1
000000600810904270097080143901000002053060914004129530300591026040372800025648007,432715689816934275597286143981453762253867914764129538378591426649372851125648397,1
025034089041500300930280010002601830508023096300050207000702050004368970000910408,625134789841597362937286514492671835578423196316859247189742653254368971763915428,1
000960803096184500204037169520016498000045006041008235702000901859000304003809007,175962843396184572284537169527316498938245716641798235762453981859671324413829657,1
102000006035090784084376521301629478020043910498500602000230057207965003500081009,172458396635192784984376521351629478726843915498517632869234157217965843543781269,1
014038920039107060780492153100000030027810400005020718041006572800200000600009381,514638927239157864786492153198764235327815496465923718941386572853271649672549381,1
800607295600325401152040706045000308200409650000532010487100062591270000000850100,834617295679325481152948736945761328213489657768532914487193562591276843326854179,1
908057004030008000052691800801005000006030705305084060060042010189503240000800379,918357624637428951452691837871265493246139785395784162763942518189573246524816379,1
408035720500400681007210530050892370080567100206003095702301000031980057800026403,418635729523479681967218534154892376389567142276143895742351968631984257895726413,1
008654307054127000076930204785060023490012768200703500609205031007800690802390075,928654317354127986176938254785469123493512768261783549649275831537841692812396475,1
109264700000000080400589602800705000300900045001308260000602004500830026263400970,189264753625173489437589612846725391372916845951348267718692534594837126263451978,1
002461397160500482709320010030874020000056070678932145405083000006049700280010900,852461397163597482749328516531874629924156873678932145495783261316249758287615934,1
846159732053002068020680014700201309400500006298300401000006090079000100002005040,846159732153472968927683514765241389431598276298367451514726893679834125382915647,1
816745090400602718970318405500130287720089000008520140007064000005070930104253876,816745392453692718972318465549136287721489653638527149387964521265871934194253876,1
598074260017052034042910000200007598009085316800030470000723609726508143953640020,598374261617852934342916785231467598479285316865139472184723659726598143953641827,1
060000918903450602700098004837140560000060003609803021000009140015306290006004035,564237918983451672721698354837142569142965783659873421378529146415386297296714835,1
754003060600900370913276548205080000078461250061500830130702085020100090547698120,754813962682954371913276548295387416378461259461529837139742685826135794547698123,1
200509100509043260074100008003708001758004602000605809921306784005207910007491300,286579143519843267374162598693728451758914632142635879921356784435287916867491325,1
502001076008906015400000030600000054900018620210500900350102700820070540104850060,592431876738926415461785239683297154945318627217564983356142798829673541174859362,1
004026037009800000062031094085003046310204089407600020000750418900400000001368902,854926137139847265762531894285193746316274589497685321623759418978412653541368972,1
700031908051420730093608000327000460980710302165243079030094600608300000000860500,746531928851429736293678145327985461984716352165243879532194687618357294479862513,1
902050468000920310063184590130209680206045030800031209050402870309768000478500926,912357468584926317763184592135279684296845731847631259651492873329768145478513926,1
054008002080020000231609007040007050816500034002040010090210000000000800127863540,654738192789421365231659487943187256816592734572346918498215673365974821127863549,1
794216030502903001180745906470600000819002643326104708000361280630020510000850009,794216835562983471183745926475638192819572643326194758957361284638429517241857369,1
015900000400006219260304057182000795006580400543097108820630001691075024307140906,715928643438756219269314857182463795976581432543297168824639571691875324357142986,1
000900005030520071145008002703200000002617003800490700628309017000000059570040608,287961345936524871145738962763285194492617583851493726628359417314876259579142638,1
100980034700060028504372691417030059309517086650040103000091362006053900900020800,162985734793164528584372691417638259329517486658249173875491362246853917931726845,1
080263040926700058007805126608301200040579060093600015300902600819436500265087000,581263749926714358437895126658341297142579863793628415374952681819436572265187934,1
024305086938000570610008020307480051051076800892103640186037402209000300540000718,724395186938621574615748923367489251451276839892153647186537492279814365543962718,1
170203598083709162520068043705030000391520087000407310950072831207000059038900004,176243598483759162529168743745831926391526487862497315954672831217384659638915274,1
562108734100570800008204091910436287400720000327000450693040175054007023200309648,562198734149573862738264591915436287486725319327981456693842175854617923271359648,1
705813249100000736020600005602030057800000162500100980004020000006095001071006000,765813249198254736423679815612938457839547162547162983354721698286495371971386524,1
398004500005080947000520810500891720279430081010002395062350109903017400750006230,398174562125683947647529813536891724279435681814762395462358179983217456751946238,1
712006500043905627659070001207859403080037000005002786000320054438501902500004068,712486539843915627659273841267859413184637295395142786976328154438561972521794368,1
071000632065210009840963501000041068518602040006798105154800003023000054789354206,971485632365217489842963571297541368518632947436798125154826793623179854789354216,1
409260381020700594580049007607020910010500402204100800095018623000673059063950040,479265381326781594581349267637824915918536472254197836795418623842673159163952748,1
537000691802006035600905827260300948971000052340200070100720564403561700050490003,537842691892176435614935827265317948971684352348259176189723564423561789756498213,1
040700003080010409017084060000590200020100090609207804501400028068321907092805301,946752183285613479317984562174598236823146795659237814531479628468321957792865341,1
194307260203654710006020803319045600645030097800190500568470900907810450020509078,194387265283654719756921843319745682645238197872196534568473921937812456421569378,1
020135906009742108003600720305020860201000400096408002570204600030000074960500001,827135946659742138413689725345921867281367459796458312578214693132896574964573281,1
231645789900031000846000530309264000685093214072000090560020170700056340000307960,231645789957831426846972531319264857685793214472518693563429178798156342124387965,1
620100543017503208305268109150602000030000690280700351501306004003027900402001806,628179543917543268345268179159632487734815692286794351591386724863427915472951836,1
280001960107290504943865100304000650609050800851602379712536000500004006030780205,285471963167293584943865127374918652629357841851642379712536498598124736436789215,1
347160029090045301081090074620900037073006158415007090702600040864073015139080762,347168529296745381581392674628951437973426158415837296752619843864273915139584762,1
905600020302984000108050960726001000000005000093860147657400380000030070200108500,975613428362984715148257963726341859481795632593862147657429381819536274234178596,1
592017864007548020830900015200030106000002053380690240426079500050163472173200600,592317864617548329834926715249735186761482953385691247426879531958163472173254698,1
764085301319407208280391670528009016030002789900800500103900802897023000040018930,764285391319467258285391674528739416436152789971846523153974862897623145642518937,1
008013506635207001201004037027501489056400103184730052500100290010390700460800300,748913526635287941291654837327561489956428173184739652573146298812395764469872315,1
416297000003004710098510000042801500037005400051700038270050106085006042000428075,416297853523684719798513264642831597837965421951742638274359186385176942169428375,1
281064090000109000704005006045001732020900600067452109879516423413200000000300071,281764395536129847794835216945681732128973654367452189879516423413297568652348971,1
400586731008107054000034609070009425006070318040800067705001003902300076000765192,429586731638197254157234689873619425596472318241853967765921843912348576384765192,1
900502004273480060460300900009045703004003682130000450692008001500200000007104206,918562374273489165465371928829645713754913682136827459692738541541296837387154296,1
710039006050716923693428100520001804039080050086075019040960038070042690968150240,712539486854716923693428175527391864139684752486275319241967538375842691968153247,1
406350019050000078090070050045809120708206095030015864001007906924060080360081042,476358219153692478892174653645839127718246395239715864581427936924563781367981542,1
309010400210950380050000901001200095590001002732500000007100000025090163103426509,379812456216954387854367921641273895598641732732589614967135248425798163183426579,1
000003700654780923700509064300007092540090030920605087095370016060254870800900345,219463758654781923738529164386147592547892631921635487495378216163254879872916345,1
000500172720390504560007039015080000900000608680073000300914285150002490040805003,893546172721398564564127839415689327937251648682473951376914285158732496249865713,1
004601502002040700050027096541290060268075904090068005400906000700000648806004200,974631582682549713153827496541293867268175934397468125425986371719352648836714259,1
907520381100700902050910070708060010415090200060050000000030028000204530000000000,947526381136748952852913674798362415415897263263451897574639128681274539329185746,1
400900008203070650960502703000648302604000001028109460502006907000357200300294080,475963128283471659961582743159648372634725891728139465542816937896357214317294586,1
625837004900064250003925080000000509837002006509010700100078390700301800380050400,625837914978164253413925687241786539837592146569413728154678392792341865386259471,1
006392800230041060018705234091007305760023100000159746109230407304018600682504000,546392871237841569918765234491687325765423198823159746159236487374918652682574913,1
004800062008007150700510038203906500017085094040020080006054371001670020570193846,154839762328467159769512438283946517617385294945721683896254371431678925572193846,1
059200817800001300312000546207684001084000203561009008008072135740038609120900704,459263817876541392312897546237684951984715263561329478698472135745138629123956784,1
403506020000427193021903000287690050605300084340050267134265800902140035800000012,493516728568427193721983546287694351615372984349851267134265879972148635856739412,1
006105300080403652905000040150046008060058014824719536570004069408061723603027485,246185397781493652935672841159346278367258914824719536572834169498561723613927485,1
845610070627590043301027800410089520086300019079150004708265401052900030904001257,845613972627598143391427865413789526586342719279156384738265491152974638964831257,1
230506004561090032497030005004380000053000401800070050102743060049051300375629008,238516794561497832497238615914385276753962481826174953182743569649851327375629148,1
782000013504173009000085000450601380000800001138000006000928035300754068875310004,782469513564173829913285647457691382296837451138542976641928735329754168875316294,1
540001007920735184008046059030890060852364971007500438284000006069058012105029003,543981627926735184718246359431897265852364971697512438284173596369458712175629843,1
935460010027000540148032760862790430059140270000823695400309000000274306273081004,935467812627918543148532769862795431359146278714823695486359127591274386273681954,1
000503002010706034900000006060050029703060005150400087695008701370005008081904063,846593172512786934937241856468157329723869415159432687695328741374615298281974563,1
927610538156032974483900020060000742290040650000000300732089400600320007005400203,927614538156832974483957126361598742298743651574261389732189465649325817815476293,1
037001286086372459009508010201900830000600002000123060075009600002846571604730020,537491286186372459429568317261957834753684192948123765875219643392846571614735928,1
010500304000190672700024000049081706006742501270050003607015038120930007304278060,912567384485193672763824915549381726836742591271659843697415238128936457354278169,1
071390054860000000904067382602080430508041009709050128106032540485970200000415896,271398654863524971954167382612789435538241769749653128196832547485976213327415896,1
200019708730605942890400130007000095060097003419503800050246300624701509173958204,246319758731685942895472136387124695562897413419563827958246371624731589173958264,1
136800200025001600709520000950700000402360508600054079301602040594080726007900183,136897254825431697749526831953718462472369518618254379381672945594183726267945183,1
000003000600450901105298470004026090817539000926784315500000840073805120098301057,749613582682457931135298476354126798817539264926784315561972843473865129298341657,1
008370005005284607007060032070048300060930074042750080956020413200003759003095068,628379145135284697497561832579148326861932574342756981956827413284613759713495268,1
002040300007506201003128904309014020000002090000000608740300002038070410256481009,812947365497536281563128974389614527674852193125793648741369852938275416256481739,1
900530874408170603002040519687900452104025080295408700700600290860090005520080160,916532874458179623372846519687913452134725986295468731743651298861297345529384167,1
000143902425609070391027048947010836250036710013978405004062500700001200502390087,876143952425689371391527648947215836258436719613978425184762593739851264562394187,1
009301056600408921050907400508246070326005108970800500700532094200600810465080230,849321756637458921152967483518246379326795148974813562781532694293674815465189237,1
901000806605000970380560010000900600530004701764321580170050098006007040002100007,921743856645812973387569412218975634539684721764321589173456298896237145452198367,1
040208965685914270702000148807001692036809700109756004900007406204000087500602310,341278965685914273792365148857431692436829751129756834913587426264193587578642319,1
843759062900000000251000070020800500478000900300097640004078200186032700792060381,843759162967421835251386479629843517478615923315297648534178296186932754792564381,1
427830500056790004100040603009467008002059746760320951040080107070913480980270060,427836519356791824198542673519467238832159746764328951243685197675913482981274365,1
407000590100074200325960704593042816076180345814006000708010000000805137031027458,467238591189574263325961784593742816276189345814356972758413629642895137931627458,1
006250348809706152030184090085643071064001285107020460008010030050098627023007810,716259348849736152532184796285643971364971285197825463678412539451398627923567814,1
573080014620004009000057083109463807387009000462800930240031500091046072005200146,573982614628314759914657283159463827387129465462875931246731598891546372735298146,1
000807361307000009819650742796500813048109006032068050971384005054006000080200097,425897361367421589819653742796542813548139276132768954971384625254976138683215497,1
907260000120050760050007000084720053030680907000134800500478630800510479400396000,947261385128953764356847291684729153231685947795134826519478632863512479472396518,1
035007180700619300290805040573100098002003074864002001429306807150020903080901052,635247189748619325291835746573164298912583674864792531429356817157428963386971452,1
504008001200901058108004200070000040052040007000706002925680034080492765046150820,594328671237961458168574293873215946652849317419736582925687134381492765746153829,1
805031027070046813134082600490160580018095004350804096000007960080659240026418305,865931427279546813134782659497163582618295734352874196541327968783659241926418375,1
840600100906071085001258040107940063269130804400862001000000710008704500072519008,845693127926471385731258649187945263269137854453862971594386712318724596672519438,1
020680300930251640865070192003107400074000050109005720500702000010030504098546017,421689375937251648865374192253197486674823951189465723546712839712938564398546217,1
615020700400060208902700160203096001060351070050278430506912007720534000091087024,615829743437165298982743165273496851864351972159278436546912387728534619391687524,1
804000001291803040600910287002701690009608702760205814940007360000300429000009008,874562931291873546635914287582741693419638752763295814948127365157386429326459178,1
020008459694125000030907006500280091208090300910006070179362584000009063356074910,721638459694125837835947126547283691268791345913456278179362584482519763356874912,1
000060845056008200240710609015290308000000050807500020080679413379100500160853700,731962845956348271248715639415297368623481957897536124582679413379124586164853792,1
370892160002506739960304802509003017430127590100050243053068420000005980690201370,375892164842516739961374852529483617436127598187659243753968421214735986698241375,1
001539070479610250000020008158700300930154082207903506700006400010005037004001865,821539674479618253563427198158762349936154782247983516785396421612845937394271865,1
089305670564207000700000008028701009900036582356892410002574006805963001007108045,289315674564287193713649258428751369971436582356892417192574836845963721637128945,1
030920080069301000100784360390248751215697843008000200047013900003870600001460030,734926185869351472152784369396248751215697843478135296647513928523879614981462537,1
003004060068052090025100800340506700000478020876201954581007030030020070007005000,713984562468752391925163847342596718159478623876231954581647239634829175297315486,1
781009040050403008903570010570900631319800402200000059097020580836095020000384067,781269345652413798943578216578942631319856472264137859497621583836795124125384967,1
071908400086310002050000901740001600000030510510670890098100275030297008027805369,271958436986314752354726981749581623862439517513672894498163275635297148127845369,1
401037520290100470587264010340005861706802009958610742824306005130029600609080000,461937528293158476587264913342795861716842359958613742824376195135429687679581234,1
207830405906427000040060009100000000670090020892700350060002907000003042000974010,217839465956427183348165279134258796675391824892746351461582937789613542523974618,1
000002503075000100046501000700120630000950480560078010008010072600007054000030060,891762543275843196346591728789124635132956487564378219458619372613287954927435861,1
001040700070050302830600054020064800048730620600080140007006080200000500000020406,951342768476958312832617954725164839148739625693285147517496283264873591389521476,1
280050490300028000145967823750000240900040015003500760870631002630200084002000000,287153496396428571145967823751386249968742315423519768874631952639275184512894637,1
030150497400087520006240803063904078002000045804600032020400000307010200000002300,238156497491387526756249813563924178972831645814675932625493781347518269189762354,1
682507100439680052170049600200790360703010829090052070508960017321805000067124008,682537194439681752175249683214798365753416829896352471548963217321875946967124538,1
081742050943105207275900104804070090507400813300050072708263001130090020090007638,681742359943185267275936184824371596567429813319658472758263941136894725492517638,1
060349020140060307000020000406030702003082510025671000008050200050090004270800000,567349128142568397389127645416935782793482516825671439938754261651293874274816953,1
104950270852630109703002080307865912080209430020304008500793824030020090209400360,164958273852637149793142586347865912685219437921374658516793824438526791279481365,1
007320916930056087001097050005940861300001725168000394506002009893014670004760000,457328916932156487681497253725943861349681725168275394576832149893514672214769538,1
980142036460035002005600000108056047050007200670003009716094803809300005500708914,987142536461835792235679481198256347354917268672483159716594823849321675523768914,1
007600010082031407603427509041302096300974251290010700174289600000000970000765104,457698312982531467613427589741352896368974251295816743174289635526143978839765124,1
730082490095604002400059710309006050510038060620091000060800041000015087050000923,736182495195674832482359716379246158514738269628591374967823541243915687851467923,1
008700090057900004106002035570004803902608007060005940210309470084500019709016008,428753691357961284196842735571294863942638157863175942215389476684527319739416528,1
814720395237800416065000700328004651001000849009018230450380170182500900090060000,814726395237895416965431728328974651671253849549618237456389172182547963793162584,1
100792800009003600304085910051204709030008100700006024006540008047300506000000471,165792843289413657374685912651234789432978165798156324916547238847321596523869471,1
690037045701600083000180697900400051810070364500860000065018720230046510080700036,698237145751694283324185697976423851812579364543861972465318729237946518189752436,1
300506000562300700000001530090070100420000807000040625200007361000963074736012908,317596482562384719984721536695278143421635897873149625249857361158963274736412958,1
215349070098527000000180025107800000802714069030265018421038000070950084589470001,215349876698527143743186925167893452852714369934265718421638597376951284589472631,1
006000510813005042040310680000000009300560701001020050967108000000000075528030000,796842513813675942245319687452781369389564721671923458967158234134296875528437196,1
049000086023586749670009000460008150907400362005670890000954608800000075250067013,549731286123586749678249531462398157987415362315672894731954628896123475254867913,1
041208960290500340560901807104000230600003574000409080030600718815000090900100050,741238965298567341563941827184756239629813574357429186432695718815374692976182453,1
005080160000060408040135900503004000000000620009618305000300890832000010490006030,925487163317962458648135972563294781184573629279618345756321894832749516491856237,1
036984520500030086004026190273608941605240008000379205907000004060003750340065010,136984527529137486784526193273658941695241378418379265957812634861493752342765819,1
068402190001609240200000058029703010030000020100048300002070031605094702740800005,368452197571689243294137658829763514437915826156248379982576431615394782743821965,1
000049327509070106000610590861000273002708000957321860043195082018400000705206000,186549327529873146374612598861954273432768915957321864643195782218437659795286431,1
800973500520104009394600871073015986209346057060097203932068010000509038008430602,816973524527184369394652871473215986289346157165897243932768415641529738758431692,1
903060205102749000768025149300250008071693000425800600204516087609407052087032401,943168275152749836768325149396254718871693524425871693234516987619487352587932461,1
078269043000008005602005800060081734800637912731000600027104306486900570010800420,578269143193748265642315897269581734854637912731492658927154386486923571315876429,1
050401826092805073006302900679528314801900067300010009004200100500003090237109005,753491826192865473486372951679528314821934567345716289964257138518643792237189645,1
000035009500108027498760130000210903002089060300007048003020010680070302251003090,127435689536198427498762135865214973742389561319657248973526814684971352251843796,1
964831000783900046102047003300004580805702034470583060200008650508476310631250400,964831725783925146152647893326194587815762934479583261247318659598476312631259478,1
179458032085060700340709001604075000502040078017002000050096024028004067000080005,179458632285163749346729581694875213532641978817932456751396824928514367463287195,1
300280600091530720807006400248060050503049200709050180086003592132695847975400001,354287619691534728827916435248761953513849276769352184486173592132695847975428361,1
500000079800901002920000504018740920602300400749805100485200691190008240000190750,561432879874951362923687514318746925652319487749825136485273691197568243236194758,1
027014980039020000004098072381900024000007351005032608708269035903000247050000809,527614983839725416614398572381956724296847351475132698748269135963581247152473869,1
007200360602103784034769010570621493060405170010830005080040950025900047940570236,157284369692153784834769512578621493263495178419837625786342951325916847941578236,1
090000030036502007020037658040295700000071082002064590209403105601759320450106000,597648231836512947124937658348295716965371482712864593279483165681759324453126879,1
090001000040073020800090604039046802050900000200000090368050000005804237007100000,692481753541673928873295614139546872754928361286317495368752149915864237427139586,1
059710080360402000700080200400521607016900842970648010035004706024803009197200038,259716384368452971741389265483521697516937842972648513835194726624873159197265438,1
601030702820410630003862405007000061160700000000190500316579820290601357750028196,641935782825417639973862415537284961169753248482196573316579824298641357754328196,1
698004103014095820270381064060000081543819670102000039830900210921003000457128306,698274153314695827275381964769432581543819672182756439836947215921563748457128396,1
400382009903061284080497300364708590010904760002030100000240810840170020129850437,451382679973561284286497351364718592518924763792635148637249815845173926129856437,1
253007400064030000070540062000984600400006083006300209300400700008073915120090030,253167498964832157871549362532984671419726583786351249395418726648273915127695834,1
970100000001908020020360179048030007003894206106507800400009060007003048319406052,975142683631978425824365179248631597753894216196527834482759361567213948319486752,1
025400000419073050630080401060590034951320780203768019006052147574039800000600095,825416973419273658637985421768591234951324786243768519396852147574139862182647395,1
700042810603000000000037006070054030100978540002160900247306150000009064069410700,795642813623891475814537296978254631136978542452163987247386159581729364369415728,1
860005913270630800500140026005200140020904305409580000756892001000400007942307568,864725913271639854593148726685273149127964385439581672756892431318456297942317568,1
703910524004587006601004907420195730310762095005003201100050800040608173830400650,783916524294587316651234987426195738318762495975843261167359842549628173832471659,1
000205300342090000956001702000000400124780906609020003295040800068302091710950204,871265349342897615956431782537619428124783956689524173295146837468372591713958264,1
050094023000025740342006980190400000437260509200709036003000160028000300900037002,751894623869325741342176985196453278437268519285719436573982164628541397914637852,1
509280704040059382023604190350020000060831050270500000600008071030760000087910023,519283764746159382823674195358427916964831257271596438692348571135762849487915623,1
000289067089470351046351002371805009004700028800964013038090174400630890590000006,153289467289476351746351982371825649964713528825964713638592174412637895597148236,1
459003801003100907718020003080607004064050030507010200875930400900248005246500308,459763821623185947718429563382697154164852739597314286875936412931248675246571398,1
094006075070401629002900143006893010023174506900625408768302004051700380009008060,194236875375481629682957143546893217823174596917625438768312954451769382239548761,1
297081650301746080000059000910527846820493510400068302000804075048070063700605020,297381654351746289684259731913527846826493517475168392162834975548972163739615428,1
070460890382059040000180000800091067000548903900200081001820000200607000008005004,175463892382759146496182735824391567617548923953276481531824679249617358768935214,1
084076000200059804395240617031024760042000305070000001700480056000061043020005070,184376592267159834395248617531824769942617385678593421713482956859761243426935178,1
054071000020034090913268004500029148430000206180645937890052403345186700076000800,654971382728534691913268574567329148439817256182645937891752463345186729276493815,1
900000034800020609360009270000004026080000403000906580003260800050000360010050007,927685134841723659365149278539814726186572493274936581493267815758491362612358947,1
916007400000641097005902608473098100100764035009213004801070059694305000300020040,916857423238641597745932618473598162182764935569213784821476359694385271357129846,1
561748903700609000840320060026100845158002706403056009090001070287034650004580392,561748923732619584849325167926173845158492736473856219395261478287934651614587392,1
250961387003578142071042965000800200780150030419623708000400000108030406547006803,254961387963578142871342965635897214782154639419623758326489571198735426547216893,1
059260100638000570710058400000035000091806000306014058004009000175080240960040010,459267183638491572712358496847935621591826734326714958284179365175683249963542817,1
400691300000080054010507609027050800600020070809000030500200068308700500702005010,485691327976382154213547689127953846634128975859476231541239768368714592792865413,1
410090200095812003006037510200049708549200301308601024604020090032080476057160830,413596287795812643826437519261349758549278361378651924684723195132985476957164832,1
690084007582700630307005900803001000100847090904032108039250410010400370005173800,691384257582719634347625981853961742126847593974532168739258416218496375465173829,1
740301000132406078569082340300019002206507803957800410071930065690078104423005007,748351629132496578569782341384619752216547893957823416871934265695278134423165987,1
435029600970361025120045973380600107060410290210008060640007000000080510850930042,435729681978361425126845973384692157567413298219578364642157839793284516851936742,1
582706009403810006761509284100064807040050621820190543309605008054901300210000965,582746139493812756761539284135264897947358621826197543379625418654981372218473965,1
560003070031020690009150080000605819085001304610938752428710530306580027007060040,562893471831427695749156283273645819985271364614938752428719536396584127157362948,1
089236075700004890300908010034560100500300064006741058471895032600420581008013040,189236475762154893345978216834569127517382964926741358471895632693427581258613749,1
900205106205910000641300925704609050500800007126050093402793008367580409800000072,978245136235916784641378925784639251593821647126457893412793568367582419859164372,1
076020008020730000900185267051970843890351002032800091200003480019600025400207016,576429138128736954943185267651972843894351672732864591267513489319648725485297316,1
734826059180573642602904300017030408468059230003148005070000023290305004005080916,734826159189573642652914387517632498468759231923148765876491523291365874345287916,1
000054090024769150597002643000076534605841072470000806082415069956007081103098005,861354297324769158597182643218976534635841972479523816782415369956237481143698725,1
452086910790241086168090340074102090020963700005870621580407100210539400300608200,452386917793241586168795342674152893821963754935874621586427139217539468349618275,1
730805060659100483800000520984201070076534910015908200097082600460019752103706890,732845169659127483841693527984261375276534918315978246597482631468319752123756894,1
000090124241678030003100800002000018008020073004580096015006000020057641706419002,867395124241678935593142867932764518658921473174583296415236789329857641786419352,1
810070923030900408020480017970340805160790302080065091207639184308020006641807009,814576923736912458529483617972341865165798342483265791257639184398124576641857239,1
234068907871500063600043820050004700009612508080375609900051004020407090417006300,234168957871529463695743821356984712749612538182375649963851274528437196417296385,1
604075300108439050009000874060140508435090001801527063083050140716984235042006087,624875319178439652359261874267143598435698721891527463983752146716984235542316987,1
807500924590002680002408005008050406000020758750080190109205060080309547000846010,837561924594732681612498375928157436461923758753684192149275863286319547375846219,1
030069208201804076800001340008000029105000804942783050704026003020048160003950080,437569218251834976896271345368415729175692834942783651784126593529348167613957482,1
000940051000530000540012000203095600610000009980064317107020960008009105309800402,832946751791538246546712893273195684614387529985264317157423968428679135369851472,1
004700000301006000050004207000027038920030540035010672010872056700060020002103000,294751863371286495658394217146527938927638541835419672419872356783965124562143789,1
000450607000168009050072140000001080078625934040000761010294870704300510802017403,981453627427168359356972148639741285178625934245839761513294876794386512862517493,1
300070106187500000060001700026040870070006090001098032600030200705204068010659047,359472186187563429462981753926345871873126594541798632694837215735214968218659347,1
812049000405302107900501428004007350009813740023406000001020034348075200006030875,812749563465382197937561428184297356659813742723456981571928634348675219296134875,1
310060987098537621006090534047328056052706490000000270009600305063409000720150809,315264987498537621276891534947328156852716493631945278189672345563489712724153869,1
608541327000072604720603018460389200280700439035004076872415063340200180010030002,698541327153872694724693518467389251281756439935124876872415963349267185516938742,1
090064780480003901561098430000082673076030500000005010005010049800047026003829150,392164785487253961561798432154982673276431598938675214725316849819547326643829157,1
500000619003010002216098437060900045072604003904320060085060321107002056609105074,548273619793416582216598437361987245872654193954321768485769321137842956629135874,1
704301000600092703208054961826009574317400090940000000082900657570210000060508312,794361825651892743238754961826139574317485296945627138182943657573216489469578312,1
400100800260070901039500674527000130603210045941035206314007500706020318890050067,475196823268473951139582674527648139683219745941735286314867592756924318892351467,1
024038000873000249915040000269084700701306905508700060406802001057060020082403006,624938157873615249915247638269584713741326985538791462496852371357169824182473596,1
403070800067082090000050306604090037100437689009006005935248760046013028200700543,493671852567382194821954376684195237152437689379826415935248761746513928218769543,1
020058070854003609000296045378645910090302500000009437682931704037060291140520068,926458173854713629713296845378645912491372586265189437682931754537864291149527368,1
025016008000352400040078530000830006400600005603245010070000000000003079038700000,325416798897352461146978532759831246412697385683245917971584623564123879238769154,1
008630040000801079301007586800716020906000057402008163589063012147902635020105498,758639241264851379391247586835716924916324857472598163589463712147982635623175498,1
940200536025374981000056472300008725410030098508002004034825009001709040809410050,947281536625374981183956472396148725412537698578692314734825169251769843869413257,1
600500213103096040840312690500000901930071005001908300012039006006145780450260009,679584213123796548845312697587423961934671825261958374712839456396145782458267139,1
310780624486030095500469300900800007860200900003691400000918530230570149000320806,319785624486132795572469381951843267864257913723691458647918532238576149195324876,1
309260010280001590461957283172805009945006120800120405000700002608092047020683901,359268714287431596461957283172845639945376128836129475593714862618592347724683951,1
002700690050201048316984270140679580500148003600030000830406709074095106905317800,482753691759261348316984275143679582527148963698532417831426759274895136965317824,1
700010080052009006000087935000020060008691050096073100000050020005100403104002070,739516284852349716641287935317425869428691357596873142983754621275168493164932578,1
603400009080020506049010208750106890864590700091048050010964007006001020078200900,623485179187329546549617238752136894864592713391748652215964387936871425478253961,1
420903160608041502009006030060000720750000906000070003302010009070862014040090085,427953168638741592519286437864539721753128946291674853382415679975862314146397285,1
723405000451286090869103254500600800378900002000802573087504130634708905005069008,723495681451286397869173254542637819378951462196842573987524136634718925215369748,1
000090140201875060960040000609410700104950826000038000003004091006580070702361000,375296148241875963968143257689412735134957826527638419853724691416589372792361584,1
000060920930085007540279000700026400023800791485910230050640319360001072108730564,871463925932185647546279183719326458623854791485917236257648319364591872198732564,1
510002700030504180289601340008120500301049000092050003006000807825067000903008650,514382796637594182289671345468123579351749268792856413146935827825467931973218654,1
842610000005020841030090020170000200409201360026950170214700530087536412003000080,842615793695327841731894625178463259459271368326958174214789536987536412563142987,1
061402000004000390080079002270043510095068034430210000057080000040591876819000453,961432785724856391583179642276943518195768234438215967657384129342591876819627453,1
009304001070065090600900350100638940005000083893401700086500420010006030900000016,259384671378165294641972358127638945465729183893451762786513429514296837932847516,1
700913000105026907609805002016307840897004023304182060903241500008600300001738004,742913658185426937639875412216397845897564123354182769973241586428659371561738294,1
000607820200085090058032060000308000090126438002004600847263951520000006903001080,439617825276485193158932764614398572795126438382754619847263951521879346963541287,1
340000692960700005800906001400370500150068740736104280070691304200580067090027158,347815692961742835825936471482379516159268743736154289578691324214583967693427158,1
006571289010384657857090031184900026003807040705146308208009500309000860500008973,436571289912384657857692431184953726693827145725146398268739514379415862541268973,1
572081060603000001004300750729005080310040520040002139031067002060098015450013976,572981463683754291194326758729135684316849527845672139931567842267498315458213976,1
001209800300170060740803200218754600470690001096020070100980300905012000020036140,651249837382175964749863215218754693473698521596321478164987352935412786827536149,1
600187054900000810108035602570310206891620730030079140060803401010296380300700569,623187954957462813148935672574318296891624735236579148769853421415296387382741569,1
693047852785602901120000036208065079439201508507080010976000100302914600041700090,693147852785632941124598736218365479439271568567489213976853124352914687841726395,1
170058690035000001000090030092004508468000109001089300010043267080010900640020810,174358692935672481826491735392164578468537129751289346519843267283716954647925813,1
842905300030028090579100006960584032004371905103092470095836000028000659006009083,842965317631728594579143826967584132284371965153692478795836241328417659416259783,1
138960004600007080045230619801300056463000892200004000506479103020516048010020507,138965274692147385745238619871392456463751892259684731586479123327516948914823567,1
060182735850073100713506982025008300608310420340297008096850270004730650000021890,469182735852973146713546982925468317678315429341297568196854273284739651537621894,1
728006005630820014491375002564700091080031000203064850040000570009450000300607008,728146935635829714491375682564782391987531426213964857846213579179458263352697148,1
008023400201900683060048290016030009009860501054010700007096350430750900695382074,978623415241975683563148297716534829329867541854219736187496352432751968695382174,1
002704680708100200301205409003600014000000360000943020084509700170362540000470006,952734681748196253361285479823657914497821365516943827684519732179362548235478196,1
429001006600300000013204009054082900000740003006150820167038090030026410942010638,429871356678395142513264789354682971281749563796153824167438295835926417942517638,1
790621035301500296020009740640203917172065403908700600450306008000008570017402300,794621835381547296526839741645283917172965483938714652459376128263198574817452369,1
015672409608000500720590610003001820502386000980407350850013064236005198107860235,315672489698134572724598613463951827572386941981427356859213764236745198147869235,1
930100675805070040674203009003000928168700034209538761087019000521007493400305187,932184675815976342674253819753641928168792534249538761387419256521867493496325187,1
000000000751842060004300501507081026236005000000236057680153700903020080400000632,369517248751842963824369571547981326236475819198236457682153794973624185415798632,1
500386100006417305130905674000809741010004209047002038060050410050093020700001903,574386192296417385138925674625839741813574269947162538369258417451793826782641953,1
300100025629705310000923076462500100805071642701060598048607000053014760100059083,387146925629785314514923876462598137895371642731462598948637251253814769176259483,1
186375420520908300000604000600803002008192050900567841269081534845030016017000098,186375429524918367793624185651843972478192653932567841269781534845239716317456298,1
004830706600090000300264098013080007900070040750410609005047962009300400247059180,594831726682795314371264598413986257926573841758412639835147962169328475247659183,1
000100035420058906060043208085071349704809602936420087308006000190087064057214893,879162435423758916561943278285671349714839652936425187348596721192387564657214893,1
000054100080100073029637004062340710001709048847021006710005900034000051090200460,673854129485192673129637584962348715351769248847521396716485932234976851598213467,1
498007531501030240030041800950728003182603005000054902740005000823006754005072090,498267531561839247237541869954728613182693475376154982749385126823916754615472398,1
900730080060000045810900302193267458786154203004398100059483010001509024408010539,942735681367821945815946372193267458786154293524398167259483716631579824478612539,1
509800703700903504402050008020007006046508397807000201608005432310200679000376100,569842713781963524432751968923417856146528397857639241678195432315284679294376185,1
970054000120689700050200063685700300010043026040806050201038079507902010008000630,976354281123689745854217963685721394719543826342896157261438579537962418498175632,1
680594170710600049009200036190030628278016000350009004960302400000000960401900000,683594172712683549549271836194735628278416395356829714967352481825147963431968257,1
009183006048690020630004080092001864100900002407328500076430105904065203253000040,729183456548697321631254987392571864185946732467328519876432195914865273253719648,1
005300821082650793000290045274139086000080937890000214020760409047920160009814070,965347821482651793731298645274139586516482937893576214128763459347925168659814372,1
847600200269000000050000008925708431080031907173049506400026015092080304006354892,847613259269875143351492678925768431684531927173249586438926715592187364716354892,1
681007090057200060924006503463000001718590026000163807800420719079600405045008030,681357294357249168924816573463782951718594326592163847836425719279631485145978632,1
034000602002030010000162030000050024427098056950241870745629301060583709380017200,134875692672934518598162437813756924427398156956241873745629381261583749389417265,1
400010250080420000071030904316050079590074360002060815050781603060002147100306008,439817256685429731271635984316258479598174362742963815954781623863592147127346598,1
081504937300098562005073081019006003038241095006309014047000300962400070100867049,681524937374198562295673481419756823738241695526389714847912356962435178153867249,1
040607050800049170075128934069800040350010768287405010038000621706251400402306590,941637852823549176675128934169873245354912768287465319538794621796251483412386597,1
205683040409007600800249150002471009006008700173062085098715200000896570701024090,215683947439157628867249153582471369946538712173962485698715234324896571751324896,1
900308014360000800000006200600089071210637008080400300000074063038060009000090000,927358614364721895851946237643289571215637948789415326592874163438162759176593482,1
317825406208000105460019000931067852700008000846152900529001004603584009084090000,317825496298746135465319728931467852752938641846152973529671384673584219184293567,1
369210408205340901014509603020963500058072396930050000070400160600030845040698037,369217458285346971714589623127963584458172396936854712873425169692731845541698237,1
000091206790580043010430978309000012800209065152364897600120709530070004927040080,483791256796582143215436978369857412874219365152364897648125739531978624927643581,1
104820603250096008086340015840019370060270109090600004027083401518002900009050862,174825693253196748986347215842519376365274189791638524627983451518462937439751862,1
802016573109000000070240961094000300016304090030109624057081002600470059420003780,842916573169735248375248961294867315516324897738159624957681432683472159421593786,1
002670130760000048130050270076100504408260713013840629907030060001786400680902357,842679135765321948139458276276193584498265713513847629927534861351786492684912357,1
015360827027148050039072004590000042100000503078430091060700008001094000080206070,415369827627148359839572164593681742146927583278435691962753418751894236384216975,1
050004936740300581010080472130840000080501243095730060361207804529408317870010605,258174936746329581913685472132846759687591243495732168361257894529468317874913625,1
054087291800529463200341870785002140460008932032164050000005029028003510500006084,354687291817529463296341875785932146461758932932164758143875629628493517579216384,1
309004020710035004840706035035609001090100350100403062578942003900067040000000000,359814726716235894842796135235679481694128357187453962578942613921367548463581279,1
010604007324010568087205419100007304008300690400928070001000903903072000845093720,519684237324719568687235419192567384758341692436928175271856943963472851845193726,1
000040709908510230070000405004175908850460301000389042291736854503800190000900023,635248719948517236172693485324175968859462371716389542291736854563824197487951623,1
000027091700853400302194785100032609007500008006481070670010200080040930090300816,845627391719853462362194785158732649437569128926481573673918254581246937294375816,1
300126007864035200007009653902514370605080941030607020108352064703460508006000032,359126487864735219217849653982514376675283941431697825198352764723461598546978132,1
037608005080500601060407039070009546003705180010840703109084307006070000020356900,937618425284593671561427839872139546493765182615842793159284367346971258728356914,1
031850709050034100002700054810405006040106003960273081398021640004007800576348910,431852769759634128682719354813495276247186593965273481398521647124967835576348912,1
000007008010462530003198640048713020700005000205604001060049200902001080004050700,426537198819462537573198642648713925731925864295684371167849253952371486384256719,1
058000370070830402230761859000908003321076900600000027703009040002153000090047601,158492376976835412234761859547928163321576984689314527713689245462153798895247631,1
060731592795428000321695800680002075070904008003800921210549083040083060038107200,864731592795428316321695847689312475172954638453876921216549783547283169938167254,1
802003000600295000157048230540300902000050310000809750069080000425001870700020000,892173645634295187157648239548317962976452318213869754369784521425931876781526493,1
829017530075000912361050740014000890603924107907300264140000370000045080006730400,829417536475863912361259748214576893683924157957381264148692375732145689596738421,1
006935000359700060700000003004200087900007304087054120000093270003468015190570036,826935741359741862741826593534219687912687354687354129465193278273468915198572436,1
901060004050134609000057830372048915698210040400009206109083002020400108580000490,931862574857134629264957831372648915698215347415379286149583762723496158586721493,1
750100004423608790601000085000073912102596408904081536009005100007360859500007043,758139624423658791691742385865473912132596478974281536349825167217364859586917243,1
050070209203090745760245000600017492004962803090000017036500900020704536547609128,458173269213896745769245381685317492174962853392458617836521974921784536547639128,1
040650093680920500395807600730560084000704026060182705026390401900476008004208369,247651893681923547395847612732569184158734926469182735826395471913476258574218369,1
105802473068407590300951260002009604649125007810046952000290140020500086401678020,195862473268437591374951268532789614649125837817346952786293145923514786451678329,1
010045320820100007935007160000500000000034200001700045008476002007310006643208010,716945328824163957935827164472581693589634271361792845198476532257319486643258719,1
050298600060570309020340000078000004305007860216850093530109080007400015480705936,753298641864571329129346578978632154345917862216854793532169487697483215481725936,1
027100540006740218940020736070501403005000900400060000500674091019050624084000300,827136549356749218941825736278591463165483972493267185532674891719358624684912357,1
800000023750400860046080590907000600580032719621809004070900000460008005095060148,819756423752493861346281597937514682584632719621879354178945236463128975295367148,1
068510300700020009090700510025346000010905000930070400070090800043007006689002000,268519374751423689394768512825346197417985263936271458572694831143857926689132745,1
019200084208070160605040090460582970021730056500406800954300010002098043086104029,719265384248973165635841297463582971821739456597416832954327618172698543386154729,1
860519037051020098900070041100350789090760103503108406345000902000207005200930804,864519237751423698932876541126354789498762153573198426345681972689247315217935864,1
603502010080673420024009600802060739706950041100237080490380050208005360060700894,673542918981673425524819673852164739736958241149237586497386152218495367365721894,1
090301804003009120006400509004050000100700060867192050605204000240000600000680002,592361874483579126716428539324856791159743268867192453635214987248937615971685342,1
080003006920156084603008290748265039095407600010300745534602817809501000162004053,481923576927156384653748291748265139395417628216389745534692817879531462162874953,1
137406200250000408468590103023048615600213800000657040300100086580064901000835720,137486259259371468468592173723948615645213897891657342374129586582764931916835724,1
160030209382591640704800130003900850048105006516003070831657002407300508609420003,165734289382591647794862135273946851948175326516283974831657492427319568659428713,1
207850106360010500004907020631790052050140760472530000020085601780620034146379280,297853146368214597514967328631798452859142763472536819923485671785621934146379285,1
003610409004070081861009302000002540402100000009305100610524093348967210020830704,273618459594273681861459372136792548452186937789345126617524893348967215925831764,1
000563800305100702198070030536709204704020083900400076809016007073902108050800029,247563891365198742198274635536789214714625983982431576829316457473952168651847329,1
504620798760180254298740000820496530456000020070250401002871045047000180180930602,514623798763189254298745316821496537456317829379258461632871945947562183185934672,1
502908460063024508084001093030510006026049170105802030000106300000000681691403752,512938467963724518784651293439517826826349175175862934258176349347295681691483752,1
001800736370620894069003000450918000937402010182076549090000025500209460024507080,241895736375621894869743152456918273937452618182376549798164325513289467624537981,1
140975382000032046307048090910057634765300908000069500083721000050496873079083260,146975382598132746327648195912857634765314928834269517683721459251496873479583261,1
510023489908610203302940156003400010860152047104837005407000508200506030600074920,516723489948615273372948156753469812869152347124837695437291568291586734685374921,1
300901400910870035708005006827196354590080600160042807470350060280610040630007509,352961478916874235748235916827196354594783621163542897479358162285619743631427589,1
050061829482579006019032470548610207007080004026940018001004002000108643234750900,753461829482579136619832475548613297197285364326947518861394752975128643234756981,1
980710423700400089000908157001540936500601042070009010009002000100800065008006304,986715423715423689342968157821547936593681742674239518469352871137894265258176394,1
568290413000000627000004589070020108104706052025481000290100864603840270001670395,568297413439518627712364589376925148184736952925481736297153864653849271841672395,1
207003801300104507501627304600050409904806200805039016102305670750962103400708052,247593861369184527581627394673251489914876235825439716192345678758962143436718952,1
000000400700100806368000159016480207000030914230007508053820700079561000021370680,192658473745193826368742159916485237587236914234917568653824791879561342421379685,1
689002750005060030000105640562070810731250064940030527174580002853920076006003485,689342751415867239327195648562479813731258964948631527174586392853924176296713485,1
000020753238007000705910040070600009540391807000074310409760030600130580380042906,914826753238457691765913248173685429542391867896274315459768132627139584381542976,1
035640100901030450407581006006050013009127004004800700078200000003475862600390570,835649127961732458427581936786954213359127684214863795578216349193475862642398571,1
095610080200059031601073250420005708060084900809020305954208173080931524132040806,395612487278459631641873259423195768567384912819726345954268173786931524132547896,1
890000213607021000051030680070346000540108300000290008785960430020013800310080590,894657213637821954251439687978346125542178369163295748785962431429513876316784592,1
001030074004576281870240359009084502100050897085003010400307900390400000610900703,521839674934576281876241359769184532143652897285793416452317968397468125618925743,1
830026004005980010271405098684792531107853409953601070708000920042070106006200340,839126754465987213271435698684792531127853469953641872718364925342579186596218347,1
598430126126000370407006000060910003043075018015308492000683900674002800000741005,598437126126859374437126589862914753943275618715368492251683947674592831389741265,1
940510680000376954067094000605001278000987060710205400004650010006709030050100740,943512687821376954567894321695431278432987165718265493274653819186749532359128746,1
608045907450602108092700564070000300300800650826950070709010045260504003043079816,638145927457692138192738564975461382314827659826953471789316245261584793543279816,1
026008179004100863013700402001024000000635000345871926439007080150003000600010005,526348179974152863813796452761924538298635714345871926439567281152483697687219345,1
018549026000087003409020000801290000700050000050876012036018204097030080200060371,318549726625187943479623158861294537742351869953876412536718294197432685284965371,1
657092310018007504040010000109876430875040960060025700001754890004080250580230040,657492318918367524342518679129876435875143962463925781231754896794681253586239147,1
006273004700000036320506070001750002093462517570090000905024700007800049060937105,186273954754189236329546871641758392893462517572391468915624783237815649468937125,1
032800007054703000790250803023010608001000070480029005000540700000906102608032000,132894567854763921796251843523417698961385274487629315219548736345976182678132459,1
072008036800013200931720080007040891504089760389100504090002607700891052000674008,472958136865413279931726485627345891514289763389167524198532647746891352253674918,1
004008203531264000298500614720841069000000487005796001302079805047125900950480172,674918253531264798298537614723841569169352487485796321312679845847125936956483172,1
459017832060000040103800967040160759000095204005702300986571403270030598534080001,459617832768923145123854967342168759617395284895742316986571423271436598534289671,1
160030597780000013900001040807163905090405078302009000578000400209047600400082009,164238597785694213923751846847163925691425378352879164578916432239547681416382759,1
009268100001347069060500273056109487937824601804000932080670304690010720740002500,379268145521347869468591273256139487937824651814756932182675394695413728743982516,1
380647100060920374702135860200080400000291630000064520170009046000416783034870005,389647152561928374742135869216583497457291638893764521178359246925416783634872915,1
301479000008006170090080043735602010200508736060001400070950084000000000480000591,321479865548326179697185243735642918214598736869731452172953684956814327483267591,1
002506730080030592510207400008304619900610300360908000039052006806100925240809170,492586731687431592513297468758324619924615387361978254139752846876143925245869173,1
395000006010000030400000000007300005900780063060020910080590000030074082000006150,395218746216947538478653291147369825952781463863425917681592374539174682724836159,1
568120400701080003234005800170046952605390000849050706006030045482009007057400690,568123479791684523234975861173846952625397184849251736916738245482569317357412698,1
013006250700235819952810036100300900230781005687509003396028001470150692501090000,813976254764235819952814736145362987239781465687549123396428571478153692521697348,1
300091580001307400006805017039406200260903100000050000008004063092538000700619805,374291586851367492926845317139476258265983174487152639518724963692538741743619825,1
003005297406000001020000406000320005030901040104800920702618030501237869300549702,813465297456792381927183456689324175235971648174856923792618534541237869368549712,1
500007241029841576100265839870400060630708005400652000900576308760120904053000017,586397241329841576147265839875439162632718495491652783914576328768123954253984617,1
506000389108962050940803002400201030003070945869305270000186403004030027000704068,526417389138962754947853612475291836213678945869345271752186493684539127391724568,1
470060030090703840253108060900380000006450080805001620102800096360010078080600213,478569132691723845253148967924386751716452389835971624142837596369215478587694213,1
093204000802700000164800502200005040049618257570423906407092000000346020021007394,793254168852761439164839572216975843349618257578423916437192685985346721621587394,1
200400360600050709307800004000600000060025013052100406904080005513002600020010000,285497361641253789397861254138649572469725813752138496974386125513972648826514937,1
050800046109060027020007590415003089392400005870250030901730052507028004230500978,753892146149365827628147593415673289392481765876259431981734652567928314234516978,1
010397050409800013503001800001508000287109360304000080035610920600002430142083000,816397254479825613523461897961538742287149365354276189735614928698752431142983576,1
000280090070031008608070210000047000027100006561000740030500001009014062106702380,315286497972431658648975213893647125427159836561823749234568971789314562156792384,1
070519480980370210305004607050000072023687509097000800041708936700400158568190724,672519483984376215315824697856941372123687549497235861241758936739462158568193724,1
320049710501302096900005028735928004080501237610437850894003071200000583050076042,328649715571382496946715328735928164489561237612437859894253671267194583153876942,1
400200600903000002508396017702408095000520000000071020200739156600800203037600908,471285639963147582528396417712468395849523761356971824284739156695814273137652948,1
104039850020714903739805214087600091410007605003150702056071008900523006271086000,164239857825714963739865214587642391412397685693158742356971428948523176271486539,1
000050307538000402010900000002000800000026000109305006090040001000260003267000954,926458317538671492714932568672194835385726149149385276893547621451269783267813954,1
185000304970864152060130807096010570038906401702050039609020780007600905351009046,185297364973864152264135897496312578538976421712458639649521783827643915351789246,1
004701350730584002815230000960100500003900684452300790007019200001005409000000810,624791358739584162815236947968147523173952684452368791547819236381625479296473815,1
867019302241735096005608710016257900000380601370096040090063000050901003083500109,867419352241735896935628714416257938529384671378196245194863527652971483783542169,1
235904007910000520060200004090005208780600401000048000020500040049007300300009060,235914687914786523867253194496175238783692451152348976628531749549867312371429865,1
000500084819704635450300129900060271605270003200003850063102098000600010198400002,326519784819724635457386129934865271685271943271943856763152498542698317198437562,1
601380507548107096000600148316700200859230704400908600700592830000070462102000905,691384527548127396273659148316745289859236714427918653764592831935871462182463975,1
700002486420560301836040902000810243280390015503407098002000030090280100608103520,751932486429568371836741952967815243284396715513427698172659834395284167648173529,1
810096005027005000000087240100908607065070890900001430200710584083050120540800003,814296375627435918359187246132948657465372891978561432296713584783654129541829763,1
000089007681700394000030020068053742450600008002000030014007000020090070597001080,235489167681725394749136825168953742453672918972814536814367259326598471597241683,1
930400086407030520500000013170900034049703008000204190014820060050306940090041802,931452786467138529528697413176985234249713658385264197714829365852376941693541872,1
000408060050371209014065830002709610971856304000042900120097053390004780607083100,739428561856371249214965837482739615971856324563142978128697453395214786647583192,1
834000160017400500569380724005023006081000052923060471378009205406502807150740600,834257169217496538569381724745123986681974352923865471378619245496532817152748693,1
092000000073208960068050032800003204031500000249106050024870593010435020000620741,592364178473218965168957432856793214731542689249186357624871593917435826385629741,1
005069308082000000000320705000000900007000040604180003701090000468002530509034080,175469328382571694946328715853246971217953846694187253731895462468712539529634187,1
400010320090030800000687005600800500007040083380000094000094108010500006050001009,468915327795432861132687945649873512527149683381256794276394158913528476854761239,1
008240001090813002213695007000064900986100703031908625860431200329086150040529006,658247391794813562213695487572364918986152743431978625865431279329786154147529836,1
570620130010748506806000009905030207207986300163057904030470090701062403058391670,574629138319748526826513749985134267247986315163257984632475891791862453458391672,1
073106509692000000541007000164078302720093415905004670017380056359400187200000900,873146529692835741541927863164578392728693415935214678417389256359462187286751934,1
069020450280000093104000200032100008506780001840635020000400900008050600075010832,369821457287564193154397286732149568596782341841635729623478915918253674475916832,1
940310007000804600028675004060427001001903000207186045613208009094060230852009400,946312857175894623328675194569427381481953762237186945613248579794561238852739416,1
007051200106200300592860071048602700025070804710084602870400026369100007000006003,437951268186247359592863471948612735625379814713584692871435926369128547254796183,1
072195030061300970593064218609040103300602409104053786015006040746031800208079001,872195634461328975593764218659847123387612459124953786915286347746531892238479561,1
006403710208970006704026598001097053000000174873000000000050607500800321082700040,956483712218975436734126598421697853695238174873514269149352687567849321382761945,1
450091780089403501700800492910650004300980215800034076043719608070348100190506300,456291783289473561731865492917652834364987215825134976543719628672348159198526347,1
296087500080160027037520068658094701023001806041608205300946080810072054062810070,296487513584163927137529468658294731923751846741638295375946182819372654462815379,1
050001306007040005006935080305009700964007502100003800028014000500090008690000401,859721346237846195416935287385269714964187532172453869728614953541392678693578421,1
003017900020000080060840207240906513596008702000402896070591328080003070012700659,853217964427369185169845237248976513596138742731452896674591328985623471312784659,1
700419300308200600005060270870920060921030407036048129609080705400006832003574910,762419358348257691195863274874921563921635487536748129619382745457196832283574916,1
905014006023689010004000003469503170258060340070040260507100002146000907800037651,985314726723689514614275893469523178258761349371948265537196482146852937892437651,1
900000230000390000400600905000458612025006040000073098397865104058049703614000059,971584236562397481483621975739458612825916347146273598397865124258149763614732859,1
605847200023000800090201007162000003984100760350600180000015300001070598036082070,615847239723569814498231657162758943984123765357694182879415326241376598536982471,1
280007503040508000756010820975364080008790005613085900037459012502170008104032009,281647593349528176756913824975364281428791365613285947837459612592176438164832759,1
800046000325801000400030708150003647260708395730465102500020006002354071900680024,871946253325871469496532718158293647264718395739465182547129836682354971913687524,1
738060405509724380402005700025491007607002910390678540906800204280950170150240006,738169425569724381412385769825491637647532918391678542976813254284956173153247896,1
005890620020506709960127504500079040080614050249300176037982005052401097800705010,475893621321546789968127534516279348783614952249358176137982465652431897894765213,1
008016900503729060002438000075600080006000000300257609037064100000390470460170320,748516932513729864692438751975641283126983547384257619237864195851392476469175328,1
300160000800374501517000060904030120750092806000500700435086012100240057270051480,349165278862374591517829364984637125751492836623518749435786912198243657276951483,1
670000000004007013835001746049326070080050002000100509750810290090670001310002057,671438925924567813835291746549326178183759462267184539756813294492675381318942657,1
250040600467813009010025784000280370082501040040700100000408063005369002630102800,258947631467813259319625784196284375782531946543796128921478563875369412634152897,1
600104593054009062190600048502003070009040025476052319760408230000001057201537086,627184593854379162193625748582913674319746825476852319765498231938261457241537986,1
052804690080016400964020108500048000800590304020670050208300070005009200693080001,152834697387916425964725138539148762876592314421673859248351976715469283693287541,1
000863725765240103030105604400000200080900000106380007050030410349601870801400500,914863725765249183238175694493517268587926341126384957652738419349651872871492536,1
900017003013000092802903700289746015500008007071002000000020500190600000320489006,964217853713854692852963741289746315536198427471532968647321589198675234325489176,1
380400200026018549400060831637084120000620003005107684010500092972840356000200700,381459267726318549459762831637984125148625973295137684813576492972841356564293718,1
020137945705964002400800607030741086007506193102300754351009468906480520080610000,628137945715964832493852617539741286847526193162398754351279468976483521284615379,1
200709015134508290579031008000602800052180700000090152401800023890423071007910584,286749315134568297579231468713652849952184736648397152461875923895423671327916584,1
065200040709604200030809050040075009000923584093086170954000010687091005321040006,865237941719654238432819657248175369176923584593486172954762813687391425321548796,1
829050030004210850513489006400002507357608092002000600008567300200894005745301968,829756431674213859513489276461932587357648192982175643198567324236894715745321968,1
000520630217003459603009087000750094790064103020391570070908000030170942906235710,489527631217683459653419287361752894795864123824391576172948365538176942946235718,1
058006731976080200003475890230817509080024010091000402019740623040650178807000954,458296731976381245123475896234817569685924317791563482519748623342659178867132954,1
845602700300870251100009486684590320251003604093046805506930100400005970918020063,845612739369874251127359486684591327251783694793246815576938142432165978918427563,1
000657809780142600052800070520310098000508006008976054204090183835200947901480500,143657829789142635652839471526314798497528316318976254264795183835261947971483562,1
097000806300695020162387954406870203720450609810006075931020760280063001600008302,597142836348695127162387954456879213723451689819236475931524768284763591675918342,1
374580100561029008289104005600000000908053602742091003195408207036217900027000806,374586129561329478289174365653842791918753642742691583195468237836217954427935816,1
508040096092006803673008204921487360345162978080359002830600000200704600067800039,518243796492576813673918254921487365345162978786359142834691527259734681167825439,1
068507042407001603050036907086304090020609074100078005010780030672903008800005000,368597142497821653251436987786354291523619874149278365915782436672943518834165729,1
008070004709006105400200000040600912860100547002007386270500093094312000305094021,138975264729846135456231879547683912863129547912457386271568493694312758385794621,1
600010849309826107700040002050600431004001078000478620530200004000164583418700296,625317849349826157781945362857692431264531978193478625536289714972164583418753296,1
000584072206071543500300809060019007042830001009726008457190086610250094928640100,391584672286971543574362819865419327742835961139726458457193286613258794928647135,1
280039054610045370005607000038492705000051489504768032400006590963020010000900246,287139654619245378345687921138492765726351489594768132472816593963524817851973246,1
078064500040352080526080490400706008057000009610530004764813005100040300090675840,378964512941352786526187493432796158857421639619538274764813925185249367293675841,1
408300026612007000735040008820700050153000067970000312000070080000652401000100230,498315726612897543735246198826731954153429867974568312241973685389652471567184239,1
090600000680000305050008290120006503830200900040910070065842100413009600000000009,391625784682497315754138296129786543837254961546913872965842137413579628278361459,1
000908100915020638600000009001097005409250307500140896000030042750400000024070083,237968154915724638648315279361897425489256317572143896896531742753482961124679583,1
810645207370008040405930681603072418082304790700869320008456000167090054000780003,819645237376128549425937681693572418582314796741869325938456172167293854254781963,1
007000018802004007000170000580002070170600094900000500308009000061307000000000600,457926318812534967639178425586492173173685294924713586348269751261357849795841632,1
027098430090703820600000070800901357700000961900006048050480010080000790306120080,127698435594713826638254179862941357745832961913576248259487613481365792376129584,1
071305094000780000582000007049072516000050708758410309267500481905200673030107902,671325894493781265582694137349872516126953748758416329267539481915248673834167952,1
500007804237108009489035200805703026790060008362001900028306005603409000100582000,516927834237148569489635271845793126791264358362851947928376415653419782174582693,1
706103200030460078819207030400500080000024050090010060320670040600900020050832716,746183295235469178819257634472596381168324957593718462321675849687941523954832716,1
050020019980013600170006002745360198009781403300900000820135946691040705500609820,456827319982513674173496582745362198269781453318954267827135946691248735534679821,1
900050160007910842062780003703420051000173904421069738819045376000630009306890015,984352167537916842162784593793428651658173924421569738819245376275631489346897215,1
001452376060000004040098500000940708009006000814030000150307849400009067200064150,981452376562173984743698521625941738379286415814735692156327849438519267297864153,1
053401087084030090000080200000579420046108350900060000030006810000752034000003065,253491687684237591179685243318579426746128359925364178537946812861752934492813765,1
612050000080910003900284061060400010048025390300870040056009708804702106000508900,612357489485916273973284561567493812148625397329871645256149738894732156731568924,1
095370108300580400807090560082065397000239601039810245260050914901603802048900036,495376128316582479827194563182465397754239681639817245263758914971643852548921736,1
604305108370001050000874093007900301003087269906132047005248936002069004069713025,694325178378691452521874693247956381153487269986132547715248936832569714469713825,1
015067034390518620876302519139056002628090370400000090583000901960185740040609200,215967834394518627876342519139756482628491375457823196583274961962185743741639258,1
430268591020000604560140327604000010312000850700310200079004030803571902150903078,437268591921735684568149327694852713312497856785316249279684135843571962156923478,1
070080390684002057020750804806070410042800000005409608017500080069300070058000900,571684392684932157923751864896273415142865739735419628417596283269348571358127946,1
004201009100000604360745028050070040007300816010002007240037960035010070791026080,584261739172893654369745128856179243927354816413682597248537961635918472791426385,1
640002030020050604700360001004000009803470050000100043130000007056840302408230065,645912738321758694789364521264583179813479256597126843132695487956847312478231965,1
016070039400059276020863541190000083002798010058010792900087164001906308000530927,516472839483159276729863541197625483342798615658314792935287164271946358864531927,1
009040620672003008038060970120900307093820105045307060000502094287409000950671802,519748623672193458438265971126954387793826145845317269361582794287439516954671832,1
198350060020967100630080090050073281800425370072810654741006020200008500503002900,198354762425967138637281495954673281816425379372819654741596823269138547583742916,1
043180056910457002000030407167890200820564371004270609098700000602318594051009728,743182956916457832285936417167893245829564371534271689498725163672318594351649728,1
300905806029308074780260000407603180200107000130542000002000718004850263000726459,341975826629318574785264931457693182296187345138542697562439718974851263813726459,1
002004701067300040018000930093048000870523090046019328780090653000800100005470089,352984761967351842418267935293648517871523496546719328784192653629835174135476289,1
000900751047520060001060000300006147000015900000000800210849000004153080093000504,682934751947521368531768492359286147478315926126497835215849673764153289893672514,1
042159803819070602507800409000381004126900007080067501308614905250700100960530748,642159873819473652537826419795381264126945387483267591378614925254798136961532748,1
080200001200178050714300000451062390000090410032004007140000200620900100097020085,589246731263178954714359826451762398876593412932814567148635279625987143397421685,1
051026004309040052724150863617030000205000630090602508930705480070084390048063721,851326974369847152724159863617538249285491637493672518932715486176284395548963721,1
715643028900708000684090703006170500000356890400809070060400209378902400000500007,715643928932718645684295713896174532127356894453829176561437289378962451249581367,1
007540000421006300000190604659300208182004537003058006014089720870401060206030401,967543812421876359538192674659317248182964537743258196314689725875421963296735481,1
704980650698100302035024897000741000000300704800006135251800070389000026470532910,724983651698175342135624897563741289912358764847296135251869473389417526476532918,1
600000040425037098097002653001040027009071005800009314200010009700923480008000000,683195742425637198197482653561348927349271865872569314234816579756923481918754236,1
000005370007130020030097500004500980015000203390070140201308400943002000580941000,169825374857134629432697518624513987715489263398276145271358496943762851586941732,1
080017000032090176140056008408903010301000842020801950805162030910700200200039080,689317524532498176147256398458923617391675842726841953875162439913784265264539781,1
091042080740600209230070040306050020080027010102960070567094832820730400000086097,691542783748613259235879146376451928984327615152968374567194832829735461413286597,1
010604800568003004040810600083467592090085700005039460470008350852071006030040287,217654839568793124349812675183467592694285713725139468476928351852371946931546287,1
020639071070008506006075904060020409184957063200064715709006342600703008350410097,425639871971248536836175924567321489184957263293864715719586342642793158358412697,1
400315600306740000901206437700002001000167500060094000007001386009078150810050090,478315629326749815951286437784532961293167548165894273547921386639478152812653794,1
002417065100635829563298047230000780700500930609003051826049013350080000491302670,982417365174635829563298147235961784718524936649873251826749513357186492491352678,1
408000009063100207052694380000006104581409000624731895000510000205047018100060903,418372569963185247752694381379856124581429736624731895896513472235947618147268953,1
060050030309060450057390082002600000036074900045003700700809546500006290690542001,268457139319268457457391682972685314836174925145923768721839546584716293693542871,1
047930610090002473006401950089605107465710280170849065013200894004380700028004036,547938612891562473236471958389625147465713289172849365613257894954386721728194536,1
600405009005380617870060002030726590002090030900800206317048005006000000049213000,621475389495382617873169452138726594762594831954831276317648925286957143549213768,1
072050608068024790340078100490763285735000964026040371000496817007012009004830506,172359648568124793349678152491763285735281964826945371253496817687512439914837526,1
930462570260050983100009064021090657000524138000610000679243015002100790010976040,938462571264751983157839264421398657796524138583617429679243815342185796815976342,1
300105042501600037706803950080500309937406180000938470060054798872369514050701200,398175642541692837726843951684517329937426185215938476163254798872369514459781263,1
040186020200070496050429008800390000061000007430001589084207961107030050006018743,749186325218573496653429178875392614961845237432761589384257961197634852526918743,1
830700126002601003170090000607150380053067200981423605294070831710030062060210947,839745126542681793176392458627159384453867219981423675294576831718934562365218947,1
240030906097006004010940200060052713701600500802317640403109005006028091080503060,245731986397286154618945237964852713731694528852317649423169875576428391189573462,1
800500400794230060005090280400900830236841075900002614047620350562180000089407006,823516497794238561615794283471965832236841975958372614147629358562183749389457126,1
270305060638174009000028301043200185000809000062041093420000916000000032380910040,271395468638174259594628371943267185157839624862541793425783916719456832386912547,1
602089300000762000480530069720013504016004827945070013564027938879046000001805746,652489371193762485487531269728613594316954827945278613564127938879346152231895746,1
316070045845001670007540183000458201450027830000103054072015090580264000134089526,316872945845931672927546183793458261451627839268193754672315498589264317134789526,1
042001685080942701307068049038070926701806050400003010064329070250680194879010302,942731685685942731317568249538174926721896453496253817164329578253687194879415362,1
410563007600100348300804600000005800079308450580627009062430000841006090050081764,418563927695172348327894615136945872279318456584627139762439581841756293953281764,1
020304080045902071183560040004678500957230408810059720000705894502040037070093056,729314685645982371183567942234678519957231468816459723361725894592846137478193256,1
094610253502039071601052948003120095420006007050300860308070000000005019010063780,794618253582439671631752948863127495429586137157394862348971526276845319915263784,1
407965830005028697096173004714092368900034000083706400009341080271000540048207910,427965831135428697896173254714592368962834175583716429659341782271689543348257916,1
045163728218475600376908004007300000860004000139650080000200093023519046594006200,945163728218475639376928154457381962862794315139652487681247593723519846594836271,1
900003856000190047630085200409038605103007400086001730004010563310670902802000070,941723856528196347637485291479238615153967428286541739794812563315674982862359174,1
471096053020743860308120497004000389039500000080000514090407138706308000000019670,471896253925743861368125497254671389139584726687932514592467138716358942843219675,1
327400015008000946000058000203005007009700450051046239900070120005203704072681593,327469815518327946694158372243915687869732451751846239936574128185293764472681593,1
540820361819560002300471958056207104103600720204035000005910803608002510431700090,547829361819563472362471958956287134183694725274135689725916843698342517431758296,1
005863900940005680000249000302974516650080090000651200004000009030490120019030800,725863941943715682168249753382974516651382497497651238574128369836497125219536874,1
400960003906500284305042760004000070561739800807050036000400691109376458640090327,482967513976513284315842769234681975561739842897254136753428691129376458648195327,1
000400350294015670300070241843100592762809000509203000001530000025091860937620005,176482359294315678358976241843167592762859134519243786681534927425791863937628415,1
050160402972480360604200008703890000581000900200501006800000207006307819107920650,358169472972485361614273598763892145581746923249531786895614237426357819137928654,1
870000002501006047246080500030008150104095063765010020407060091000500206029137080,873954612591326847246781539932678154184295763765413928457862391318549276629137485,1
000742659067395184009086700604200508702000390030607020870963005090400067000008913,183742659267395184549186732614239578752814396938657421871963245395421867426578913,1
580034016000190508700608024156470890400529070207861453805900340320705060070300005,589234716642197538713658924156473892438529671297861453865912347324785169971346285,1
241009000600724103753018420000000000030100800102003790007032546005060000320547000,241359678689724153753618429578296314934175862162483795817932546495861237326547981,1
019068504432000090508492000004129350000080012001605709107950200096800405385207060,719368524432571896568492137674129358953784612821635749147956283296813475385247961,1
007000264450701000000040150020086090608107042040009700060200410200600003500004609,137958264452761938986342157725486391698137542341529786869273415214695873573814629,1
730000050021450009859076400100583900008241500540060200015034798397010620480790035,734129856621458379859376412162583947978241563543967281215634798397815624486792135,1
038000020240013090916050030500900302003526140090371085604107058307090214100080000,738469521245713896916852437561948372873526149492371685624137958387695214159284763,1
320006450105900003700302690058261379903047800000039014807615030506720140031400760,329186457165974283784352691458261379913547826672839514847615932596723148231498765,1
090601002005230006001000090680000200020470865034800910750908000942007058003560070,398651742475239186261784593687195234129473865534826917756948321942317658813562479,1
345200000200089540680340700006417000900026451000003000060502804090008130030094006,345271968217689543689345712856417329973826451124953687761532894492768135538194276,1
000203854492856701038471002069710000100300607024605010843520190907100283016930000,671293854492856731538471962369712548185349627724685319843527196957164283216938475,1
000390100093007060000010920304071008002009001000638700509084010478060050600052870,246395187193827465857416923364271598782549631915638742529784316478163259631952874,1
409137628602050470837400590060070005378091240200683710006005800000312967723009100,459137628612958473837426591961274385378591246245683719196745832584312967723869154,1
000800340041039658358460200687945030005020900032000000873610400104590020500000860,296851347741239658358467219687945132415723986932186574873612495164598723529374861,1
046730090200845030837260014000073059070502008925418073758024360012006087309180405,546731892291845736837269514184673259673592148925418673758924361412356987369187425,1
603102007745039012109740050857300420902480061016097008501073084008520170070006300,683152947745639812129748653857361429932485761416297538561973284398524176274816395,1
008090305193405002047800906972506130406001000850943260004050000300070091280010570,628197345193465782547832916972586134436721859851943267714359628365278491289614573,1
007692001000031970010547628174350260356924107020710054401070090035189740708000012,587692431642831975913547628174358269356924187829716354461275893235189746798463512,1
200007058000086002050231479082060501670805923091304780420003100000402035735090064,213947658947586312856231479382769541674815923591324786428653197169472835735198264,1
712594060304268715500700042005007600007850134840006527903000056060945800058603291,712594368394268715586731942135427689627859134849316527973182456261945873458673291,1
640005090259000403007003200870314906500800000014500000730200009908107002425930781,643725198259681473187493265872314956596872314314569827731258649968147532425936781,1
000230050701004800285061403400005320502010980307802605804126539050009270620073100,946238751731954862285761493418695327562317984397842615874126539153489276629573148,1
513024000782060945496005200024600590078059030930400601801043029040298006050706084,513924867782361945496875213124637598678159432935482671861543729347298156259716384,1
694532701750008460180647090435710620060805304010300057070950142021486070540070800,694532781752198463183647295435719628967825314218364957876953142321486579549271836,1
100453078000790400700286190620137840431928007809504021017005983960312004000870210,192453678586791432743286195625137849431928567879564321217645983968312754354879216,1
406200793000000618090070504000701009709504000164000300040307860238040050610985002,456218793372459618891673524583761249729534186164892375945327861238146957617985432,1
750900463009750182200304007000468901400010036810093040107642359630809014024135078,758921463349756182261384597573468921492517836816293745187642359635879214924135678,1
047680039500041070008792005700000050905060040300524000000006594479000020200439781,147685239592341678638792415764913852925867143381524967813276594479158326256439781,1
087402050400000090290637008024803061310704005008129070052000036900080020673000000,187492653436518792295637148724853961319764285568129374852971436941386527673245819,1
000008064019060305463709001784910602035072019200605407956027140040000720002846503,527138964819264375463759281784913652635472819291685437956327148348591726172846593,1
000007052527098046864105009030280005296073018000400290108902507000800020000034680,319647852527398146864125379431289765296573418785416293148962537673851924952734681,1
398017006056384079410950203020849700800060432060730900702090651035601820041020390,398217546256384179417956283123849765879165432564732918782493651935671824641528397,1
000806517031900006760145009075392148209500763840761902106073205900000030020059000,492836517531927486768145329675392148219584763843761952186473295957218634324659871,1
720000350843700260500403070608032005000064710154007020081009036000040900397600100,729816354843795261516423879678132495932564718154987623481279536265341987397658142,1
003200518580019620720680040360407081478192305100863079000041890000008052015900704,693274518584319627721685943369457281478192365152863479237541896946738152815926734,1
007380050800450970006009002708040126050607480010020005379260510000831297182000364,947382651821456973536179842798543126253617489614928735379264518465831297182795364,1
670003850980670314043985600250394708830016495096000200300520086069800502028069100,672143859985672314143985627251394768837216495496758231314527986769831542528469173,1
390420057460070020702010608080160734200093860106748295640087509020001486010600302,398426157461875923752319648985162734274593861136748295643287519527931486819654372,1
000094352419050768230806014970500420001927035580603007307060280006731049190280600,768194352419352768235876914973518426641927835582643197357469281826731549194285673,1
710000003043000069060000801029030680504000030006812945052071096491653078637200014,718926453243185769965347821129534687584769132376812945852471396491653278637298514,1
195704030040603081600000007000806312000230064300500008802379000070408023460105000,195784236247653981638912457754896312981237564326541798812379645579468123463125879,1
586009102917004536342600800093841007870056300100732090039400010021560003750103060,586379142917284536342615879293841657874956321165732498639428715421567983758193264,1
006231049301059768590007320203004007845106000000523684002648905038705010450002806,786231549321459768594867321263984157845176293917523684172648935638795412459312876,1
891030200036589471470120300009064703600003040000070509740398000158040930960010820,891437256236589471475126398519264783687953142324871569742398615158642937963715824,1
506300100030709502291005073960041038002683007350072410409030605700096080600204001,576328149834719562291465873967541238142683957358972416419837625725196384683254791,1
684000520790008634250946801000000083000180465368500907002800790030700042106090358,684317529791258634253946871415679283927183465368524917542831796839765142176492358,1
290003010760002500040009027910450803070008050050201790509806002027000000084305906,295763418768142539341589627912457863473698251856231794539876142627914385184325976,1
102503960705194203003000051017852694986347000250900078638470012500030040470200836,142583967765194283893726451317852694986347125254961378638479512521638749479215836,1
948051037020890010165007004610500089850069301209183046096408153481070962030906000,948651237327894615165237894613542789854769321279183546796428153481375962532916478,1
801009340000003100900208070008035027507681003093027805302106004056000931709054060,871569342265743189934218576148935627527681493693427815382196754456872931719354268,1
413872650790056000620000000301007860067014903950638174034069582279085406000040307,413872659798456231625193748341927865867514923952638174134769582279385416586241397,1
010056000658402900024381657100094025890500010045603009530709108760138500000265790,317956284658472931924381657176894325893527416245613879532749168769138542481265793,1
465000380081506020070908156690405008800000097520091063048000671700014032100782905,465127389981536724372948156693475218814263597527891463248359671759614832136782945,1
100049860000500900040076150263980001701230608498167325000000040506490003904712586,125349867687521934349876152263985471751234698498167325812653749576498213934712586,1
021095308000600050907380010006973504090461723743250091000030409070146002060009170,621795348438612957957384216216973584895461723743258691182537469579146832364829175,1
700620015512098006690405008005074290907006001341002657470050102259861004030000060,784623915512798436693415728865174293927536841341982657476359182259861374138247569,1
600005037500100600800092541008046900104320006063008425400853790000200150085071300,691485237542137689837692541728546913154329876963718425416853792379264158285971364,1
408210673200087901907004280025146390093028006004953100309400010500392704040061539,458219673236587941917634285825146397193728456674953128369475812581392764742861539,1
093501268402060395568900401376195020850002936904830500200054000680000740000087052,793541268412768395568923471376195824851472936924836517237654189685219743149387652,1
200000309619500700354209060000012000100000490970084000093050020501823970762091008,287146359619538742354279861435912687128765493976384215893657124541823976762491538,1
704083602006790000305200978943026857670300294058040160080000001032409706100032000,794583612826791435315264978943126857671358294258947163489675321532419786167832549,1
036025084005300961900104523010709846694000372380240059003602407020871630061050290,136925784245387961978164523512739846694518372387246159853692417429871635761453298,1
050009004070380062089427351517090400930200007020000009743816290891042706065070140,352169874174385962689427351517698423938254617426731589743816295891542736265973148,1
090000708630470529700951003000045362250136094060029175300004006820097031046280900,594362718631478529782951643918745362257136894463829175379514286825697431146283957,1
200190305093408176007305280620983057008600900004002063869540000705009018132806504,286197345593428176417365289621983457378654921954712863869541732745239618132876594,1
004035876020178905807009021790002630401706058068304719006001580542603090109520403,914235876623178945857469321795812634431796258268354719376941582542683197189527463,1
704180003082503017006907528603024985200600304007008001800030102460075809000019006,754182693982563417136947528613724985298651374547398261879436152461275839325819746,1
600200000003870025002309700200000531060403902000520086806034207030602804000000653,678215349943876125512349768284967531165483972397521486856134297739652814421798653,1
502001630908620005410057800765008000820063701391000000053049207000710063147006950,572981634938624175416357829765198342824563791391472586653849217289715463147236958,1
405900003030518407098004600000020068823709500000041902000000000300652189961400270,415976823236518497798234651149325768823769514657841932582197346374652189961483275,1
095670000270050098016800500780165900001700005060900073028507010109086700000000386,895674231274351698316892547783165924941723865562948173628537419139486752457219386,1
840000126160542000273006904081907500652381709007054061006030095030600407504079003,845793126169542378273816954481967532652381749397254861716438295938625417524179683,1
025089470006007921009020803830905700052001340090302568268053000947208000013400007,325189476486537921179624853834965712652871349791342568268753194947218635513496287,1
010480000000305016056090200029870604085649300047250100000008740090002531730504809,213486975978325416456197283329871654185649327647253198561938742894762531732514869,1
501030900000904010037080040860571020450000130010309856080000072094027080070805300,541732968628954713937186245863571429459268137712349856185493672394627581276815394,1
150600409864010000923704106409862015506070090000039607785006920300000060600150704,157623489864915273923784156479862315536471892218539647785346921341297568692158734,1
270310000650720049008050732005070290012830460730090015069100504007062300820503070,274319658653728149198456732485671293912835467736294815369187524547962381821543976,1
207800003053000000900436275024798310001064028876103594040380652682905000735012480,267851943453279861918436275524798316391564728876123594149387652682945137735612489,1
760320108000400392902001074003100900817005206009830000085200009200754003070008405,764329158158476392932581674543162987817945236629837541485213769296754813371698425,1
900307801210000006800000935420006300531720694709030082652493008000005060080610400,945367821213589746876241935428956317531728694769134582652493178194875263387612459,1
907601003051093874320005001298036407043702596076000300402960105000028649009050000,987641253651293874324875961298536417143782596576419328432967185715328649869154732,1
600000780710830260020716435060582097007000602950000000003004806548000023270098504,635429781714835269829716435461582397387941652952673148193254876548167923276398514,1
085040367039000821106208059000350704047090583953870600798000040021405906564029138,285941367439567821176238459812356794647192583953874612798613245321485976564729138,1
080934670910006058670500000001805920040620507508003164030100806807000402100402700,285934671914276358673518249761845923349621587528793164432157896857369412196482735,1
010003720004700006030940518108054973003189045000076280680097402942608150350401809,519863724824715396736942518168254973273189645495376281681597432942638157357421869,1
050000047193070058076580300000059163000700502685200090801925476902010800560048920,258193647193476258476582319724859163319764582685231794831925476942617835567348921,1
930406720861000354042015600004060130618502047293040865009600070326174509487050000,935486721861297354742315698574869132618532947293741865159628473326174589487953216,1
005801062003569004960042385132007090850013207709206801600375420504600103090120608,475831962283569714961742385132487596856913247749256831618375429524698173397124658,1
049357012200000947187290603020006000016508009870920001702400198430010200591702430,649357812253861947187294653925176384316548729874923561762435198438619275591782436,1
391825400420009800070430592107590200600712030950084071500003720760000049289040056,391825467425679813876431592137596284648712935952384671514963728763258149289147356,1
300890205000460030400003901000002487057900316800176502780019024062784053103600009,316897245529461738478253961691532487257948316834176592785319624962784153143625879,1
610000004309201608800600010705800290000756340103420857407060189000078400081390005,612987534359241678874635912745813296928756341163429857437562189596178423281394765,1
406000000192000037800200564009850040345006900281003670010020053607435100530070420,456387219192564837873291564769852341345716982281943675914628753627435198538179426,1
060304810320078405007590632046902000150030280000816509734100000098243751512780064,965324817321678495487591632846952173159437286273816549734165928698243751512789364,1
300001604170980050428653709010048900002096837000730105050027068860400003234869570,395271684176984352428653719713548926542196837689732145951327468867415293234869571,1
709036010015794806046500090092007003100905080650341900560070030030100548001400700,789236415315794826246518397492687153173925684658341972564879231937162548821453769,1
205906871008157420731840000500081049804520706920604050406790012079200080102063590,245936871698157423731842965567381249814529736923674158456798312379215684182463597,1
601400920704902106025716340560879210410030800809041600140520003258300460000064002,681453927734982156925716348563879214412635879879241635146528793258397461397164582,1
300682070602007300004050290000005640080000010059016038000060051908570000501304867,395682174612947385874153296137825649486739512259416738743268951968571423521394867,1
000034195106298407900051820080360000531840672090005348029583760017406950065007200,278634195156298437943751826784362519531849672692175348429583761817426953365917284,1
408100003360002014209800060041050630020418957785030001094061502170085040506724100,458176293367592814219843765941257638623418957785639421894361572172985346536724189,1
095710803300986002807305100040009580530408019080060407009000025123050000400293071,295714863314986752867325194742139586536478219981562437679841325123657948458293671,1
048013700500700010190586200003105070001640003000078106002050090600230548405000307,248913765536724819197586234863195472751642983924378156382457691679231548415869327,1
050691480982453706640820000009275643006030571070000000237564098508710004060000257,753691482982453716641827935819275643426938571375146829237564198598712364164389257,1
910470203284136905037592100060819350573004010891700640100300006028045091006020500,915478263284136975637592184462819357573264819891753642159387426328645791746921538,1
807600050090708014064092807020150006008420503403869201082000140346915728901280005,837641952295738614164592837729153486618427593453869271582376149346915728971284365,1
050090000489350160030006809615423900802007345300085010908674031147508600563210004,756891423489352167231746859615423978892167345374985216928674531147538692563219784,1
805070302437950810601480009000007000140000580076001004768300090010625078050090163,895176342437952816621483759982547631143269587576831924768314295319625478254798163,1
000617835030005007500009000200578391059123460318960500823056709965731200070092050,492617835631285947587349126246578391759123468318964572823456719965731284174892653,1
000006904006820701921703068054081270800064153002300849018450300405007082079030015,783516924546829731921743568354981276897264153162375849618452397435197682279638415,1
060080020705600008408020700004960001670150083500832004050200800839070510200500060,963781425725649138418325796384967251672154983591832674156293847839476512247518369,1
106003047520870063000901008348096275090320000271000396017500630003712459002039081,186253947529874163734961528348196275695327814271485396917548632863712459452639781,1
362815004054079002789340610620984753530120000947536008000400086006000041413260590,362815974154679832789342615621984753538127469947536128275491386896753241413268597,1
418200067603410050005607014156928740849000506000540100061750832084390070007860095,418235967673419258295687314156928743849173526732546189961754832584392671327861495,1
004900520528410000037080004260104003405308160183769402396200701701893206002071935,614937528528416397937582614269154873475328169183769452396245781751893246842671935,1
417800009009201408006007310020100050073002180000083900860370000740600000390010040,417835269539261478286497315928146753673952184154783926861374592745629831392518647,1
090000800470008902200070050902654701035790600640183090861300049704819020320060000,593241867476538912218976453982654731135792684647183295861327549754819326329465178,1
065930200040000019390027600437000100280170953019063002000006531120308006003709000,865931247742685319391427685437592168286174953519863472978246531124358796653719824,1
090056087310004006086020910620000400831607200050001638000070002065800743103402009,492156387317984526586723914629538471831647295754291638948375162265819743173462859,1
270800639080069407490573020012407000007090283069052170038024010754908360001735040,275841639183269457496573821312487596547196283869352174938624715754918362621735948,1
002400500005678002981352400074000096036917280019840750108760029003180670097523841,762491538345678912981352467874235196536917284219846753158764329423189675697523841,1
160500297078129000502063041947010002600000080200037016326845179800070063714306000,163584297478129635592763841947618352631952784285437916326845179859271463714396528,1
070260801008007604400089350710630409009710536005908002000003075030000000900000103,573264891198357624426189357712635489849712536365948712681493275234571968957826143,1
109082003083000007450001820001530062524600000090108000900813506008256304635040200,169782453283495617457361829871534962524679138396128745942813576718256394635947281,1
980023406100765908050049003004610570500030800896200030029581040060002301410306200,987123456143765928652849713234618579571934862896257134329581647765492381418376295,1
000863520329157046005040307256791438073680290090000670430510902002078100000239000,741863529329157846685942317256791438173684295894325671437516982962478153518239764,1
160000500008005610702006030000840006620053800897061005970304008046590070301607450,169432587438975612752186934513849726624753891897261345975314268246598173381627459,1
407310809010960703905720010643000092050642000028009645300290007501070234200050901,467315829812964753935728416643587192159642378728139645384291567591876234276453981,1
400002603982563070000008259095834702040271098000650300513907806874326015060085430,451792683982563174637418259195834762346271598728659341513947826874326915269185437,1
734589200258006000019003578542000001900142750071658492405090020027805904800004160,734589216258716349619423578542937681986142753371658492465391827127865934893274165,1
802000009594601087370002405029870501083040970745006023906407138407508000018369754,862754319594631287371982465629873541183245976745196823956427138437518692218369754,1
001094860054368720083210090130040007400086300076102904000053049010029006540001230,721594863954368721683217495132945687495786312876132954267853149318429576549671238,1
097400000385270064100605703006310000003049020241500070730956040409027500502034000,697483215385271964124695783976312458853749621241568379738956142419827536562134897,1
800000691040601528000985740309000407084060100700050002400096085500810276020570910,835742691947631528162985743359128467284367159716459832471296385593814276628573914,1
000500390509260107104390000908703624462850701310604985270080500095100060600035072,726541398539268147184397256958713624462859731317624985273486519895172463641935872,1
000732810630950000007014300863027900905400067074000000390840070040061092010079430,459732816631958724287614359863127945925483167174596283392845671748361592516279438,1
700006008020070000010300070805903000491760085360801704000205607530107042280030009,753416928628579413914328576875943261491762385362851794149285637536197842287634159,1
007396150060000873001070049750160020208754910604009537502908000003641290190520380,487396152965412873321875649759163428238754916614289537542938761873641295196527384,1
170300200293761504540890173917240850300986007860100902705019040600420705009530000,178354269293761584546892173917243856352986417864175932725619348631428795489537621,1
020000006900007081068354907503719064070605010090408300800900703059102600740583190,427891536935267481168354927583719264274635819691428375812946753359172648746583192,1
005690103019835072308021560030004000702300001400570006860900700100000004090000318,245697183619835472378421569936184257752369841481572936864913725123758694597246318,1
310900075094700100785103209803690051570008024100050903030460517400530800200070300,312986475694725138785143269823694751579318624146257983938462517467531892251879346,1
905008647002500901864700503003481769080900130190623450029070300540390870308046295,915238647732564981864719523253481769486957132197623458629875314541392876378146295,1
004070193091003275507029008453006081902018304816037009100752930060380000325964800,284675193691843275537129648453296781972518364816437529148752936769381452325964817,1
070256318301400069050019270000507980864090700507860142083025090040001800915784623,479256318321478569658319274132547986864192735597863142783625491246931857915784623,1
002005687045800010800230500180050362460000905050070108631000800504008000700590000,312945687945867213876231594187459362463182975259673148631724859594318726728596431,1
510003000040010300060905020206507009700400860080090002400678905003000000859000017,512763498947812356368945721236587149795421863184396572421678935673159284859234617,1
050090836263418050078006040000600472407001000526009100609072318702900564085004029,154297836263418957978356241891635472437821695526749183649572318712983564385164729,1
820063000041908367006501400652049071000000500130050000089605000000090003463100950,827463195541928367396571428652349871974812536138756249289635714715294683463187952,1
673094100810052060952160304005081472760005903000070856127539000430200507589046030,673894125814352769952167384395681472768425913241973856127539648436218597589746231,1
008704006270080001049065008604590087800400309097800014000127465725648193060900072,358714926276389541149265738634591287812476359597832614983127465725648193461953872,1
000405137513820004090031800007009012030204609059306008846700000905100080321948576,682495137513827964794631825467589312138274659259316748846753291975162483321948576,1
080000953905700080030000000320057801070000060560002039800270016601590007700106090,287461953915723684436985172329657841178349265564812739893274516641598327752136498,1
749000602386074010210069740958000461060190073007600509023457090071900204604800307,749581632386274915215369748958723461462195873137648529823457196571936284694812357,1
103006004806491750050320090000935027209007508375004000900100875530060940010750302,193576284826491753754328196681935427249617538375284619962143875537862941418759362,1
421680305307420890900010020070048060640200183830961700003006954706534210084092007,421689375367425891958713426172348569649257183835961742213876954796534218584192637,1
003209068406010002080000910000430005830560140500098600000026400000751389050300006,713249568496815732285673914162437895839562147547198623378926451624751389951384276,1
500028036340000002009000007002670000000901000081300704850060071100000560000500040,517428936348796152269135487932674815475981623681352794854269371123847569796513248,1
000040007005029010096801524900080641064310089081000700027060435639050800450730190,812543967745629318396871524973285641564317289281496753127968435639154872458732196,1
085476000940002586060008170004000030600050007030840000003080600490310028508260403,185476392947132586362598174854627931621953847739841265213784659496315728578269413,1
851603400623740810009008006406215000500934067092870541067002050180090602030401790,851623479623749815749158326476215983518934267392876541967382154184597632235461798,1
005070094017049506200065100096001080024958601080007940170593468403286710908704253,635172894817349526249865137796421385324958671581637942172593468453286719968714253,1
000000170160408932390671480975002800200080054080165029830516247750020603624793010,548239176167458932392671485975342861216987354483165729839516247751824693624793518,1
068327004490500230720000856030452609005098001980600705059861400804270060006934500,568327194491586237723149856137452689645798321982613745359861472814275963276934518,1
050243800800079001007160400720694013500800004003700680305007000002010058410380070,651243897834579261297168435728694513569831724143752689385927146972416358416385972,1
034500016907416305615002008803140600000090034460205100792060041040901872100724060,234589716987416325615372498823147659571698234469235187792863541346951872158724963,1
030100092400028350108030407049060000700000043082403106873015620006074508250386009,635147892497628351128539467349761285761852943582493176873915624916274538254386719,1
460201305872563941005490802200100000056000129018300057501642703080930016603710504,469281375872563941135497862247159638356874129918326457591642783784935216623718594,1
597213006360048002208090030070985021102000859080102700000400005750800203620350018,597213486361748592248596137476985321132674859985132764813429675759861243624357918,1
800207341001003009000096587708500003600718050402309178907800005105032704020000800,896257341571483629243196587718524963639718452452369178967841235185632794324975816,1
930080501008752093065000007379048156480000030026310809804031005652879004703000008,937486521148752693265193487379248156481965732526317849894631275652879314713524968,1
060001307900604120070230060480050610006012943320000005503000094002143576047520030,264981357935674128178235469489357612756812943321496785513768294892143576647529831,1
602000003071043200934002000000491302453200189109300000346000708000008000010000065,682917543571843296934562817867491352453276189129385674346159728795628431218734965,1
095100430460070020001934685302716040786540012900028000000687000027003008048290763,895162437463875921271934685352716849786549312914328576139687254627453198548291763,1
500008000240010376100706800813000625700860100060050000085900214001000507400000063,576238491248519376139746852813497625754862139962351748685973214391624587427185963,1
089100320050928007672503189000000031900300470160270050594680713037009062006005004,489167325351928647672543189745896231928351476163274958594682713837419562216735894,1
380950000000217080917000562478009005690071034000560798230095871750108026060040900,382956147546217389917483562478329615695871234123564798234695871759138426861742953,1
100306004346007802070084031000123400030970106201000000000000509093001248508609310,182396754346517892975284631769123485834975126251468973417832569693751248528649317,1
437005216900630000100402893714003902320784560860209040570020004641000029203140608,437895216982631475156472893714563982329784561865219347578926134641358729293147658,1
870901040692070000000862057920583760580700409010294805400320518137658204200109300,875931642692475183341862957924583761583716429716294835469327518137658294258149376,1
720965010300724009059108206680400921203800700070250638501087000932641080047090163,728965314316724859459138276685473921293816745174259638561387492932641587847592163,1
049205107002600035531084269400000650000408900397000824710840596086513042254007010,649235187872691435531784269428379651165428973397156824713842596986513742254967318,1
006490712107060008820001430010780049382049050970605081290800004758010960401930025,536498712147362598829571436615783249382149657974625381293856174758214963461937825,1
840030001210409503370050020001503000002904007400010095900345006600082309030007050,845236971216479583379851624791523468582964137463718295928345716657182349134697852,1
100370008080000003050281007700936800040700056006845001534000000008000020201093080,162374598487569213359281467715936842843712956926845731534628179698157324271493685,1
857106904000090005963400080008731000076040210590000743200370056030000401080205300,857126934142893675963457182428731569376549218591682743219374856735968421684215397,1
428753190030020080176908530214380970063295840500407003007160004000830709392074010,428753196935621487176948532214386975763295841589417263857169324641832759392574618,1
435086007010452900000703640100597302070638000650004798247361059568009431001000070,435986127716452983829713645184597362972638514653124798247361859568279431391845276,1
169000240500468093048900506070059010004681730812074059091820305006590400205146987,169735248527468193348912576673259814954681732812374659491827365786593421235146987,1
000093210359102687420080390500074000192305070708921503800050039015709006063418702,687593214359142687421687395536874921192365478748921563874256139215739846963418752,1
103728500070345820008900074002004907094201003017893205025087060069000108481509030,143728596976345821258916374832654917594271683617893245325187469769432158481569732,1
042030160183065297076190003705020409490700020001003500300280750257306080814079002,942837165183465297576192843735628419498751326621943578369284751257316984814579632,1
756920000901060025000081976405200609003790002200045703509832067012070058007150294,756924831981367425324581976475213689163798542298645713549832167612479358837156294,1
009672035170485692020030470601007049092301800050296710040063501915700004360014927,489672135173485692526139478631857249792341856854296713247963581915728364368514927,1
608000902740000536300560000967058000084003670120976458879635014015090803236001795,658317942741289536392564187967458321584123679123976458879635214415792863236841795,1
807062105295074060610800702739000020062057008050620070570036489386749251004510607,847362195295174863613895742739481526462957318158623974571236489386749251924518637,1
070506000210078536050109004541060392928301467003042085000004203030095708487000009,874536921219478536356129874541867392928351467763942185695784213132695748487213659,1
893002001600935042520718039340061570000459003152007490270096080000003907038070000,893642751617935842524718639349261578786459123152387496271596384465823917938174265,1
700340185006527034005000726034700062069084350080263091003000618000615240620400079,792346185816527934345891726134759862269184357587263491453972618978615243621438579,1
002903700360708000817504030135890462900040301070631890591072608700056023623000150,452913786369728514817564239135897462986245371274631895591372648748156923623489157,1
027813406094720001060500307782900643106408072009207810200079100015382704670005230,527813496394726581861594327782951643156438972439267815243679158915382764678145239,1
604035907070902160200601034490726300030190200762583409946210053108369040007000690,614835927573942168289671534491726385835194276762583419946217853158369742327458691,1
000960043049103850650048021007496502290080310005300079920674035000200008504001297,812965743749123856653748921137496582296587314485312679928674135371259468564831297,1
000596010008704600205031000002087050000352841050009302309600124100043589024008000,743596218918724635265831497432187956697352841851469372389675124176243589524918763,1
052070084070004615000859700506941872207680349940230501091060038600498007085703206,352176984879324615164859723536941872217685349948237561791562438623498157485713296,1
209730685605029037704056200396200510451690002020041309070408026060370108148000753,219734685685129437734856291396287514451693872827541369573418926962375148148962753,1
020049081080013470147280935438062507001070800076850200862407000015098300090100068,523749681689513472147286935438962517251374896976851243862437159715698324394125768,1
506109387230067059079380000790200006003908020025604071000516703007893010061040598,546129387238467159179385264794251836613978425825634971982516743457893612361742598,1
917003628080201745504600103049560081061709050235100976090800062052016000000324509,917453628386291745524687193749562381861739254235148976193875462452916837678324519,1
300210746400956310006007002037560000041820503895100620524600837060035091910702400,359218746472956318186347952237564189641829573895173624524691837768435291913782465,1
006080900418729365023000187075294013060837500209500070501000006380060754600300800,756183942418729365923645187875294613164837529239516478591478236382961754647352891,1
009720806500010240060580000420030900006052000870961403100603080008070092050090604,319724856587316249264589731421837965936452178875961423192643587648175392753298614,1
070903105008426973300175082450367200290840567006002004904008001805019026127000839,672983145518426973349175682451367298293841567786592314964238751835719426127654839,1
021085034006401000453076980308150070965327010010064005500040020600718549170502800,721985634896431752453276981348159276965327418217864395589643127632718549174592863,1
050200010007900054108500390900870531000620080705193406090701002040389105870052960,459237618637918254128546397962874531314625789785193426593761842246389175871452963,1
908063400124570800703104509436910700507340000812006390240831600371000008605097130,958263471124579863763184529436912785597348216812756394249831657371625948685497132,1
840701260360084150901620080059000008014007635080106002020519070190070500000200401,845731269362984157971625384659342718214897635783156942426519873198473526537268491,1
530040100000000270012376900098635000064028059005407080670589010000200890200014000,537942168946851273812376945198635724764128359325497681673589412451263897289714536,1
190420580006579132250600947070000650908050700425030800002097000014365000600240005,197423586846579132253618947371982654968154723425736819532897461714365298689241375,1
506218007827004003000306208073185409941023800080749061350000192002931584400850730,536218947827594613194376258673185429941623875285749361358467192762931584419852736,1
004020739762093548059408020481960002600030014000001095520310967940080251076009400,814526739762193548359478126481965372695732814237841695528314967943687251176259483,1
403206100000040090600075400048703001001080040065010073890000204007029500024160709,483296157752841396619375482948753621371682945265914873896537214137429568524168739,1
409000002021006790085003410012007900840209301036000287098052100050490600170630520,469175832321846795785923416512387964847269351936514287698752143253491678174638529,1
045007000026953084970004301007090138409000070060705490631270945594361820080049013,345187269126953784978624351257496138419832576863715492631278945594361827782549613,1
874603510300790046600584720260905007057000098043870105786049001039000070510000984,874623519325791846691584723268915437157436298943872165786249351439158672512367984,1
450070010200640075000005436609701354030004000070006091061090040040503709095062103,456379218213648975987125436629781354138954627574236891361897542842513769795462183,1
934050106805361249600490375006509004090130062340007950259006013761003000083915607,934752186875361249612498375126589734597134862348627951259876413761243598483915627,1
657009200190068045428005096010900874080170060060084009000001900201800053509032480,657349218193268745428715396315926874984173562762584139836451927241897653579632481,1
050413007030560020810792053182030000374805619060007208040301090720650080500200370,259413867437568921816792453182936745374825619965147238648371592723659184591284376,1
026408390740009105000560408801634502253081049060902810085200034670000051002100006,526418397748329165319567428891634572253781649467952813185276934674893251932145786,1
001005048800004003305869702086020471573941200010000059150402637200730095739006804,621375948897214563345869712986523471573941286412687359158492637264738195739156824,1
700000400460000087032048619007320154025104003301057000974501206000032000200009540,718963425469215387532748619897326154625194873341857962974581236156432798283679541,1
405000000103548090006000548060851023020060400738200651010085070859070132007002865,485629317173548296296137548964851723521763489738294651612385974859476132347912865,1
780300005040090368316045790904020803852900600630580007090210486020600031163050079,789362145245791368316845792974126853852937614631584927597213486428679531163458279,1
093006450258004076610000290300759800002080600580000000805042700460500120029607084,793826451258914376614375298346759812972481635581263947835142769467598123129637584,1
001790264002010090507642100920001800003070000700980400108039602005000700060850341,381795264642318597597642138924561873853274916716983425178439652435126789269857341,1
604710520127090084980203176010879052859462000040531008060107093203900010001306007,634718529127695384985243176316879452859462731742531968468157293273984615591326847,1
003120480184670030570834169715090026040060010026000703831956274007300698000280301,693125487184679532572834169715493826348762915926518743831956274257341698469287351,1
000032500058169027702580900001300042084971050573046090865000010420613005037890260,946732581358169427712584936691358742284971653573246198865427319429613875137895264,1
514090670086270045972006183298050006430029518601708009029010360000960850160307200,514893672386271945972546183298154736437629518651738429829415367743962851165387294,1
072910030300007021140003679290730185000040067067091000008309050700104893000082010,672915438389467521145823679294736185531248967867591342418379256726154893953682714,1
034008290281405300000030041842910530357204600096573080000049123403620958928001064,734168295281495376569732841842916537357284619196573482675849123413627958928351764,1
700100040824003070350020608540612000160700050200000167000096015600305009970041830,796158342824963571351427698547612983163789254289534167432896715618375429975241836,1
800050100105400376094703852310027060006000013407060028000192030032000400901034087,873256149125489376694713852319827564286945713457361928748192635532678491961534287,1
002640000600030400090152038079528146400971082020000059507000093200090000010380270,832647915651839427794152638379528146465971382128463759547216893283794561916385274,1
763020490810063200542791683980104702235006010071230560004509308050347000390600140,763825491819463257542791683986154732235976814471238569624519378158347926397682145,1
010309000690800213305124086087206190251098000063451072146003709709600050508007031,812369547694875213375124986487236195251798364963451872146583729739612458528947631,1
700295316000006908096080250250178000008049723400600501830000100900021435501007802,784295316325416978196783254253178649618549723479632581832954167967821435541367892,1
386209000010003070709100632674000928108920400000486050007800500430090006800560097,386279145512643879749158632674315928158927463293486751967832514435791286821564397,1
674080915009040080302010000108059037953007408000038000031570096005300721267801000,674283915519746382382915674148659237953127468726438159431572896895364721267891543,1
480963250006580307103070869930000485014050930068040702301000590645897003029130670,487963251296581347153472869932716485714258936568349712371624598645897123829135674,1
090107000607050409803004006081576920700092000259413060060200098000040052000709041,495167283627358419813924576381576924746892135259413867164235798978641352532789641,1
004082973000604000280397010030408590056029304098130260900250030520000149861040702,614582973379614825285397416732468591156729384498135267947251638523876149861943752,1
273004001185900740694721050001097230020480009008310004742108395019573006500000187,273854961185936742694721853451697238327485619968312574742168395819573426536249187,1
000305248804062091105090673610000820387420056042086739060208015408000362291050480,976315248834762591125894673619537824387429156542186739763248915458971362291653487,1
745001632680000501321070800900000400400350018530100706803016024000093160100024007,745981632689432571321675849918267453467359218532148796853716924274893165196524387,1
568010420009350087301402695080047306030021000415800279003000701726100050004075832,568719423249356187371482695982547316637921548415863279853294761726138954194675832,1
102000030470025961360018000605030004931000200847201053000740010780002500000000306,152976438478325961369418725625837194931654287847291653596743812783162549214589376,1
029384017875920040043005092794000200382079060500030079950602001008510906061803054,629384517875921643143765892794156238382479165516238479957642381438517926261893754,1
210007000807540006954206807062805913503021408080934650009168205620093781040052300,216387594837549126954216837462875913593621478781934652379168245625493781148752369,1
080096752000257841572418963903180075018025304040730100037000500809000600651902438,184396752396257841572418963963184275718625394245739186437861529829543617651972438,1
701089603852010400096040005030275864080030009074896051520001000460358902918427536,741589623852613497396742185139275864685134279274896351523961748467358912918427536,1
026800401470390680090001003189074020640003700530906148200405907703200014010700000,326857491471392685895641273189574326642183759537926148268415937753269814914738562,1
015008020069400081248061900470096000090105400100040896027500009931204568084019002,715938624369452781248761953473896215896125437152347896627583149931274568584619372,1
900041506140006390206300800010530020532014968078609003320975080760083010800060735,983241576147856392256397841619538427532714968478629153321975684765483219894162735,1
982034007437800002500027000210700400005009723079452168008270040004308571790501206,982134657437865912561927834216783495845619723379452168158276349624398571793541286,1
074060125906312078820704063200431080400000600580206341735089214002047006608020059,374968125956312478821754963269431587413875692587296341735689214192547836648123759,1
000204530360095400074008002200010050130607009040580061020001700410030080050940100,891274536362195478574368912286419357135627849947583261623851794419732685758946123,1
537240000089060504060090072094800203306950718700100946615320480872410360000085107,537248691289761534461593872194876253326954718758132946615327489872419365943685127,1
094005083260090540075480620801547390050930000900000050087210930039006072002379804,194625783268793541375481629821547396756932418943168257687214935439856172512379864,1
007403000000000692801290000658000007749500201123978000076300840304859700002000103,297463518435781692861295374658124937749536281123978465576312849314859726982647153,1
650320478430009102108400360304200500702548030895710046001057893080034025500902614,659321478437869152128475369314296587762548931895713246241657893986134725573982614,1
605219704409053801312008609156800000807300502923060070201074386060032015530180207,685219734479653821312748659156827943847391562923465178291574386768932415534186297,1
315209608679580000040000009700100090084970201000835064000701026060050907907460510,315249678679583142248617359736124895584976231192835764853791426461352987927468513,1
600080439097004500340001670509100240402635007070940300801429700000006904924050001,615287439297364518348591672539178246482635197176942385861429753753816924924753861,1
002800004006200080070504320600072043800310060900086100730000400001049008000150679,352861794496237581178594326615972843847315962923486157739628415561749238284153679,1
000405712013807650745062809090250080006081500050043276500008007064379025971524360,689435712213897654745162839397256481426781593158943276532618947864379125971524368,1
407935812985000734010870560000509043109243007004607005000428001092351070541790328,467935812985162734213874569678519243159243687324687195736428951892351476541796328,1
008065702605409801012308045080090400264750900093801000059002074037004526000017009,348165792675429831912378645781296453264753918593841267859632174137984526426517389,1
890002100461908000527014800740060908358200014010840020005000280079103460000007391,893752146461938572527614839742361958358279614916845723135496287279183465684527391,1
386020074000793628297086105029057400001009760703100080100370206032004057070268340,386521974514793628297486135829657413451839762763142589148375296632914857975268341,1
230000060700436901060209053080945172574182306090307085907000018610508240805704009,239851764758436921461279853386945172574182396192367485947623518613598247825714639,1
301600050790080231040031906108500764067800005900300010080040627072908140013060589,321697458796485231845231976138529764267814395954376812589143627672958143413762589,1
312040079008097300004000020570600401420030000830070960003901087165780093987352100,312546879658297314794813625579628431426139758831475962243961587165784293987352146,1
004103900769805023030006854170000036540367219000250400003908005917504002085602300,854123967769845123231796854172489536548367219396251478623918745917534682485672391,1
705060004102700500030041200061053000483006901007000030210630080350000170800100300,795362814142789563638541297961853742483276951527914638219637485356428179874195326,1
620400890704200106900700040097006008100080730042300009070093620069150004538040000,623415897784239156915768243397526418156984732842371569471893625269157384538642971,1
359100486006590230000006090000020008230004657170080000400051963090000010513469072,359172486746598231821346795965723148238914657174685329487251963692837514513469872,1
015420968480160305030507000040895007800700520950230480098052700070900250004000006,715423968482169375639587142241895637863714529957236481398652714176948253524371896,1
910630002000000039730901040307869200026305407090274683003100028208053900159082000,914638752682547139735921846347869215826315497591274683473196528268453971159782364,1
506020004020700583030854162368190207000608900190007638600583079000000006850970301,586321794421769583739854162368195247247638915195247638612583479973412856854976321,1
006102703024007015007035290491076080860920300073008960609050400700801059508269137,956182743324697815187435296491376582865924371273518964619753428732841659548269137,1
800324560070006084000050309504100690001280073032640000650491708007508046408702000,819324567375916284246857319584173692961285473732649851653491728127538946498762135,1
910476853743005090000910720000730561105820000400651080024008670501360249670542000,912476853743285196856913724298734561165829437437651982324198675581367249679542318,1
760000050009500700524176890456710008200685047170400069382900070600348025945260381,761893452839524716524176893456719238293685147178432569382951674617348925945267381,1
030620040009000000605008901000842700000967000008300020254090180387500402100204037,731629845849175263625438971563842719412967358978351624254793186387516492196284537,1
001685470000104289078023006003207065056401092720850004004760038037548021580310607,291685473365174289478923156143297865856431792729856314914762538637548921582319647,1
090060004856040709300709000037006548548037002260480301980600015405308967601594803,792863154856241739314759286137926548548137692269485371983672415425318967671594823,1
050467030073500000008312547006900085840105726501070400604059371017040958395701064,152467839473598612968312547736924185849135726521876493684259371217643958395781264,1
897403200401080530235910847080530720040800691000640058026390000050074962074060080,897453216461782539235916847689531724543827691712649358126398475358174962974265183,1
005004970087091243002037600020080790830402056700956802003615489900028361100300500,315264978687591243492837615526183794839472156741956832273615489954728361168349527,1
320479105749580302185302974004038207051090003800245091403916500012000000008723406,326479185749581362185362974964138257251697843837245691473916528612854739598723416,1
580302097000918304493706001100003060026180475048260010035621049907034526064500130,581342697672918354493756281159473862326189475748265913835621749917834526264597138,1
340500906020076080607000020703400802000627100100090007275310048418760290030000715,341582976529176384687934521793451862854627139162893457275319648418765293936248715,1
053940007700830040040576980531024809087095216296010300310050708020060500075083490,853941627769832145142576983531624879487395216296718354314259768928467531675183492,1
934000600080900032672035800041089007007064380508370009020050000850000906010493208,934827615185946732672135894341289567297564381568371429429658173853712946716493258,1
036807925209610007870295603000459032000781000497060100900020000503078064060034089,136847925259613847874295613681459732325781496497362158948526371513978264762134589,1
300008162000012730106793800904067023850300410063541978000075004548036207030984050,379458162485612739126793845914867523857329416263541978691275384548136297732984651,1
030100728000037609907208534000010000008043256005029341600300402301600890804000100,436195728582437619917268534243516987198743256765829341659381472321674895874952163,1
508076341370010806020804070000000603600485210200900580003090058860700409900040060,598276341374519826126834975485127693639485217217963584743692158862751439951348762,1
504010030200400500010096720630009845750064092041052300425030680097620453080905201,564217938279483516813596724632179845758364192941852367425731689197628453386945271,1
050467392006000007907000560049103005680740931070690200510306400000801020068900153,851467392426539817937218564249183675685742931173695248512376489394851726768924153,1
082400675095000430647805902471300806560000020038060097804021000926740581713600209,382419675195276438647835912471392856569187324238564197854921763926743581713658249,1
901020065346000008002306040498063001003015604165284970019007536857000002034592810,971428365346159728582376149498763251723915684165284973219847536857631492634592817,1
568020937700058000031097000350010090007843625080905713802509400013486072040071300,568124937729358146431697258356712894197843625284965713872539461913486572645271389,1
103075090592000076706020300928546731007030509060000204871200650004000020250068140,143675892592183476786429315928546731417832569365917284871294653634751928259368147,1
405309602126840079937162000001000700004908100600714023013007498749083260060091537,485379612126845379937162845391256784274938156658714923513627498749583261862491537,1
900072346040010097783409002508931720001700605320000080059600003206190400000003001,915872346642315897783469512568931724491728635327546189159684273236197458874253961,1
058346912000000704200190000500800000031064000020950048183000056905483007002010030,758346912319528764246197583594832671831764295627951348183279456965483127472615839,1
098650010600024398012309570065000140704000925129043000570290004900735280080401709,398657412657124398412389576865972143734816925129543867571298634946735281283461759,1
096083074304210800287000030600804720000006003420700680940078010060005040570000908,196583274354217896287469135639854721718926453425731689943678512862195347571342968,1
184096007306048150000102804750000940039010605461005320605081093072350416013407582,184596237326748159597132864758623941239814675461975328645281793872359416913467582,1
000000009409000030050460000580090407070002006000100802290300000318050724640010000,721835649469721538853469271582693417174582396936174852297348165318956724645217983,1
836020100051007690700000805080000006100053080305480700018346500093700000047598203,836925147451837692729164835984271356172653984365489721218346579593712468647598213,1
731904500024005010695081724042090600318506040000140800200430106469008007083050490,731924568824765913695381724542893671318576249976142835257439186469218357183657492,1
375001080042786001801039024406007592100600438020908100600070003204003070730005009,375421986942786351861539724486317592197652438523948167659274813214893675738165249,1
706100025010000040002705000903607810104082000628500030841900000095000176360050000,786194325519823647432765981953647812174382569628519734841976253295438176367251498,1
634007090902001030500003480200405007756009803000070200869150004300700008475368000,634587192982641735517923486298435617756219843143876259869152374321794568475368921,1
090120560020300019531000400408016002372050040000032008000591034015800000900000000,897124563624375819531689427458716392372958641169432758786591234215843976943267185,1
203900008160080047405107603600000035092705481007401026000604079014300060900800514,273946158169583247485127693641298735392765481857431926528614379714359862936872514,1
760009004043260000008054016092070600300941002004800937200017400450600728037082005,765139284143268579928754316892375641376941852514826937289517463451693728637482195,1
608320104005000000324705600593082001100930805807056239280500006706000400039070012,678329154915864327324715698593482761162937845847156239281543976756291483439678512,1
060320080090040632032680000625930004307100000409850006070000069940008120153206700,564321987891745632732689451625937814387164295419852376278413569946578123153296748,1
100680574072300906400019020630500000517426809000108705701945200900273001305801407,193682574872354916456719328638597142517426839249138765761945283984273651325861497,1
924510300380064752075080900053891600000305140009026005197042003508030200200000001,924517368381964752675283914453891627862375149719426835197642583548139276236758491,1
840730290302004001600091004064918007200040100009503086083100642700009510405362000,841736295392854761657291834564918327238647159179523486983175642726489513415362978,1
495100360032698001186000700500300040061240080047060130203906800600483215000052093,495127368732698451186534729528371946361249587947865132253916874679483215814752693,1
028396451931845000000270389000430516140060008250900734317050042092780065605004900,728396451931845627564271389879432516143567298256918734317659842492783165685124973,1
029014830018006070070500290053800600240070510000040000187060304032000007465007082,529714836318296475674583291753821649246379518891645723187962354932458167465137982,1
010068320073294158800050007056801479387049002104600500030000805560480230428010706,915768324673294158842153967256831479387549612194672583731926845569487231428315796,1
005109087107680409389547200048000692603050801000004000052700030914035700736090020,465129387127683459389547216548371692673952841291864573852716934914235768736498125,1
060308405002790086000156702093047801604810023501032674000089217020071308718260049,167328495352794186849156732293647851674815923581932674436589217925471368718263549,1
290576004053009206000280905530608000480052160026704583070430001342061058610827340,291576834853149276764283915537618492489352167126794583978435621342961758615827349,1
002980401089460570300210980620070395705600004038004167203790600400850703801046250,562987431189463572347215986624178395715639824938524167253791648496852713871346259,1
235009187400071560167503940680004090001600028000008654359812006006740200004930815,235469187498271563167583942682354791541697328973128654359812476816745239724936815,1
057062004041708500602905037013070405578300006469500023890403001105007648000816059,357162894941738562682945137213679485578324916469581723896453271135297648724816359,1
012560080637184005000209063720040038009708002084902500870490021591020007046310809,912563784637184295458279163725641938369758412184932576873495621591826347246317859,1
062351709018420650730000000000034860074009010080172594349810275020000008807200006,462351789918427653735968421291534867574689312683172594349816275126745938857293146,1
940120070250407009317896400005008290621053080089260530560300812072041950103582040,946125378258437169317896425435718296621953784789264531564379812872641953193582647,1
708026300350104708000800000080201040694007081127400036060900073901000002802005409,718526394356194728249873165583261947694357281127489536465912873931748652872635419,1
017300080096841273000007000701000892049000006005670431000080615052090308603015907,417362589596841273238957164761534892349128756825679431974283615152796348683415927,1
000009840023648971040001362280006403415832096930475200678090020002060587104207000,761329845523648971849751362287916453415832796936475218678593124392164587154287639,1
052836009740020008003740200500203706624007983307084002070902800230060190981370624,152836479749521368863749251518293746624157983397684512476912835235468197981375624,1
325400189047200305100853724250086903070042006000070400006700030000090001518000090,325467189847219365169853724254186973971342856683975412496721538732598641518634297,1
367200490009600701002490030406070010200000000705001864071902300930700040004183079,367218495849635721152497638486579213213864957795321864571942386938756142624183579,1
300000761600957300207006950004310206006085003009702580060091007000024830002503610,395248761618957342247136958854319276726485193139762584563891427971624835482573619,1
009043800061097005008562013007250689925706130604009527046900000513678490800405000,259143876361897245478562913137254689925786134684319527746921358513678492892435761,1
012034000000590621796000005020006180180902000670140009261000594008210730350000002,512634978834597621796821345429356187185972463673148259261783594948215736357469812,1
603850000010000045458102006002060507000000231001000460100090000030085100070200000,693854712217639845458172396342961587769548231581327469125493678936785124874216953,1
671352904982104705340879020700600090023015007560000002037501640190700008008206000,671352984982164735345879126714628593823915467569437812237581649196743258458296371,1
805000204402385906070402501043956020680001459029800003064103005951000302008009617,895617234412385976376492581143956728687231459529874163764123895951768342238549617,1
375080912128037400904021087047819603602753800800200700406095008250300146080042500,375486912128937465964521387547819623612753894893264751436195278259378146781642539,1
570800902400572360301694070014309050800065090050247083960751400087006500000908030,576813942498572361321694875714389256832165794659247183963751428287436519145928637,1
609508472000097600800160593902301060300940105164275030701024950280009006496050007,619538472523497681847162593952381764378946125164275839731624958285719346496853217,1
935080021270190003180307540700650892009042030001003460608009204000000910402518006,935486721274195683186327549743651892569842137821973465618739254357264918492518376,1
618009420072840010500612789090260057786053294251790003005006971100520038800900540,618379425972845316534612789493268157786153294251794863325486971149527638867931542,1
010695000403000508295000060000036800981704005034050029000280070328000000009503480,817695243463172598295348167752936814981724635634851729546289371328417956179563482,1
060123980125098307390005410810900506507682140049000078003246051000809703281057690,764123985125498367398765412812974536537682149649531278973246851456819723281357694,1
300497000497000306028010007910830070203765891876009400080600029630950084050040003,361497258497582316528316947915834672243765891876129435184673529632951784759248163,1
030046800000700000610308970003400007000060400860509010005000081081000009906814025,739146852548792136612358974293481567157263498864579213425937681381625749976814325,1
080300007000800026000075104700409602049102050210000030060093001001247003002680905,184326597975814326623975184758439612349162758216758439867593241591247863432681975,1
050703468238041950647985300716000039093062705582370600800030190065207800029400076,951723468238641957647985321716854239493162785582379614874536192165297843329418576,1
605042109270500340493800502040001023730900410102030007000094856520683791069175230,685342179271569348493817562948751623736928415152436987317294856524683791869175234,1
900356814530780092006040753000060430063425009480000506005610300670500900341890265,927356814534781692816249753152968437763425189489173526295614378678532941341897265,1
600359100207614300901002604470005831068107490012948570743520000005071063106890705,684359127257614389931782654479265831568137492312948576743526918895471263126893745,1
098460107620510040043279860400030050000050086000841073700320018230086090004705602,598463127627518349143279865482637951371952486956841273769324518235186794814795632,1
602790380940003006810052900186927030729400018000168029500206003260000095070000402,652794381947813256813652947186927534729435618435168729598246173264371895371589462,1
008047005060802030370006428192030000083070219040129386820751043901260057057083162,218347695564892731379516428192638574683475219745129386826751943931264857457983162,1
856120349301468705002500001510042800984750102623009004100200468060070003230080910,856127349391468725742593681517342896984756132623819574179235468468971253235684917,1
100900007502064093307080062029050034050240670400000925000425319201603050930017046,164932587582764193397581462729156834853249671416378925678425319241693758935817246,1
001054900000008107809002035400200610002001009190640058008000501004573006506009000,361754982245938167879162435487295613652381749193647258738426591914573826526819374,1
610400002230010470705823169900180057870352016153000284000508000061237895082061003,618479532239615478745823169926184357874352916153796284397548621461237895582961743,1
023905800000304062400082031791648053345027609008530104610053008570000326830070010,123965847987314562456782931791648253345127689268539174612453798574891326839276415,1
082603900004200508769845210000302180906158400801760305205000001098407650673521849,582613974314279568769845213457392186936158427821764395245986731198437652673521849,1
400007360080356402020000075002098000000215040910060508200630000509100280670500004,495827361187356492326941875752498613863215749914763528248639157539174286671582934,1
703600590169070030020139000410000985852700006006050724000200408381540060270080153,743628591169475832528139647417362985852794316936851724695213478381547269274986153,1
700200090042130000958006312096005137037960020001307905060784250204510689180692003,713258496642139578958476312496825137537961824821347965369784251274513689185692743,1
600203957908157364057940008430010600801062593090305401500798100100000035762501849,614283957928157364357946218435819672871462593296375481543798126189624735762531849,1
847213506390845070000096830012089367008030910063571400730900680680320050200060740,847213596396845271125796834512489367478632915963571428731954682684327159259168743,1
500000280470528609620000075182700056069004013045800027016395042930080000050617098,593176284471528639628943175182739456769254813345861927816395742937482561254617398,1
305947000190523807472108003061752004000694210240081700020039100918476052030215400,385947621196523847472168593861752934753694218249381765524839176918476352637215489,1
612080003580040070900061080096000700025490061147058039730000005400572310201800907,612785493583249176974361582896123754325497861147658239738914625469572318251836947,1
070300849028054000000008000700500020089023700000980310432809065690400280005236000,571362849928754631346198572763541928189623754254987316432879165697415283815236497,1
000000100200009786090670200058090320370500000000007005040261008083045602009700001,764852193235419786891673254458196327376524819912387465547261938183945672629738541,1
650794120001325000040010050108900000004800210567102080705000940900400500412070063,653794128871325694249618357128946735394857216567132489785263941936481572412579863,1
145000006006150400907086005029830501000760302610295807062503000004600058000948600,145329786286157439937486215729834561458761392613295847862513974394672158571948623,1
015742980000300002009586307000460098687910000490038700903000800750123649064870020,315742986876391452249586317532467198687915234491238765923654871758123649164879523,1
087549103005810792001032040153600978026098504804370200000000080478953021600001400,287549163345816792961732845153624978726198534894375216512467389478953621639281457,1
430805600621900005507204000800003104304080026000009508015300260763052049008790300,439815672621937485587264913852673194394581726176429538915348267763152849248796351,1
960510030100060000004200005691840500000105080050690710200480350000032400406000098,967514832125368947384279165691847523743125689852693714279486351518932476436751298,1
865004710009506832231798000900403021000800960406059380500620003074981206690345000,865234719749516832231798645987463521153872964426159387518627493374981256692345178,1
450800317098603405002000900901350086080000054564107230810205043000030800609400572,456829317198673425372541968921354786783962154564187239817295643245736891639418572,1
180070049240608105075914230000423081428090000030800900010302057352000016860541392,183275649249638175675914238596423781428197563731856924914362857352789416867541392,1
120596430050807200760000510807009624900640100040172000071063000003020761005700002,128596437354817296769234518817359624932648175546172983271463859483925761695781342,1
456900032090208100120640000009027050600890410080300009240780365865030074007000080,456971832793258146128643597319427658672895413584316729241789365865132974937564281,1
903000765625830194100006008002760080300050610807000500000000043456020000008471906,983142765625837194174596328512763489349258617867914532791685243456329871238471956,1
009321068316004275482600019801702000205046001000038902063017024700083196128069507,579321468316894275482675319891752643235946781647138952963517824754283196128469537,1
000000065004006000685970000307008419009732600008490003013645090050807346400029081,731284965294156837685973124327568419149732658568491273813645792952817346476329581,1
504900080006351790390420601072009103005007009940163005400805007051090436700634518,514976382286351794397428651672589143135247869948163275463815927851792436729634518,1
560000004100060879782010605301025098650008020920730061010906000806240007295380046,569873214143562879782419635371625498654198723928734561417956382836241957295387146,1
700540001302801790165020384290037056578000430030250170406305000907102643820694500,789543261342861795165729384291437856578916432634258179416375928957182643823694517,1
703040600500283091810570020100690287070058009698020540040915806956830000300402075,723149658564283791819576324135694287472358169698721543247915836956837412381462975,1
830104275217905036400027108160200700005010620003648900590001360600832049300506017,839164275217985436456327198164259783985713624723648951598471362671832549342596817,1
308574960000002070657090034000209100106080592209305087063720000904100028810043706,328574961491632875657891234785269143136487592249315687563728419974156328812943756,1
009120000017503094532904106700090000300618420420700609056340800000800000980207500,849126735617583294532974186761492358395618427428735619156349872274851963983267541,1
706813040010694078800500100004052719301968254025471003209740830468000027030209065,796813542512694378843527196684352719371968254925471683259746831468135927137289465,1
006194870907852006014670529380500004605708010002010050509200407000407065078960031,256194873937852146814673529381526794695748312742319658569231487123487965478965231,1
037020986508000003602000000000280604003047200080350700000405007001602500456908310,137524986598761423642893175715289634963147258284356791329415867871632549456978312,1
290003000480527013037900840800000074749206085010400069070632508028005431003184026,291843657486527913537961842862359174749216385315478269174632598628795431953184726,1
000600090000070500003020716001704259007589361030000407050042003002306900008097005,275613894164978532893425716681734259427589361539261487956842173712356948348197625,1
507080060041000300928340510260004089004829100089630245490108603800063974306405000,537981462641752398928346517263514789754829136189637245492178653815263974376495821,1
040060908802000065000049700604328109970456080300910040207093800006184090489002601,743265918892731465165849723654328179971456382328917546217693854536184297489572631,1
160007508970805146048001739315460802084302900720108463201780000030290050090003000,163947528972835146548621739315469872684372915729158463251786394837294651496513287,1
681000940200400010045600000804037105050064070710200364023000498000005032470302051,681523947237489516945671283864937125352164879719258364523716498196845732478392651,1
920016047084753219103240005000005821517020004260090500700930158800067032002084006,925816347684753219173249685439675821517328964268491573746932158891567432352184796,1
230685701500297300080004260058073902073021050009050037060700103790060548300510079,234685791516297384987134265658473912473921856129856437865749123791362548342518679,1
173804005000012004240003700008040020900387000000095003409500076607000580000006409,173864295895712364246953718358641927924387651761295843439528176617439582582176439,1
024596087008001593519703004036008240487200300152034809845010002061900000700862400,324596187678421593519783624936178245487259316152634879845317962261945738793862451,1
120600479000000060645970300950000012870209630302000040530092100006087050210006794,123658479789324561645971328954763812871249635362815947537492186496187253218536794,1
805649721601052983920810465000400092000520607570900148050080300403097000010360074,835649721641752983927813465368471592194528637572936148756284319483197256219365874,1
290030040001084900860007020000361070376090012058002000009070200003509167607410089,295136748731284956864957321942361875376895412158742693519678234483529167627413589,1
000068510289301400000094080860029057070136948910080632398040021125000800046802305,437268519289351476651794283863429157572136948914587632398645721125973864746812395,1
015790084800104796709608050000071508153289047278000901380062475090000800027000069,615793284832154796749628153964371528153289647278546931381962475596437812427815369,1
802006007070985203430702900209073400000290030000060029058040392960328175307059080,892436517671985243435712968219873456586294731743561829158647392964328175327159684,1
005800109308019007090002308801690000050230000040085690023450000000000001416070002,275843169368519427194762358831694275659237814742185693923451786587326941416978532,1
206030510130526800000490306020905068068310045450000002640873201319250607002060003,296738514134526879587491326723945168968312745451687932645873291319254687872169453,1
748000095602010743135000028006040201500060070320000804007034000050002907000070010,748326195692815743135497628876943251514268379329751864967134582451682937283579416,1
518409027247830100030001400071980205025004900690250000082647503059302004463098712,518469327247835169936721458371986245825174936694253871182647593759312684463598712,1
074290815298001403003846079800059007910407508730620900009310706060900100081702094,674293815298571463153846279842159637916437528735628941429315786367984152581762394,1
670203510052000608900756243069400801401600035580100060800000090090314006146897000,674283519352941678918756243769435821421678935583129467837562194295314786146897352,1
590240067260007050407905300972000010130096208080130975006370504751020836049650020,598243167263817459417965382972584613135796248684132975826371594751429836349658721,1
050080670007006309069300028080009050605070190092040063020790430048563712300000985,253984671817256349469317528184639257635872194792145863521798436948563712376421985,1
509100084783042501004050009647205008901480256200000407302800900800301640016029070,529136784783942561164758329647295138931487256258613497372864915895371642416529873,1
834005601209871003710630000023740080586309024400008006308960517901453802602107309,834295671269871453715634298123746985586319724497528136348962517971453862652187349,1
070000900056100702000076851600009300780003015023000097060041000804690073005837006,178325964956184732432976851641759328789263415523418697367541289814692573295837146,1
800601000704290008310487000400309580000078194080140003037065000900732801028914700,892651347754293618316487952471329586263578194589146273137865429945732861628914735,1
200600385487935260563120000030000916120760500956341070302806000605013720841257030,219674385487935261563128497734582916128769543956341872372896154695413728841257639,1
740000020800000596925836401180290045359600710060501000503100004000009030204360059,746915328831742596925836471187293645359684712462571983593127864618459237274368159,1
082379500903614870107008043000057309809030100500080020605091430010063005398245610,482379561953614872167528943246157389879432156531986724625791438714863295398245617,1
460790312971603080800054670000275100029861700710439528097086034200940000004300950,465798312971623485832154679348275196529861743716439528197586234253947861684312957,1
031600020290104060000295100306500719005921600018000400009053240000000380073860500,531687924297134865864295173326548719745921638918376452189753246652419387473862591,1
070803401608407090203061800000700009006302108391000700000570004037240086400036970,579823461618457293243961857824715639756392148391684725962578314137249586485136972,1
008260705647851320500003604810000000703100908402789001200000093175308000300012857,938264715647851329521973684819435276753126948462789531286547193175398462394612857,1
072000895006280340008074620084002000060490210209000080091543760643700058705010400,472631895916285347358974621184352976567498213239167584891543762643729158725816439,1
805006041160489705400051026340000697090134258528900310010042060950003482080095100,835276941162489735479351826341528697697134258528967314713842569956713482284695173,1
000000000072850634056043820260498703740302060008005000600020300401036057523080400,834269175972851634156743829265498713749312568318675942697524381481936257523187496,1
700300581352186000180475230020740609000001074410090000801534762203000050070800400,764329581352186947189475236528743619936251874417698325891534762243967158675812493,1
010092406496017285050860391927008050183006720640209108001080940570640000804920567,318592476496317285752864391927138654183456729645279138261785943579643812834921567,1
801070000000040025540628701050700902402800036000230580289000310000102059615090278,821975463967341825543628791358716942472859136196234587289567314734182659615493278,1
053080000910300000068000090005407980800560700600198030790602001520041370001975604,453289167917356248268714593135427986849563712672198435794632851526841379381975624,1
402806951159040600360009742290003060785260039630050004003680400047091820806420307,472836951159742683368519742294173568785264139631958274923687415547391826816425397,1
300000500000560270207310968519076000460203710720005406000600130000850027690001004,386927541941568273257314968519476382468293715723185496875642139134859627692731854,1
007600000400500601500320780108930200009270310270040569004003190030002006800790400,387614952492587631516329784158936247649275318273148569724863195931452876865791423,1
670890205009600710812075369200009007105207900397106004050004682430062501906510000,673891245549623718812475369264389157185247936397156824751934682438762591926518473,1
906028005830100020507340900009000134700681090000900870070409261290000453005010780,916728345834195627527346918689572134743681592152934876378459261291867453465213789,1
860500479004607300709418052073100806940006000100230000618000504490850060020004008,861523479254697381739418652573149826942786135186235947618372594497851263325964718,1
100700400000850270759124000407285390805300004902040000300060000290000735004970602,128736459643859271759124863417285396865397124932641587371562948296418735584973612,1
809253064364070051072461390158700023407080900906000847793020086081006070600800000,819253764364978251572461398158749623437682915926315847793124586281536479645897132,1
612907480300501290900600310460000001503000004081064053009053768020080100830179542,612937485378541296954628317467395821593812674281764953149253768725486139836179542,1
200360009040070586156000230070008305520700860038050092812006073060917408094800050,287365149943271586156489237479628315521793864638154792812546973365917428794832651,1
320896004104003580978050003040581002700462830080739461837900210091000058206318900,325896174164273589978154623643581792719462835582739461837945216491627358256318947,1
080006007920810000600972100473008010105700832260039075500007306846095721732040950,381456297927813564654972183473528619195764832268139475519287346846395721732641958,1
470060300500928604860730000325000400196340805080259100607810043948603512010005760,472561389531928674869734251325186497196347825784259136657812943948673512213495768,1
340859020208700950609310800700500400503960000004270085175083209090100004030605070,347859621218746953659312847721538496583964712964271385175483269896127534432695178,1
000460300200080176070900845942076583180090067007800002008640000030020000001050700,815467329294583176376912845942176583183295467567834912758649231439721658621358794,1
241069358359108760708305192005400071803076040400851639932500000000204500584010020,241769358359128764768345192695432871813976245427851639932587416176294583584613927,1
000100008000000210800070650190043026062091543308500000609007002400010000017389400,924165378576938214831274659195743826762891543348526791689457132453612987217389465,1
509081730018070645034200009070000093692035000340809076400107028920300154180004907,569481732218973645734256819871642593692735481345819276456197328927368154183524967,1
712500089630098052098602010901320568307809200020000037285003000003900025460051000,712534689634198752598672314941327568357869241826415937285743196173986425469251873,1
600180340708534096000000001063800902020693180980000560806912005090305718030748600,652189347718534296349276851463851972527693184981427563876912435294365718135748629,1
679508301200301800318004592890046703026900180401000609103059276042600938900203015,679528341254391867318764592895146723726935184431872659183459276542617938967283415,1
030658001925401000001720043402083009359010684170900235016300408040105300293804156,734658921925431867681729543462583719359217684178946235516392478847165392293874156,1
704205008090670120500000000035000817600031500009752304070008000453120689012590703,764215938398674125521983476235469817647831592189752364976348251453127689812596743,1
510279040004600010609030075067000820240060037805702060072800491008024050456190382,513279648724685913689431275967513824241968537835742169372856491198324756456197382,1
020001053300204167410703900830596004572000610960170800603027541258400370047030098,726981453389254167415763982831596724572348619964172835693827541258419376147635298,1
086350010720018045031409000048000739250701684007800501005104090370002006900536470,486357912729618345531429867148265739253791684697843521865174293374982156912536478,1
401759820720863041085100090194086030070200054250497108530008400017602005608370210,461759823729863541385124697194586732876231954253497168532918476917642385648375219,1
080700001027100580500008000815000907002300000700800046094020708300581029208409103,483752691927136584561948372815264937642397815739815246194623758376581429258479163,1
902700060850006923030590187023840010148060750706120834265070348400230006309054001,912783465857416923634592187523847619148369752796125834265971348471238596389654271,1
102060004900005623607082900800347265375026149206519038400000006068031007709004380,152963874984175623637482951891347265375826149246519738423798516568231497719654382,1
060130450000470086380950217005000000002360005600000921000000060430010090591680042,267138459159472386384956217815729634942361875673845921728594163436217598591683742,1
501376200034000710278941060050234601020810057319005082000402075900050104705183920,591376248634528719278941563857234691426819357319765482163492875982657134745183926,1
009600840000024316462813795501006470396700201724090630008405900907302100043100587,139657842875924316462813795581236479396748251724591638618475923957382164243169587,1
690207104410089720005001900080020090721090846000804000300060217067130459102075600,698257134413689725275341968584726391721593846936814572359468217867132459142975683,1
803490506952706310106203000730902460600805231200600750409500083568000072300160940,873491526952786314146253897735912468694875231281634759419527683568349172327168945,1
087391560053000194201506000010702309064130825309400607030004950975210486040008203,487391562653827194291546738518762349764139825329485617832674951975213486146958273,1
570280194809060200340710560254098010931006000060124950005000071487900600103600849,576283194819465237342719568254398716931576482768124953695842371487931625123657849,1
871435006490601307263970041950300712710006408048217000000802104000750000627103890,871435926495621387263978541956384712712596438348217659539862174184759263627143895,1
500123400040879600109450070791004003030007165000030047907345280308692014000718039,576123498243879651189456372791564823432987165865231947917345286358692714624718539,1
570902004001500023000400951900873062302105007780009100258790000000300078637281549,573912684491568723826437951915873462362145897784629135258794316149356278637281549,1
400000507720310004680074300000000083010006020502030046106048259059160008047925601,493682517725319864681574392964257183318496725572831946136748259259163478847925631,1
930851600805004009000963805018405962009100730346000058004510073087342590200609000,932851647865724319471963825718435962529186734346297158694518273187342596253679481,1
020000710519720800060014002106002370000473021070160500780391400431607008605048137,824935716519726843367814952146582379958473621273169584782391465431657298695248137,1
978504260304610007060897004830961470049370816006000300000000000507286143021000608,978534261354612987162897534835961472249375816716428359683149725597286143421753698,1
009530200540860903003901806060100028412080090035090710100325467350679100726000509,689537241541862973273941856967154328412783695835296714198325467354679182726418539,1
930500010607400309201839060569008207102075946074690008000280571700950803005703604,938567412657421389241839765569148237182375946374692158493286571716954823825713694,1
040000706070960042002074930085790021407802659926140387030050294650420103290007860,549283716873961542162574938385796421417832659926145387731658294658429173294317865,1
016950030305200007209000805723009506084705920091608000032076154057192360068043279,816957432345281697279364815723419586684735921591628743932876154457192368168543279,1
391524807004306095800710024487902031009801742602003008023000010160295000040007006,391524867274386195856719324487952631539861742612473958723648519168295473945137286,1
071926405598431006406057900085614390134005600000082500850100760940268003012070849,371926485598431276426857931285614397134795628769382514853149762947268153612573849,1
000000200020003178081750694000540001014036759563917482078329500032065910000070823,749681235625493178381752694297548361814236759563917482178329546432865917956174823,1
073000480985340060401790020814609050026430978730285040048053007102060830397820605,273516489985342761461798523814679352526431978739285146648153297152967834397824615,1
613098527024000930090203010305009280000080079200300460146927053030100742752834106,613498527524716938897253614375649281461582379289371465146927853938165742752834196,1
958724106206095740074006950407000009580640270329078604040930020703800495002001060,958724136236195748174386952467213589581649273329578614645937821713862495892451367,1
602001050705600210910005670500027000000006794000400580450903106309100007000064000,682371459745698213913245678594827361238516794176439582457983126369152847821764935,1
070543108456701030000029507007098320380006000629135800103000482740800000290364701,972543168456781239831629547517498326384276915629135874163957482745812693298364751,1
872651409600704820004382057040100306058960174000807590500409068460070010083206900,872651439635794821194382657947125386258963174316847592521439768469578213783216945,1
250397014000012357007800200135060908928501463760900521600089135493006780501023000,256397814849612357317845296135264978928571463764938521672489135493156782581723649,1
001008700970026008000010004810300040704800051500001607067283005020004070489005020,241538769973426518658719234816357942794862351532941687167283495325194876489675123,1
809007134010854700674010508900230815080070690506098073438709200002081340005040987,859627134213854769674913528947236815381475692526198473438769251792581346165342987,1
004510078506030400000600093003024001079080326150396784207908045600070209001053860,324519678596837412718642593863724951479185326152396784237968145685471239941253867,1
420659070000000096605308410002163080056987230870502000307294650000806927200700300,421659873738421596695378412942163785156987234873542169387294651514836927269715348,1
952604003003500100146070590700020361681307020300060800439085610068041039017936400,952614783873592146146873592795428361681357924324169875439285617568741239217936458,1
493007256200049030501203470612008040730106900008320760006035024025071693349602010,493817256267549138581263479612798345734156982958324761176935824825471693349682517,1
000750090015600807700400500087200035590070026603105089054960008002087004008010652,846751293215639847739428561487296135591873426623145789154962378362587914978314652,1
504700928890000176000819543147958630639027850085036794370200080950000207020670300,514763928893542176762819543147958632639427851285136794376291485951384267428675319,1
540160270907200513310005680890502730020830406000690052284719005030050127750020900,548163279967284513312975684896542731125837496473691852284719365639458127751326948,1
020907048708304009409821306047283001030709825092610700000030160200100003316590080,123967548768354219459821376547283691631749825892615734975438162284176953316592487,1
400907162217060054009201738040000295906528013125094680300000820092080340680100000,438957162217863954569241738843716295976528413125394687351479826792685341684132579,1
409100020000809700000502004000000319000073002860900407008000005052098100176000930,489167523235849761617532894724685319591473682863921457948316275352798146176254938,1
000401000004032608520608400160045000000807205005020300040500023038700506051090040,386451972714932658529678431162345789493867215875129364947586123238714596651293847,1
163089470059030162400601308526047901090002780748003526230098640684070209000400003,163289475859734162472651398526847931391562784748913526235198647684375219917426853,1
000003000358907026721560039000080900896100574103759862019425080400371095037896201,964213758358947126721568439275684913896132574143759862619425387482371695537896241,1
070003906040872300103000784397200068400906037050380491709430002568729040030561079,875143926946872315123695784397214568481956237652387491719438652568729143234561879,1
000163000003020809051849200590000401006002000002000630000790106609008570870051300,928163745463527819751849263597386421386412957142975638235794186619238574874651392,1
207340600630870000108092053700980006090100020063007941005739068080050370006018205,257341689639875412148692753712984536594163827863527941425739168981256374376418295,1
351604809092008307060020000100203578820957410530401002000705030275030904910040006,351674829492518367768329145149263578826957413537481692684795231275136984913842756,1
406090000130000506085017093300760058897003164560000237000100305751830600000056700,476395812139248576285617493312764958897523164564981237648179325751832649923456781,1
170020060008900470090000302001000730453007008907431056000100903000000827709380015,174823569238956471596714382621598734453267198987431256862175943315649827749382615,1
207000008100840276306920015900084567030005002068001940059002030070000054610450020,247516398195843276386927415921384567734695182568271943459762831872139654613458729,1
597248360100030002304500789080620000053001604006009008040000870805000120002005900,597248361168937452324516789489623517253871694716459238941362875835794126672185943,1
000240003412000057600000000001600080040007200005008100050070910063120000108009000,587241693412396857639785421391652784846917235725438169254873916963124578178569342,1
073820050601734000280010037097002060068050704324087005015098640042300801030401002,473829156651734289289516437597142368168953724324687915715298643942365871836471592,1
005106902000305800460092010030068000580410060046020005008004020010200000052080070,875146932921375846463892517237568194589417263146923785698754321714239658352681479,1
103290674490030018000000003801000230034920760209010085008146057716050000345802190,183295674492637518657481923871564239534928761269713485928146357716359842345872196,1
003819567000006800861400329900061478004020005705040600300072056206085010050004203,423819567579236841861457329932561478684723195715948632348172956296385714157694283,1
401986357700534061536010040105328700300601500098400023060759412010063005957002608,421986357789534261536217849145328796372691584698475123863759412214863975957142638,1
048312000070098014130075286000581763503260001000043500300800142890130005001026839,648312957275698314139475286924581763583267491716943528367859142892134675451726839,1
700935010009420087020087309460002075950078061007546093005800104894003056216004930,748935612639421587521687349463192875952378461187546293375869124894213756216754938,1
581000020009875060600124000367500102904000685815060070008251496192647038450098010,581936724249875361673124859367589142924713685815462973738251496192647538456398217,1
418000792000127864270009005857260040620398501109074086705040300380910050940735028,418653792593127864276489135857261943624398571139574286765842319382916457941735628,1
010092060560007109032561480794003018006480270023700690009150030675238041340970852,417892365568347129932561487794623518156489273823715694289154736675238941341976852,1
607040390132050004000370060046803009010062487258094600001020000005039728923687540,687241395132956874594378162746813259319562487258794613871425936465139728923687541,1
090305007005600890870000305053802071280000036746500902100006740400173659507908020,694385217315627894872419365953862471281794536746531982139256748428173659567948123,1
605009038189357264003000015560920307017600450230000091056048179090000826000196500,625419738189357264743862915564921387917683452238574691356248179491735826872196543,1
109007320007023065000800749080642000070098216500030804095004000000056007730009452,159467328847923165623815749981642573374598216562731894295374681418256937736189452,1
000400792970060034340002160500600289406729051109300600000500800001030420003040076,618453792972168534345972168537614289486729351129385647264597813791836425853241976,1
007008026080130090000907000039804001804070002760003050300002089408310060000705140,197548326582136497643927518239854671854671932761293854315462789478319265926785143,1
746008009001697053053410786009764002037520040260830075075240801402000537310005064,746358129821697453953412786589764312137529648264831975675243891492186537318975264,1
240835091035470060080001354304908070017352940952004003590043617470000825021007000,246835791135479268789621354364918572817352946952764183598243617473196825621587439,1
000630007060700810075084603490003051200007096010040302030420170740050260800006004,182635947364792815975184623498263751253817496617549382536428179749351268821976534,1
000092030630700050921300470050000300016205004007009605702010000100907200800506000,574692138638741952921358476259864317316275894487139625762413589145987263893526741,1
270590300609043005530026879018057090905034010367200458890005600043960507706000030,271598364689743125534126879418657293925834716367219458892375641143962587756481932,1
000000015400010932001000070790851243013946807800003196952138004030064009004570321,329487615478615932561392478796851243213946857845723196952138764137264589684579321,1
005028091109000308000900076000213684004096150602580700070869000003100060086037005,765328491149675328328941576957213684834796152612584739571869243493152867286437915,1
009758063078090152060200009210874396340500280986012000001426530730900010650037008,129758463478693152563241879215874396347569281986312745891426537732985614654137928,1
000856320200010059001329700153068097920503000068291400010000904340900062002107503,479856321236714859581329746153468297924573618768291435815632974347985162692147583,1
500071092014309006900026143800002034630000900700900001050047200479215368020803000,563471892214389756987526143891762534632154987745938621358647219479215368126893475,1
000030060378910540006450000930500006610028409702694305047080600090760050060200780,459832167378916542126457938934571826615328479782694315247185693891763254563249781,1
409500100507016904168074200972000806856740001014680750080307010293401500741805023,429538167537216984168974235972153846856742391314689752685327419293461578741895623,1
780902546415076029690300000807069430000243097934087010300720000008090200006001008,783912546415876329692354781827169435561243897934587612359728164148695273276431958,1
481329005060158902000607831108065273004802009270003458012730000753006180640001320,481329765367158942925647831198465273534872619276913458812734596753296184649581327,1
206000018800069705700180306568027031904815000027430059651000204389540107400090503,246753918813269745795184326568927431934815672127436859651378294389542167472691583,1
002306957805009010063051400006104300304065102100293046200908065750602004608547290,412386957875429613963751428526174389394865172187293546241938765759612834638547291,1
170693040409801603800700901040300109610479030002000764206940010780035096094100027,175693842429851673863724951547362189618479235932518764256947318781235496394186527,1
000039060203001509060008340008096450520014908490000030907602005800007603652183090,785439162243761589169528347378296451526314978491875236937642815814957623652183794,1
263180470497603001158204639070091300019705080046002000685007912020008500901020700,263189475497653821158274639872491356319765284546832197685347912724918563931526748,1
004793000300400096219600700040010020570238460026940135000164382100079604008352001,654793218387421596219685743943516827571238469826947135795164382132879654468352971,1
020900046010635020030402107060090780000573600270004530090000461058706293346009875,825917346417635928639482157563291784984573612271864539792358461158746293346129875,1
807103465036050071000007803050700004600019082790482036160004308980001007070805610,827193465436258971519647823258736194643519782791482536162974358985361247374825619,1
000010000063080401187549002490102805210000046038460019300901608821736904000854120,942613587563287491187549362496172835215398746738465219354921678821736954679854123,1
004021807032587106087649500401062075000903481300004902000090230509008614843200009,654321897932587146187649523491862375265973481378154962716495238529738614843216759,1
000007240800912357020540896700250030000108600036700128680009003002361080091070000,953687241864912357127543896718256934249138675536794128685429713472361589391875462,1
002035000053014902010278603000852760090061300085703014070000036506007090908146507,762935148853614972419278653341852769297461385685793214174529836526387491938146527,1
213097500546810700007006310000340065408670003300905470000704139004130607001569040,213497586546813792897256314179342865458671923362985471685724139924138657731569248,1
000097648008030052720580039493600571071003820050701390084009007069072400217465083,135297648948136752726584139493628571671953824852741396584319267369872415217465983,1
000800002608050400910004706500000600203007500000900873067100000851403260392076140,734861952628759431915234786579318624283647519146925873467182395851493267392576148,1
700400608812067039006800517071648000260059100095032086504900300630000805180305204,753491628812567439946823517371648952268759143495132786524986371637214895189375264,1
820541607409076300007308040078405026000000005540100000290700864600812750005000001,823541697459276318167398542978435126312689475546127983291753864634812759785964231,1
015000000724030058300850001278010604609300000043068705580940300030005100060703580,815497263724136958396852471278519634659374812143268795587941326932685147461723589,1
087000032306270150205803000902756840000380590000090006000609070060107085709538004,187965432396274158245813769932756841614382597578491326851649273463127985729538614,1
000603405096004730543070860000192683008060124621030907180509000759306200364087019,817623495296854731543971862475192683938765124621438957182549376759316248364287519,1
002010403506080270031000009270401908300720610100390705003802100009100047017009380,982617453546983271731254869275461938398725614164398725453872196829136547617549382,1
003610905060098702480702136800520300700006591950107000005081067048970213127403059,273614985561398742489752136816529374732846591954137628395281467648975213127463859,1
005167492000342501410085306957020604108036000030500128070250963296003040043698207,385167492769342581412985376957821634128436759634579128871254963296713845543698217,1
701500000000008000000049670800050006050264003020903004036020150010090840000000360,761532498594678231382149675843751926159264783627983514436827159215396847978415362,1
309001560700059130150704908480067000560093081030408075200170846805000019600080753,349821567728659134156734928481567392567293481932418675293175846875346219614982753,1
000670140006250700072431000291863057380040029067905830600500900509084010700306285,853679142146258793972431568291863457385147629467925831638512974529784316714396285,1
719065840008001507305047690070009180086470952502600704000050200060090400050186379,719265843648931527325847691473529186186473952592618734931754268867392415254186379,1
105078260086143759390520080034091507970600801800702006020410690400060300760085010,145978263286143759397526184634891527972654831851732946523417698418269375769385412,1
009681200608502003520493000200700530465009871000158604154036782806040015730810946,349681257618572493527493168281764539465329871973158624154936782896247315732815946,1
079000103601200870308147900700520619912000007506070002020010798867090201190780500,279658143641239875358147926784523619912864357536971482425316798867495231193782564,1
927380610603000840040000700200049060086010090495030180804620071762491058139078400,927384615613957842548162739271849563386715294495236187854623971762491358139578426,1
849005023700008005615023748263519804090230510071000032906080400000690001184000009,849175623732468195615923748263519874498237516571846932926381457357694281184752369,1
395017480006582301000394700010000207060020040204068539032056974087009000600071803,395617482746582391821394756518943267963725148274168539132856974487239615659471823,1
760001900203090108005840002030900000010078003800000400300120000420083790501700200,768231945243695178195847362634952817912478653857316429379124586426583791581769234,1
300046920076028430028139065654007180702680540080050603060003804093405017547812000,315746928976528431428139765654397182732681549189254673261973854893465217547812396,1
001680097006002340042530681400803000187465903030210008013946072978320000064708130,351684297896172345742539681425893716187465923639217458513946872978321564264758139,1
001040720030001840702980316480300971007004603163798254070509130320010000010007062,851643729936271845742985316485362971297154683163798254674529138328416597519837462,1
000200056000053891950608027301504209206389010549100783800931075105020940690845100,418297356762453891953618427381574269276389514549162783824931675135726948697845132,1
900470653080065100064130708450020010092581340806043572270350061130600487000017235,921478653387265194564139728453726819792581346816943572278354961135692487649817235,1
963451200004038901080270640290085700418702360007106000600020137071063009002907506,963451278724638951185279643296385714418792365537146892659824137871563429342917586,1
900005000000090060600020507190050034274300800005840071406981725580203040002564003,927635418851497362643128597198752634274316859365849271436981725589273146712564983,1
326501007840200015700038000003490750475006298962080030010609823000123504037050009,326541987849267315751938642183492756475316298962785431514679823698123574237854169,1
007900406003008200080641000705260809090100357000709100508310974301095020946807513,157932486463578291289641735715263849692184357834759162528316974371495628946827513,1
327561400600390752985070006790004835502700041046050907079810203063040590258030104,327561489614398752985472316791624835532789641846153927479815263163247598258936174,1
600000378870016409004000600060300952540620807320850164700080293032905780001273540,615492378873516429294738615168347952549621837327859164756184293432965781981273546,1
070905402032604050041000896000248309190576284280130675800000563400700000025061040,678915432932684751541327896756248319193576284284139675817492563469753128325861947,1
000284593090063000380100200215007908039018002760502300800901035920040010050876020,671284593592763184384159276215437968439618752768592341847921635926345817153876429,1
000009612120806009060014780007402005400057000308001074030000090080943107749160320,874539612123876549965214783617482935492357861358691274531728496286943157749165328,1
092070108300820905078910342057002031000000006206743809025039600609580010000060004,492375168361824975578916342857692431934158726216743859125439687649587213783261594,1
390701802748902300125408690000540100830210075017000426000000569009680213051300704,396751842748962351125438697962547138834216975517893426283174569479685213651329784,1
629010004700903000013500087034050270006372045000098160071284050040065008060009001,629817534785943612413526987834651279196372845257498163971284356342165798568739421,1
640532008008416000000987004000000000039800026060720350006005897082370645450690013,641532978798416532523987164275163489139854726864729351316245897982371645457698213,1
090000046000004190468921007510360902000210764027800500800152000900030421000496805,791583246235674198468921357514367982389215764627849513843152679956738421172496835,1
560417309070630524493050600700145268004968000680070901000000006040000190120000803,562417389871639524493852617739145268214968735685273941958321476347586192126794853,1
020080030507600490430095810042037651970106000010840973758401300294378160061520740,129784536587613492436295817842937651973156284615842973758461329294378165361529748,1
206000000905046708100090642607934001013050400000071020302107004450369207789420160,246718935935246718178593642627934851813652479594871326362187594451369287789425163,1
006000005530900012270100360659740123080590400001306958420610587805430000907802630,196273845538964712274185369659748123382591476741326958423619587865437291917852634,1
204000003030000906965000784009502070400700508050100390702800605000070009016000230,274698153138457926965321784389562471421739568657184392792813645543276819816945237,1
070800039020300701831006050500673040008050023310080076906030817100067004200010305,475821639629345781831796452592673148768154923314289576956432817183567294247918365,1
073160290018000463526300081097530608850007024004080007709856132105972846080003000,473168295918725463526349781297534618851697324364281957749856132135972846682413579,1
360700092000000081870025030080013007500200948090084003900802104002050879048097325,361748592425369781879125436284913657513276948796584213957832164632451879148697325,1
361097008020400096500006372876040510052000760130760089685070921090010000010629835,361297458728453196549186372876942513952831764134765289685374921293518647417629835,1
460928003025610809080043216736094020000751634100062987013270060002030108609180002,461928753325617849987543216736894521298751634154362987813279465572436198649185372,1
027010958891420070050897010100230546060070392004500080716042035940680100080050460,427316958891425673653897214179238546568174392234569781716942835945683127382751469,1
590631487040008632800400005070356210356129000900080063685040900719860324200907056,592631487147598632863472195478356219356129748921784563685243971719865324234917856,1
074000509050000862080190304460800050217530480095014023109408637038061245040723108,374286519951347862682195374463872951217539486895614723129458637738961245546723198,1
430000706105207804800046123240605370070001089901300000006910030000004207504060918,432189756165237894897546123248695371673421589951378642786912435319854267524763918,1
104760980000001706807002000038096002046070801001820600413600008005200010980000564,124765983359481726867932145738196452246573891591824637413659278675248319982317564,1
047519003136708509890060007004000036920070401603154000302400075001037982700805010,247519863136748529895263147514982736928376451673154298382491675451637982769825314,1
089506007402900568000084310048302050790105832000060104504073001001009075967801400,389516247412937568675284319148392756796145832253768194524673981831429675967851423,1
680197405741800000205036017168009273050068901479203658930650000026370004010980006,683197425741825369295436817168549273352768941479213658937654182826371594514982736,1
500000601060030098039802500250603700006720100370900000003290840002005007080107002,528479631467531298139862574254613789896724153371958426713296845642385917985147362,1
800009620043721089025800710130000940000394102490510000054003890060270401001045236,817459623643721589925836714132687945578394162496512378254163897369278451781945236,1
405861203010200005702050608600900501329600700500740309007000490003127850060094030,495861273816273945732459618674938521329615784581742369157386492943127856268594137,1
000247013405009070003156009082900047547328060030004052954760030068001020020583000,896247513415839276273156489682915347547328961139674852954762138368491725721583694,1
003509270912007053000030908586043791039760004270091060028050049061070082400128637,843519276912687453657432918586243791139765824274891365728356149361974582495128637,1
001907058920105300087300019170053000050210040000009020018000400003000802065894030,341927658926185374587346219172453986659218743834769521718632495493571862265894137,1
092507000407600002580312794241050800000020000938704025700030010063085940854109263,392547681417698352586312794241953876675821439938764125729436518163285947854179263,1
000867020700352009603041058460090010170586300090000060000409586510630002040700001,954867123781352649623941758465293817172586394398174265237419586519638472846725931,1
134800279780900650965027804607215090053098017890743526010000900409000703008369040,134856279782934651965127834647215398253698417891743526316472985429581763578369142,1
568092003973840026402356079389405201000020300620130954054210098890507032036900000,568792143973841526412356879389475261145629387627138954754213698891567432236984715,1
298761300351024090467905280804070060710008902530016740040180579070640000083097420,298761354351824697467935281824379165716458932539216748642183579975642813183597426,1
057823106124006009083490502000018005208030007501600020860374951000109008300002000,957823146124756389683491572736218495248935617591647823862374951475169238319582764,1
650312489003640705482009310801470060064090170070860042008006094006124850245007000,657312489193648725482759316821475963564293178379861542718536294936124857245987631,1
035402070078006004460900851684000503517803069029060080750009648006308015041600002,135482976978156234462937851684791523517823469329564187753219648296348715841675392,1
030402500286503070570800020300127608012089304698000002450208967800045001903761045,139472586286513479574896123345127698712689354698354712451238967867945231923761845,1
005023870300060905780500310697302150000670290004008607108750403060480020479236001,945123876312867945786594312697342158831675294254918637128759463563481729479236581,1
006200009309456782078139654892300071100592806060000200041920068083041920920680017,456278139319456782278139654892364571137592846564817293741925368683741925925683417,1
560780000200695170087020659906354287354208010802000300405107800721860500638500701,569781423243695178187423659916354287354278916872916345495137862721869534638542791,1
800000360340690200902000000104905086700008154000104932201040095009507003530829007,817452369345691278962783541124935786793268154658174932271346895489517623536829417,1
645021839100800475009003206567084103090006582010035764980640050750092048436000000,645721839123869475879453216567284193394176582218935764982647351751392648436518927,1
079803605510400830300592700047900350120300970030085240750648002000009567691057003,479813625512476839368592714847921356125364978936785241753648192284139567691257483,1
401083070700260194059700380024070008000010620017508900005000060172830050000157030,461983275783265194259741386324679518598314627617528943835492761172836459946157832,1
400608090319025000856107234087003412601704050004200060103079826290000501760812300,472638195319425687856197234587963412621784953934251768143579826298346571765812349,1
302507400040068200000003790004920308807000000206071500420019060561080900978605100,312597486749168253685243791154926378897354612236871549423719865561482937978635124,1
000070801000208600789100452010409560056017249294805070160900005070082000020750986,632574891541298637789136452317429568856317249294865173168943725975682314423751986,1
071000040000004078804750900003519064649827150012060080490206830100305000367081000,971638542256194378834752916783519264649827153512463789495276831128345697367981425,1
003600908708513046462978513000800001900046037284001095100400762047152089020067154,513624978798513246462978513376895421951246837284731695135489762647152389829367154,1
005007146040050007380100029236470008170008032809260714400019205702680090593724061,925837146641952387387146529236471958174598632859263714468319275712685493593724861,1
910450238020380700070002049000200801801005604600840000009000000083906400200034000,916457238524389716378612549457263891831795624692841375749528163183976452265134987,1
600471080040058000051360070900187000003605040500000091215739000060500710497800305,639471582742958136851362974924187653183695247576243891215739468368524719497816325,1
079054186020600040080000500040571893030002754057480261204806370805000419000140620,379254186521638947486719532642571893138962754957483261214896375865327419793145628,1
000258010002100038084093720650901040301864009407325801810532490945710280003080156,739258614562147938184693725658971342321864579497325861816532497945716283273489156,1
004071036080039000903620800600087493407063082032945070260498307000016240009702168,524871936186539724973624815615287493497163582832945671261498357758316249349752168,1
054397000790401380021086400070003950905042010003965002008054079619208500547039268,854397621796421385321586497472813956965742813183965742238654179619278534547139268,1
700240580400070261826050743900380072004009035358027190037010020080702004542690307,713246589495873261826951743961385472274169835358427196637514928189732654542698317,1
470081095168709243300000108010973482003408001047010006730090800204137500090845020,472381695168759243359624178516973482923468751847512936735296814284137569691845327,1
007830910030500870000090430074003059506071203800005000300708000400352768085009324,247836915931524876658197432174283659596471283823965147362748591419352768785619324,1
080905001106007920970216400290670830800004760065003000340002580607308040520040000,482935671156487923973216458294671835831594762765823194349162587617358249528749316,1
624900381001643520935010740009001054402000007150864902296507403513000200048102600,624975381871643529935218746369721854482359167157864932296587413513496278748132695,1
903080046504020103216439007401003008050010634800094070000050460697041385345908710,973185246584726193216439857461573928759812634832694571128357469697241385345968712,1
403619800006002459802500061034900715670205984500104236060093502045800673020006190,453619827716382459892547361234968715671235984589174236168793542945821673327456198,1
080015003904307581310024607002003005040270030090541070850000769039700812067198350,786915423924367581315824697172683945548279136693541278851432769439756812267198354,1
062793105037185920105000030008421590951007400324950080200000378089302054040078019,862793145437185926195264837678421593951837462324956781216549378789312654543678219,1
072095100349017500500204300804600000265009407001453802000048000983526700427931658,672395184349817526518264379834672915265189437791453862156748293983526741427931658,1
024906708000840261070152439435760080012084673000000945000098010201473006090615020,124936758359847261678152439435769182912584673867321945546298317281473596793615824,1
061000800050671392007800146090050034410967258085023609006309527029716003078542060,961234875854671392237895146692158734413967258785423619146389527529716483378542961,1
058403270930007804700180050067058031405201768013604000072000143500312007001746020,158463279936527814724189356267958431495231768813674592672895143549312687381746925,1
059040601016920854070100003180069030900500468004832105621700549500014380040690007,259348671316927854478156923185469732932571468764832195621783549597214386843695217,1
010800540020100000845230070001680700007400280050390461370000910090720806586001000,613879542729154638845236179431682795967415283258397461372568914194723856586941327,1
020903070047001200130700805201409008000030002000610004700060053418305026050000180,825943671647581239139726845271459368964837512583612794792168453418375926356294187,1
050468270060097100790510086130000008806071004000800300504000802003680941600040035,351468279468297153792513486137954628826371594945826317514739862273685941689142735,1
401300050957410263082000090203706184745800600008200070179603028006005340504082716,461329857957418263382567491293756184745891632618234975179643528826175349534982716,1
100203060050006247960000530416570309209304706503029000604700800095802403801945072,147253968358196247962487531416578329289314756573629184624731895795862413831945672,1
006807019910460000783091204007600001600279005592148706064325897308010052209000140,426837519915462378783591264847653921631279485592148736164325897378914652259786143,1
354078120791532060080900050500080903020710506900356702107823690009000801865107204,354678129791532468682941357576284913423719586918356742147823695239465871865197234,1
010029065832750000050418000076941080028600450103580600360000002000005006490260000,714329865832756194659418327576941283928673451143582679365894712287135946491267538,1
060091030870342005000708024700084300300007862600010050000100040406005170002406503,264591738879342615153768924725684391341957862698213457587139246436825179912476583,1
010070300005184700487320651003618470700005890850000130609803200524061900108092007,912576348365184729487329651293618475741235896856947132679853214524761983138492567,1
003000807109248365000706149207890000864103900931005078305000090400957000790000010,643519827179248365582736149257894631864173952931625478325481796416957283798362514,1
720001386940003002100200040290030450017004008354708609509302064061079023432685791,725941386946853172183267945298136457617594238354728619579312864861479523432685791,1
032600000700901358150004060301206075405309020076400039640090700507143906908760040,832657194764921358159834267391286475485379621276415839643598712527143986918762543,1
050096280080502640609843507870060491905408730403020006046050078000604920590030060,754196283381572649629843517872365491965418732413729856246951378137684925598237164,1
032680079090200406060907000000706048000408000807593612309164285105072964604059701,432685179798231456561947823913726548256418397847593612379164285185372964624859731,1
700009130340015206152736498427508013000904560590020084000007829205691007073002050,768249135349815276152736498427568913831974562596123784614357829285691347973482651,1
000500109027301640908420075104000906600140050002080003401003000235060000800702004,346578129527391648918426375154237986683149257792685413471953862235864791869712534,1
503904076008013050604000020040800000007240530230075000800000640369058710051700380,513924876728613954694587123145839267987246531236175498872391645369458712451762389,1
107980543340250060060030700702003480908740310600019070001408030006005820203000950,127986543349257168865134792712563489958742316634819275591428637476395821283671954,1
000058930800309162960271040520964000476800501309007406642105009090436010138702050,214658937857349162963271845521964783476823591389517426642185379795436218138792654,1
508274036300081504412003090634597000085002043701308065203700089050000000009406300,598274136367981524412653897634597218985162743721348965243715689156839472879426351,1
542396007601500002000000503060015738058407629023869010200004391010050270000721006,542396187631578942987142563469215738158437629723869415275684391816953274394721856,1
390000520004305879500709064700052648051946030042800010926571483003600750475000090,397468521264315879518729364739152648851946237642837915926571483183694752475283196,1
000705600107638942400219007702504010000192700516000290300856470004000030005403126,239745681157638942468219357792564813843192765516387294321856479674921538985473126,1
028050100970180500500207064040025090807901200059000401005300000392400006684079012,428653179976184523531297864143825697867941235259736481715362948392418756684579312,1
096007501273810400158049273730061008062000040814002635081090352000000704307506809,496237581273815496158649273735461928962358147814972635681794352529183764347526819,1
275016900368029005400538627631254089000080261780001450020805000093042800847960502,275416938368729145419538627631254789954387261782691453126875394593142876847963512,1
003000000784560030190200005048000693000983240310600050060307018000000076457810300,523798164784561932196234785248175693675983241319642857962357418831429576457816329,1
042710603300040802069230000020570980107092456098160037005007000273956148900321065,842715693351649872769238514426573981137892456598164237615487329273956148984321765,1
961023070504617302300000006718549603639000500405300017893054061107006050056790430,961423875584617392372985146718549623639172584425368917893254761147836259256791438,1
400009003620140007590836140736528900980700230150403708300080070849310006201000080,418279653623145897597836142736528914984761235152493768365982471849317526271654389,1
083705060472001508050400710010000359690043801030010004820904030301827005049136007,183795462472361598956482713214678359695243871738519624827954136361827945549136287,1
360008541291645807080130002038006000750080396040002708514729603906800470800500020,367298541291645837485137962138976254752481396649352718514729683926813475873564129,1
180659734364217508590000160016075400759080301040901675405098200600134000900002840,182659734364217598597843162216375489759486321843921675435798216628134957971562843,1
057483210800061705003005098000096072009502600162047050495070360731054829206109507,957483216824961735613725498548396172379512684162847953495278361731654829286139547,1
124568009058100264003470800302980400047200608680705123895000310200057906476309580,124568739758193264963472851312986475547231698689745123895624317231857946476319582,1
148097003097450800003060400009016028265384109071529306054070960700935204902601005,148297653697453812523168497439716528265384179871529346354872961716935284982641735,1
406075398507000000000206070001060200003001946684729501000000823735000004802400000,426175398517938462398246175951364287273581946684729531149657823735892614862413759,1
798240100645001970000507486200905740584072069370460200050809020923604007016720090,798246135645381972132597486261935748584172369379468251457819623923654817816723594,1
070000069000751080000600100809160050006000008705092016602017045403020790017040602,371284569964751283258639174829163457136475928745892316692317845483526791517948632,1
963007010105008420842051600401003500520000730006500140250960081689105270310080950,963247815175698423842351697491873562528416739736529148257964381689135274314782956,1
006050239503000014700193086671538090039020008008000300345060127007005043810370965,186457239593682714724193586671538492439721658258946371345869127967215843812374965,1
024610000065473129970802004719584030000026918002931507107060003030197056090340871,324619785865473129971852364719584632543726918682931547157268493438197256296345871,1
070280109856319047109507306961030420085002700700150090590061872210000000007020903,374286159856319247129547386961738425485692731732154698593461872218973564647825913,1
481603925000005438302084067000701692269038041004260850047306209003090574028450300,481673925796125438352984167835741692269538741174269853547316289613892574928457316,1
500679382068024970297813000853790020020185760076030050740908036602340000905260408,514679382368524971297813645853796124429185763176432859741958236682341597935267418,1
369008017870093240020050030086700354500386091713005682004070008207030065050000403,369428517875193246421657839986712354542386791713945682634571928297834165158269473,1
050029610980571402217643000020360809730482050060917320140008760500006041672054083,354829617986571432217643598421365879739482156865917324143298765598736241672154983,1
090000006004007000310609800130562490700900623209073500071005264856704010403096750,592348176684217935317659842138562497745981623269473581971835264856724319423196758,1
890071046650043120043080750409327800268405003705009014980250030300094002004730691,892571346657943128143682759419327865268415973735869214981256437376194582524738691,1
768000092594100030000890075019038046470009081603014700046300010821040903000020864,768453192594172638132896475219738546475269381683514729946385217821647953357921864,1
598730000273504000000000005906300100000010030314286590137005028820670019069008703,598731264273564981641892375986357142752419836314286597137945628825673419469128753,1
000082000298571406000040000080003702031007958720850360410600007905700020870205004,346982175298571436157346289589163742631427958724859361412638597965714823873295614,1
765300009284009536009025487000000002576008091021590060048006005600857940957000008,765384129284179536139625487493761852576248391821593764348916275612857943957432618,1
086450002019032600235700108904007530070023964600914087560048709107060803398105420,786451392419832675235796148924687531871523964653914287562348719147269853398175426,1
428500610367084095105002740680000100003050409049007382206031070830000500970420836,428579613367184295195362748682943157713258469549617382256831974834796521971425836,1
003567800504301070010000000070080003050690004090402068860000100705000096049730205,923567841584321679617849352476185923258693714391472568862954137735218496149736285,1
300090250020530094095002006003145709801070003057820001578000462412068030030004000,384691257126537894795482316263145789841976523957823641578319462412768935639254178,1
070006093461590078090278010584027169710800032000100057650904321928001040100700906,872416593461593278395278614584327169719865432236149857657984321928631745143752986,1
083200659001390780700864301920038000016420037300617002000906070000003908540082060,483271659261395784795864321927538416816429537354617892138946275672153948549782163,1
008020950605010347409370608062900804007146090094238106070502403000061089046780015,738624951625819347419375628162957834387146592594238176871592463253461789946783215,1
509604081004908002028570694040107906601052430370096010080049005906081200003205809,539624781764918352128573694845137926691852437372496518287349165956781243413265879,1
304850100608901020000300080800010040403060071000489500906000750107005006032097018,324856197658971324719324685865713249493562871271489563946138752187245936532697418,1
430780006000301807708040319907034000002500460500620073120063008870000004609800102,431789526296351847758246319967134285382597461514628973125463798873912654649875132,1
024705903090324500700089410500108394409570620301942007043097105000800200218056739,824715963196324578735689412572168394489573621361942857643297185957831246218456739,1
834062590520109340100450007001000073356800914702900000010008030000205089298070060,834762591527189346169453827981546273356827914742931658415698732673215489298374165,1
000940685008000021100600009800569173003174000006208004400720010081406307630805040,372941685968357421145682739824569173593174268716238594459723816281496357637815942,1
489520760700180049160400300397250604010390570004867193000005820523600910008910035,489523761735186249162479358397251684816394572254867193941735826523648917678912435,1
578691023104287905609004781080405090050078014900100807010020006295046030067503209,578691423134287965629354781781465392352978614946132857413829576295746138867513249,1
507300124308104576104065839079230000800000702652879040080450000030980410245003907,567398124398124576124765839479231658813546792652879341981457263736982415245613987,1
024090061197500000060012500070260480000004920080930100008020005350470802019080000,524398761197546238863712549975261483631854927482937156748123695356479812219685374,1
097100040000700920004050060709310450060028030002970010100280590908540000000007083,697132845853764921214859367789316452561428739342975618176283594938541276425697183,1
250093000306050409400070205040702913007100840000000507094016008721049350683520090,258493671376251489419678235845762913967135842132984567594316728721849356683527194,1
081564027430172600760003000243600589000328046876040230007406002028739400090201003,981564327435172698762893154243617589519328746876945231357486912128739465694251873,1
910004385007082009685100002000020871008940020521076904090437150853200467174050293,912764385347582619685193742469325871738941526521876934296437158853219467174658293,1
415293800900068042002741950791400006254000008036020490568010370309870000000354009,415293867973568142682741953791485236254639718836127495568912374349876521127354689,1
085367402079042508400850730900720356536010827820500109098400013000681900750003084,185367492379142568462859731914728356536914827827536149698475213243681975751293684,1
532040169004002507617903408081079640963400200040320001109684052306200004428705016,532847169894162537617953428281579643963418275745326891179684352356291784428735916,1
500301206000500198001092435702689504000070063409035780080900000140028350953016807,598341276324567198671892435732689514815274963469135782287953641146728359953416827,1
610050907800209605007600240368400500745913026291500730079000002580142309123700458,612354987834279615957681243368427591745913826291568734479835162586142379123796458,1
715843062406001370003060541504798010002514893801600700069405100340170000150026409,715843962426951378983267541534798216672514893891632754269485137348179625157326489,1
600094803074835000839601520182960435503108009796003280000000302321080057960352040,615294873274835916839671524182967435543128769796543281458716392321489657967352148,1
000280600208100004500709801020014768740908030300520010002691500107450086004070192,419285673278136954563749821925314768741968235386527419832691547197452386654873192,1
095438607370020400002590310250081076900675243630040050710203504020814000806700032,195438627378126495462597318254381976981675243637942851719263584523814769846759132,1
067095103130020895050400200005176384480250970703908006000500000602000750541009632,267895143134627895859431267925176384486253971713948526378562419692314758541789632,1
052617348017008900400039000008054000670100590145096023000075231001843709739060405,952617348317428956486539172298354617673182594145796823864975231521843769739261485,1
340902510290050640057046200782400090030720050010600370803010060921064730064873000,346982517298157643157346289782435196639721854415698372873219465921564738564873921,1
310000498207840310004105026026003970001297630070401852708900260030050149040326007,315672498267849315894135726426583971581297634973461852758914263632758149149326587,1
043596827800423561620070034430000009700008005008230700086000003394105602217309408,143596827879423561625871934431657289762918345958234716586742193394185672217369458,1
048000009302089567705602400237864000104053070560020043050140096470298350920530004,648375129312489567795612438237864915184953672569721843853147296476298351921536784,1
046758103583602794012400568391047600860001309420300800130075200050280417008000900,946758123583612794712439568391847652867521349425396871134975286659283417278164935,1
500283960069470812020609005190340087057928143438751290900800051080000439013004020,571283964369475812824619375192346587657928143438751296946832751285167439713594628,1
453000978692080100010059030500904020040708305027605019209043001084070093300890206,453162978692387154718459632536914827941728365827635419269543781184276593375891246,1
000090564530200908940000000000082035209007680000000490395170800001020050082560040,127398564536241978948756213614982735259437681873615492395174826461829357782563149,1
003645021091302658052000740805963200360017584007000000108536402524708036036020075,783645921491372658652189743845963217369217584217854369178536492524798136936421875,1
140000705957104806003097421296003004875001069010900078409716583001382040708009610,142638795957124836683597421296873154875241369314965278429716583561382947738459612,1
230476180479850203008020500800704020913562074742003906390208600501600490004915708,235476189479851263168329547856794321913562874742183956397248615581637492624915738,1
734020185025410000000007049086004000079030800301680970003040752042009060000200090,734926185925418637168357249286794513479135826351682974693841752842579361517263498,1
890564703742930805060080914000005238058100476230800000083000607406357080170040352,891564723742931865365782914617495238958123476234876591583219647426357189179648352,1
156024973007165028040973005400037000700618340362040700000480290010300807800056130,156824973937165428248973615481237569795618342362549781573481296614392857829756134,1
790230080000950070005600394570000002900340005346582019400726150150093000600405908,794231586863954271215678394578169432921347865346582719489726153152893647637415928,1
560780003079200016104095800000104030043572680016038700090026045458300902021400000,562781493879243516134695827785164239943572681216938754397826145458317962621459378,1
000700065070583009400200708540601000006000001218007050301975680064108003057360010,183749265672583149495216738549631827736852491218497356321975684964128573857364912,1
406001529097025860000090104543186790901050638862709415324500001005010000609308050,436871529197425863258693174543186792971254638862739415324567981785912346619348257,1
092001054430000080080070200970620008006957003003048976009800702040502800268709005,792381654435296187681475239974623518816957423523148976159834762347562891268719345,1
045931702700542090329000400604000000003098246000410500038179604017605380590080127,845931762761542893329867415684253971153798246972416538238179654417625389596384127,1
508206070000010084070000006387694005024030060600721008735069000806070350000350690,518246973963517284472983516387694125124835769659721438735169842896472351241358697,1
004001080000000300030786001000029130090000800002154070010007008900362017620410900,564931782871245396239786541746829135195673824382154679413597268958362417627418953,1
600927145521640708794851623386090000005060934042030007010370456063509270007400300,638927145521643798794851623386794512175268934942135867819372456463589271257416389,1
073000800054168070018900254032600040500702000040809025080006700700000406469010538,973524861254168379618973254832651947596742183147839625385496712721385496469217538,1
061008000200735610597000032600073158000081004085400790010640305430050901759312406,361298547248735619597164832624973158973581264185426793812649375436857921759312486,1
800307649940628307063904805058000136000000002219500080034869001180045060090000050,821357649945628317763914825458792136376481592219536784534869271187245963692173458,1
504870900820006705690003824050000173200001489308090002102489057980007641040015208,534872916821946735697153824459268173276531489318794562162489357985327641743615298,1
045010903387000241169342850078539602936000578520000300000004100600980700852107039,245718963387695241169342857478539612936421578521876394793254186614983725852167439,1
090008125452371869000009307070236051236100008045897206504610072003980514001054000,397468125452371869618529347879236451236145798145897236584613972763982514921754683,1
030002000020804513809560070082000105760905082354000060573281046140359820208076351,435712698627894513819563274982647135761935482354128769573281946146359827298476351,1
400051203005428907002370514241006730069283450008010692050000126076100005104065009,497651283315428967682379514241596738769283451538714692853947126976132845124865379,1
005006149230090658604851700400039061026408570500267980800075306109603807360082095,785326149231794658694851732478539261926418573513267984842975316159643827367182495,1
083521076245090813000040009356489720000016030007005968500162300030070640708054190,983521476245697813671843259356489721829716534417235968594162387132978645768354192,1
026400500704300680130900274875009060000574930493008001689702005300800106010003097,926487513754321689138956274875139462261574938493268751689712345347895126512643897,1
000725003001803209020400056900250610200136590156987402015378904392641805048500300,469725183571863249823419756937254618284136597156987432615378924392641875748592361,1
290041073607530400438290001760004005340705086052100749073450908500300014924006007,295641873617538492438297651761984325349725186852163749173452968586379214924816537,1
160807009000190000350006078090600523400935716530200090900048060073509480648010007,164857239827193645359426178791684523482935716536271894915748362273569481648312957,1
230001000850067903060094082405000006010406000300000270640012009091000028520940061,239581647854267913167394582475823196912476835386159274648712359791635428523948761,1
580091007009870052000453689053020001060040295004015360700539810308062574610084020,586291437439876152127453689953628741861347295274915368742539816398162574615784923,1
059007003730248006804059100345910000027004035906003010408000050503400870672095001,259167483731248596864359127345912768127684935986573214498731652513426879672895341,1
360075004150023609000006523504009086800000902090040100010702068000850791080090235,362975814158423679749186523574219386831567942296348157915732468623854791487691235,1
025968001600007020000100006390000000071090600506001407853000970249000065067050280,725968341614537829938142756392674518471895632586321497853216974249783165167459283,1
870000000000804905065100037040085100600790000083460059510037008208046071006008340,879653214321874965465129837947385126652791483183462759514237698238946571796518342,1
900000281210659004007800060302400008041080725589217003104570000805342910720198056,956734281218659374437821569372465198641983725589217643194576832865342917723198456,1
904785600100040502076000000052930700000061008613050090081090400360012087249570136,924785613138649572576123849852934761497261358613857294781396425365412987249578136,1
000057493430090852005803701009002130080076500002100007314569208026718345758020619,861257493437691852295843761579482136183976524642135987314569278926718345758324619,1
640187523070240061120000708932870156517306402480500009063010090204963007001750600,649187523378245961125639748932874156517396482486521379763418295254963817891752634,1
014005603362040007000037204258070936070500021431006070007904302503000140649300780,714825693362149857895637214258471936976583421431296578187954362523768149649312785,1
000580642500320189608914050430000028010000935900250461150632804743095216002740003,391587642574326189628914357435169728216478935987253461159632874743895216862741593,1
900125064012090508053070090006741053705000400300000002089203007000007005100450020,978125364612394578453678291826741953795832416341569782589213647264987135137456829,1
309100820026700590450900070800307059000000401532401007010600945065203018780019060,379156824126784593458932176841367259697825431532491687213678945965243718784519362,1
000386924004109075060040810805601207700408150106200089471803002253900768090050030,517386924384129675962547813835691247729438156146275389471863592253914768698752431,1
561089400900452008240130579700004005056820030009005600020508094184203056005647000,561789423973452168248136579732964815456821937819375642627518394184293756395647281,1
000048500264000000503027000600194803000000610809070000406080305108030000000065140,791648532264513987583927461625194873347852619819376254476281395158439726932765148,1
253067908004508326090034500738642090001305700562700403010006204405023610027401830,253167948174598326896234571738642195941385762562719483319876254485923617627451839,1
001048703908503140354761920402870690017096380096000504040650800085130209100007005,621948753978523146354761928432875691517496382896312574243659817785134269169287435,1
028010040060805090159260783602409018040600937807000260016003079005000300080020050,328917645764835192159264783632479518541682937897351264216543879475198326983726451,1
052040000090006408804000000269700850080095006037000002040500200005008670176409305,652843197793156428814972563269734851481295736537681942348567219925318674176429385,1
310040297005007800974018536197402658023605170000170023701054002600020085052063004,318546297265397841974218536197432658423685179586179423731854962649721385852963714,1
100000700026070903000302500639017850814900270752060309390800627460700090070590408,183659742526174983947382561639217854814935276752468319395841627468723195271596438,1
037405281020001600461002705090204817005608009000070503613847950700503000204916378,937465281528791634461382795396254817175638429842179563613847952789523146254916378,1
900030720002004315103025060200800541000000980814092637308070056001000298050248100,985631724762984315143725869297863541536417982814592637328179456471356298659248173,1
078510000094827053062409780003090000080002009620381000015208406847063120006040090,378516942194827653562439781753694218481752369629381574915278436847963125236145897,1
056018234304009000000043500092087640001425087078396005700860302125030008800570419,956718234314259876287643591592187643631425987478396125749861352125934768863572419,1
010238760002607000400519300008196000040000059963050201820400006000960002604005173,519238764382647915476519328258196437147382659963754281821473596735961842694825173,1
804079000000410920090300074005000800049780062001900000450090003036807050928043700,814279635763415928592368174275634891349781562681952347457196283136827459928543716,1
300000401000040070704180963080000004049030206271900038000000000805200640400679100,328796451916345872754182963683521794549837216271964538167458329895213647432679185,1
031049600420300800687210304064590130700000900305701468076050003042607509000900700,531849672429376851687215394264598137718463925395721468976154283842637519153982746,1
038609200002070300004350001810007406497000003326541700500790040000005030603024905,738619254152478369964352871815937426497286513326541798581793642249865137673124985,1
106905870874012530309804120007146000491000005200709010045021987732490001918067042,126935874874612539359874126587146293491283765263759418645321987732498651918567342,1
068370051017950604400016900100003000574081092039005408800009073040168529291000000,968374251317952684425816937182493765574681392639725418856249173743168529291537846,1
135087000064059107800102345603045970040801530598600210400510703380020000900034060,135487629264359187879162345613245978742891536598673214426518793387926451951734862,1
001740900843019207600503008085492730704000000902800541018250000007300182420901370,251748963843619257679523418185492736764135829932876541318257694597364182426981375,1
060504900058072034243000006090018305000263409102050608000840201810006547425000863,761534982958672134243981756694718325587263419132459678376845291819326547425197863,1
906015482280406157000082600640873025027650300009120008100067043704538200308001576,976315482283496157415782639641873925827659314539124768152967843764538291398241576,1
400000286100030504702864039870400603943008000261090800317542060698103450520906310,439715286186239574752864139875421693943658721261397845317542968698173452524986317,1
509283600008004092000709050000056009401890200000040078002000060670025081900071000,519283647738564192264719853827356419451897236396142578142938765673425981985671324,1
007160482640087003829300170913800067265000001078005329106038094004500700782000600,537169482641287953829354176913842567265973841478615329156738294394526718782491635,1
045039607067450908308006045000040890906017450030608720001324089823965004059081362,245839617167452938398176245712543896986217453534698721671324589823965174459781362,1
050006021016243958090005406009030000500008030203600040037864000000020064004007180,458796321716243958392185476849532617561478239273619845137864592985321764624957183,1
085142000600080002290000043439058761008306504060000089753029418016000270800710036,385142697647983152291567843439258761178396524562471389753629418916834275824715936,1
048000076760004020100796080000403197437100005091578030503980640906302050020650019,348215976769834521152796483285463197437129865691578234573981642916342758824657319,1
000790008306580001817062504079038000042970083130000050760240030200603907953800400,425791368396584271817362594579138642642975183138426759761249835284653917953817426,1
500073041703941580004060370015009704379154620846300090680705013951402860007800000,568273941723941586194568372215689734379154628846327195682795413951432867437816259,1
940000231127309000000120400308417025500932104402086390700690802080254703051070906,945768231127349568863125479398417625576932184412586397734691852689254713251873946,1
027400856830000290450000073600041938580279461140000020708624305010987042004105700,927413856831756294456892173672541938583279461149368527798624315315987642264135789,1
800791030901003740370048950008400517509200084017800320000050173053000090194372005,845791236961523748372648951628439517539217684417865329286954173753186492194372865,1
870001000090082371213600580150760000300895126906200057709540810500908002438127695,874351269695482371213679584152764938347895126986213457729546813561938742438127695,1
030058410204710500100000026019004257060520090402080360503000140601835070970140030,736258419294716583185493726819364257367521894452987361523679148641835972978142635,1
000000007280700069490610200149302080800071306670958120010504002000290001002186903,536829417281743569497615238149362785825471396673958124918534672364297851752186943,1
003200490900850671065040203016074039387002514500130702000980326630420950020065148,873216495942853671165749283216574839387692514594138762451987326638421957729365148,1
048060095250091643093205087901038754386407001005009800760000010000502360530010078,148763295257891643693245187921638754386457921475129836769384512814572369532916478,1
009286170016907538074001296400320800100409705025008300038000910542000080901070403,359286174216947538874531296497325861183469725625718349738654912542193687961872453,1
500100700004029506200000041950040673008950000000603900642375000180490067000061254,536184729814729536279536841951248673368957412427613985642375198185492367793861254,1
849060000735800964006950300082549600973186405060030189057400000490600853020395040,849763512735821964216954378182549637973186425564237189357418296491672853628395741,1
309087001204001803000340295080030060036900050042015087870003900000704038420859710,359287641264591873718346295587432169136978452942615387875163924691724538423859716,1
090081245072904106100320897080002003067030010003679520624803750950410302001205984,396781245872954136145326897589142673267538419413679528624893751958417362731265984,1
236100984105689703089302015418200007020800300960071842390405208004020109000000450,236157984145689723789342615418236597527894361963571842391465278654728139872913456,1
000000060203067981106983025340891056090524108508076000005000040860009500920600070,489152367253467981176983425342891756697524138518376294735218649864739512921645873,1
702000100138960275504120309200491856850702941009850032620500000040618020380040617,792385164138964275564127389273491856856732941419856732621573498947618523385249617,1
409658003062109845078030109054000080001086070000007500140200030000760014003800907,419658723362179845578432169754921386931586472286347591147295638895763214623814957,1
000209350905010002203706490300620040600530287001407006060040000008172964740060803,476289351985314672213756498357628149694531287821497536169843725538172964742965813,1
000020005005300000291065480536490020180650907027000060802031000600548009410200300,348129675765384192291765483536497821184652937927813564852931746673548219419276358,1
102340905057190302940620871704903080031200090000470203300000529200060430400702608,182347965657198342943625871724953186531286794869471253376814529218569437495732618,1
046708120725040800300005000031009502600410309280503700890000274502000618064207053,946738125725941836318625497431879562657412389289563741893156274572394618164287953,1
890104030574030020300050080253001094607029318089003200005096070001872000038410962,892164735574938126316257489253781694647529318189643257425396871961872543738415962,1
165080204097145060040609571726034085450008309389200040034072908008406702970000406,165387294297145863843629571726934185451768329389251647634572918518496732972813456,1
604910370003007945000003680908160050746800120025074000000041560460038200801200700,684915372213687945579423681938162457746859123125374896392741568467538219851296734,1
000300009568107342490620007701900038345081906609735204930412700054809603802060091,217354869568197342493628157721946538345281976689735214936412785154879623872563491,1
865070491300060250092145638000700519059082074400001800040307000073428165281050740,865273491314869257792145638628734519159682374437591826546317982973428165281956743,1
057862400000091750198700602740086020000049180289003060905008240012900006836400915,357862491624391758198754632741586329563249187289173564975618243412935876836427915,1
107958403080203070090000058270060081809720540016034297043180065608305014750490800,167958423485213679392647158274569381839721546516834297943182765628375914751496832,1
813907520920000803070002000307250040008090607100008902000619785600783000701524069,813947526924165873576832491397256148248391657165478932432619785659783214781524369,1
000603904300075612467910000906000001740000839180320007000200000000000546514000723,251683974398475612467912385936748251742561839185329467673254198829137546514896723,1
009006100014537069320980540081703624007000030690000870908070012070020098000810750,759246183814537269326981547581793624247168935693452871968375412175624398432819756,1
016020904000940602094500008700302106143068005060054700405009821670000430009000567,316827954587943612294516378758392146143768295962154783435679821671285439829431567,1
609040832254080000387012009070039684000008021006450307705804210930026740100070900,619547832254983176387612459571239684493768521826451397765894213938126745142375968,1
305027406072380519480605723124000960563008274098206100840700300051009040937061002,315927486672384519489615723124573968563198274798246135846752391251839647937461852,1
096003000721400893305800100950301070002940050003508429000704002010089036200000784,896173245721456893345892167954321678682947351173568429568734912417289536239615784,1
040608070675409830038501000304000760027965003500700280003200107069104308000090000,941638572675429831238571946394812765827965413516743289453286197769154328182397654,1
254037861010080000708416000002740183041368970837100040326054010009200054400690320,254937861613582497798416235962745183541368972837129546326854719189273654475691328,1
000000015020700006058160970034070098007083024800010000000201067060800401740005280,476329815129758346358164972634572198517983624892416753983241567265897431741635289,1
009058710500290860184730590700002401392000600040380279070003108003820950820510300,269458713537291864184736592758962431392174685641385279975643128413827956826519347,1
596027041000000059743051208407160905001480070865702400084006007070509030050370104,596827341218634759743951268427163985931485672865792413384216597172549836659378124,1
047080003830701560019200000000000601203016947064397825005030000006070008080509476,647985213832741569519263784798452631253816947164397825475638192926174358381529476,1
506700010012300000947201600705030000320006800008510763000450320003097406084600500,536749218812365947947281635765834192321976854498512763679458321253197486184623579,1
308570642200000008006024031060040053020150796100907200010000000007680010000710360,398571642241396578576824931769248153824153796153967284615439827937682415482715369,1
401030270050090043370150098000000004068040300700000506289000460500206930037009050,491638275856792143372154698925863714168547329743921586289375461514286937637419852,1
500923700310800529000105483125008946090514208834206000003000600051080004060072810,548923761316847529972165483125738946697514238834296157783451692251689374469372815,1
067009580352840090910560034601258900293600008070910246736020019000000020009300467,467139582352847691918562734641258973293674158875913246736425819184796325529381467,1
410790602870026030263050710682300050504071063700605020000504000056000040308900500,415793682879126435263458719682349157594271863731685924127564398956837241348912576,1
456817000091630845000540160903000402000920070527461980045280791019370020600100358,456817239791632845238549167963758412184923576527461983345286791819375624672194358,1
002031000080670003003205070804702310130058004296004007000190830000000791000803400,672431958581679243943285176854762319137958624296314587465197832328546791719823465,1
407200950015790230920041000730024800060800309500010760000000007800170003174903006,487236951615798234923541678739624815261857349548319762392465187856172493174983526,1
420007519000692000370004000200740050001520097540910382163079040980360271702081963,426837519815692734379154628298743156631528497547916382163279845984365271752481963,1
807015934006009581509080600403801700092507068768492000901246053600150279205003106,827615934346729581519384627453861792192537468768492315971246853634158279285973146,1
085496273309000058724580196601008027497000005832005001010700560200009314540261089,185496273369127458724583196651348927497612835832975641918734562276859314543261789,1
793451826012086070005200491560340980900018543308000162050893010109704200000025039,793451826412986375685237491561342987927618543348579162256893714139764258874125639,1
004621780205070100600030092700009046529046000016087500052493000803765920960802304,394621785285974163671538492738159246529346817416287539152493678843765921967812354,1
305002906006100002070005430538674010640001800701598603100280064280010095060403128,315842976496137582872965431538674219649321857721598643153289764284716395967453128,1
045281069302096514910034070070800230001002907620000040408023705197650020200947001,745281369382796514916534872574819236831462957629375148468123795197658423253947681,1
200094703547300689089600010000043060001587342834216000178430500405700831620158097,216894753547321689389675214752943168961587342834216975178439526495762831623158497,1
720065410506000870810794650002670000987051230600309740004036001005100924100542060,729865413546213879813794652432678195987451236651329748274936581365187924198542367,1
026100050019750046805304009600073901000018570107400362040530607500007230790826000,426189753319752846875364129654273981932618574187495362248531697561947238793826415,1
314069057205007960000250480730920015401070392092136804803700046140305720907040500,314869257285417963679253481738924615461578392592136874853792146146385729927641538,1
000000100450003090807006352009062004080704500640830000003180000000000205510007080,236958147451273698897416352179562834382794561645831729923185476768349215514627983,1
509180004074239000830005297486900700207540039390071642108390470000058921062014503,529187364674239158831465297486923715217546839395871642158392476743658921962714583,1
040053806867001035300768940900070564070406100416000300020694080008010002704005009,149253876867941235352768941983172564275436198416589327521694783698317452734825619,1
801074920000002800024000035603759140702403560045800097369087400218940003007631080,831574926576392814924168735683759142792413568145826397369287451218945673457631289,1
204000603065300100103006248902718300080005900350069481030027816026100700710093524,294871653865342197173956248942718365681435972357269481439527816526184739718693524,1
410080352320640908087503060560000791000170205002009083740305006051298407038004509,416987352325641978987523164564832791893176245172459683749315826651298437238764519,1
790160020004082600086047091507001203008324005420056018672435009049618502051270030,795163824134982657286547391567891243918324765423756918672435189349618572851279436,1
730529014840300000529841607094702003178935060200084071405190700010206300362400195,736529814841367259529841637694712583178935462253684971485193726917256348362478195,1
038154072265790840704206030629310050403600108871905060582407019396520004040000000,938154672265793841714286935629318457453672198871945263582467319396521784147839526,1
019000600002670359635000410003816000958030261100009783501760032407005096386092570,719543628842671359635928417273816945958437261164259783591764832427385196386192574,1
050020004000569082627040090308070006094056020200900030001090065906005078000630140,859723614143569782627148593318274956794356821265981437471892365936415278582637149,1
000904381047130060093560247700090010659001734230007958400009073028716495900003126,562974381847132569193568247784395612659821734231647958416259873328716495975483126,1
236751409000240037004039051090100760000070893005083040018497526547302918062805000,236751489159248637784639251893124765421576893675983142318497526547362918962815374,1
827009100095703648463018907619300205040050001708291430001975800986030502000682000,827469153195723648463518927619347285342856791758291436231975864986134572574682319,1
384260071169735400070001903590687100613054087048020695421076800057002006006508000,384269571169735428275841963592687134613954287748123695421376859857492316936518742,1
930826107407193250128074006070000860006210305350648720503080609692001403780300510,935826147467193258128574936271935864846217395359648721513482679692751483784369512,1
209830057600475120540120806000640300938050641100398270802000963090260580456980012,219836457683475129547129836725641398938752641164398275872514963391267584456983712,1
604350087371000450085000039923507841457810003816003502700035910500100060160780005,694351287371298456285476139923567841457812693816943572742635918538129764169784325,1
372089105580000002600512073007906001019800026050471389000090014028104637140763208,372689145581347962694512873837926451419835726256471389763298514928154637145763298,1
040719006502036140716240098000503910100002003329068700030680201001900000000001400,843719526592836147716245398684573912157492683329168754935684271461927835278351469,1
043706009810920764069015280001060005607090341008004002130807006080639127000251438,243786519815923764769415283491362875627598341358174692132847956584639127976251438,1
805001900300894050002036170950100024043050810018403700726305009100002030004789261,865271943371894652492536178957168324243957816618423795726315489189642537534789261,1
964000087370920014002047306020430075030071400547260109000000608280003741400002003,964315287378926514152847396621439875839571462547268139793154628285693741416782953,1
060301028023700950758090410506200040040500060001467080000100000805904600430006071,964351728123748956758692413586219347247583169391467285672135894815974632439826571,1
000080900983624057671590400060052001000801540100470200000369010308045090500218700,452187963983624157671593428864952371729831546135476289247369815318745692596218734,1
720010608690782050001490270307001985040809700200567040908100506510020000470053810,724315698693782154851496273367241985145839762289567341938174526516928437472653819,1
