002695017000000024000243000524001900000438056000002000743006000000300640650100080,432695817965817324871243569524761938197438256386952471743586192218379645659124783,6
060004080200000005003500619030060100000200834081040020000000370900030000020705000,165974283298613745743528619432869157679251834581347926854196372917432568326785491,6
070000692900006004304020000609500200240009063000204908090070006120600039000100027,578341692912756384364928175689537241245819763731264958893472516127685439456193827,6
003800000815007420000400000000932007009786001200000308300200004090100005008693700,943825176815367429726419583184932657539786241267541398371258964692174835458693712,6
108500070000000041000810020280700000009451380013260090300007009900102030802030410,138524976526379841794816523285793164679451382413268795341687259957142638862935417,6
100300260000178009904600107803000400060403010451080900208060000300804000500031600,175349268632178549984652137823915476769423815451786923248567391316894752597231684,6
000800009906504013010962800008009400090340000032057190845090320000205780700000900,257813649986574213314962857578129436691348572432657198845796321169235784723481965,6
900000200000050094003000560098005300700034000002700010584200070009007400076010052,957846231861352794243971568698125347715634829432789615584293176129567483376418952,6
280076000594308700003049500070000900810000043005600107140020300008900000007400001,281576439594318762763249518476132985812795643935684127149827356358961274627453891,6
079200640064010000800006572900000000085720100600001200058102000002060817106874000,579283641264517938813496572921648753385729164647351289758132496432965817196874325,6
000076480040021700100050060095108600218040030000007015000080246300402598000069000,523976481846321759179854362795138624218645937634297815951783246367412598482569173,6
080007000054080600000900852006008040019700080708100960090006300300000420801000070,982657134154382697673941852236598741519764283748123965495276318367815429821439576,6
100748056508000004060105870000030420005000601000950080080560002027014500400209100,193748256578326914264195873819637425735482691642951387981563742327814569456279138,6
540600008092003670687901300000008009376000825008075430000500040200004000000090000,543627198192853674687941352425368719376419825918275436861532947239784561754196283,6
200000000009050100507000090630002000050193768971640000890020014026004050143005070,214739586389456127567281493638572941452193768971648235895327614726814359143965872,6
000402100910000040400900607003504908000009000000670400240893050560100200007056810,786432195915768342432915687173524968624389571859671423241893756568147239397256814,6
400320901002000080700001005980650340624173598070409012100700029000000000896200000,458327961312596784769841235981652347624173598573489612135764829247938156896215473,6
020485910009200400148370000000020070007950020200847609005000700470018306300000002,623485917759261438148379265594126873867953124231847659985632741472518396316794582,6
000005300000000027309021584031800005207100893006009041000597000705000000890000050,472985316158463927369721584931842675247156893586379241624597138715238469893614752,6
100705000509000040032001000200500000300024500090000012003060050926450103854310027,168745239579632841432981765241596378387124596695873412713268954926457183854319627,6
130047080002300614008000000210463098090000045004000000070030000023504001000012003,136247589752389614948651237215463798697128345384795126471936852823574961569812473,6
030602000000000035080010060900200753060057801007143020090030002070081390003000010,531672984726894135489315267914268753362957841857143629198536472275481396643729518,6
080750609470001000000020800000030964039072105854100702918000000047000308360987400,283754619476891523195623847721538964639472185854169732918345276547216398362987451,6
004008709050697040900000008890002530420730080067085204000000920009026400010000806,634218759158697342972543168891462537425739681367185294546871923789326415213954876,6
847200000013004600205730008000807304070950010600000009000010403450008090130000200,847296531913584672265731948591867324374952816682143759729615483456328197138479265,6
300904205060000000100035040003418900790000060240670001804200600576000029932000080,387964215465721398129835746653418972791352864248679531814297653576183429932546187,6
830009000001050000506002901080000700060090050900805620000000075008031000720540130,832419567491657382576382941385264719267193458914875623143926875658731294729548136,6
000130500030040090057006384000504000002600013800310050680050700003700800020000039,948137562236845197157926384361594278592678413874312956689253741413769825725481639,6
906403050500006034003500680000350800000000473830000519008000000427800005009000120,986413257571286934243597681714359862695128473832674519158932746427861395369745128,6
100305740000040103439070500815000002003082005246590830680020300350814000904000200,128365749567948123439271586815436972793182465246597831681729354352814697974653218,6
840500090070300000300006780094103002500000000008290300410805630053061008000009021,846572193971348256325916784794153862532687419168294375419825637253761948687439521,6
000000201060002390392008000086900407003086000019000062130067004600009000907015000,854693271761542398392178546286951437473286159519734862135867924648329715927415683,6
340000581097050003815304006000000050400090010020008900750903802139002005204007130,342679581697851423815324796973146258468295317521738964756913842139482675284567139,6
500040000069100482002806000025607094906013020004029017091000000600004009003900200,518742963769135482342896751125687394976413825834529617291378546687254139453961278,6
780023040145007603230004000060908300070030009308052000020780031807000000913240070,786123945145897623239564718461978352572631489398452167624789531857316294913245876,6
000501608852040193071308542200006000700400206400200030000082000000050007530004029,349521678852647193671398542293816754715439286486275931964782315128953467537164829,6
000040050900001048060800031000400000001708000475600010500003000080164325000090080,813946752957321648264875931628419573391758264475632819546283197789164325132597486,6
004950000007080605000106200061090038049030051500008906418500070006320800002001500,624957183197283645385146297261795438849632751573418926418569372756324819932871564,6
007090130090264058450700002100000000000070060073080000000002403530009076010000000,627598134391264758458731692165923847842175369973486521789652413534819276216347985,6
200000010009000000008000920000051097705008261900720830301085040500407083000093650,243679518659812374178534926826351497735948261914726835361285749592467183487193652,6
020600090965083020003000008786941035590806740040527000000300800200000310030008602,827654193965183427413279568786941235592836741341527986659312874278465319134798652,6
000000268006023070209006040003200080020000400048670352000300005390500000050041700,437915268586423971219786543963254187725138496148679352874392615391567824652841739,6
413500000020000590005600800000250000104070200032406000080005009051700000047000135,413598726628347591795612843879251364164973258532486917386125479951734682247869135,6
704301800005600001000009000806000000073860010000100082090205067032000100007030200,764351829925648731381729546816592473273864915549173682498215367632987154157436298,6
502000706700030008049700230103040050004596001060317842400620080090000020020100000,532984716716235498849761235173842659284596371965317842451623987697458123328179564,6
001790402765300108000861500078500020900008050000200001006100940034080010107050006,381795462765324198249861573478513629912678354653249781826137945534986217197452836,6
009000300700930008000006090972003050000158070000720060006000004000314000801005239,619287345754931628328546197972463851463158972185729463536892714297314586841675239,6
100507400800124036000309000030090800941000000680435190400816305306002040508900000,163587429897124536254369781735291864941678253682435197429816375316752948578943612,6
000301804000097003341020000070600480630180597200074316080700241000048005000010060,597361824862497153341825679179653482634182597258974316985736241716248935423519768,6
050009000009567024000200900000805206500000870070040010010320600200090050068000032,652439781189567324743281965391875246524613879876942513415328697237196458968754132,6
070560834300800000000000510937015020080030901401008075090000400740250009016040000,172569834354821796869374512937415628685732941421698375293186457748253169516947283,6
000056900672000305490071800369008700040007000700000498900820070007100030500060089,183256947672489315495371862369548721248917653751632498936825174827194536514763289,6
009005604000302005105060200800051007500036002071000060402600001900003006000020758,729185634648392175135467289863251947594736812271849563452678391987513426316924758,6
029014000500080007030600400040501003090030040005007000100400009052009100006053720,729314865564982317831675492648591273297836541315247986173428659452769138986153724,6
070530090000000362390806005604900800080163700010004650030000000009301500000090040,176532498548719362392846175624975831985163724713284659237458916469321587851697243,6
080350901000040020200000050095004800802507400300020000004080530000910240023000000,486352971539741628217869354795134862862597413341628795174286539658913247923475186,6
350090406408700030700010000905200610000039700070000500049600307000905060600004100,351892476498756231762413985935247618816539742274168593549681327123975864687324159,6
000020000007004000003067802012075090006003000704290010009800000078046320640000589,865329147127584936493167852312675498986413275754298613239851764578946321641732589,6
006002400824605103001000026008507049070080051605000070040756900000408010080321004,796132485824675193351849726218567349479283651635914872142756938563498217987321564,6
204601300009003000603805074000004602020006049000080700067018000391002087800000106,274691358589473261613825974938754612725136849146289735467918523391562487852347196,6
500700006900043100004000020807105400000000070009000650040001009000406800010908230,583712946972643185164589723837165492651294378429837651248371569395426817716958234,6
780609302024000050036400008607248900000000260000030004301000609000060003008900010,785619342924387156136452798617248935843795261592136874351874629279561483468923517,6
900300675007800140050490000670208913000973006003050084739000000581620000002000000,948312675327865149156497238675248913814973526293156784739581462581624397462739851,6
070010020640007801000608347000001070050020000402870500908000700000082903030900004,873419625645237891291658347386591472759324168412876539928143756564782913137965284,6
500470310630100070174000590010560980005007600000908000280700000340090850000000020,528479316639185274174632598713564982895327641462918735281753469346291857957846123,6
809010057040900000007000400000709030003105806500300040000093010200561004004208003,829614357341957682657832491486729135973145826512386749765493218238561974194278563,6
000197403803602500000000690000001805207064000000200006018430060400020310030010000,625197483893642571174358692346971825287564139951283746518439267469725318732816954,6
000260309000001007600400850002000600050670000000002043007000934205380106030706028,548267319329851467671439852712943685453678291986512743867125934295384176134796528,6
080060009010009670206000000051040700609500308003600501060020000932001400000090030,387465129514289673296137854851943762679512348423678591768324915932751486145896237,6
002140000039082407014006000970800000000003009203719060827035601090070020000000003,582147936639582417714396285971864352468253179253719864827935641396471528145628793,6
524190360890020001003050902078200600050000000200000013082635090000002105035910026,524197368897326541613458972378241659951763284246589713182635497469872135735914826,6
006103920200045610030000700020009400000060209960000301890030176615097802070608094,746183925289745613531926748123859467457361289968274351894532176615497832372618594,6
080003010005080000039010086354090200900524000200006059620905840097040600843000000,782653914165489372439217586354891267976524138218736459621975843597348621843162795,6
005000010000020904400680030301800600920076041000013000000061509653000020000208463,895734216736125984412689735341892657928576341567413892284361579653947128179258463,6
000700903057000000300600705001200800570100004098000570023060007000000056600830000,862751943157493628349628715431275869576189234298346571923564187784912356615837492,6
400050001917002850005800004000627000600190402009308000000700020000500940700089510,482956731917432856365871294154627389638195472279348165593714628821563947746289513,6
000100000000047860007300000140032009009001200002970000970205014501003000604000528,456128937293547861817396452145832679789651243362974185978265314521483796634719528,6
070000001915000000406090007094010000260300049700900015050280090300109070100003024,873425961915637482426891357594712836261358749738946215657284193342169578189573624,6
003975016070380090950000007067091300138500000509800760000009003800136002000000140,483975216671382495952614837267491358138567924549823761715249683894136572326758149,6
478006009200704081961005473087500014100067300305000760016050247030000090702600100,478316529253794681961825473687532914129467358345189762816953247534271896792648135,6
005821000600090013040003020000459301590230007300610250003000004410075000009006000,935821746627594813148763925276459381591238467384617259763182594412975638859346172,6
376040089050708400028000057860137000230905710500400938180000390090810002040050070,376541289951728463428396157869137524234985716517462938182674395795813642643259871,6
300206000582004000000001720835702140040035082210000070724000090003040000108000004,371296458582374961469851723835762149947135682216489375724513896653948217198627534,6
050400206006800000230090070005070190600000507709040863002000600500204010100900025,958417236476823951231695478845376192623189547719542863392751684587264319164938725,6
045060000206405009009002465000050010068104007000300000900508603003200500750003048,845961732276435189139782465397856214568124397421397856914578623683249571752613948,6
570600002301090500860532791605100020100000675200065008050706903700950064906014000,579681432321497586864532791645178329183249675297365148458726913712953864936814257,6
210700000030008500708010600000609000002830006081000000007062010160004020000070400,215796384936248571748315692374629158592831746681457239457962813163584927829173465,6
040000798206900540080430020760000402008064000004000000000206000072008951800079060,345621798216987543987435126769513482528764319134892675491256837672348951853179264,6
000348100000006020360000000000069810000030265000410090420685900780090640009024000,592348176147956328368271459273569814914837265856412793421685937785193642639724581,6
000080001002000030700432980090127000007008002200305007400019608520073000009564270,934786521862951734715432986698127345357648192241395867473219658526873419189564273,6
152008000709000000046020785970310200200006803560000007001500030400000000037891500,152738496789654321346129785978315264214976853563482917821547639495263178637891542,6
409020078013000025086705000900218030025030040008060000000840700000602300800059064,459321678713486925286795413964218537125937846378564192692843751541672389837159264,6
890070050270681300040003200400008095000205830580000702900800000020054000004000008,893472651275681349146593287432768195769215834581349762957826413328154976614937528,6
070020000003059801015603940000802056130000090050901000000007012507010460300000000,978124635463759821215683947749832156136475298852961374684397512597218463321546789,6
107600900309080001608001050012349860035008209006100037074010000063200004091800006,157623948349587621628491753712349865435768219986152437574916382863275194291834576,6
200803950504209306073010000000700060802006001007000038000000400040508600308000002,216843957584279316973615824435781269892356741167492538629137485741528693358964172,6
000200100600070409304006705027058600580000300063702540800007000000900807070001060,758249136612573489394816725427358691589164372163792548831627954246935817975481263,6
007320954200840730094170628430007109709000500100960003001600097003002000070001300,817326954256849731394175628438257169769413582125968473581634297643792815972581346,6
000160000009005000060879235720500100400000070908007050000000028200780060601050043,532164897879325416164879235723596184456218379918437652397641528245783961681952743,6
965721340000005000800060000006000409008506713093207085050803060600000850004050000,965721348342985176817364592576138429428596713193247685251873964639412857784659231,6
090004310406300509038000002000010000004030200000500060000029050001850400350000090,795264318426381579138795642689412735574936281213578964847629153961853427352147896,6
020049700000000610000100000082974000705018900400000807240057390138000002507300060,821649735953782614674135289382974156765218943419563827246857391138496572597321468,6
200900706800020091019630000900300100070240900004009000390006250450002603600850419,235981746846527391719634528982365174173248965564179832398416257451792683627853419,6
001059048508600000020810007019000060840000010752036004000502000105070029007900000,631759248578624193924813657319485762846297315752136984493562871165378429287941536,6
800030000005609007020400003962300740480076030003804026050008300030000004600503200,846137592315629487729485613962351748481276935573894126254718369137962854698543271,6
090400261260500000003006000002008010400700302300000007009060020107004800030020170,895473261261589734743216598972348615456791382318652947589167423127934856634825179,6
032700000095406873400003000040005087800000300010004000083650409900800002521009700,632798154195426873478513296246135987859267341317984625783652419964871532521349768,6
310700040578004001040031500020318004000000052400000800830400126001603400000180035,319765248578294361642831579725318694183946752496572813837459126951623487264187935,6
500000012002007600100200900603001590900630021200000380721043065000100009009052134,536894712492317658178265943683421597957638421214579386721943865345186279869752134,6
010903000064512309000700201080050020407298000000007000340009017500301000600040930,215983476764512389839764251983156724457298163126437895348629517592371648671845932,6
640000500892543000053906000420051000009682000305409000260007000000035840030000007,641728539892543671753916284426351798179682453385479162264897315917235846538164927,6
700045900080200407030790006008300000002986014009010500004000000200104000010070640,721645983986231457435798126148357269572986314369412578654823791297164835813579642,6
400100005067900100820065090008604509000007401140500070015800007009001000204050600,493178265567932184821465793738614529956287431142593876315826947689741352274359618,6
002840000800001024040230890504719000000020749060000200270000000008090002095000068,932847156857961324641235897524719683183526749769384215276458931418693572395172468,6
074005603081700500095162004729000000003910065000400070408001900000000100150000340,274895613681734592395162784729586431843917265516423879468351927937248156152679348,6
100070009080000605600958012003000060001360790000400001000529000020706803516004007,154672389982143675637958412793281564241365798865497231378529146429716853516834927,6
000296005691008000005000906300009800500820600008053000056000040120004000034175209,473296185691538724285417936312649857547821693968753412756982341129364578834175269,6
000004635060030409304600820601000700009010000820060010006490053010280040000350060,178924635265138479394675821651843792439712586827569314786491253513286947942357168,6
090008015010300000007000302000520064030006290000980030920810000501030809080092000,396248715218357946457169382879523164135476298642981537924815673561734829783692451,6
300970816000205000749086352000041009000700000004052070032017090500400000406820030,325974816168235947749186352657341289213798465984652173832517694591463728476829531,6
019760400000400030300908002007600010091000008600009000060007000400800090983000701,219763485758412639346958172837625914591374268624189357165297843472831596983546721,6
098010320203805049500000080906008000721900800300721006830670000400130068162004000,698417325213865749574293681946358172721946853385721496839672514457139268162584937,6
008016003090005064460030150070000040846100009900064000784301906600097005529048007,258416793193875264467932158372589641846123579915764832784351926631297485529648317,6
200035700054070300006020058065790010320006009007208605580069007642350081000000503,218635794954871326736924158865793412321546879497218635583169247642357981179482563,6
090000837208407000100900406020000090000800700480001002910270000000106200070008004,694512837238467915157983426721645398365829741489731652916274583843156279572398164,6
710000000400079806900080002371402009500908000009031405000290064005000200043006000,718625943432179856956384172371452689524968317869731425187293564695847231243516798,6
000016027000502409030000000050641002020090040060000008602900000010200500000004286,594316827186572439237489165859641372723895641461723958642958713318267594975134286,6
208010000000000060500703000609807001002004396100269000403001285005020074000075000,298516743317942568546783912659837421782154396134269857473691285965328174821475639,6
300005060506072140840000200060900400070048300400100090000760800704000630020013004,312485967596372148847691253261937485975248316438156792153764829784529631629813574,6
030000050021057803057083001518200697673598140049010300082000530394870210160300008,836421759421957863957683421518234697673598142249716385782169534394875216165342978,6
005200000601805200000000700508617092102390000963000100009000503007001020026583010,785249631631875249294136785548617392172398456963452178819724563357961824426583917,6
890003105040860720070500000200000390400000002050082400020075839780906210900008000,896723145541869723372514968268457391437691582159382476624175839785936214913248657,6
500320867000000309003890105000000792006017038000230510204900600010000000608100070,591324867862751349743896125135468792926517438487239516274983651319675284658142973,6
020000080007059002569020740900065217050700094710000850000040078800006005600900000,421637589387459162569821743948365217256718394713294856192543678834176925675982431,6
543097002290400517701080940650810204020600300034005601000060700000201400900000100,543197862298436517761582943659813274127649358834725691412968735376251489985374126,6
423806010768019030900000260031080000000960002694002500000045096546000800000008050,423856917768219435915473268231584679857961342694732581182345796546197823379628154,6
000036070705049032090005400150307048608904720000520003804002090000001004000093800,241836579785149632396275481152367948638914725479528163814652397963781254527493816,6
079210046002003981008904007054006100000090002020405060007050090205689000000347005,579218346462573981138964527954826173683791452721435869347152698215689734896347215,6
500002018970610000400000020000206007294781030600090200006100000750823400000060000,563472918972618543481539726835246197294781635617395284326154879759823461148967352,6
050491203273008090401070086600500020980706010002100700100800640700004900000907000,856491273273658491491372586617543829984726315532189764129835647765214938348967152,6
012903800840100090350008021403000060170000040900400100000204906290080030080070000,612943857847125693359768421423817569178596342965432178731254986294681735586379214,6
060050980850016200400000000070301000100002009632000000000000003090000742500437890,263754981857916234419823567974381625185642379632579418746298153398165742521437896,6
800020960090605000070003501900248700508000000007150000004702159129080376750900400,815427963493615287672893541961248735548379612237156894384762159129584376756931428,6
021000000008000105000000890700900000002053008054072300080600040100000900060538271,521849637948367125376215894713986452692453718854172369287691543135724986469538271,6
008600407400070000007300020700185930500000000009007001100000000840021670003008050,318652497452879316697314825764185932531296748289437561176543289845921673923768154,6
100005046050084200409200500904070068000040005015000430600801759090467300001050684,172935846356784291489216573934572168867143925215698437643821759598467312721359684,6
807006095060805372310700860090060200002008006040003000000000501003007680180000020,827436195964815372315792864798561243532948716641273958279684531453127689186359427,6
000003050009000100635910802106002503020500018050000064800700001090020085000490300,741283659289654137635917842176842593423569718958371264864735921397126485512498376,6
607030020008261000004509006000004653000750001000103702009015000103690040080040009,617438925958261374234579816871924653392756481546183792469815237123697548785342169,6
000060500624000030300007800807140000000008010419602000006000080200090103080710065,798361542624589731351427896837145629562938417419672358176253984245896173983714265,6
800000050000009730372400689950003041103000007000100060090250318020008075030901026,849736152615829734372415689957683241163542897284197563796254318421368975538971426,6
009560000465002098310704000006310050030050074000409000004271039073040000201000507,729568413465132798318794265846317952932856174157429386584271639673945821291683547,6
205000000036540701100900800008200000000060103670090008000480000403109600812600004,285716349936548721147932865398251476524867193671394258769483512453129687812675934,6
000030497090000623003270000379000064086020000501000879035000000804105732910040000,152638497798514623643279158379851264486927315521463879235786941864195732917342586,6
500409200096000048740000000031800409400000000000064302004006005000047820005000104,513489276296731548748625931631872459482953617957164382824316795169547823375298164,6
350000100104095000080000000000000308006031009500000041400910500071500093800200010,359786124124395687687142935912457368746831259538629741463918572271564893895273416,6
040008005672590000080406009000900000001000000200704050065020078908000032000000004,149238765672591843583476129734915286851362497296784351465123978918647532327859614,6
001706900000800012050100030906000040000900251072018000080295160004600070105000020,421736985637859412859142637916523748348967251572418396783295164294681573165374829,6
100000800000038000080001935500400002000510093300082100810325600940100020206000001,139254867675938214482671935561493782728516493394782156817325649943167528256849371,6
000009000060030002792604080200560009000080200580000000006090300924005670317800900,138279546465138792792654183241567839679483251583921467856792314924315678317846925,6
208000004090000003701800000160308040800027061409506700300601000580000007910700350,238169574695274813741835692167398245853427961429516738372651489586943127914782356,6
040020501000100970050079000805000060027068419000017800003700000002041000491000006,749326581236185974158479632815934267327568419964217853683792145572641398491853726,6
280705196536010047009040853061053002020187500805200370002070000050090600008006005,284735196536819247179642853761953482423187569895264371612578934357491628948326715,6
630005002007009006021046357000007500092003004060000009300970000010050708800062000,638715942457239186921846357184697523792583614563421879345978261216354798879162435,6
100000005085009000030500700200900073050204680809000000007006820021000300040070000,176823495485769231932541768264985173753214689819637542397156824621498357548372916,6
040200008000849006209500043020930000008400000900650432102086054000005609500094001,645273198713849526289561743426937815358412967971658432192786354834125679567394281,6
090020503260007900804906172509003206013000000000500730000600408008005000950348607,197824563265137984834956172589713246713462895426589731372691458648275319951348627,6
200050010400081000100360490000090350000140900910020046809430000074215689061009234,296754813437981562185362497742698351653147928918523746829436175374215689561879234,6
600005000009602410074130692905041800700000041001350020090504208257800000008000000,612495387389672415574138692925741836736289541841356729193564278257813964468927153,6
070409306240083700030072008308960004000800063760030090420008057000506030500004002,871459326249683715635172948358961274912847563764235891426398157187526439593714682,6
506040090000002000001790602172068030300500900695020070200000000008200063719000250,526841397947632518831795642172968435384517926695423871263154789458279163719386254,6
307200000040960000006007038003028160001609045869004073000470501080002600600890300,397281456548963712126547938453728169271639845869154273932476581785312694614895327,6
900000608048000000760000001070380100000052060001006005600500004030000000090034006,952413678148967523763825491576389142489152367321746985617598234234671859895234716,6
500000003703010904000006010600900400004100000000054006408000070006200059030091600,512489763763512984849376512681927435954163827327854196498635271176248359235791648,6
300070080000010900600003517102490038800200100970058002407001056200000070530060800,315679284748512963629843517152496738864237195973158642487921356296385471531764829,6
032610980000400020408200607000040090010800400000000036600508000059000300000070060,532617984167489523498253617826345791713896452945721836671538249259164378384972165,6
090580000007901000851270004370004050000007403914060278620039800000050060009600000,496583127237941685851276394378124956562897413914365278625739841183452769749618532,6
300007000060240003700083021000000037980002050470150090007000049890700060050000702,325917486168245973749683521512498637986372154473156298237561849891724365654839712,6
100006083029000006063000502906205300000703000380009027037004000001800070098507000,154926783729358146863471592976245318412783965385169427237694851541832679698517234,6
360020079240097100050401000520000300003002040006003012400280701810000006607150084,361825479248697153759431628524918367183762945976543812495286731812374596637159284,6
080609201040020070209000630094500800020000507050283410872005196431890752000002000,783659241546321978219748635194567823328914567657283419872435196431896752965172384,6
030054000000090050900860100460310805590006300317405206000932010289540060140078000,631254987874193652925867134462319875598726341317485296756932418289541763143678529,6
000400500000970041406502008000050024004000903081009007000800005145007030700130400,219483576853976241476512398967358124524761983381249657632894715145627839798135462,6
080160302003072006050008040000040260000020009029083010265010070070030500000200600,487165392913472856652398147531749268846521739729683415265814973178936524394257681,6
040709102060400090700100000900301020070050009430000017003040201010002456004007980,548769132361425798729183645986371524172854369435296817693548271817932456254617983,6
800540010100700256003901804007695000500034020408100503935000080004059000010008000,876542319149783256253961874327695148561834927498127563935416782784259631612378495,6
900020041500403000030006080000050406020084013040600700800047030000568070001000000,967825341518473692234916587789351426625784913143692758856147239392568174471239865,6
704203500000000407005007030190702843400900020000000005507800000080604300009020000,714293586923568417865147932196752843458936721372481695537819264281674359649325178,6
010930260602000307307060510408000902000208600071659000020570480050824106000090000,514937268692185347387462519468713952935248671271659834129576483753824196846391725,6
740000100093001070218007050179004520380006014060710398827000040030270860050048030,745623189693581472218497653179834526382956714564712398827365941431279865956148237,6
000020004300490800070380060701569003039200007520000000050000740003670500107800600,968725314312496875475381269781569423639248157524137986256913748843672591197854632,6
014620000650834902000017060026000000000203000070000250000060048102740395940001000,314629587657834912289517463426175839591283674873496251735962148162748395948351726,6
072080060000309240000016000006000002900608705000000030620807104400000000000002657,172485369568379241349216578756193482934628715281754936625837194497561823813942657,6
040080901182490560697000080070309010064850090908270030421700050706900100830000270,543687921182493567697512384275369418364851792918274635421736859756928143839145276,6
080000542090800006060005819210086053050700100600000908030000080021040600740598231,187639542495812376362475819214986753958723164673154928539261487821347695746598231,6
057038000200010500016400300060003400049060053530000207070604000620000030905301046,457238619293716584816495372162573498749862153538149267371684925624957831985321746,6
005061390400090020009703001000950006000000200001000043007309400530078000000520008,785261394413895627269743851342957186658134279971682543827319465536478912194526738,6
093012400000900800020706003245193070089000002037400010000604230000070000000080750,593812467476935821821746593245193678189567342637428915718654239354279186962381754,6
008104900003207806072600010000000601080710204090300580810403720000920008009800300,658134972143297856972658413734582691586719234291346587815463729367925148429871365,6
600400809009006005750080460170900050000510000090040010006090040948002100000804200,631475829489126735752389461174968352263517984895243617326791548948652173517834296,6
090000010300065489540091020000543000400010050700928064000000000075834690900176045,697482513312765489548391726286543971439617258751928364864259137175834692923176845,6
040105006008037549500000030710000000204801060080700351001020003000004600006318005,342195786168237549597486132715963824234851967689742351851629473923574618476318295,6
900000700010050009750892100097041500008005017100720004030100852809500071071004906,982316745613457289754892163397641528248935617165728394436179852829563471571284936,6
000000200000794008800300000013007840407260509050040172108000000390000007025000000,974186253532794618861325794213957846487261539659843172148679325396512487725438961,6
069215003030007091017008205304001006070000082000920000503000020700000600090042538,869215473235467891417398265324871956971654382658923147543186729782539614196742538,6
720010080000000015580000702805006003000800406060002800090064000056300900010700004,723415689649287315581693742875946123932871456164532897297164538456328971318759264,6
810342005000510820002806071763280100200600040080009236020000093075960000900020007,817342965396517824542896371763284159259631748481759236624178593175963482938425617,6
721000006003600097069010302006748501000000200005269004900500008010820900000000003,721395846543682197869417352296748531487153269135269784972534618314826975658971423,6
071050030000060008600970510040000287000024056562000341095000072004009060706040193,271458639459163728638972514943516287817324956562897341395681472124739865786245193,6
900420301050083000000000050730950218592071004008300000020608070045037100600500023,976425381251783946483169752734956218592871634168342597329618475845237169617594823,6
000000900006103820380000100190020730023789415075001200004300500007005690560010008,241876953756193824389452167198524736623789415475631289914368572837245691562917348,6
803907500061000320705006048009000200070690104000003000000800400400005790036079800,843927561961584327725136948659741283372698154184253679597812436418365792236479815,6
060030574015700030074008090109400080206000403000012060000170049000000006507600020,862931574915724638374568192139456287256897413748312965623175849491283756587649321,6
600000075450070023030580009570020900100056200020190006000005007300000080000807491,682943175459671823731582649576328914194756238823194756948215367317469582265837491,6
005200900010085003000060085100500002050040731736020400008007024071450090000000507,485231976617985243923764185149573862852649731736128459598317624271456398364892517,6
109348070870000010453000000005710840700020000284053001010000007007100050508007029,129348576876295314453671298395716842761824935284953761612539487947182653538467129,6
070200050190000084000049170001000062280016000009420008012790830900100005300002040,473281659196375284825649173751938462284516397639427518512794836948163725367852941,6
029000180050008904008000607205100000000805000000026001176450809802603005540980270,729564183651738924438219657265147398314895762987326541176452839892673415543981276,6
020600500400000107007000300070062080105070036000400900980306000050801040000000000,823617594496583127517249368379162485145978236268435971984356712752891643631724859,6
508067041760010009001500000126005000009040000004072060010050800005896702900001000,598367241763214589241589637126935478379648125854172963612753894435896712987421356,6
000203040005098013004150780309584107180700004457061028890020071000009036000300000,918273645675498213234156789329584167186732954457961328893625471742819536561347892,6
900002001020070459004931028609000503000695000400307002200760005796050000005020970,987542361321876459564931728679284513132695847458317692243769185796158234815423976,6
570608000003570000604023008029004000000190030400386000280000160000007000005000040,572648391893571624614923758329754816768192435451386972287435169946217583135869247,6
700509001060000800900020000004000000600300500000754006000010700312008490506903182,743589621261437859985126374154862937627391548839754216498215763312678495576943182,6
000090001019860300060470809940700000020084100036000704100057060050048907080020003,278593641419862375563471829941736582725984136836215794194357268352648917687129453,6
090000010153209040860510207071002059245098030000050020007000385030400000000037000,792864513153279648864513297671342859245698731389751426417926385936485172528137964,6
384605027100890300900003510003580049819030006000000003400900000208000600061300402,384615927157892364926473518673581249819234756542769183435926871298147635761358492,6
905700001400900580100004960004030850000608030003000006209010600601400300000200419,935786241476921583128354967764139852592678134813542796249813675651497328387265419,6
140260000758930000020050103000013609060740081000600027002004016000000430004076000,143267895758931264926458173275813649369742581481695327592384716617529438834176952,6
020005300500000290004100000000007038040500900670200050890004502002000800701020000,127985346586743291934162785215497638348516927679238154893674512462351879751829463,6
603450001000000506045070000700064030008001090400000107002000463100037000009005010,683452971217389546945176328791864235358721694426593187572918463164237859839645712,6
076050000241803670903600018569308020000000809000960004000080100005000000680002090,876154932241893675953627418569348721134275869728961354392586147415739286687412593,6
897030000040097608050000700000370080000609000709450302620045090400083206008060504,897236451142597638356814729264371985583629147719458362621745893475983216938162574,6
070006200806010090005028761052093070690107020000205900004070000230009000007431052,179356284826714593345928761452693178693187425718245936564872319231569847987431652,6
306007008870000000021000060010000057763104800009372106050010000102780600038600071,396427518875961423421538769214896357763154892589372146657213984142789635938645271,6
831004096000390010200000005007009000100200000624800000008020000015460700070501400,831754296756392814249618375587139642193246587624875931468927153915463728372581469,6
420080307008300012050040008160200800802004500300708020510007040234001700000420105,421689357698375412753142698169253874872914563345768921516837249234591786987426135,6
026490071908517002007060000700820050092706000000034720000300207280170005170042003,326498571948517362517263489734821956892756134651934728469385217283179645175642893,6
008000000573002090240390000800003400000026809960800523700009050000058600050007910,198745236573682194246391785825973461431526879967814523784169352319258647652437918,6
090065370300091402680000195809603254200040680000008030500010800900304020008200000,192465378375891462684732195819673254237549681456128739523917846961384527748256913,6
506000023000000000040900670001800032007640108080200006000784000008006001069005300,516478923973562814842931675691857432257643198384219756135784269728396541469125387,6
003604058802000060604000003000900000008043710201067590709300600300080000000006800,913674258872539461654128973467951382598243716231867594789312645346785129125496837,6
070060200500907000000000795000004500706010900080200317060000100153009408894750023,379568241512947836648132795931874562726315984485296317267483159153629478894751623,6
000000063000000500891005007108300000030154070070002000380010000000428306062703815,257849163643271589891635427128367954936154278574982631389516742715428396462793815,6
060510004500080690080006710170900500004000070600078041009020060016807400020600350,763519284541782693982346715178964532294135876635278941859423167316857429427691358,6
069500800520008000700000000046030095390700062072006000050840000901200504000015600,469571823523698417718423956846132795395784162172956348657849231931267584284315679,6
009000030670003000301900000206300074900427001730800502860700010197005080000100600,589274136672513948341986725216359874958427361734861592865732419197645283423198657,6
005030007000020950001097320008001094900050602000479000109780400000005000070013009,295136847763824951481597326358261794947358612612479538139782465826945173574613289,6
000500904041000050000060780080100200000380069159600807000706000700053698030800570,867531924941278356325964781683197245274385169159642837598726413712453698436819572,6
000361009000500230000000501050803904041900600800056307069080073700090000200000890,425361789178549236936728541657813924341972658892456317569284173783195462214637895,6
274630900860400005900200040400060210090582004000040009000000090546100802089000100,274635981863419725915278643457963218691582374328741569132856497546197832789324156,6
400206000000000840007084600108400200974300000020700430000601305213500980760000120,481256793652973841397184652138495267974362518526718439849621375213547986765839124,6
070000009030800000000501370708190045400002831003608700000007503060005900350280000,275364189631879254984521376728193645496752831513648792842917563167435928359286417,6
063010702080005000200437000530090614000000039900163275800050340004081006020000981,463819752187625493259437168532798614716542839948163275891256347374981526625374981,6
100078096002019530700300480057036104010000300300105008403200800500003012020000043,134578296682419537795362481857936124216784359349125768463291875578643912921857643,6
076500004408000003000046000705102000613000090809064070592400007087000040004230000,276583914458921763931746528745192386613875492829364175592418637387659241164237859,6
000480070430902000000170900000300007006007010278600003012000000700001506600704200,129486375437952168865173942591348627346527819278619453912865734784231596653794281,6
048009056003006800000000002000060793067910200390008400680300510050007000030041008,248739156573126849916854372821465793467913285395278461684392517152687934739541628,6
009500108034000005001700390307058009052010800008000000200005080873164050090000701,629543178734891625581726394347658219952417836168239547216975483873164952495382761,6
710004000008710004640005000800940306000501040030008950086050003470003265305406008,713264589528719634649385721857942316962531847134678952286157493471893265395426178,6
019800320060190780000062000002035067600020903030008002504000000706040009000089600,419857326263194785857362491142935867678421953935678142594716238786243519321589674,6
000306912050074600306802700060000090000690500530128070045009100700000040020000005,874356912152974683396812754268745391417693528539128476645289137783561249921437865,6
040809030850000296007000400205600009000004800070092360000000624506080000090000503,642859137851347296937261458215638749369574812478192365783915624526483971194726583,6
600000003090100070007086049970200380050008900803004020010040030040800052008607001,682479513495123876137586249971265384254318967863794125516942738749831652328657491,6
800050900100060002006102000200500030070030120960208000000003800000785460087600203,842357916135869742796142385218574639574936128963218574651423897329785461487691253,6
043000700050030890910600030200300000700500000465029370090100080300900100070402950,843295716652731894917684235281347569739516428465829371594173682326958147178462953,6
201060000630000082950000100003500006006090400095720003000270548100000000070089031,281967354637145982954832167823514796716398425495726813369271548148653279572489631,6
900802001030965428000007090000000000687090540003608070470023019000009204000010057,954832761731965428862147395295374186687291543143658972478523619516789234329416857,6
021000084800200000305400002074030800603000095050048007010809340030060009006074008,721693584849251763365487912974536821683712495152948637517829346438165279296374158,6
095001800680300102010060000329000508100900000040502009070050480800000207500047090,495721836687395142213468975329674518156983724748512369971256483864139257532847691,6
504608002030041000600050403080060020050000900100090038060870241020000000091504006,514638792239741685678952413983465127752183964146297538365879241427316859891524376,6
074013960681052734000060001900080206000200478008000050005600100002038695060000820,574813962681952734293467581957384216316295478428176359835629147142738695769541823,6
400100097007540021301078546003097600092005080605800000000009008068000903000680070,456132897987546321321978546843297615192365784675814239234759168768421953519683472,6
730000850100070004004030610365000000042000035000090206003420500201709460009063000,736914852128576394594238617365142978942687135817395246673421589281759463459863721,6
000062098068700000000300670009007000014030780500089010806000020001000830050800167,137562498468791253295348671389617542614235789572489316846173925721956834953824167,6
010680090008500002000003800050100200491070003030008009005300420760800000143020070,514682397378594162629713854857139246491276583236458719985367421762841935143925678,6
000008900570000018080950400006000700120000893900013520765400300003000070890000060,234168957579234618681957432356892741127546893948713526765421389413689275892375164,6
090040006600079500000206040013002804050008090000000020020013000006000701034007000,295841376648379512371256948913762854452138697867495123729613485586924731134587269,6
090063700200900004400520938008390671000000520603052800000000000000005017750008300,891463752235987164467521938528394671149876523673152849316749285982635417754218396,6
000589000043167009000000700204001870100800904986070130000000468865000390000600000,712589643543167289698243751254391876137856924986472135371925468865714392429638517,6
090860040000007903005032086810000607600000005750000098020080000080200009071403802,397865241268147953145932786814359627639728415752614398923586174486271539571493862,6
500700200020030070000509410080006542356010000040070060200000000004203159000047020,513764298429138675867529413781396542356412987942875361298651734674283159135947826,6
030900000509240060060000092900560273000000000300709004803070400041328059207000630,732916845589243167164857392918564273475132986326789514893675421641328759257491638,6
800945000030100004000080610059008163000030490403610005098204071200000500005870000,861945237937162854542783619759428163126537498483619725698254371274391586315876942,6
002000037010907820000001000506000280100000094040200060080305000001002058030608072,892564137614937825357821649576149283123786594948253761289375416761492358435618972,6
006907354007504801000038600000890000632000180000000065004070038900081420000050006,186927354327564891549138672751896243632745189498213765214679538965381427873452916,6
032807450045010900060004207008001000320000010000270000050600800080000002070000095,932867451745312968861594237598431726327986514416275389154629873689753142273148695,6
400200000208000190690530000000000710004070002720085030012003079060002300345709001,473291568258647193691538427589324716134976852726185934812453679967812345345769281,6
400090206090003100007006504040001903000002700206309040760120389103004050000008000,451897236692543178837216594548761923319482765276359841764125389183974652925638417,6
000029076000503000000486200000708092008002730902010860320900080140830600089261300,834129576261573948597486213613758492458692731972314865326945187145837629789261354,6
800402000740605018600300500901508400200106073000000850590700602100050004000800005,859412367743695218612387549931578426285146973476923851594731682168259734327864195,6
350700200000500090024801007080070000007280015005603008000000800400900006500348000,356794281871562493924831657183475962647289315295613748739156824418927536562348179,6
300267000005031002260500130900604083000902001740010000000149000120386050030700016,314267895895431672267598134951674283683952741742813569576149328129386457438725916,6
100020030000109070700300006070004300065001080300082069051003600020010040400000003,146827935532169478789345126278694351965731284314582769851473692623918547497256813,6
105600209000090070030001654207000006059260030000400000582006940000950002006002500,175634289624598371938721654217385496459267138863419725582176943741953862396842517,6
700450030000010070314020600001900003040360059050040100000002000000084010100607300,782456931596813274314729685861975423247361859953248167478132596639584712125697348,6
710980054250400680060002390000090410307004000045000970934105008582070140071000530,713986254259431687468752391826397415397514826145268973934125768582673149671849532,6
000825670000706904870900500780600100100397000603182005350200060200408050467500000,914825673532716984876943521789654132125397846643182795358271469291468357467539218,6
008000000000803006530040000641250073700601005095304100004009350000080000076030400,968715234417823596532946718641258973723691845895374162284169357359487621176532489,6
400051006006890030890602040354000600000000009000006400038060007900100360007005890,423751986576894231891632745354917628682543179719286453238469517945178362167325894,6
000170300000090000020405610304009000860000030500031406240003105050040703930010000,695172348481396572723485619314629857862754931579831426247963185156248793938517264,6
800012003306009010020000700958103070031200900000905000080306000000471020700098304,897612543346759218125834796958163472631247985274985631489326157563471829712598364,6
910805400500200000007004905000009587000001002000020000090010200306400890050003764,912835476564297138837164925123649587689571342745328619498716253376452891251983764,6
387405000065020308004863075800609002001730600900052000710000409038000000009000000,387415926165927348294863175873649512521738694946152783712386459438591267659274831,6
000100000000062407002000600013040020090000003500390146000050001064017305701600004,648175932935862417172439658813746529496521873527398146389254761264917385751683294,6
390000060240000009000007000006309800900070006800061030080005690509480000060093070,398254761247618359651937482716349825935872146824561937183725694579486213462193578,6
580000607904120580000000004045089001603040000802006045459070030200005700070003050,581934627964127583327658194745389261613542978892716345459271836238465719176893452,6
000046020005200017000000040300000400080074000004300078640701053153690084007450160,731946825465238917298517346372865491986174532514329678649781253153692784827453169,6
200009030006000279074000010795013804023000705060275091000487152802000900047000000,281759436356148279974362518795613824123894765468275391639487152812536947547921683,6
000603002000050301753091480060910273195702000200000015300500600500000140072106500,419683752628457391753291486864915273195732864237864915341578629586329147972146538,6
300000260209700050801020000010000300000007000050684000004000106002041003030060040,375498261269713458841526937716952384428137695953684712584379126692841573137265849,6
080630705700189004049507000815002070406000520900050000060010300090200800108040000,281634795753189264649527138815492673436871529972356481567918342394265817128743956,6
642900570100068000980405200509642080004310950001589030005026003410000800328150000,642931578157268349983475261539642187864317952271589634795826413416793825328154796,6
578002406302000950061035870096010043003009007715040600030004000189000004250071308,578192436342768951961435872896517243423689517715243689637824195189356724254971368,6
006040900700020000400900603000094005050080790900700400100000500538460001672508000,216843957793625814485971623827394165354186792961752438149237586538469271672518349,6
200600405500000067600010203900700000000031602000408500069800104050046739134009050,293687415581324967647915283915762348478531692326498571769853124852146739134279856,6
739000020006000500000206000000940800074100306908600014080504000007300000605010470,739485621246791538851236947163947852574128396928653714382574169417369285695812473,6
620700304500620970010045806200000017900001040000507203100400702000850030002170465,629718354584623971317945826258394617973261548461587293195436782746852139832179465,6
581006300023008009490000015050000203300562080000340000000080700000634500030070100,581496372723158469496723815659817243347562981218349657965281734172634598834975126,6
070000500009057306000010028004023087000740002720891403007100265300002070610000804,271386549849257316563914728954623187138745692726891453497138265385462971612579834,6
048200601100000007600590842010050020800017900070802150700020405200708009000030006,548273691129684537637591842316459728852317964974862153793126485265748319481935276,6
452078901008009064900300058000060095060005407080700020821090603097000002645002009,452678931738159264916324758174263895263985417589741326821597643397416582645832179,6
002003060800002400000400302080000720607510000009027100071004800900000014004801600,492173568836952471715486392183649725627518943549327186371264859968735214254891637,6
080203500070005003000400180008906000763152490900730000057309601806001700001600050,184293567672815943539467182218946375763152498945738216457389621896521734321674859,6
090000600060050009040006003007800006300000805080020714036092478508700930000000002,295431687763258149841976253457819326312647895689325714136592478528764931974183562,6
900701000102065000005002901300610020009020307200000609000000800007003160500206000,983741256142965738765832941378619524619524387254378619436157892827493165591286473,6
060040000001906003409810005105008004000000020000290107000180432854009000010407080,563742918281956743479813265125678394947531826638294157796185432854329671312467589,6
650809000004700160021000070400008002080020006015004003000091050500407601108060090,657819324834752169921346875476938512389125746215674983763291458592487631148563297,6
500008002020064000900102304390006000007205903280090000700000600000620001430500070,564738192123964587978152364391476825647285913285391746712843659859627431436519278,6
900006120016700000020003600034860957000000860005200000000020740002070016700030090,973586124516742389428913675234861957197354862865297431659128743382479516741635298,6
002910006089000004760000190010000000900586070000100562650092000001860209290701005,432918756189657324765423198516274983923586471847139562654392817371865249298741635,6
000405000104000060803069024400903000000000037038000240570000086040800100680040000,267435918194728563853169724426973851915284637738651249579312486342896175681547392,6
004809065000700049960510000723090051000000832080320004300200506809600020050003000,174839265538762149962514387723498651495176832681325974347281596819657423256943718,6
500004000207500080030760000000000040028100509015079302780005020052497010100300700,561984237297531684834762951973256148628143579415879362789615423352497816146328795,6
070056000502030000034001060307000045096040071400600002000000007600800000780594100,179456238562938714834721569317289645296345871458617392925163487641872953783594126,6
509000001240009800036200009400030010020647003080020000058000300010006700000583100,579864231241379865836251479467938512125647983983125647658712394312496758794583126,6
036900024095002163210005000160004058002000001000000049601450372000120086427680900,836971524795842163214365897169234758542798631378516249681459372953127486427683915,6
009420607300576009076390010700005000020800070168000004041003086000000495000600123,859421637312576849476398512794215368523864971168739254241953786637182495985647123,6
000701000160005900500000060600008400050000000400000832702090040000012390905407020,389761254167245983524839761693128475258374619471956832712693548846512397935487126,6
937148020000735948400062700003600875870000100060007200000570000006009051580000690,937148526612735948458962713243691875875324169169857234391576482726489351584213697,6
030600000070180006900037400800700600004000750067010200253801960040050080010490037,431629875572184396986537421825743619194268753367915248253871964749356182618492537,6
520700100680003204001004086190007000063005920402090001040581060210009000006002809,524768193687913254931254786195327648863145927472896531749581362218639475356472819,6
010043008703000000800900302057080190020500007060100420080000001000005000079420600,512743968793862514846951372357284196421596837968137425685379241234615789179428653,6
000002050003080600900000100007053010008967205000014708040078000572040001030500970,681492357723185649954736182297853416418967235365214798149678523572349861836521974,6
050000614400935072800100030004580000080060000635700000307004980000300420040091007,953827614461935872872146539214583796789462153635719248327654981196378425548291367,6
841069000070000061360010800900000603700003010130095008650270304290004086010906500,841569732579832461362417859925148673784623915136795248658271394297354186413986527,6
609002000100300600042000389078260050090403100000008206000634001004120700000087060,639842517187395624542716389478261953296453178351978246725634891864129735913587462,6
050960710000004090000000834003715480008200100500006903410008309706091040000007060,854963712132874695967152834293715486648239157571486923415628379726391548389547261,6
080000010401300807092000630106000340039060570000100290010540000040093080003680000,387426915461359827592817634126975348839264571754138296918542763645793182273681459,6
000030000020467809070008603000000304094083200130040070210694005009870100060301000,648139527325467819971528643782916354594783261136245978213694785459872136867351492,6
800420006060079801090000742708200005641005003009836074000900500082157000950000017,817423956264579831395618742738241695641795283529836174173964528482157369956382417,6
010002060075600802206000003000176300000084950008029674054068100007010000000400080,413852769975643812286791543549176328762384951138529674354268197827915436691437285,6
824003000536090018000500203380000620060300091902006007619000300058031070273900080,824713569536294718197568243381479625765382491942156837619827354458631972273945186,6
470300096600002000028000700207108000050040010030005008003506000500007004080020000,475381296619752483328964751297138645856249317134675928943516872562897134781423569,6
000030250500907001060000904400325000006004105852009030709500003031076040605090002,974631258528947361163258974417325896396784125852169437749512683231876549685493712,6
001000020004003780000205910070000006800009150049600000900704000008012070753086041,591847623624193785387265914175328496836479152249651837912734568468512379753986241,6
300040290000000605006010040039106000000074309000932000804701006607203900000060007,371645298948327615256819743739186452182574369465932871824791536617253984593468127,6
607300005010007043430800000000030460260004801700000030046720508102480000800600004,627341985518297643439856172981532467263974851754168239346729518172485396895613724,6
700910605508760093009000000000540700452000160867291500200073050300000006005600070,734918625518762493629435817193546782452387169867291534246173958371859246985624371,6
090005300050070008400000000000090600964300800030700902519046783046987200870013069,691825374253674198487139526728491635964352817135768942519246783346987251872513469,6
008790000000000070040800002480537090000000007075900410037024580920105004800370620,268793145519246873743851962481537296692418357375962418137624589926185734854379621,6
053890004006307095900502000342985001615703940090401500004000300009178006500034080,153896724426317895987542163342985671615723948798461532864259317239178456571634289,6
010020958905000624000060103000050240007806500159200006500000300738105000690000005,316724958975318624284569173863951247427836591159247836541672389738195462692483715,6
090106050001308009008005010900731000007050000010800427080603092039500100000020300,392176854651348279748295613924731568867452931513869427485613792239587146176924385,6
900820004000301050160900300003040765020000000050080021300000000008097006001400500,935826174284371659167954382813249765729615843456783921392568417548197236671432598,6
068290000010000482320807960000400079000006538000000100030700815000065740070300206,468291357917653482325847961853412679142976538796538124634729815289165743571384296,6
300080070006000030007004900701230060804006500092450013105000000003090040068003002,329685471486917235517324986751239864834176529692458713145862397273591648968743152,6
028900706704003000630000005305108000002704609000600318053006900076409000200350000,528941736794563182631872495365198247182734659947625318453286971876419523219357864,6
052000900096000003000093001015430092670000100009708005028149006000007000900062400,352871964196254873487693521815436792673925148249718635728149356564387219931562487,6
708000930050870060060300070380009140009060203000100090032600000800913625000007000,718546932953872461264391578385729146179468253426135897532684719847913625691257384,6
140050206903002500000170904000630820000520003030980607005000718704810000008090460,147359286983462571256178934571634829869527143432981657695243718724816395318795462,6
405000000000810500000000073000082000100340008209001000500030001030698020008154006,415973682372816549896425173643582917157349268289761354564237891731698425928154736,6
009000000370048600000002708704030900900020001000800030020006100008000540567010003,859167324372948615641352798784631952935724861216895437423586179198273546567419283,6
006108700048000000900400083007340000004070231090512400089000050060000802071080000,536198724748263915912457683127346598654879231893512467389724156465931872271685349,6
200000590014090006080750102000071000000829053920040701853916207400030000700480300,237168594514392876689754132345671928176829453928543761853916247491237685762485319,6
004007100009000004186030000075028419900700026200900080500000040410053097007402000,354297168729186354186534972675328419938741526241965783563879241412653897897412635,6
000070600460000001900200070100320005020540006070000008600930007710002030000054162,281475693467893251953216874196328745328547916574169328642931587715682439839754162,6
000800059003005200080006300000073106706409520000008000124097030095180000000350014,472831659613945287589726341248573196736419528951268473124697835395184762867352914,6
000009050830507004500000071000700400002004010700380900008600047600478109040000006,476129853831567294529843671985716432362954718714382965298631547653478129147295386,6
920840500580023719010057204230009005470215300051300040000500400000000097002004053,927841536584623719316957284238469175479215368651378942793586421845132697162794853,6
008003001050804000423010070000397000730050984506148000305400200014002500000000046,678923451159874362423615879842397615731256984596148723365481297914762538287539146,6
000190000308040020000000007040023708003400069002000040000074502120905030854000000,475192683398746125216358497941623758583417269762589341639874512127965834854231976,6
000300060380005200000000400840000002003090050057620004070040300412800000900100007,291384765384765219765219483849531672623497158157628934578946321412873596936152847,6
709048301080090000000006080400300000900082000012000708600024109807010042241950800,769248351583791624124536987458379216976182435312465798635824179897613542241957863,6
070001500300070089060089700000016023000004005009800074790108206004000308080300140,978431562351672489462589731845716923637924815129853674793148256514267398286395147,6
004000006708300002006080301605039000000010605100500083000000100400001207971003400,394125876718346592256987341625839714839714625147562983562478139483691257971253468,6
000416020003000000091370500700601008004020015000840090000030052500080400000100700,875416923643592871291378564729651348384927615156843297968734152517289436432165789,6
000001607000730005004050930500000000810070590020045700472500060980060050000000008,235491687198736245764258931547619823816372594329845716472583169983167452651924378,6
054728000632900075000005002807090004300002700045007320470200000213509608006043007,154728936632914875798635412827391564361452789945867321479286153213579648586143297,6
001006000000020107273010900640307090017600200580142073008050000030061049400000000,951736428864529137273814956642387591317695284589142673198453762735261849426978315,6
087040029200300400940080000070001000030500080560020030090007300408203900003904850,387146529216395478945782163874631295132579684569428731691857342458263917723914856,6
500390000009807005780010902100000800370004250000001607095100008000700000630008000,512396784469827135783415962154672893376984251928531647295163478841759326637248519,6
305719260091000703460003910020300170070051000056200000510008490600005000000002506,385719264291864753467523918924386175873951642156247389512638497639475821748192536,6
030907268006000940908400000047200500300100000600070400000620310091803607060791020,435917268716382945928456173147238596359164782682579431874625319291843657563791824,6
127645008900070001536809000009400100000000080213006479000100900400703002080200035,127645398948372651536819247859437126764921583213586479372158964495763812681294735,6
000035040000804001130976852450200039309000008780000000600002587007500200000781600,278135946965824371134976852456218739319657428782493165691342587847569213523781694,6
010045000500060147980700000170690000009007010002000080000074395000000800390580002,716345928523869147984712653175698234849237516632451789268174395457923861391586472,6
003900107007100030900380020709000080036090002020008000304762800100050003070810000,283946157647125938951387624719234586836591742425678391394762815168459273572813469,6
002009051053000024180045936001000000020750609060020000008192463410060005006000100,642389751953617824187245936791436582324758619865921347578192463419863275236574198,6
050701908300000064790000015004962073000000200070050046089070430045000080030400090,456731928321598764798624315514962873863147259972853146689275431245319687137486592,6
630050019490730850508906000701605000005007602006290070053100704804570021170400008,637852419492731856518946237721685943945317682386294175253168794864579321179423568,6
010054800000010940007009012004000000305040600290007053700096084001075000030421000,619254837523718946847639512174563298385942671296187453752396184461875329938421765,6
006000109305001080019042060000000678400087025000250040000800210007004800681020004,246378159375691482819542763152439678463187925798256341934865217527914836681723594,6
030627590690300027070400063004203005209051008003000016026500134000000700307000000,438627591691385427572419863814263975269751348753894216926578134145936782387142659,6
005300040309000008042058000007063105030015000051042080070030000090500001010080637,185396742369427518742158963427863195836915274951742386278631459693574821514289637,6
005000000728316900000080700500049800280000001400832000870003006000700380900628074,395274618728316945164985723537149862289567431416832597871493256642751389953628174,6
570000000410082009028000034030004900795821003840070002050000070067108240284057091,579436128413782659628915734132564987795821463846379512951243876367198245284657391,6
000030000701086940060590010015860729038000500000005030090050002080019056000600000,829431675751286943364597218415863729938172564672945831196754382287319456543628197,6
731400602008069701900710080040008003070000106093600050000070004580000000000000560,731485692458269731926713485642158973875392146193647258369571824584926317217834569,6
500014306006250040004630002200003000907001003000002078002000001000405600650087000,529714386316258749874639512261873495987541263435962178742396851198425637653187924,6
010695000900000000047018900000100003000040610631927508000000005870009160025001089,318695724962374851547218936754186293289543617631927548196832475873459162425761389,6
091800000000006013260010080632078540908051000510000098400200000050007234020094006,791843625845726913263519487632978541978451362514362798486235179159687234327194856,6
050004920030709006420001030008013007000090182000008040080030670007000090500007000,756384921831729456429651738948213567375496182612578349184932675267145893593867214,6
069480010001000048420000036000529070070130089190007300600300095540070800900058000,369482517751693248428715936836529174275134689194867352682341795543976821917258463,6
005008006000500409028960507010005000090680002500300164000810040050006020001050603,945178236167523489328964517613245978794681352582397164236819745459736821871452693,6
068200950050090000000061070087046092090380000100000004410000000823009405005400030,768234951351897246942561873587146392294385617136972584419653728823719465675428139,6
000600091070098400040200000000980014460000008008060002806005049000810007790006103,582647391173598426649231875257983614461752938938164752816375249324819567795426183,6
094170000800000000010080300027010056085900723963500084600001009001830000009000840,394175268852693417716482395427318956185964723963527184678241539541839672239756841,6
921834600006590008300601000735200006009360840604150072000700009000900081090080000,921834657476592138358671294735248916219367845684159372843716529567923481192485763,6
002608070001053200073009008086197432000000000219000680720004001100070354004580000,952648173841753269673219548586197432437826915219435687725364891168972354394581726,6
004000300000170002000002500002087051700000843005310726340050090507800200290000605,124568379853179462679432518432687951716925843985314726348256197567891234291743685,6
001030025004060809800005000400050001003006074605040980020004190008010057000573200,761839425254167839839425716492758361183296574675341982527684193348912657916573248,6
890402050046800701100600004360280140000300500500760938004007000035008009010040000,897412653246853791153679824369285147478391562521764938984537216635128479712946385,6
000509200608004003020000001000930780803000056076000439009000025000390600361040000,137569248658124973924783561415936782893472156276851439749618325582397614361245897,6
000002000082070090035098002800007900029000010603000807070200001001034685348500200,967452138182673594435198762814327956729865413653941827576289341291734685348516279,6
800200067000006508420758000004000800007001200010020090002039600640000080153680000,895213467371946528426758139264597813937861245518324796782439651649175382153682974,6
000051003000406007000000002000002600030008010807010239005000320610027590320605071,976251483283496157154873962591732648432968715867514239745189326618327594329645871,6
000973600076000005094605732700400060061059070050360000008090300605020907947036200,582973614376142895194685732723418569861259473459367128218794356635821947947536281,6
001704000040008090906020814160200000000041629004030005098057030003402007000300500,381794256542168793976523814169275348735841629824936175298657431653412987417389562,6
560400000200000030407002510006004007700080043310520000070000680002000074600900005,563418792281759436497632518826394157759186243314527869975243681132865974648971325,6
096057000080000700520000004860005000000901876014006000000010042000090010052030680,496157238381429765527863194869375421235941876714286953973618542648592317152734689,6
610000207920000301030010000046000809059604123372198056000021000003069002090005008,615943287924587361738216594146352879859674123372198456467821935583469712291735648,6
050700900070004120000620800005000003060053200800417600700000008000170092591800060,253781946678394125149625837915268473467953281832417659726549318384176592591832764,6
407306180000020007900400200706008000094760000010040000509003740800004306040600590,427356189631829457985471263756138924294765831318942675569213748872594316143687592,6
000056700000030508000082940570000090010295030900300405007003054230800100008517300,389456712742139568651782943573648291814295637926371485167923854235864179498517326,6
100007608007640030286000409009400700400796000060083024804060500000000801600000247,143927658597648132286315479319452786428796315765183924874261593932574861651839247,6
037080000000090300190372008004100006080000000050024090000200630509600700263017054,437586219826491375195372468974138526382965147651724893748259631519643782263817954,6
854000207009600100160078439085200003026000950010409000207000300608000012090300070,854913267379642185162578439985261743426837951713459628247185396638794512591326874,6
613780050000300800087645002040006003000008006368427509000901200005070000100000000,613782954524319867987645132241596783759138426368427519436951278895273641172864395,6
047512830100000750503709014050000040430695080001000000870006320304128075000050008,647512839198463752523789614956871243432695187781234596875946321364128975219357468,6
000090007000007890769008053100852000096400000052060000014200070205910008038000060,583694127421537896769128453147852639396471582852369714614283975275916348938745261,6
001700209000000005080051340160408002003620007000030860408510023006300908309000000,531746289694283715782951346167498532843625197925137864478519623216374958359862471,6
163572008052600310749801006010700800034000679000009100408005901090086702020907000,163572498852694317749831256916753824534218679287469135478325961395186742621947583,6
570010400040000600080042070050090060400501280000600954000100549004003800005460731,573816492249375618681942375758294163496531287132687954367128549914753826825469731,6
150287030000000000700960500000610058005000000000009003800500090030094825040826001,154287639396145287782963514473612958965378142218459763827531496631794825549826371,6
006004008590080040403002900070060009134000687900030150000000073300800210600300800,716594328592683741483712965275168439134259687968437152821946573349875216657321894,6
020010700000209600000000000050002903210000000067090005070805300008300507405007012,523614789781259634946783251854172963219536478367498125172845396698321547435967812,6
005090070009200501100405009001024000006058027052009340000502090090000000628037005,285193674439276581167485239371624958946358127852719346714562893593841762628937415,6
020000705709400000300071000201530607970602000650000009000008526506247001000106970,428963715719425368365871492281539647974682153653714289147398526596247831832156974,6
041700025000650147000100083100000500604005010052000400015930802700400301080012000,841793625293658147567124983178249536634875219952361478415937862729486351386512794,6
005000002800200650072564300000309800490602135000801006009018063583000700601005009,965183472834297651172564398216359847498672135357841926729418563583926714641735289,6
805003000096502030370180000060000501700001093000050087040600000600030004900014360,825763149196542738374189256469378521758421693231956487543697812612835974987214365,6
609007403000302080000009672200000890094020000530004006700695340045200067063071000,629857413417362589358149672276513894894726135531984726782695341145238967963471258,6
060010897400870623000006001000650000020008100806003752008305019034907205002400070,263514897451879623789236541317652984925748136846193752678325419134987265592461378,6
060800400000000583308090000000040736071060002000752040030000605000500010015070008,167835429942617583358294167529148736471369852683752941834921675796583214215476398,6
400090520000405800000827040304078001070010439000000060002000084000263075537004600,483196527721435896659827143394678251876512439215349768962751384148263975537984612,6
670300450052007000040050800000000526020005730007000080009581000010709040700420090,678312459952847613143956872394178526821695734567234981439581267215769348786423195,6
900200003037610000400390680050000060180000000000070504603000700001008009240000050,965287413837614925412395687754923861189546372326871594693152748571468239248739156,6
300060001000001060000300040704603018000704005001820974060459800005030406008206053,342967581987541362516382749754693218829714635631825974163459827275138496498276153,6
019250000207006000000000705402590080193060502000300010005000004908000270620070000,319257468257846139864913725472591386193768542586324917735182694948635271621479853,6
000201075000890234050034000030510048000487300000326950000942017400070090071003400,394261875167895234852734169236519748519487326748326951683942517425178693971653482,6
203075800004201057715608200070000900809002060400000370040100700000020000090500026,263475819984231657715698243571364982839712564426859371642183795157926438398547126,6
502090703908006000007000090000100007075032480004007130000001648700089002050000000,512498763938716254467253891683145927175932486294867135329571648746389512851624379,6
804635000035107000067928503020400050006000001500003000602090000050001200040050907,894635712235147698167928543723416859486579321519283476672394185958761234341852967,6
310809540596000080084651030070080960800407000039510800000032051020745090900000000,312879546596324187784651239471283965865497312239516874648932751123745698957168423,6
000800020051040000800060009008010700007504090000607085000100073193008540706050918,639875421251349867874261359568912734317584692942637185485196273193728546726453918,6
820000004004001380031840762048005031610020000750100420100050203000000000005902048,826537914974261385531849762248795631619423857753186429187654293492318576365972148,6
000307000009025610000001300027659000050213000390874000260008971470190520000002000,641387295739425618582961347127659834854213769396874152263548971478196523915732486,6
020000500070065019900001020000000060206700003000900072317500004850604007004000200,123879546478265319965431728789123465246758193531946872317592684852614937694387251,6
700092508210800479080074230800040005370210080001500300930050000657400090120908000,743692518216835479589174236892347165375216984461589327938751642657423891124968753,6
010200030736000210005100000000700003000964105542031060894650071001007600073400002,918246537736589214425173896169725483387964125542831769894652371251397648673418952,6
590206004200193065016400002100800400000014000942500010620000573470001020039000640,597286134284193765316475982163829457758314296942567318621948573475631829839752641,6
021760043534812960769035800007100300080900000092050006340500098078090000015003004,821769543534812967769435812657148329483926751192357486346571298278694135915283674,6
015284090030000042040350800068430020020978300000000004001000209000127408080500100,715284693839761542246359817968435721124978365357612984571846239693127458482593176,6
019600074300000009500000120090807000000030050030002006750140000020306040940700600,219685374384271569567493128195867432672934851438512796756149283821356947943728615,6
000060410000085700070031020006000009394657281700300604008000507907520140510870902,839762415621485793475931826156248379394657281782319654248196537967523148513874962,6
030104528080050000000780901168000057050000000049017862293001005075800009000905700,637194528981352476524786931168249357752638194349517862293471685475863219816925743,6
008067030230850647000304080600430800549700361010590700084070006195043278726000000,458267139231859647967314582672431895549728361813596724384172956195643278726985413,6
000010004105700600380054000570902000900460070008105309010009050600000000059007800,792816534145793628386254917574932186931468275268175349813649752627581493459327861,6
126985037035004000094013200607300020000002000010000905079236081001807002002000600,126985437735624819894713256647359128958162743213478965479236581561847392382591674,6
485000702379251000000804935820140500094500270500092008700015000951000807240700050,485936712379251684612874935823147596194568273567392148738615429951423867246789351,6
006009070200058000070000003300000461000010000160003280008200900629030010540080020,856349172213758694974126853392875461487612539165493287738261945629534718541987326,6
824060900000000020060520104510894000042010000008000000009081200001200580000900003,824163957135749628967528134513894762642317895798652341359481276471236589286975413,6
002371905000400200070265300709000010805000000321798000256900008190050600000020000,682371945513489267974265381769534812845612793321798456256947138197853624438126579,6
300601009050374002000200800500090480964138205000540391100000000030910028295800004,372681549859374162641259837513792486964138275728546391186427953437915628295863714,6
003000050090000860600020309908003605500080000001700028000904500000002900480105036,843691752295347861617528349928413675574286193361759428132964587756832914489175236,6
007095100000800070060012903590007001000050002276000095000000509030020800900041000,327695148159834276468712953594267381813459762276183495641378529735926814982541637,6
068002370379105604214630000057000000000000009800054007090500080105800002000720900,568492371379185624214637598957218463421376859836954217792543186145869732683721945,6
003780600000100700708500000000058040800273056325601000030010000542000931187395200,213784695459136728768529413671958342894273156325641879936412587542867931187395264,6
001860507000300000608701940004510000300900405080000000002600700903000600040080059,431869527579342861628751943294516378367928415185437296812695734953174682746283159,6
600000070702004000308209604000496300904020061500103400200700500065340000003000006,649835172752614938318279654187496325934527861526183497291768543865342719473951286,6
092000031600000400407030060020070000000080900068409325076290080000800003001004600,892546731613927458457138269924375816135682947768419325576293184249861573381754692,6
000100050006400892482695010008700034605040020010000600827900063000207900941000000,379128456156473892482695317298761534635849721714532689827954163563217948941386275,6
600010004400000910500402306106005009800390267902000500005100000710900020000060000,623819754487653912591472386176245839854391267932786541365127498718934625249568173,6
400520810850031000301080705003090060008004130600013257000008071005300600704000300,496527813857431926321986745213795468578264139649813257932648571185372694764159382,6
415980070070020001600130080500700620900000357030000000050014030004008000100000800,415986273873425961629137485581793624942861357736542198258614739394278516167359842,6
007810564000590080501006700140300000235100040079600350018000005002980000703005800,397812564624597183581436792146359278235178946879624351918763425452981637763245819,6
200010764500809230001024000002000050070901620003060409300700840000040006000080910,289513764546879231731624598692438157874951623153267489315796842928145376467382915,6
700420863300006900680905000927000000065200300030869020070008009040090530093000100,759421863314786952682935417927513684865274391431869725176358249248197536593642178,6
030050809049807001000094000456000102090010000200000590000020070025070900008400010,637251849549837621812694753456789132793512486281346597164925378325178964978463215,6
008000500200190300341000020002007896890061752007000030000030000000602089009005073,978423561265198347341756928132547896894361752657289134786934215513672489429815673,6
007108600040760000001043087090000000020004000014075028000000400000830009509007001,357198642948762135261543987793286514825314796614975328182659473476831259539427861,6
309045601600000502005000408290104806461958000008000109956000217000012060170509300,329845671684371592715296438297134856461958723538627149956483217843712965172569384,6
070000085001580000803049100304000000082000006690107003000050600030670500000302000,479261385261583479853749162314896257782435916695127843127958634938674521546312798,6
360128050150040300900000210205030000000700001040091023400500702000410005000203040,364128957152947368978365214215834679693752481847691523431586792726419835589273146,6
700900400032480071010070300000610704000007000600320089096743000800060000000000036,768931452932485671514276398385619724429857163671324589296743815853162947147598236,6
300000817061080390008000564003852049042679180890300075080030700607900408034768000,359246817461587392728193564173852649542679183896314275985431726617925438234768951,6
000800102300500060000007500004170003189400000700005480037050246601304850040706310,456839172378512964912647538524178693189463725763295481837951246691324857245786319,6
508007040000030800060040090400080010006009085980450706000910000059002064100004009,538297641294136857761548293475683912316729485982451736647915328859372164123864579,6
071000080862010739403709000090000108100000900700000306000075400300846207207000800,971362584862514739453789621596423178138657942724198356689275413315846297247931865,6
000050007010067900070000060509830070008006009600002004007400001080975300400000790,963254817814367925275189463549831276728546139631792584397428651186975342452613798,6
000500000105002640000000000007040050640800271852700060260408090008029506090600408,986574132135982647724163985317246859649835271852791364261458793478329516593617428,6
040370810700619000090548702000830091000200600900054000400723000360085100500000003,645372819782619345193548762274836591851297634936154278418723956369485127527961483,6
000000008003057060018004030200348000501700000040000000000006000034901056006023107,675139428423857961918264735267348519581792643349615872192576384734981256856423197,6
002570000804060070057010020070030890039000407005907000000003702000120009003750048,312579684894362571657418923476231895239685417185947236541893762768124359923756148,6
036184000092000480010000736681509000043070518070831000000490000054623100300700802,736184295592367481418952736681549327943276518275831964127498653854623179369715842,6
000701409904008006010000700080900560007080090029060807000003000050800920300290070,836721459974538216215649738483917562567482391129365847792153684651874923348296175,6
804500600203980145010206308007000003609430780301009050008070200970152034000098570,894513627263987145715246398457821963629435781381769452538674219976152834142398576,6
010000005082050009039016000000100000143009800000800400020348501300000000058201300,714982635682753149539416728867134952143529867295867413926348571371695284458271396,6
029080160801760050000139000003548000900000500000000020300000070060000890090021306,729485163831762954645139782273548619984216537156973428318694275462357891597821346,6
798302601120060000635900020900030270007500090050000100042080000000050008801490560,798342651124765389635918724986134275417526893253879146542681937369257418871493562,6
800056900036040008000000000560407200023091086070602005004015000050968401009324007,847156923136249578295873164568437219423591786971682345384715692752968431619324857,6
600005900070008004030000070060007000003041200007260409006002300008390702001000605,682475931179638524435129876264957183953841267817263459796512348548396712321784695,6
500200004000860000000015270020500001000091530035402009460008000310040807058000040,583279614271864395694315278926537481847691532135482769469758123312946857758123946,6
000054006004000000120367900402683000706510004000072613091006032307020000060000401,973854126684291357125367948412683795736519284859472613591746832347128569268935471,6
060007540002400001000020376700900000000201090400003100000604020005008000080010750,963187542572436981841529376716945238358261497429873165197654823235798614684312759,6
060004010005010826000005003050143002012060000034000100900802070020501409000096200,263984715495317826187625943759143682812769354634258197946832571328571469571496238,6
090507410000006570370040902810200009009000004400000600040060000000305007000401800,692537418184926573375148962816254739259673184437819625548762391961385247723491856,6
075004032403670019901000050208060700040803590000000008080050371702000900059000260,875194632423675819961382457298561743147823596536947128684259371712436985359718264,6
001090000059000082230500190047010063500306804300008070000600000085201600000709008,671892435459163782238547196847915263592376814316428579723684951985231647164759328,6
230001000800400107074280005600857010041002508008314000017590002006108750080000901,235671489869435127174289635692857314341962578758314296417593862926148753583726941,6
004602500726000008030000201010700900000050300002061000000100000050000184000037009,184692573726513498935478261613784925478259316592361847869145732357926184241837659,6
800001900090000050000090004403782190006014508901060000045600380209038605600040009,867451923394276851512893764453782196726914538981365472145629387279138645638547219,6
009002538060005000000300070000049000306200087040000005002008000650103700074506823,419762538763985241825314679587649312396251487241837965932478156658123794174596823,6
094005010030106007006703500000001060000630400040970351073029106050000294209804735,794285613532196847186743529327451968915638472648972351473529186851367294269814735,6
900500060008206100600040200100020090500000800780003006270089613000000000009600085,921578364458236179637941258163825497592764831784193526275489613816357942349612785,6
713002080000705002508300007004200003300648000090500040870020600000100000206800170,713962584469785312528314967684291753357648291192537846871429635935176428246853179,6
248601090170050800900008070000007030002000009700069018020593087090700200080010903,248671395173954826965328471859147632612835749734269518426593187391786254587412963,6
000067015003912800612845030701650498004070301300090070005720083090500000000409000,489367215573912846612845739721653498954278361368194572145726983897531624236489157,6
591620000600008500803001462000002075057463000000050006080200157700030820200000003,591624738642378519873591462436812975957463281128957346389246157765139824214785693,6
800019005003000902006030000065200018000008050002105000600000000031000090008094061,827419635143657982596832174965243718314978256782165349659781423431526897278394561,6
000207308000000200800350007000600730000004902070009000148005623590423800007010509,459267318731948265862351497915682734683174952274539186148795623596423871327816549,6
814900005609000004007040009540290700083001540700458031206014890098002007035709210,814926375659837124327145689541293768983671542762458931276514893198362457435789216,6
059006030070900000006005000760309008008040092000200005200804010000102080080090006,459786231871923654326415879762359148538641792914278365297864513645132987183597426,6
003280000000300007400050003694100030020000075057060009709048000000000006500000490,973286514285314967416759283694175832128493675357862149769548321842931756531627498,6
000200700906040102012800030000004300800900007003060805569000200187020040204000908,348215796956347182712896534675184329821953467493762815569438271187529643234671958,6
069701008130000070708600000905040000003806105070000030357000809000060003600090002,569721348132984576748635921915243687423876195876159234357412869294568713681397452,6
261080000500100800300900020000400010000068003005000204102803075000000081050071902,261784359579132846348956127623495718417268593985317264192843675736529481854671932,6
004000837602300400807000050975002084300040200421003700563001040000006073019000000,194625837652387491837914652975162384386749215421853769563271948248596173719438526,6
000709026009005000860402390385020670076030400001000008700006200600270040000043867,543789126219365784867412395385924671976138452421657938754896213638271549192543867,6
005074060400000000009305400702901600000007008050206730048709100090000003007003009,835174962476892315219365487782931654163547298954286731348759126691428573527613849,6
006852700000010000012900503000503000070020436290040100607031005900006000430000002,346852719859317624712964583164573298578129436293648157687231945925486371431795862,6
800013000247058030010000806050067200000100300031040080009070400104000000380400070,865913724247658139913724856458367291692185347731249685529876413174532968386491572,6
005800000004106085000047102030089520000600010590400060600251098203968400980370206,715832649324196785869547132136789524478625913592413867647251398253968471981374256,6
005300100060570030300091675430007000000039000000000810246905300900700001800000052,725386194169574238384291675438167529512839746697452813246915387953728461871643952,6
000620340600000007003000500500040009830001750090000100200000871900010005010580206,179625348652438917483179562521347689836291754794856123245963871968712435317584296,6
070030095800000000000087000060102007005903082400008961000604000046819200009370600,271436895854291736693587124968142357715963482432758961387624519546819273129375648,6
709803026000207000002000307900160702620089104010050068000070000803500400070901000,749813526356247819182695347938164752625789134417352968561478293893526471274931685,6
000300024010002879240080300009005002000104900460209007054008690890000735000590200,986357124513642879247981356139875462725164983468239517354728691892416735671593248,6
706010000001005200020700000080136090000097103300008704100020005900001300200074908,736812459891345276524769831487136592652497183319258764178923645945681327263574918,6
070000300016020070504730068608007039040003007000290580003800000400670000007350040,879465321316928475524731968658147239942583617731296584293814756485672193167359842,6
000040080008060107090307005010056000800700059070400010530000790004900000900000341,753142986428569137691387425319256874846731259275498613532614798184973562967825341,6
089700000050398674000500389024073500000205490000180000007030040040050207800407000,389746152251398674476521389624973518718265493935184726597632841143859267862417935,6
009007058800401600024530791006049030000050000000312000040605080080000040000904205,139267458857491623624538791516749832392856174478312569941625387285173946763984215,6
450671200020093700030800400601900300080507000000000180940200871310700560000000903,459671238826493715137825496671948352283517649594362187945236871312789564768154923,6
080004192000680074047002860000500930700903621069210000000000210890020056005360480,586734192123689574947152863412576938758943621369218745634895217891427356275361489,6
000000000600752030132604705420089060806000503007100804940070600000006459000000370,759831246684752931132694785423589167816427593597163824945378612378216459261945378,6
000709003063000092904005000007000000400073085659008020300000059006300048000057000,185729463763814592924635871837562914412973685659148327341286759576391248298457136,6
000048020800219067000607458000700000010820096970301245000080634400170502602450170,763548921845219367291637458526794813314825796978361245157982634439176582682453179,6
000000430390504700000623010000060041084032050003700982000056203207009060536000000,862197435391584726475623819729865341184932657653741982918456273247319568536278194,6
010062000592410007386579402409036208800020000061008094920000005178000020045297000,714862539592413867386579412459136278837924651261758394923681745178345926645297183,6
000806000304000060000040025900000017002681000005097006600173000507060000010200000,259836741374512968861749325946325817732681594185497236698173452527964183413258679,6
160008423030000590429503060240000130001000906000000850702005084000100379003400015,165798423837264591429513768248659137351872946976341852712935684584126379693487215,6
069200015000060380803507000057009030628043950030000006000005170000006000085000090,769238415512964387843517269157629834628743951934851726396485172271396548485172693,6
208004100100000050000200004000050083009000000820007906082700000903020060000300001,238564179174983652596271834741659283369842517825137946482716395913425768657398421,6
040100030000000900001006580070010058018705003506384010104000306357000842269043000,842159637635478921791236584973612458418795263526384719184527396357961842269843175,6
013005268560008000002000000001080304004300050300504006045800672070942503030000419,413795268567428931892163745751286394624319857389574126945831672176942583238657419,6
000700003605000090083004600800500006069802470500640800900020048206000000140900060,491765283625381794783294651874539126369812475512647839957126348236458917148973562,6
006000970000003200200100563007086000045000008000000027008070040412065000703014850,536428971971653284284197563327986415145732698869541327658379142412865739793214856,6
045069300170348620008020097710000009002004063800005170027800004000000738000000006,245769381179348625368521497716283549952174863834695172527836914691452738483917256,6
000100400008000012409300800042019036970000081800730000300000005004503008020040379,256187493738964512419325867542819736973456281861732954387291645694573128125648379,6
003560970905078004084219600002900087000001502070025309800000705096000001457100806,213564978965378214784219653542936187639781542178425369821643795396857421457192836,6
218000749709802105640000832060080293053200080082090001070000006021960000890050020,218536749739842165645719832167485293953271684482693571574328916321967458896154327,6
060510030501000042000002500700005000049080257015006483170000920024090005006021300,462519738591738642837462591783245169649183257215976483178354926324697815956821374,6
700040000000591768810607009000270000090304100007160023000400000650903487482700030,769842351324591768815637249136278594298354176547169823973485612651923487482716935,6
008000405000604000004809020070000000029307000600901703806000000032000960000008530,368172495297654381514839627473586219129347856685921743856293174732415968941768532,6
052000000301005070609037020076090410020580096908470052000000003000820500800009200,752968134381245679649137825576392418423581796918476352265714983194823567837659241,6
008503070090024831400980652500070086070458020002000000000000000280100007000000264,628513479795624831431987652543271986976458123812396745369742518284165397157839264,6
001600023530008100000000050004000500002001370300500480105004900273059600080300005,741695823536728194928413756814937562652841379397562481165284937273159648489376215,6
018090000003080700050006080004650010800009043060437250597060002001020000200003590,718392465643581729952746381324658917875219643169437258597864132431925876286173594,6
003608401080230069762041085000000890405080006809006000641000038238060007050003000,593678421184235769762941385326157894415389276879426153641792538238564917957813642,6
490100003008040700075603094000000900039210408004000172800900640050000209007000000,496187523328549761175623894281754936739216458564398172812935647653471289947862315,6
047000000000000000186000020400613875063809210071540030010796003030100040050000700,947261358325487169186935427492613875563879214871542936214796583739158642658324791,6
065100040030058020140096050004000005006034071371960084017500400953047010400010000,865123749739458126142796358294871635586234971371965284617582493953647812428319567,6
000008400406051009001002000718000030000004100000000600064580021053070000070400590,237968415486351279591742368718625934629834157345197682964583721153279846872416593,6
000302071000100000007060005602034090703810526190726080500940210928000003431000000,854392671369157842217468935682534197743819526195726384576943218928671453431285769,6
030001450005002000000564030100389005000400080003000900008953107579000003304070060,637891452485732691921564738146389275792415386853627914268953147579146823314278569,6
409000030000400090720003160000001002370900001060024059004106900107380000003200005,419862537536417298728593164945631872372958641861724359254176983197385426683249715,6
090014005000000600058000070013029500009086002200100004000005000104063900030040060,397614825421578639658932471713429586549386712286157394862795143174263958935841267,6
000090106000003002014068005000350028820004019903280600300000091092030007050906000,738592146569143872214768935641359728825674319973281654386427591192835467457916283,6
500260708002480000809370640600102900000850006000000014050000400004600000906504037,543261798762489153819375642637142985491853276285796314358927461174638529926514837,6
002610907007824000064907800006070504000000001040000329071200690000049000239560008,582613947397824156164957832916372584823495761745186329471238695658749213239561478,6
070010380350090002610080070000060000189400200000000940000630001000000500061508093,974216385358794612612385479427963158189457236536821947745639821893172564261548793,6
750948006009001074641000800034005060590036007070804050000027039010609700000403000,753948126829361574641572893234715968598236417176894352485127639312689745967453281,6
070030250016070000302001600030020079007009000000003006004300082080206004100908065,978634251416572398352891647631425879847169523295783416564317982789256134123948765,6
070040009090005042000390070904000080306000007050209100060018900500923000000576400,273641859691785342485392671924167583316854297857239164762418935548923716139576428,6
000060020020400097807019500003090012200100036180000009010020970070945601005800200,594367128621458397837219564743596812259184736186732459418623975372945681965871243,6
004500681581603090060807504000300000023090740000000360002030100900001000000056000,734529681581643297269817534847362915623195748195784362472938156956471823318256479,6
600030900200048003080921460030100807060070040900000031800006000700290100000003070,641537928295648713387921465534162897168379542972485631829716354753294186416853279,6
307861209001900083290543671002709800476000930083050000805090020029000307034020090,347861259651972483298543671512739846476218935983654712865397124129485367734126598,6
000010750000390000001052900002003015010000002700120090020068140045000820100000509,293816754456397281871452936962783415518649372734125698329568147645971823187234569,6
000614503090800400104907002000000000040003900900500746072380000865049230300205064,287614593693852471154937682726498315541763928938521746472386159865149237319275864,6
040069003958230004000000090704980106095000027016753040070124800480070000001090470,142569783958237614367841592734982156895416327216753948573124869489675231621398475,6
000000097020049500050701020000076000609050000402090070007005030504007068200030001,843562197721349586956781423315276849679458312482193675167825934534917268298634751,6
070200300930046010608703002005000030307412000109035200003000040400009006706124003,574291368932846517618753492245978631367412985189635274823567149451389726796124853,6
870000020005700003901000750009340165042060370536100000200009004300000600650070000,873956421465721893921834756789342165142568379536197248217689534394215687658473912,6
802000030050007000930008504080000705300000820000890360201503000468000150003640900,812459637654137298937268514189326745346715829725894361291583476468972153573641982,6
070310000580000000049805076401000800050003900300100050014570000700008400835041702,672319548583764129149825376491256837257483961368197254914572683726938415835641792,6
509070020008200040010000000806700290001000030003980706900000083080097612100860079,539476128678219345412358967856734291791625834243981756967142583384597612125863479,6
300258000070300050851060043200500160000020090105800000030602570500903081700005030,364258917972341856851769243243597168687124395195836724438612579526973481719485632,6
092004007300980210100000030080000300007400008009057146000000401061340080000021000,892134567375986214146572839684219375517463928239857146723698451961345782458721693,6
571904328003000000090000740000670480000000000000083902800002657050806214604150839,571964328463728591298315746932671485785249163146583972819432657357896214624157839,6
009028000803007006402035010246053000507210000000004205120009603004571000000000400,659128734813497526472635918246953187587216349931784265125849673364571892798362451,6
000034000000000108140009200020000000907050002300902070003071805000005020200800007,582134796739526148146789253624317589917458632358962471493271865871695324265843917,6
007050428503000600408000090230001000070030004050090100000870000000615839605900000,167359428593248617428167395234781956971536284856492173319874562742615839685923741,6
050207900009013048030000620790030000003052890008190000400021079000400200900300104,654287913279613548831945627792836451143752896568194732486521379317469285925378164,6
000310000006000304000682000000503910000490006090100040429805761700260090165749008,952314687816957324374682159648573912231498576597126843429835761783261495165749238,6
040600310206000400308047020004800069000002050000000030025710003070050190460003007,547629318296381475318547926134875269689132754752964831925718643873456192461293587,6
080060075000480060300917000071029000046370859000500020000030098090704010012008030,184263975729485163365917284571829346246371859938546721657132498893754612412698537,6
094807630308006790005003000916300820080014300050080006040061000060030000200000007,194857632328146795675923418916375824782614359453289176549761283867532941231498567,6
080240005106000030000300180000620000600580002208003500400700050813090700700000900,389241675176859234524376189957624813631587492248913567492768351813495726765132948,6
600491570070600300004503090000059000700000905350068010030000009090016700062047003,683491572975682341214573698841759236726134985359268417437825169598316724162947853,6
003600040120300590865004370978010200641002037530067000406030020019086054000009000,793625148124378596865194372978413265641852937532967481456731829319286754287549613,6
500030027037504980040970003400352700300069804090041002000207040074083000003415000,589136427637524981142978653418352769325769814796841532851297346274683195963415278,6
030700085004000020570000000605100849087050300300928007009402050200000000008507090,132746985894315726576289431625173849987654312341928567769432158253891674418567293,6
000783205430002060000046800509000700714020008603070014802307051000014000000005089,196783245438952167257146893589431726714629538623578914842397651965814372371265489,6
000080004020007005045010089009000030010000560850670192400801700080702903000009001,961583274328947615745216389679125438214398567853674192492831756186752943537469821,6
001090080050040020007105000802070000000902860500400002406800007100630240090020600,641293785958746123237185496862371954374952861519468372426819537185637249793524618,6
003060001005070090064000030086000000002090080507100000030024900279001408000980073,723469851815372694964815732386257149142693587597148326638724915279531468451986273,6
100000504293000106605008073506000010009000645021070000300009008904081057052407300,178693524293745186645128973586934712739812645421576839317259468964381257852467391,6
250040860001300594906070312100030005500080009630000100029018056000003700807650920,253149867781362594946875312198436275574281639632597148329718456465923781817654923,6
890107000204000080070000006940008003080031900002549708409700000060310000050090070,896157324214963587573824196945678213687231945132549768429785631768312459351496872,6
007098000000020000098643207300070904062380051054000328800460105000050043145000092,217598436436721589598643217381275964962384751754916328823469175679152843145837692,6
006000900000029500190000730310000850008050000025070000000500070040208315051034209,586347921473129586192685734314962857768453192925871643239516478647298315851734269,6
040196500700423800106857000070040000004080739060005081680000007000068092000004050,248196573759423816136857924871349265524681739963275481685932147417568392392714658,6
009410375407005096500279008004608000090050030000103000000001403051007809040080000,289416375417835296536279148324698517198754632765123984872961453651347829943582761,6
701624090000000001039000800017845030403000500000203006150000420900000003046500018,781624395564389271239157864617845932423961587895273146158736429972418653346592718,6
008030000620197400070800000000000004004350090967008500030000000501760030002003105,458236971623197458179845326315679284284351697967428513836512749591764832742983165,6
254007903080906142001043500010000030000400790007030025140508370078394200009000800,254817963783956142961243587415729638326485791897631425142568379578394216639172854,6
090800700060403920003000000002041690000002504000006002530000209008600100016000000,491825736867413925253967841382541697679382514145796382534178269928654173716239458,6
900060003006000000010084090690000300020090786080010009054836920809100500300000000,948265173536971248217384695695748312421593786783612459154836927869127534372459861,6
609802000045000036000000090900600850580907000002003109090040070000090080100200000,679832415845179236321465798913624857584917623762583149298346571456791382137258964,6
080600413100040062060030070070400230000902640040010987007064000026003004430500000,782659413193847562564231879679485231318972645245316987957164328826793154431528796,6
570080001240000860010000003600400010090001000004025678009700006000103080000000754,576384291243519867918267543652478319897631425134925678489752136765143982321896754,6
208070145307001200610090008930000504500300896786549312800704601403020907070006400,298673145347851269615492738931268574524317896786549312859734621463125987172986453,6
400090008608400903020850000300189070840070000710204080290740100107005049000902807,451693728678421953923857614365189472842576391719234586296748135187365249534912867,6
800405716004036009000010000007001020006050800500000940010000490040073108750100000,832495716174236589965817234497381625326954871581762943613528497249673158758149362,6
280100000030004200001293050090006080648030020007900304900007800006008900023010670,289175436735864291461293758392546187648731529517982364954627813176358942823419675,6
523081069809570004067200001300108090900000000072004580005003008000060405200000900,523481769819576324467239851354128697986357142172694583645913278791862435238745916,6
483000000009800150517002003340001780000040000000389640034006008000700000602508030,483915267269873154517462893346251789895647312721389645934126578158734926672598431,6
070601002029000050086000700805003040902000000000000200700510030000070528004098000,473651892129837654586924713815263947942785361637149285768512439391476528254398176,6
040007000008609000700050600270500000009203715005000300804700000050024070920800500,642187953538649127791352648273591486489263715165478392814735269356924871927816534,6
000810403300005020000000005000180004409200100100407302000700610002040507068531200,695812473347965821821374965253186794479253186186497352534729618912648537768531249,6
000257001700000400018630000090000004000001603100408950401080369009146270680003145,346257891752819436918634527895362714274591683163478952421785369539146278687923145,6
034600081600001040780304000103005600008906000950108000010009820002007059800003174,534672981629581743781394562143725698278936415956148237317459826462817359895263174,6
270005090903200000060700000000000500040650087090400300000809105029060873600070040,274315698983246751561798432816937524342651987795482316437829165129564873658173249,6
070600095459071000860005207094002030200010506500760900000100870008007603000030009,172683495459271368863945217694852731287319546531764982325196874918427653746538129,6
097030100051800406384000000020008003409000010803600009900200560500009000046300000,697534128251897436384126975725918643469753812813642759938271564572469381146385297,6
400008200603029071009057004800095006065700000004062000090501020000270005542003167,417638259653429871289157634821395746365714982974862513796541328138276495542983167,6
037206000401079825200104600920007500705090000386501790873000000002900300109000006,537286149461379825298154673924867531715493268386521794873645912642918357159732486,6
600918500103250046050630020207000000090700030004029760008490600026070000070006290,642918573183257946759634821267843159895761432314529768538492617926175384471386295,6
090007528700080690000249100980064010010000470400000003570090300130002040009100000,394617528721385694865249137983764215216853479457921863572496381138572946649138752,6
090580002000004950503002481004203090080000305902000060300100000867050003210000049,491587632628314957573692481154263798786941325932875164349128576867459213215736849,6
080000409062700081914050600400008070008406200120005000000000038030080702000500906,783261459562794381914853627456928173378416295129375864291647538635189742847532916,6
090405000057290000000803009300507968078009000500010400034080105906000230705900680,693475821857291346142863759321547968478629513569318472234786195986154237715932684,6
001034006030200004600900800070001920102005300000700001005070060306008470000040513,281534796937286154654917832873461925162895347549723681415379268326158479798642513,6
200540060060098130000036008351800206026300810840062500002000900004000000593000081,238541769465798132917236458351874296726359814849162573172683945684915327593427681,6
000006071008030200005200000003100790000060500000004002356720004710003650800005000,239586471178439265645271839483152796921867543567394182356728914712943658894615327,6
907683520006500947510097008490000210003004850000002704020000400064009385709000002,947683521836521947512497638498756213273914856651832794325168479164279385789345162,6
309000040170302000002006000000000639036590204000603080000000400600459721054030000,369875142178342965542916378725184639836597214491623587917268453683459721254731896,6
006040502074009018082000040008903020000460000400502003860004130041006005205001600,136847592574629318982135746658913427723468951419572863867254139341796285295381674,6
000200701010600840090000006068504000340829017100307004030050178000730000074000002,456298731213675849897143256768514923345829617129367584932456178681732495574981362,6
050008000097046000400000060074000036162730509000060000906027008000801090205093004,651978423397246815428315967574189236162734589839562741916427358743851692285693174,6
000000006000008549090000002001002080900300000607840300103065090009483701500001600,752194836316728549894536172431652987985317264627849315173265498269483751548971623,6
009700456000000001034000872703004605000007930958001200047800009012496780896070004,189732456275648391634519872723984615461257938958361247347825169512496783896173524,6
000000010807000506010450008000720934003000025040080670001040260600007009094003007,459678312827931546316452798185726934763194825942385671571849263638217459294563187,6
009180300600020800002000517005069700040000005000005062000002090520300071070000200,459187326617523849382946517135269784246871935798435162861752493524398671973614258,6
540182076060500000100040500090600000000029850000018009351800002000030087008000300,543182976762593418189746523894657231617329854235418769351874692426935187978261345,6
000800300803074500010005098108000007009180000730000010900541000541736009370290005,265819374893674521417325698128463957659187432734952816982541763541736289376298145,6
700435120000000000021009000008006430040000800502803091607024000100300000204700086,769435128453182769821679345918256437346917852572843691687524913195368274234791586,6
095000003000000500004001000962000040047306010830490006086040901000809007750000008,695284173128673594374951682962718345547326819831495726286547931413869257759132468,6
600010007805400000130700500400200070700040000000807010317050080590120034004070059,642315897875492361139786542451239678768541923923867415317954286596128734284673159,6
602089037090503210003000060436800190200090700000004086100000059000040000509000800,612489537794563218853712964436857192281396745975124386167238459328945671549671823,6
009000060051007008020089415248051039960003000070090050894100000006008020700045186,489512367351467298627389415248651739965273841173894652894126573516738924732945186,6
800000300094200801037401592200095080370004659008706000060300008180000006720008405,812659347594273861637481592246195783371824659958736124465312978189547236723968415,6
107935040020000500004008900000050106206781050805006000032000705000002800500073600,167935248928147563354628971793254186246781359815396427432869715679512834581473692,6
370610000025080100009000050040950700007120005000074291032500408706008012000702000,374615829625489137189237654241953786897126345563874291932561478756348912418792563,6
005000708000000026906000501001050630650200000037061054000004000073005400400070800,345126798718549326926783541291458637654237189837961254582614973173895462469372815,6
008040007207090400530100060800239700000570680040600590000902100000010950109058000,698345217217896435534127869856239741921574683743681592385962174462713958179458326,6
308000106900851040100060080000107200400900608012036097000593871500000000000600925,328749156976851342145362789659187234437925618812436597264593871591278463783614925,6
104090600652300000080000000801739206096400010000806943963274501020100060010000700,134598672652347198789621435841739256396452817275816943963274581427185369518963724,6
685020000004800000203001006506000000090540060400003509000030174041205690060104235,685327941914856723273491856536912487197548362428763519852639174341275698769184235,6
603250401050000060000680705000030000300006009200500603507908020100000000802040030,673259481958714362421683795796432518315876249284591673537968124149327856862145937,6
068190324900000007020004190100209030000050418380410900010042003407030261030000549,768195324941623857523874196174289635296357418385416972619542783457938261832761549,6
008000000000590487400100092309000800004200900000030065905070020002050009830029001,598742136261593487473168592329615874654287913187934265945371628712856349836429751,6
200060001000000230010020046009405020082603000000090000070030860506170000890546100,235964781647851239918327546169485327782613954354792618471239865526178493893546172,6
084000000000600800700482063570000000010070200000109005100500708005031002020000051,684913527932657814751482963573268149419375286268149375196524738845731692327896451,6
003705002070406930625930100010003009700060000002000000200189450009670203000350090,943715862871426935625938147518243679794561328362897514237189456159674283486352791,6
060730004300560201000400000007013060000020080900004010804190703500000000603007000,265731894348569271719482536457813962136925487982674315824196753571348629693257148,6
020000000800005000930600700060420000102500048408960200604087920209056000080294060,721839456846715392935642781367428519192573648458961273614387925279156834583294167,6
000400001006798020000000708087600090060003800903005100305006000602389005000057630,738462951156798324429531768287614593561973842943825176395146287672389415814257639,6
000000000000231008001470200450103079810900004030004501003000080920000610000059000,284596137576231498391478256452163879817925364639784521743612985925847613168359742,6
016004950040592600905100000050001002362008000090020435001200580500700006600000001,216374958847592613935186724754931862362458197198627435471263589583719246629845371,6
000400768000007140760010500106200004030140972492870600320080496007000205049000800,951432768283567149764918523176259384538146972492873651325781496817694235649325817,6
100504680000000000300068000026050900713200000054031070080003020230700548640005300,192574683468392157375168294826457931713289465954631872581943726239716548647825319,6
021006750750300040600050910060040002900200504002069080000008609093620870000070000,821496753759381246634752918365847192978213564412569387547138629193624875286975431,6
008000070000058002020090800080470090007060004410905783143089057070004108802617000,568342971931758462724196835385471296297863514416925783143289657679534128852617349,6
000604500360587002205913000000300041000001000092000307500739006600008109009005000,917624538364587912285913764758392641436871295192456387541739826673248159829165473,6
000500620000090305045000090600100082000700900982604003730020060529060031000300009,198543627276891345345276198657139482413782956982654713731928564529467831864315279,6
003050001610200000700100200002400030000013000534800000250000003000007960068042005,423659871615278349789134256172495638896713524534826197257961483341587962968342715,6
720080900084970300005104000908000004050003007000508020070059006040007200269000000,726385941184972365395164872918726534652493187437518629873259416541637298269841753,6
000590004000074030005068201038000040700000000000605723400007652000806010020000300,317592864862174935945368271238719546756243198194685723481937652573826419629451387,6
000000700036978000870000036025300000014020060000009003093002600500600042042100007,451236789236978514879451236925364871314827965768519423193742658587693142642185397,6
340006709200007001086040230000734806003000000050000000000000690000820140100009008,341256789295387461786941235912734856473568912658192374827415693569823147134679528,6
050002600190060200726000090070000921810009065030000470080004000060120049040905730,358492617194567283726318594475836921812749365639251478983674152567123849241985736,6
039005621010000970076900803204890705007200000190600008700069000900500007000020089,839745621512386974476912853264891735387254196195673248758469312921538467643127589,6
590006000010000709200000004000903410960800500100504098000605900000430105045102380,598746231413258769276319854857963412964821573132574698321685947689437125745192386,6
000050480040800070007200509509000040000060790100900000700000001034006007001078904,912657483345819672867243519589732146423561798176984235798425361234196857651378924,6
580601400090807105014905800600300000000084530030250700000000050203590600150002308,582631497396847125714925863645379281927184536831256749468713952273598614159462378,6
190060000504007000000894200040700100070000005203000600402970010000000980600502043,198265374524137869367894251946753128871629435253481697432978516715346982689512743,6
000250709000061000005938020700002096020890500009600270000080000403000980280000400,368254719942761358175938624754312896621897543839645271597483162413526987286179435,6
900030200400857009765190043200700300071000086300040721000060070007083012002001000,918634257423857169765192843246718395571329486389546721134265978697483512852971634,6
000000340000000200108009000090007023000080690083000407600703008715068900000001000,962875341357614289148239576596147823471382695283956417624793158715468932839521764,6
361054900000000081879610400030420500000003006010007800246900058190000300080000000,361854972524379681879612435938426517457183296612597843246931758195768324783245169,6
700000096008396017600400502037800000905723000000905063410000900059240000000000020,741582396528396417693471582137864259965723148284915763412638975859247631376159824,6
134005207920004531000203046000020608098000020062040310640052000200030070050070462,134695287926784531875213946413927658598361724762548319647152893289436175351879462,6
010090006006401090050008400108000340605803001023107000067019800090084100080030059,214395786836471295759268413178956342645823971923147568367519824592684137481732659,6
008072100900008423200000785060841000032005094485320000501200000020090570800000001,358472169976518423214936785769841352132765894485329617541287936623194578897653241,6
000000950290356000507800600025760030170920405009010070860102007003007000002000301,631274958298356714547891623425768139176923485389415276864132597913547862752689341,6
000024000600300400702805900020009000060100859000450106200000307010008504900000210,138924675695317482742865931521689743463172859879453126286541397317298564954736218,6
000000485900050030050070600108007056090006017003215040600020074020001000000004062,271369485986452731354178629148937256592846317763215948619523874427681593835794162,6
028070000500000031600005080009410000402800106100760004940000800800030000207500600,328174569594286731671395482769412358432859176185763924943627815856931247217548693,6
100802630020060007603091248002958000051040300704036502010400000000600000500010420,145872639928364157673591248362958714851247396794136582217483965439625871586719423,6
930610007407000251018045030000970082104008005070004003700000020500000090080030504,935612847467893251218745639356971482194328765872564913749156328523487196681239574,6
000006210009514003000023596000048000400069070003007009234680000576000008000000400,385976214629514783741823596967148325452369871813257649234681957576492138198735462,6
001063000630000001450070000090000283100000005502090170007500908015826007040739010,271963854639458721458172639794615283163287495582394176327541968915826347846739512,6
900700402503024900004080106805040020006290000700853010007006000000010007001072500,918765432563124978274389156835641729146297385792853614427536891359418267681972543,6
000518020050007601010620040103002000907800312080104976001000000420000100076200030,634518729259347681718629543163972854947856312582134976391485267425763198876291435,6
300400607000007004050000100800012000600800901000000703010700205004000070002005409,381429657296157834457368192873912546645873921129546783918734265564291378732685419,6
020600000407900058003020000900070623052080091000000580100035070000040005045000030,829654317467913258513728946984571623352486791671392584196835472738249165245167839,6
007260004000003019060510732500090100700305908000100050605032800304001276200680005,137269584452873619968514732546798123721345968893126457675432891384951276219687345,6
807000052042070090010090000020010008708006130000700206001037820080520007075680010,897164352342875691516392784624913578758246139139758246961437825483521967275689413,6
713040596000760300000003804206000153080320007300076089030000908008039701060200005,713842596894765312625193874276984153589321647341576289132457968458639721967218435,6
030260010450701239201059070068007300000090000145600000003006501500803040014000083,739264815456781239281359476968127354327495168145638792873946521592813647614572983,6
006102304000000070005367028000500700900803060007026081040031800000608203300200017,876152394123489675495367128682514739914873562537926481249731856751698243368245917,6
070900324140083960950040070504037090061500030007000510015029000730015209009400150,678951324142783965953642871584137692261598437397264518415329786736815249829476153,6
078405096905200780023000005012600000394050670580000902800060000201007064007300000,178435296945216783623798415712649538394852671586173942839564127251987364467321859,6
004290000000067090900030206205000601700000009080040572500000800020070053073520060,364295718812467395957831246245789631731652489689143572596314827428976153173528964,6
200400700496500020087000650700800090000000260000605130600003500300160000001254386,235486719496517823187392654762831495513749268849625137628973541354168972971254386,6
017020040340007096090000010070902061080040050069080400001204005906073120020100970,617329548348517296592468317475932861283641759169785432731294685956873124824156973,6
010000059002800000093000000080000072120630500050270410031740280805100040000000060,718423659542869137693517824486951372127634598359278416931746285865192743274385961,6
001460900700030001040001060009000054507384210000590630008603090000020006073000028,351467982786239541942851763239716854567384219814592637128673495495128376673945128,6
000070650000905003010003900760590002000027000005840300100400065806702000002009040,938274651624915873517683924763591482481327596295846317179438265846752139352169748,6
000970400004005900007080530800006190960210007401007000520031700000020310008700065,215973486384165972697482531872356194963214857451897623529631748746528319138749265,6
407502060090000002203790000501074938084000026900008400020139040009025810000007090,417582369698413572253796184561274938384951726972368451825139647749625813136847295,6
805140000340002000000386000294673108083900000107420600078000000006000400912060037,865149372349752816721386945294673158683915724157428693478531269536297481912864537,6
037069408000304000290000000003007500070632004002500070021705006000140205308926001,137269458586374129294851637813497562975632814642518973421785396769143285358926741,6
100020004020400060400065700209800670000201489080000000000700028072504916006010000,165927834927438165438165792249853671653271489781649253514796328372584916896312547,6
300067004000020003010000060602050381530002749000430520006000005050100430403000610,329867154864521973715943862642759381538612749971438526186374295257196438493285617,6
203104050400057306000386000000000005006400039345900620500013000001062004002509083,263194758489257316157386942928631475716425839345978621594813267831762594672549183,6
500400200030802070042000000000900500850720060006004080090640001460200300001507604,578493216139862475642175839713986542854721963926354187395648721467219358281537694,6
096041352003900040845603000004090000001006405630405000010060000060070000452389061,796841352123957846845623179574298613281736495639415287317564928968172534452389761,6
046102300000007009000530070500041000007620000090700001000204800021800950800000203,746192385385467129219538476568341792137629548492785631953214867621873954874956213,6
903702650000300097000000140000400000805001000006000380008020010720030804051000900,913742658584316297672859143197483526835261479246597381368924715729135864451678932,6
903100060051000000760000100108006052306802900590030000020003600610049530430680201,983127465251364897764598123148976352376852914592431786825713649617249538439685271,6
201030008005817000007060400904600300050320000603478009000080004006700000080002600,261934758495817263837265491924651387758329146613478529172586934546793812389142675,6
304007050008600043000009002709000800000000500010308006000020090007003060080564007,364287159298615743571439682729156834836942571415378926653721498147893265982564317,6
000070005307005804900008372570000006810000240030261080694000750080750000050409628,148372965327695814965148372572984136816537249439261587694823751281756493753419628,6
300105080800003004000870000630050000701300500540900631410630050065708210000500000,324195786857263194196874325639451872781326549542987631418632957965748213273519468,6
000305040080000236000080007940250071000067300000014000600532700397040050025700403,769325148581479236432681597946253871158967324273814965614532789397148652825796413,6
673000801000102000041060000000000078364000000710009040000005203100020090005900004,673594821589132467241867539952346178364781952718259346497615283136428795825973614,6
000607041100000000800000670500006327308700000006030810405203060080540739001000204,923687541167354982854192673549816327318725496276439815495273168682541739731968254,6
067034000190086004300010070036001257401002003000070640500400130000093400000020090,867234519195786324324915876936841257471652983258379641589467132712593468643128795,6
509000300003010964000030057040097100007020003020008000051004030900702000002103070,589476321273815964614239857345697182897521643126348795751964238938752416462183579,6
060000001001000048758010900040020000902500000070000000020109684500432179000780503,469873251231695748758214936643927815912548367875361492327159684586432179194786523,6
206310090310000065050040301103000080060030017790020400600400100009060003420053678,276315894314298765958746321143679582862534917795821436637482159589167243421953678,6
208061000006050800007890261000900000091086732600002900302605090160048020754009600,238461579916257843547893261823974156491586732675132984382615497169748325754329618,6
004619050090070100716050004200095040008000900100040030605020700900706025827030000,384619257592473168716258394273195846458362971169847532645921783931786425827534619,6
000050600001000000002630491090003780010004035000500009000000027400175063003002504,389451672641927358752638491594213786816794235237586149165349827428175963973862514,6
900010800038796012001500096000900068200480000890000120702143089009005001010009070,976214835538796412421538796147952368263481957895367124752143689389675241614829573,6
703019050029000847040000930030001004016504000094060100062040010070100425400207090,783419256129653847645782931837921564216574389594368172962845713378196425451237698,6
047903106510400300800000000005800600000047000082009045050306008708004069020000000,247953186519468327863271954475832691691547832382619745154396278738124569926785413,6
800970000200006007001008030036092800400301760000000090075400008008560009600009503,863974251259136487741258936536792814492381765187645392975413628328567149614829573,6
900000080807006530003050009600090120001072045200001000039004060120039408004060000,952347681817926534463158279648593127391672845275481396539814762126739458784265913,6
083000001000206039060301580005000000206900008000700900830604020000000010750020000,483579261517286439962341587395418672276935148148762953831694725629857314754123896,6
760028003009670008800900600300080060010046085900010004608701000040060000002490000,765128493439675128821934657354289761217346985986517234698751342143862579572493816,6
000806500506000700020007000059060300207000050000074090010903005740002031392715846,174836529586429713923157468459261387267398154831574692618943275745682931392715846,6
047128600000000042080540107400070080310000000000001405020050314630214008100000000,947128653561793842283546197496375281315482769872961435728659314639214578154837926,6
026358910830100620010026003300260700701805090000010080070002539000501072502073108,426358917837194625915726843384269751761835294259417386178642539693581472542973168,6
000050090400009000000406327046120859012090046980504002609048000000000000724000900,263751498478239615195486327346127859512893746987564132659348271831972564724615983,6
008620050700580420500097081081040900409200000600030200307000002000000574100070863,948621357716583429523497681281745936439268715675139248367854192892316574154972863,6
040200056200905000005046270032060705084700302501000409403002000020580601006000500,147238956268975143395146278932461785684759312571823469453612897729584631816397524,6
000196470200347010140000603080000700003010056000058000002900007098501030714283000,835196472269347518147825693581632749423719856976458321352964187698571234714283965,6
050090040000006530800350200025000004000000080090704000509001006060530800001040090,253198647917426538846357219125983764674215983398764152539871426462539871781642395,6
019200643000060800086000709007804200400000090965000408003007586850020070600300010,519278643742963851386451729137894265428536197965712438293147586851629374674385912,6
791000200430002070000307400509003001000900002324000005900104000612700050007526100,791458236438612579265397418589263741176945382324871965953184627612739854847526193,6
846000000000010400000004067000090200098300076031000000300040005004200800060903014,846729351973516482125834967657491238498352176231678549389147625714265893562983714,6
090038407803900025407500000070482030002015700000609000046703000708000600130000070,591238467863947125427561389675482931982315746314679852246793518758124693139856274,6
000400018000070050020506040000004070502097000430200060006002485045068001080040090,759423618164879253823516947698354172512697834437281569976132485345968721281745396,6
000051300060093000031070068709560001003907406045100007300206100006709003000010074,978651342264893715531472968729564831183927456645138297357246189416789523892315674,6
000500000000426519000010043103000956080000000500060000200600085601000700000072461,412539678837426519965817243123784956786295134594163827279641385641358792358972461,6
084065007010082506050710000023004701000026000000107082090000804030040200400298053,284365917719482536356719428623854791871926345945137682192573864538641279467298153,6
080270509430510802900000400050000904008490300149030028000153000013000090004000080,681274539437519862925368471356782914278491356149635728892153647713846295564927183,6
400002500005007082000458006520074801800500704047001205702010600608045920390080000,486132579135697482279458316523974861861523794947861235752319648618745923394286157,6
000070059079006000038050007810090026040765980960000700050139070401000390703048162,124873659579416238638952417817394526342765981965281743256139874481627395793548162,6
090100005030090000160058009006930007049017800070406093050041068028365070610009300,892173645735694182164258739586932417349517826271486593953741268428365971617829354,6
300009785478053600000000342720000863100000297090002001500306008200080000083107000,362419785478253619951678342725941863134865297896732451549326178217584936683197524,6
501009304007000000003541007000906070170008002806070000358090000694120780710800039,561789324947632158283541967425916873179358642836274591358497216694123785712865439,6
000504060090703000000610007300100800081206000070008010000461320063800001200307450,137584269695723184824619537346175892981236745572948613759461328463852971218397456,6
000000956075060004060905007021580630600709000490006705080350401037000000549600070,814273956975861324362945817721584639658739142493126785286357491137492568549618273,6
500706013020030008300824000002900004000007002030000700100040087803000105070158406,584796213927531648316824579752913864691487352438265791165342987843679125279158436,6
068907300007480620100300000000006090826019043500840076000090037070600905905100002,468927351357481629192365784743256198826719543519843276681592437274638915935174862,6
980000400020000060010947020109304200007009004800070000000030708000782040070091300,985623471724158963316947825159364287267819534843275196492536718531782649678491352,6
000890003900065000050073000005089000000300008820046059090520100014030026070604080,147892563983165472256473891435289617769351248821746359698527134514938726372614985,6
000640080400000090000800006050920010090400008027005009700290030085061204300050960,539647182468512793271839456854923617193476528627185349716294835985361274342758961,6
800000002005600000400005006000043050000160080107050203050006018000010000020570900,876431592935627841412985376268743159593162487147859263354296718789314625621578934,6
600100090090705040504900100003001009940000001020406003310579004060010030409603007,637148592291765348584932176873251469946387251125496783318579624762814935459623817,6
203000084000300750100900230040103002600805040030642800089460007006000490000009008,263517984894326751175984236548193672621875349937642815389461527716258493452739168,6
008070040970083201206050800000320000007100020020500410702804153010700000080015000,138276945975483261246951837491328576657149328823567419762894153519732684384615792,6
608194502000708460000520007016050003020010650005079001200005716001000000000981000,678194532152738469394526187816452973927813654435679821289345716541267398763981245,6
000020083307800100020039564900170002000300400203500907010008000000003090006010240,594621783367845129128739564985174632671392458243586917419258376752463891836917245,6
800009041050040960009560070020605800005000030060000705592016380600700090300080604,836279541257341968419568273724635819985127436163894725592416387648753192371982654,6
078023060000000005356000982624031590090040003080005600010950030500104020400000050,978523461241869375356417982624731598795648213183295647812956734539174826467382159,6
002040036400500020000902104009008000068475203030029001810090300600830905003000010,952147836481563729376982154249318567168475293537629481815796342624831975793254618,6
004203810382010470006004302098000645400159200027000003670000008030091720040030060,754263819382915476916874352198327645463159287527486193671542938835691724249738561,6
000640000620001000004039000405000830091050074870060000100920000002006010900803060,358642197629781453714539286465297831291358674873164925136925748582476319947813562,6
625081309970000008840000050008702040000100002032805000080040005004900086067010030,625481379971356428843279651198762543756134892432895167389647215514923786267518934,6
003800002000020607500609000030060100006501040400700026000400200001076000640312975,163857492984123657572649318735264189826591743419738526397485261251976834648312975,6
051000804080050260260400501500040106000005907000390405896000042000824019400079058,351962874984157263267483591529748136643215987178396425896531742735824619412679358,6
360800000742000000810023675200600050107352846406078900001230098024981007008700000,365817429742596183819423675283649751197352846456178932671234598524981367938765214,6
032400650010095003700003089570004290009000305263009840000308000400050000305200900,932481657816795423754623189578134296149862375263579841697348512421956738385217964,6
105008003004001056680520140012839064000006000030270018500380601200007085000000700,175468293324791856689523147712839564958146372436275918597384621263917485841652739,6
010003007000008306000950800029001704004305000000042009001070403000209178300100060,918623547257418396436957812529861734764395281183742659891576423645239178372184965,6
500200600090080007472010008205700100060100003019060700900008032000092800000000070,538247691196583247472916358285734169764129583319865724951678432647392815823451976,6
809002030701096002006810479900067014162500097000000600090000200400620900280941700,859472136741396852326815479938267514162584397574139628693758241417623985285941763,6
010003900048002501200000780130000090904065020025008003800020070000007000070040050,517683942648792531293451786136274895984365127725918463861529374452837619379146258,6
750900800043718069080403102590271080030895010807340295070100600060507001005609040,751962834243718569986453172594271386632895417817346295379124658468537921125689743,6
000870391300600000710003000074380060096504070050067800928006705001000026407050030,642875391389621457715493682174382569896514273253967814928136745531748926467259138,6
102608090900420016308000007009017400000804059450000730004300605000700001000006974,142678593975423816368159247839517462627834159451962738784391625296745381513286974,6
052108030003007009940306108084000092536000041090073605000000070320700804008004006,652198437813547269947326158784651392536289741291473685465812973329765814178934526,6
090800310100400506006100007001000653340005000000000200018000064903064800020010735,497856312132497586856132497281749653349625178765381249518273964973564821624918735,6
090670400050108900600509000000726041002000030005000008010050000004301657000000010,391672485457138962628549173839726541142985736765413298916857324284391657573264819,6
008063001100000070050000020000304000080020300049700052912600080805009030400208910,278563491193842675654971823521394768786125349349786152912637584865419237437258916,6
590340270080009413000100080040810007000070040800004102610000000020005000408260730,591348276287659413364127985942816357135972648876534192619783524723495861458261739,6
800009000207560809009280060014000000090006300500000040005008607008003410176050003,861439572247561839359287164614395728792846351583712946435128697928673415176954283,6
496000800207900000800046209100004790700200150030070000380400627071000000020003900,496527831217938546853146279162354798748269153935871462389415627571692384624783915,6
720400900095000080030000027410000003003800072000060049047050000209003401000000000,726438915195726384834915627412597863963841572578362149647159238289673451351284796,6
705029008680704320002300906050000790000201000004000060100502600023000100000140030,735629418689714325412385976251468793396271854874953261147532689523896147968147532,6
306000504000000806084009000043000600000015030518000002001756403060238109000901007,326187594159324876784569321943872615672415938518693742291756483467238159835941267,6
005920000290007800004085009001798503700000000000001408000000934008000751907500082,815924367296137845374685219461798523783452196529361478152876934638249751947513682,6
370002140000307600261498030784200910010984002000100384820009000039040200456701003,378562149945317628261498735784253916613984572592176384827639451139845267456721893,6
840193000001002000020580031100846000084039000000250400906010040000007105010000379,845193627391672854627584931153846792284739516769251483976315248438927165512468379,6
057002680010050000300800150740000096009074000000030270030007825085000700200008000,457312689816759432392846157743281596529674318168935274634197825985423761271568943,6
000970052100230794279405068350009020000040810000500009620050900004000000000703206,436978152185236794279415368351689427962347815847521639623854971794162583518793246,6
000907814009600005070000090005800209003529070008003006031790000007000001402008307,256937814389614725174285693745861239613529478928473156831796542567342981492158367,6
142050000007029104009000260403502691201690048000004020024130076736008900000007000,142756389867329154359481267483572691271693548695814723924135876736248915518967432,6
000065000506000310080000000267000480050000231309000670105092000600003190093100752,731265948526984317984317526267531489458679231319428675145792863672853194893146752,6
675001030043700001091000020580100702007080400304902068000400085000005006050630040,675291834243768951891354627586143792927586413314972568762419385439825176158637249,6
018524003506090004093617000859006000070950030032040007040201009001470000260009040,718524963526893174493617285859736412174952638632148597347261859981475326265389741,6
100007289420030001805009000040062900906085000700401030000150000200970605000826090,163547289429638751875219364541362978936785412782491536697154823218973645354826197,6
200000904400000051890540730305461270010080500020000008900032085108050427500804090,253178964467923851891546732385461279619287543724395618946732185138659427572814396,6
002008716500060000060302000000017584005804130104200600000009060309506040000080005,432958716598761423761342859923617584675894132184235697857429361319576248246183975,6
000000200078523469250000010080010500000090100510600000801700030730084620009201050,493167285178523469256849713987312546362495178514678392821756934735984621649231857,6
069003070000978005000000900105830020000500008000047500006000480204006050090750006,569413872432978165871625934145839627927561348683247591756192483214386759398754216,6
850047216376010500020695873930270651045103900000589300003001000501438762480006100,859347216376812594124695873938274651745163928612589347263751489591438762487926135,6
000801007060475102781000000020504001800700500000028900030007600200153000100040030,452861397963475182781932456327594861849716523615328974534287619296153748178649235,6
800100670700200900600000010060020030200009001030407820000082040521704000480300002,892153674713246958654978213968521437247839561135467829379682145521794386486315792,6
090050842050008670030000090020000010806020000010804000001705080045000060200600007,697351842152498673438267195924536718876129534513874926361745289745982361289613457,6
102000060097152008308009102074908026006340007030020001760090083003007000000200004,152483769697152438348679152574918326216345897839726541761594283423867915985231674,6
020190304740000000050000086070019000001526000060300821007050000006032908090000510,628197354743685192159243786274819635831526479965374821487951263516732948392468517,6
000000500301000027050108300003000002060090700410200060000039000508400200709600100,974326581381945627652178349893761452265894713417253968126539874538417296749682135,6
900000210040080900800910450095028001720000045160345792000000004000001067070050129,957436218641582973832917456495728631723169845168345792219673584584291367376854129,6
003710040080000009064809000000000072640027005725000406050000807900600050400078000,593712648187346529264859731839465172641927385725183496356294817978631254412578963,6
006009007380450100050002000079000005000500000504290031603914008010680042400020310,146839257382457169957162483879341625231576894564298731623914578715683942498725316,6
010049860840063050006802001100607020060028410080000075608400192021090084400201006,213549867847163259596872341134657928765928413982314675678435192321796584459281736,6
800004500003160004020035610040010002209000050500602000000000007070903200082006090,861294573753168924924735618648519732219347856537682149395821467476953281182476395,6
004002090000000207000090048000049702407650000090000160700000520012570409640900000,184762395956384217273195648361849752427651983598237164739418526812576439645923871,6
500070090920560008300000526700950000000210000810736000600020000003490200059680074,564872193921563748378149526736954812495218637812736459647325981183497265259681374,6
819070032000210800200300051154890020068002795700605004500000000000020010080701040,819576432435219867276384951154897623368142795792635184521468379647923518983751246,6
700000500009800001000900800096084020001079005070002910900501603300460000050000100,783216594429835761165947832596184327231679485874352916948521673317468259652793148,6
000721000038095210210300906001450700900000063002030000006900802804070001020000000,659721384438695217217348956361459728945287163782136495576913842894572631123864579,6
970105060003028014000300207700003080100070400000500700030400108890230006005000370,972145863563728914418396257754913682189672435326584791637459128891237546245861379,6
095002008407500300000710000702009806009200041040000200006300000003060709004901620,195632478467598312328714965752149836839276541641853297986327154213465789574981623,6
002340000060015030370020510049070008000000943830490700420080000000039406000000001,512348697964715832378926514649573128257861943831492765426187359185239476793654281,6
000702000027018000600504027700080004001467200480923001270301800003006452804059700,549732186327618945618594327732185694951467238486923571275341869193876452864259713,6
060070400074230581025980630006000304300090000002003900417308205008000100000012040,863175429974236581125984637596821374341697852782453916417368295258749163639512748,6
008760100000305008100800006530006810006030902200478360680100420005283001000047500,328764159769315248154892736537926814846531972291478365683159427475283691912647583,6
004679010036080000700143000047528000500010278280006054058461020610000005400800006,824679513136285497795143682947528361563914278281736954358461729612397845479852136,6
030071000700980463804000000003000100040000800000060300000007680510000749480005001,639471528751982463824536917963854172245713896178269354392147685516328749487695231,6
006000500000700632520004100061003005039542061000007080080470200040090807000020054,376219548914758632528634179761983425839542761452167983183475296245396817697821354,6
095146872007300000400009050070500006108000004003000210030010765000905031041003900,395146872217358649486279153974521386128637594653894217839412765762985431541763928,6
015040203000030050007050000720000049500801000003700000004509006200400300906200704,615948273892637451437152968728365149549821637163794582374519826281476395956283714,6
630507000478000000025430010040950203000000000300840109080070390790380000003209008,631597482478612935925438617847951263169723854352846179284175396796384521513269748,6
012480090305016082684900070400079200107050003000000000040007000000003050070500120,712485396395716482684932571438679215167258943259341867541827639826193754973564128,6
068001090000528600540060803000890051800000070059000468610002700900103006080004000,768341295391528647542769813427896351836415972159237468613952784974183526285674139,6
004000020000002098030090006300900040417806930600730812985243760000080050003070280,894567123576312498231498576328951647417826935659734812985243761762189354143675289,6
206004050090560002000000100042100300705000804369240570070000039028091740000006010,286714953197563482534982167842157396715639824369248571471825639628391745953476218,6
000007000786300900349010070108400300000002007002130000095801732020700040807240500,251987463786324915349516278168475329534692187972138654495861732623759841817243596,6
065830200980004005310200000000003000000940620800002504008075900007300082400028000,765839241982614375314257869246583197573941628891762534628475913157396482439128756,6
000008507000004003004000208000763020405000036000540009109086370346050800070130000,632918547587624913914375268891763425425891736763542189159486372346257891278139654,6
000780200000502004070030000940000050803000100020060340030974000700100420405028900,594786231361592784278431695946317852853249167127865349632974518789153426415628973,6
027045090040080570080002400708396024030050060490200700004039007075800200860420000,627145893941683572583972416758396124132754968496218735214539687375861249869427351,6
003020009000090067050006042000802090005900000039050704006485073504003916370169400,763524189241398567958716342417832695625947831839651724196485273584273916372169458,6
000328070070005400000007002008600000009050100020001004356200890000080200800000016,594328671273165489681497352138649725469752138725831964356214897917586243842973516,6
000005300050620090290004005019870050800009210000401079040210007086007532907003040,461795328753628194298134765619872453874359216532461879345216987186947532927583641,6
670001003904070010020006090407000008069004030050638900090000340300260001016500020,675491283984372615123856497437925168869714532251638974592187346348269751716543829,6
907300068380050047100870030010000320006000004403060790030005000001000970070006403,947321568382659147165874239518947326796532814423168795234795681651483972879216453,6
003801000500000000041200098805026009400003000200900083079602000002300174380007026,963871542528439761741265398835726419496183257217954683179642835652398174384517926,6
609000048040096000000400059900004070030000005000520004390000060085763002026951837,679135248548296713213478659952384176834617925761529384397842561185763492426951837,6
000350700946080130000009080714060000090025340030800006057038009000001003300000850,182356794946287135573149682714963528698725341235814976457638219829571463361492857,6
000000200500090000041000087314627500750009103000351760900148306008203450003975000,689714235537892641241536987314627598756489123892351764925148376178263459463975812,6
600200010180005070009010000050002104000006007406050200907520300062900000034080009,645279813183465972729318645358792164291846537476153298917524386862937451534681729,6
000000502080103600000060800005010000008040900090500170340050006250000400010790200,961478532584123697732965841475619328128347965693582174349251786257836419816794253,6
802600300096023040300008000610005400005164009930207560403016900500700000009302080,842671395196523748357498216618935472275164839934287561423816957581749623769352184,6
030509240004006300016340700007920600069030000302000070005108004000000107001693850,738519246294786315516342798147925683869437521352861479625178934983254167471693852,6
090080050500496700006005908310000500050040690009000034630074200900801003000030009,491287356583496721276315948314769582852143697769528134638974215927851463145632879,6
000025000500301008020704069009006025002050100040000030708600050900000010000070000,486925371597361248321784569179436825632857194845219637718692453963548712254173986,6
090000000043080500205001698930750410008603000500000809154006900080042005020000004,891567342643289571275431698932758416418693257567124839154876923789342165326915784,6
072401938354829607189673502701200400503100009008000006005962000040000260000000890,672451938354829617189673542761298453523146789498537126815962374947385261236714895,6
001080000090000401000910528080000034060023000005004100006078900040000005200140000,651482793892537461473916528987651234164723859325894176516378942748269315239145687,6
020034005740506030006000000051300060674029008300600901063400097890000013017090020,129734685748516239536982174951348762674129358382675941263451897895267413417893526,6
000983402000000080002000951100800024020390010065001000051600208048070100603010000,517983462496152387382746951139865724824397615765421893951634278248579136673218549,6
007001504800005060000800073460000730900360000308072906000000007106057498704090305,297631584843725169651849273465918732972364851318572946529483617136257498784196325,6
006000000003000102012040059000410080370005416000680027200501090900030060001009003,596172834483956172712348659629417385378295416145683927234561798957834261861729543,6
600030094009204500374090021510907403030400910490013205005300140841000009000045008,652831794189274536374596821518927463236458917497613285765389142841762359923145678,6
009003004700094025060700000003600000050041060016357000000000000000406092090205046,829563714731894625564712938973628451258941367416357289642189573385476192197235846,6
200800000085201000060400200007310402002694010000500060000040306103006004000035701,274869135385271649961453278697318452532694817418527963759142386123786594846935721,6
000300947030007005607050001270010050501730000089500173705040800000005700040900002,152368947834197625697452381273819456561734298489526173725643819916285734348971562,6
281003007060007300000059002000500490098704006000600100030286000806945000052370080,281463957965827314743159862617532498398714526524698173139286745876945231452371689,6
000093004004080793900004801040068300009120048080435209120879430008010005000546102,812793564654281793973654821241968357539127648786435219125879436468312975397546182,6
801305479709100030600079000000702390900000057010906284060207905000510060000003000,821365479749128536653479128486752391932841657517936284364287915298514763175693842,6
960070010010896000000340290630057400709230601000068370000009500040020930005080067,964572813312896754587341296638157429759234681421968375873619542146725938295483167,6
700200005004365071600007300100724500500030100070001000000000053097652400001000790,713248965924365871685917342136724589549836127872591634468179253397652418251483796,6
000328405420700003836005200080460159501200074394001600040000001070002500158004000,719328465425796813836145297287463159561289374394571682642857931973612548158934726,6
290008673008530209063709000024000800071803020000902030000280900052090010009050002,295418673718536249463729158324165897971843526586972431137284965852697314649351782,6
000629047600401059300580610080762190002050704710090520200000070495070001100040005,851629347627431859349587612584762193962153784713894526236915478495378261178246935,6
924100006307002008080300090000603070000020580000000601000090025090405000005000100,924178356357962418186354297541683972639721584278549631413896725792415863865237149,6
500600074000800610041005300000900000000180450380040091007300008030000040069000520,598631274723894615641725389214957836976183452385246791457312968832569147169478523,6
067000820002605300000079006003042700070000000800000094040030902085090007009026048,967413825412685379358279416593842761674951283821367594146738952285194637739526148,6
080000102524001908900082040005007001000214390090850200050000000070000026002090000,387469152524371968916582743245937681768214395193856274651728439879143526432695817,6
800506003000034520003020007605007238300008000080253700100645802000001006000390100,812576943976834521543129687695417238327968415481253769139645872254781396768392154,6
004800020010005070002400601250104730360002000000006500000900003000007004006208107,674819325813625479592473681259184736361752948487396512725941863138567294946238157,6
900002004120003670405000109040201000000040061010769000256000097300006500001000000,967152834128493675435678129649281753782345961513769482256814397374926518891537246,6
060080009008107020702060813009706185000920030000014002900070301083000207071390048,164283579398157426752469813429736185615928734837514962946872351583641297271395648,6
005017298200009504090000000700160009069700485350008607013000052000032041500000906,645317298231689574897254163784165329169723485352948617413896752976532841528471936,6
069035400010084000004900600040026050050340000000000020090003182105700940030010007,269135478713684295584972631341826759952347816876591324697453182125768943438219567,6
905000007047050280000078090090000710150837000000100508604021809008000006720080150,985214637347956281261378495892465713156837942473192568634521879518749326729683154,6
400021506508000040902540030853004071004800020000300058000000060300057014040100790,437921586518736249962548137853264971194875623276319458781492365329657814645183792,6
060030090403000000590070003010200078056000200720046005070008300800310006635002081,167834592483529167592671843914253678356987214728146935271468359849315726635792481,6
140070538076005920000900060080007002702809003030004700863700205207000000400020000,149672538376185924528943167984357612712869453635214789863791245257436891491528376,6
009807402030002000002000000300740000294001006700905034003164007007200310000003049,169837452438652791572419863315746928294381576786925134953164287647298315821573649,6
706002400910000000005009106008090000040000830607030900002810005000020008000700040,736152489914687523285349176328491657149576832657238914462813795571924368893765241,6
000080000008603000090240080730008006802160700651907240200700060100092504900050010,416589327528673491397241685739428156842165739651937248285714963163892574974356812,6
004830000000004000035702060406008201508020006923100045200000703040003050050007004,694831527782564139135792468476358291518429376923176845261945783847613952359287614,6
500427000403008710060010000030006004805000361006030000070041058002080643004205109,591427836423698715768513492237156984845972361916834527679341258152789643384265179,6
230604091090832400080000006000009108000380960820040005540000600368900004002400000,235674891196832457784591326653729148471385962829146735547213689368957214912468573,6
879243000300800900000000300002005760530062010007934005703416090000078001081520037,879243156364851972125697384942185763538762419617934825753416298296378541481529637,6
030000000086023100901000000160530082003070650000018000290000006004702509070006004,432195768786423195951867423167534982843279651529618347295341876614782539378956214,6
506040007000600035000000002960000003270004908018039076000050280050103060000906350,586342197742691835391875642965718423273564918418239576639457281854123769127986354,6
090010734420709150100004926008006007001087640700100080002400800010638070006075091,695812734423769158187354926938546217251987643764123589372491865519638472846275391,6
008000040000590001200003805810009500030000290000860030001200000000001300970605410,158726943347598621269413875812349567436157298795862134681234759524971386973685412,6
000000400530080000204173006002000300108305700003021000700400509305709600800250103,917562438536984217284173956652897341198345762473621895761438529325719684849256173,6
000091408780350020019070006000703000600080000073049002005910040007020319090030200,352691478786354921419278536928763154641582793573149682235916847867425319194837265,6
052960034004180060609354072060008007280070006430600280590741628000000700708000400,852967134374182965619354872965218347281473596437695281593741628146829753728536419,6
072030091010002043000510200537004100001350400020100050200000730100723905793605812,872436591915872643364519278537294186681357429429168357256981734148723965793645812,6
000891060002736800601250000008370219300010008000408005807000504006540007534000000,753891462942736851681254793468375219375912648129468375817629534296543187534187926,6
901003206000006800060510007380000100020001003040300568610030475000000002730400000,971843256253796814864512397387654129526981743149327568618239475495178632732465981,6
600983047049007106785000030400500020060002050528030009890070065000020300200400071,612983547349257186785164932473519628961842753528736419894371265157628394236495871,6
096210700450700000718600924604100009001529000000000000000031000040805003980000060,396214785452798136718653924624187359831529647579346812265931478147865293983472561,6
090000760100780390000093508010409020020030107000020850600010480081000970700008030,893541762165782394472693518518479623926835147347126859639217485281354976754968231,6
098130750005900000100700006030000000000005070507301620000500104056010000012496080,698134752375962418124758936231679845869245371547381629983527164456813297712496583,6
005000403609004850000010020004003000712040086030702000008901002050006008000370040,125897463679234851843615927584163279712549386936782514468951732357426198291378645,6
090250000605980007000704005010860004800490030004000780309000001028000500561378040,793256418645981327182734695217863954856497132934125786379542861428619573561378249,6
000001000103070000097682104400730580735018640618240900800067020070000856000803410,264351798183479265597682134429736581735918642618245973841567329372194856956823417,6
070140000318000500004000000069000040023015800857400003200370951940002008035981060,572148396318796524694253187169837245423615879857429613286374951941562738735981462,6
207500000400869000000002040080600914000908003900020700354007001070390052020051370,237514869415869237896732145582673914761948523943125786354287691178396452629451378,6
002000006100720090050040700000000284005400307734001009000010900501602000083500001,372958146146723895958146732619375284825469317734281569267814953591632478483597621,6
700006020020458007800902460030700056540023018060000700000094001100207000400005302,794316825623458197815972463938741256547623918261589734352894671186237549479165382,6
780600340000002070060053009070000003050004701809030056500080000024000000090400500,785619342913842675462753819271568493356294781849137256537986124124375968698421537,6
004500000070002001800160000687031500009056000000280700000000140200000037701624090,314598276576342981892167453687431529429756318153289764965873142248915637731624895,6
000000100007304006041005002070180005050030008000400760500690040603801000704003000,365278194927314586841965372476182935159736428238459761512697843693841257784523619,6
000300000040276309030004607510000060620053800400000200304600502002000030060532001,276395148841276359935184627517428963629753814483961275394617582152849736768532491,6
090004500504600000801035000106503409058040030200060800002300000000050203630001978,397214586524678391861935742176583429958142637243769815782396154419857263635421978,6
605001008020074039000080500380246900061000007090007400209700800050400100000108000,635921748128574639974683512387246951461859327592317486219735864856492173743168295,6
030019060570003000001007400700900004400701203150020780907000000300092800285000300,834219567572643918691587432723968154468751293159324786947835621316492875285176349,6
003010000079004001840000375600139004005400036000800007000240503302008040416000002,263715498579384621841962375627139854185427936934856217798241563352678149416593782,6
510706084700580000089401605000100703000050060100600009837005000290008510001974200,512796384746583921389421675968142753473859162125637849837215496294368517651974238,6
010680093000000008802001607000504900900000740000010360060009800009247006205060009,714685293596723418832491657623574981951836742478912365367159824189247536245368179,6
962078051003621408408905000001000004000100230005290016150049020090502100004000000,962478351573621498418935672621753984749186235385294716156349827897562143234817569,6
000300106652000000000675290000400817006000009480100005070820561020001083168500000,947382156652914738831675294295436817716258349483197625374829561529761483168543972,6
000000095506300700200079800100850000060030180080001050000793508840005370307080006,738126495596348721214579863172854639965237184483961257621793548849615372357482916,6
000000310001063020005700000002000800030400600940000030600000503080020000000008004,278549316491863725365712498152637849837491652946285137629174583584326971713958264,6
700000152619002800028070094400090026002600000160080005000005470870000000301700008,734968152619452837528173694487591326952634781163287945296815473875346219341729568,6
601000000500100480000500070136490008908005200200001000060210090000059007809704130,681947325597123486324586971136492758948675213275831649763218594412359867859764132,6
020000001800000064064300000000000000640805100009046030002410003100008079000700500,325684791817952364964371258581237946643895127279146835752419683136528479498763512,6
502690000108007094090000005000050810000008729000300040730040902205903400984070000,572694138168537294493821675649752813351468729827319546736145982215983467984276351,6
360102000008070100200800006700500040000020380182000509601050004000403708800010600,364192875598674123217835496739586241456921387182347569671258934925463718843719652,6
002614009090000640400007005746105200000009406200000700900301062010070004020090007,532614879897253641461987325746135298183729456259468713978341562615872934324596187,6
000008349000409500943000080090010003207004015000200490002850904010340000408697201,725168349186439572943725186894516723237984615561273498372851964619342857458697231,6
200004700050000430070000060189402006000008091005096800008605040607981203500040000,263514789951867432874239165189452376426378591735196824318625947647981253592743618,6
040000308000680000000970100060839015051426900490750000005107620976502801014060000,647215398129683547538974162762839415851426973493751286385197624976542831214368759,6
350007040012035976760090005987000060531060280006000700000910408290800007100070690,359627841812435976764198325987254163531769284426381759675912438293846517148573692,6
071400008000001050050908000020070000987540030006100270700390500009250783532007400,671435928894721356253968147125673894987542631346189275768394512419256783532817469,6
249780003130025640000003009927640005050300000403057090000534970500000002300000008,249786153138925647765413289927648315856391724413257896682534971571869432394172568,6
000001300001050608900200105009007006000500000300004080090715000084300519510908007,465891372271453698938276145829137456146589723357624981692715834784362519513948267,6
600310502120650034050000018390046000001092000000730900910203050034500289000009000,678314592129658734453927618397146825541892376862735941916283457734561289285479163,6
050670000000000654624300017860050090090160708007829506749508300200036400036700080,158674239973281654624395817862457193495163728317829546749518362281936475536742981,6
200090800004100000000003067001007950009061028005900470053078000060000080000200605,216795843734186592598423167321847956479561328685932471953678214162354789847219635,6
050102970970063100000009600010206000700500460086900050000607000000024500860310090,654182973978463125231759648415276389729538461386941257543697812197824536862315794,6
005000001083900005790514000800700520000006004060005710000070100508630000070051003,425368971183927465796514832841793526257186394369245718634872159518639247972451683,6
020670000031042000000091050000700000010820970700000832080000000400060080370200019,524678193931542768867391254298753641613824975745916832189437526452169387376285419,6
081490000040520800625000040508000003093800004070003080952610000007052060000080005,381497256749526831625138947568241793293875614174963582952614378817352469436789125,6
168704392000189006540000870090003100800007039020900007602598700900071260000200008,168754392273189546549362871796843125851627439324915687632598714985471263417236958,6
009700000173405082026003057060300700910000003005000046000209030302007098600000070,549782361173465982826193457268354719914876523735921846487219635352647198691538274,6
310800060000000018002050000450068172209000803070005690000720405000093001027104930,315849267694372518782651349453968172269417853178235694931726485846593721527184936,6
810096000400502908093004067604000000070000000020000403709600030100947600000010040,815796324467532918293184567654371892378429156921865473749658231132947685586213749,6
004600000736900000005002000052089073040030825078024000593260700007051002000397568,284673159736915284915842637652189473149736825378524916593268741867451392421397568,6
070400600600002001041506007900000200050120700020008506060030002000800403004210900,378491625695372841241586397983657214456123789127948536869734152512869473734215968,6
402000008950010040000000006098050034000040000145803620004300075000000800021005000,462537198953618247817492356298156734376249581145873629684321975539764812721985463,6
108206000050000176604037050007900001000410000920000500000300000702548900300629710,178256439253894176694137852437985621586412397921763584869371245712548963345629718,6
090761540074085006150034098015002800000000032003000050060000300802500009900020100,298761543374985216156234798415392867689157432723648951561879324842513679937426185,6
083000200001300900207050308029400703000003000004002600700005830800206490046030002,983617245451328967267954318529461783678593124314782659792145836835276491146839572,6
020060504900145300000900160000516000001807035000439210069200740002090000004600982,127368594986145327435972168243516879691827435758439216569283741812794653374651982,6
529000368071039500803526900752000010096001200318260709000000607000042000030608002,529417368671839524843526971752983416496751283318264759284195637167342895935678142,6
007608900080700010403900008800009450605413809294007130710090300350006000906000001,127638945589724613463951278831269457675413829294587136712895364358146792946372581,6
702160834008040700030200150300806045040700083000054200200000400005000001063000590,752169834198543726634287159327816945541792683986354217219635478475928361863471592,6
000010004700034000090008230000005746040026900060070000000302001000000308301600050,832917564756234819194568237213895746547126983968473125489352671625741398371689452,6
068540037000080090005023800827960005000007040000350000009076023012090086000032000,268549137734681592195723864827964315953217648641358279589176423312495786476832951,6
600000030040700600000960207089576020000009005000081400074020010006000870001300000,697852134245713698318964257489576321162439785753281469574628913936145872821397546,6
350010600067050000008067000006375408080090736010008205000780000030009074000030102,352914687467853921198267543926375418584192736713648295245781369631529874879436152,6
090603200420050360600002009530410000000007403002300070200100745004000008050874920,795683214428951367613742859537418692169527483842396571286139745974265138351874926,6
060008400004069750519002003670010000038005916005000000200500030751036090943800000,367158429824369751519742683672913845438275916195684372286597134751436298943821567,6
600300000100000069089100000800007951091000070040010800000003700070961400962704318,654392187137485269289176543823647951591238674746519832415823796378961425962754318,6
000420095085300102200000803036501280927683010050000000802000950560002430301000028,613428795785369142294157863436571289927683514158294376842736951569812437371945628,6
003700000100080400604100079231605700040010590500074320000020000000350100310067050,893746215127589463654132879231695784748213596569874321485921637976358142312467958,6
000384000490005800000791304020043650006200000000850002600010905004060273800902000,167384529493625817258791364729143658586279431341856792632417985914568273875932146,6
910568400050003790000007160003000050080230900200056000006081009091002007030070601,917568432654123798328497165763819254185234976249756813476381529591642387832975641,6
105974003008002091000000007010040000004860032802150000083490020900000000040080005,125974863678532491439618257316247589754869132892153674583491726961725348247386915,6
080020009009107306003900050407009530300000000090000067530870000910436000000200100,684523719259187346173964852427619538365748921891352467532871694918436275746295183,6
000001400601400200400530670900300050502000908706045310007004060005097104000063007,273681495651479283498532671914328756532716948786945312327154869865297134149863527,6
009063140836040597000000000010350409003009205070400030320590084000100000594600700,759863142836241597142975368218356479463789215975412836321597684687124953594638721,6
005008490934750062180009035000000219090000040010000570009807020040005900200190000,725368491934751862186249735853476219697512348412983576569837124341625987278194653,6
010630080760000002049002070430086057000004000000070000070900000502700600000065728,215637489768149532349852176431286957857394261926571843674928315582713694193465728,6
010503000095400070000010508007100230008300000000624000000000017400000006036709000,714583692895462173263917548647198235928375461351624789589246317472831956136759824,6
453080901900030008087000406620700190591006347704090682000008500805000060009570800,453687921916234758287951436628743195591826347734195682142368579875419263369572814,6
920010070140037000075000200001382069800704020030100450000095002000623000080471500,923516874148237695675948213451382769896754321732169458367895142514623987289471536,6
005000134240000576000605920000060015001780000600500740030058267570130000002470301,865297134249813576713645928427369815351784692698521743134958267576132489982476351,6
804000500560203080001850240000090071090300852600000000003080025008020016056130400,824971563569243187731856249342598671197364852685712934413689725978425316256137498,6
509000060360597080207461900000940600048000500600728340002000030000304100030000800,519283764364597281287461953723945618948136572651728349172859436896374125435612897,6
000010002200347008604005010968000351100000200000031809409063080000704000750089020,375816492291347568684295713968472351137958246542631879429563187816724935753189624,6
007360000050009020000015478001000700020007030090030800506090003010000057003050081,247368519158479326369215478831526794624987135795134862586791243912843657473652981,6
098650071602400890703000546589206007347000628120000950071000460905180032030000085,498653271652471893713892546589246317347519628126738954871325469965184732234967185,6
000900536001506009095043200008600390050000861260000050837060005000298600920375000,472981536381526749695743218148657392759432861263819457837164925514298673926375184,6
000200000109800000002090050030421089000306040005700006080070003020108675003000028,368215794159847362472693851637421589891356247245789136586972413924138675713564928,6
000000607001409802800000945705003128908001000000850000000000094304200050650030280,492385617571469832836172945765943128948621573123857469287516394314298756659734281,6
072009000010600070000048201300000750700000409105067802000000003000856000900132540,672519384418623975539748261384291756726385419195467832851974623243856197967132548,6
002170890080695020005020000007000009090001002040060000000006001000400650560230000,632174895784695123915823746157382469896541372243769518478956231329418657561237984,6
600000000594073000078500004050000200207905300400060009026009010740000093905100720,632418975594673182178592634859341267267985341413267859326759418741826593985134726,6
000000405200000900060000317000003079036070041000000280080320094490750000603498700,371869425245137968968245317124583679836972541759614283587326194492751836613498752,6
000009000076210054090750000601042703000376190007001000200005071000027540045100060,514869237876213954392754618651942783428376195937581426269435871183627549745198362,6
800004000600200807190000060010705200423008705780000000208001509509006130000900600,857364921634219857192587364916745283423698715785123496268431579549876132371952648,6
084926107060000200230050000013008072600000010000162003005619700000043901190205304,584926137769431285231857496413598672652374819978162543345619728826743951197285364,6
030000070450107030007360400700013005300602040904008123079030000500000200081000097,836924571452187639197365482728413965315692748964758123679231854543879216281546397,6
016953040400000500008140230000080104004001653000560000000470000030819407040000005,216953748473628519958147236765382194824791653391564872689475321532819467147236985,6
002300485030904200400005097000508642000790003008400079000100000000803001025647900,912376485537984216486215397791538642264791853358462179873129564649853721125647938,6
230000070078000904000007005800090021004508600000000000001430702020800040009005800,235946178178352964496187235863794521714528693952613487681439752527861349349275816,6
900020030050009004600304000072900005000000023109200060380700050700500306001063200,948627531253189674617354892872936145465871923139245768386712459724598316591463287,6
600402008300000204254800100140680020060703001003124050006900080409000610810200390,691432578378519264254867139147685923562793841983124756736951482429378615815246397,6
090001070031002040070506029400300902000627000300400050149063205000080690000205014,692841573531972846874536129417358962985627431326419758149763285253184697768295314,6
006239000005001090000080100807000000509000060002910005200005037600000040700008619,176239458485761293923584176867453921519872364342916785291645837638197542754328619,6
800907106040063098000800700190000065403009201250074903900001007070008610010790004,825947136741263598639815742197382465483659271256174983962431857374528619518796324,6
001483000080070106957000008040060231100345007008100004000000810400801063000600009,261483795384579126957216348745968231129345687638127954596734812472891563813652479,6
900104080078000014000000092020008060049501700700000003007009045004020070290007001,952164387378952614416783592523478169649531728781296453867319245134825976295647831,6
008130200040279008920068704510092046802400500000800190080041000004680920600025080,768134259345279618921568734517392846892416573436857192289741365154683927673925481,6
006400082830902560901600340250800430009507000000309200763000000000700003080003090,576431982834972561921685347257816439349527618618349275763298154195764823482153796,6
005041000100950700042803009000004070000360002516000000004008207000400080861007400,795641328183952746642873519329184675478365192516729834934518267257436981861297453,6
408000000070030608600580700000007300000001045540003000090000087100009506000208031,458796213972134658631582794819457362327961845546823179293615487184379526765248931,6
298000163753206809060980520010029300827100000039067002000490000002658000900370200,298745163753216849461983527614529378827134695539867412386492751172658934945371286,6
460000281029700600000260050003000000180090420000015000002048006000002090600500300,467953281529781634831264759953426817186397425274815963392148576745632198618579342,6
000000000500007041008009060092015600040000000700240050003100490070500008604900170,427651983569387241138429567892715634345896712716243859253178496971564328684932175,6
800130602647902100000060000000305009100000020008420001400000217501800940000241308,859134672647952183312768495274315869135689724968427531483596217521873946796241358,6
002000040400030062003420801000019025010360080006048100850070030009000008700680000,162895347485137962973426851348719625517362489296548173854971236639254718721683594,6
437025860500460703100307500040100008700040900019000240300708000000600430000000000,437925861598461723162387594245196378783542916619873245324718659871659432956234187,6
096002800813900002002183060301800005089020300025310600938657000060001008150208000,796542813813976452542183769371864295689725341425319687938657124267491538154238976,6
003698000000400002760021000082040006000069000001382704130006040020970360400200500,213698475958437612764521938382745196547169823691382754139856247825974361476213589,6
094700000678013520503600000065004000020006010300520060039001007006000203080359600,294785136678913524513642789865194372927836415341527968439261857156478293782359641,6
940000510300006020621000004010260090500709000009430650006004080180623079030800065,948372516357146928621958734413265897562789341879431652796514283185623479234897165,6
240007105100000060000094080457000800890040002306010040000000400504206010060000720,248637195179825364635194287457962831891543672326718549712389456584276913963451728,6
473012680650084000000050079060009010000008750010560903087096102900070000000801500,473912685659784321128653479765349218394128756812567943587496132931275864246831597,6
640700032000530004003020670096000000000210000182049700061470005070092006904105000,649781532728536914513924678396857421457213869182649753261478395875392146934165287,6
500800109009057080000009050050018600728060491091700538300601840800074000000385010,534826179269157384187439256453918627728563491691742538372691845815274963946385712,6
000090507070005380800300960200410708700529400049783020002070600000002850100050273,326891547974265381815347962253416798781529436649783125532978614467132859198654273,6
072400306005230000003097004001309082009080003830000607200000930308902700090010000,972458316145236879683197524561379482729684153834521697216745938358962741497813265,6
010025600004016000000070020006250890800600350000030064030180000007560008560040900,713425689284916735659378421346251897871694352925837164432189576197563248568742913,6
896000532030008641021053007000006459070140000904000000053000094700000000200730000,896417532537298641421653987182376459375149268964582173653821794718964325249735816,6
600071200054038000000000005006027030005400807740003020000005000502184600090000058,689571243154238796273946185916827534325419867748653921867395412532184679491762358,6
020009008390842100000175903010000006870400500034200070007304000203010790100900005,721639458395842167468175923512798346879463512634251879957324681283516794146987235,6
409000120000940600070006000001020053700015900000009400506030249307008516000002008,469783125852941637173256894691824753748315962235679481586137249327498516914562378,6
000320900704500320300706008900030270003602809200100030410000000007960000600457003,865324917794518326321796548946835271173642859258179634419283765537961482682457193,6
304517800200008057000209130000090000401700020930600000800405000007006500050070000,394517862216348957578269134762194385481753629935682471829435716147826593653971248,6
003802009900046007564000283100400008000020100000165700070204801000080006040691300,713852649982346517564719283156473928437928165298165734679234851321587496845691372,6
000730208031002000200690371600809540009000807348000000000060000406900000100057006,964731258731582964285694371617829543529346817348175629872463195456918732193257486,6
071090000005600491600002000006000017020060309400000560000020000702009830050016904,871493652235687491649152783586934217127865349493271568964328175712549836358716924,6
160040300005080140080015200506038002000000030390052408009570600600900800010000000,167249385925387146483615279546138792278496531391752468839571624654923817712864953,6
967008005031007460240060070024010000100040800000003154003100609082006001019000000,967438215531297468248561973324815796175649832896723154453172689782956341619384527,6
000908500000014000053000040005201000080000203020007085000003810061000300908100462,714938526692514738853762941375281694189456273426397185547623819261849357938175462,6
407238000039000048508000370950702063000040900002610005000070010075001030004803600,467238159139567248528194376951782463786345921342619785893476512675921834214853697,6
030780450050000800006542000305490020004007500020000180640250071000370600000164008,931786452452913867876542319385491726164827593729635184643258971218379645597164238,6
009400320500300806863090170706005000030809560000703000000908010000004008020000049,179486325542317896863592174786145932431829567295763481654978213917234658328651749,6
040600153030000060500000207200503400083000600015090070001035900007040006354000001,748629153132457869569381247276513498983274615415896372621735984897142536354968721,6
008000096100876500507429080000010048609080000000000200902360001350701802000040930,428153796193876524567429183235917648649582317871634259982365471354791862716248935,6
598070600060504700470020090000085100850100270310040000985000000020803060630009807,598371642263594718471628593742985136859136274316742985985467321127853469634219857,6
073869540004350967509204800000502670052030004306047200605700420008025010200000059,173869542824351967569274831491582673752936184386147295615793428938425716247618359,6
010004000000000423749060850007900000500003010000020378005208000861037002030600080,213854967658179423749362851327981645586743219194526378475298136861437592932615784,6
780005600000003050050260940600340000028750304035600791006500009510900006090076000,782495613964813257351267948679341582128759364435682791246538179517924836893176425,6
009200010200008006100000870078003561500060439030010020095700100000051000301980007,789246315253178946164395872978423561512867439436519728695732184847651293321984657,6
201000000060208059050160328006903087092000000007605000009002410008000003400700090,281359764763248159954167328546913287192874635837625941379582416628491573415736892,6
900160000130004807000308009000846002009705436040900570006059004090400600054000001,985167243132594867467328159573846912829715436641932578716259384398471625254683791,6
000709428029308507874000003010000870086000050090072000000006135960250700058400006,135769428629348517874521963412635879786194352593872641247986135961253784358417296,6
600200140500036078970000000090000050000009401800470003300100500020008300060000092,638257149541936278972814635294381756753629481816475923387192564429568317165743892,6
600057300010609000800410650060943270000500960370260400900000000780094030051000097,694857321512639784837412659165943278248571963379268415923785146786194532451326897,6
340008070006300008080090000130000700025070400067230805054703000001580307870010560,349658271716324958582197634138945726925876413467231895254763189691582347873419562,6
050070000076009500041520038600050890007200003038004600000000200005042080003001070,852473169376819524941526738614357892597268413238194657189735246765942381423681975,6
790068000080530600506490087004080030005010000010300005000000876050706043967003012,793268154481537629526491387674985231235614798819372465342159876158726943967843512,6
086720400300160080000803006902000503043000108000201000200500007704300050050647300,186729435325164789497853216912486573643975128578231964239518647764392851851647392,6
000600008270000410003017020004090600600531040057246001001000060580069070036102500,195624738278953416463817925314798652629531847857246391741385269582469173936172584,6
015004082009862003080105000050900841001008607896400030000000070900500020508040006,615394782479862153283175469752936841341258697896417235134629578967581324528743916,6
001396000009704003400821000906105208100007006340000010090560701003400000000010090,251396874689754123437821569976145238128937456345682917892563741513479682764218395,6
064080500025000080908000000007256308081700005300801460219060000000005609500070801,164987532725613984938542176497256318681734295352891467219468753873125649546379821,6
250360014000004025000200670003080050020006000490023080380090702605842001900000568,259367814867914325134258679713489256528176493496523187381695742675842931942731568,6
005240003000010450003095600402000701768000020001420000004009200907300186006000000,175246893689713452243895617492568731768931524531427968314689275927354186856172349,6
900406000604080792080300061000230000020007189750010000009003000502000046040652900,917426853634185792285379461891234675423567189756918234169743528572891346348652917,6
000180009906000007710609000250400008600051090849002005097210080060030070100006902,324187659986325417715649823251493768673851294849762135597214386462938571138576942,6
700200508050009000900500004807634150013095800069020473600980045005000080080307906,746213598251849637938576214827634159413795862569128473672981345395462781184357926,6
700060001000070680060905040001006030300701060004000100900000350000604928028300010,753468291419273685862915743271846539395721864684539172946182357137654928528397416,6
504002080098000030120003549300000498007000601680000070060050010070910000405038007,534192786798465132126873549351726498247389651689541273963257814872914365415638927,6
100003600000700280500004000081057060063800157095100800016400009000070010070501320,147283695639715284528694731481357962263849157795126843816432579352978416974561328,6
010003400039045070000601000920374560100009780050000002000000390400080610001906000,816723459239845176745691238928374561164259783357168942682417395493582617571936824,6
000002168054608200006790453090364501000007300010050000500900800001070000070085002,937542168154638297826791453798364521645127389213859746562913874481276935379485612,6
845100900372049806000000020407080139290001004000497200003018540000004381104000090,845126973372549816916873425457682139298351764631497258763918542529764381184235697,6
500602040623004000000090000780000035294300107030700094841907302300000900900500070,519632748623874519478195623786419235294358167135726894841967352357241986962583471,6
000000470104090200007254030001000000750003004400879003000900125000005068010380907,582631479134798256967254831391546782758123694426879513843967125279415368615382947,6
830009006600100300000006504086000000053927068000608900090800031060501742014000805,837459216645182379129736584986315427453927168271648953592874631368591742714263895,6
306000970401200000908007000190800007000005300700400000500600031260050080813090050,326541978471289563958367124195832647684975312732416895549628731267153489813794256,6
300700000050490300700001059201000003630000090807003002000062940016047800420000036,369785214152496378784231659291674583635128497847953162573862941916347825428519736,6
150408090900013700007095016500020009200061408000809005070082601010050080009100507,156478392928613754437295816584327169293561478761849235375982641612754983849136527,6
279005060504000001061080000005007300632590004807230050003960007090000046006070000,279315468584726931361489725915647382632598174847231659453962817798153246126874593,6
702180060004370005000400790509240000001090003400500270097800430040007806000034000,752189364984376125316452798579243681261798543438561279697815432143927856825634917,6
830060000207901080540000090400016970910400038070009040104698320000102400690030050,839265714267941583541873296428316975915427638376589142154698327783152469692734851,6
500010070908674001071800093002000300045207000000403020003028009100005760000040030,526319478938674251471852693762591384345287916819463527653728149184935762297146835,6
400700020000100008030000400000016087186079002970283500060300800002000000310040296,491738625625194738738652419253416987186579342974283561569321874842967153317845296,6
030952004076000208000860903000000406602300080007020000708290500320014000100500042,831952674976431258254867913583179426692345187417628395748296531325714869169583742,6
009062530000050780070000009700080000608000103025370806850600400962800000004000068,489762531236951784571438629743186295698245173125379846857693412962814357314527968,6
000800107300079000007000032032006070790103005000700213000007368001060094043900700,926834157315279486487651932132546879798123645564798213259417368871362594643985721,6
000250060002080035070309002190830070000012300000400008009500000680003527001008003,318254769962781435475369812196835274847912356523476198239547681684193527751628943,6
047052009205070001300408000632000107014000000900001650090004000450009032721500000,147652389285973461369418275632895147514367928978241653893724516456189732721536894,6
006400508590607100100285009819000360054160000000008405623000000001020000070000006,236491578598637124147285639819542367754163892362978415623859741481726953975314286,6
309417000000000700002000009000100037410003590920050108204500001800001005071060904,369417852145982763782635419658194237417823596923756148234579681896241375571368924,6
006800200002009507000270069800790300900000008603080970560900720241037805300000040,796815234132469587485273169814792356927356418653184972568941723241637895379528641,6
000564030600908000000007060900601023007030508010000900076093284024050390809040601,782564139653918472491327865945681723267439518318275946576193284124856397839742651,6
300201060007040002000678090070930201000010076012867539004003607001080300030020910,349251768687349152125678493876935241593412876412867539254193687961784325738526914,6
008046001020980345000152800150000406780014050060098000040060072810005004000000008,578346921621987345934152867159723486783614259462598713345869172817235694296471538,6
005090060000408000040000002357080106098065070002030000000600009009500038700800020,835291467276458391941376852357982146498165273612734985584623719129547638763819524,6
700800005008500000053074608480007000005082940006050002324700589869300020507090060,741869235698523417253174698482937156175682943936451872324716589869345721517298364,6
647350000853000470009047850905062000100930000462701000000003000590810007021074068,647358129853129476219647853935462781178935642462781395786293514594816237321574968,6
084200000005009140000000076932600481576048003041032007000760500090000060603890000,784216395265379148319485276932657481576148923841932657428761539197523864653894712,6
908005603006070000040020000000504000100080090079200045802000100060000028007002000,928145673536978214741326589283594761154687392679231845892463157365719428417852936,6
009670108700435269060001074000010000097000002000720086001204000040008000006390001,439672158718435269265981374682519437397846512154723986871254693943168725526397841,6
380001450000904032064003000813640705090010008006008100008079000030080070607105000,389721456571964832264853917813642795495317628726598143158279364932486571647135289,6
090074500004125009700983004500010700070506240200000015086057002020860000000030080,892674531634125879715983624549312768178596243263748915386457192421869357957231486,6
064800020000260090008945010400000970370050004100094300630028049295430007041009000,964813725513267498728945613456382971379156284182794356637528149295431867841679532,6
950080703320700180000943560500000938000850006069300005090200000280037000000506007,956182743324765189178943562512674938743859216869321475697218354285437691431596827,6
503600000010009003000080540009260030600407050047900000760034892091800004004790315,523641789418579263976382541159268437632417958847953126765134892391825674284796315,6
080290531302000648450368972970800205205609000100020400020006710700000850016980324,687294531392571648451368972974813265235649187168725493823456719749132856516987324,6
007003002340000560652140037405306100020700605016005304701002403000000016204030090,187653942349278561652149837475386129923714685816925374791862453538497216264531798,6
021000536058206409006031278014050900080000000090024680030407852870005360405300090,721849536358276419946531278614758923287693145593124687139467852872915364465382791,6
027195804000684207846702590000001000001000008064827305400008009002470003670003000,327195864159684237846732591785341926231569748964827315413258679592476183678913452,6
090020740302149568008700000060000001030002090980050600020060039000010206613000080,196825743372149568458736912267984351531672894984351627725468139849513276613297485,6
098107042703500900000004753405800000907460035086703000000008006000079020000000090,598137642743526981621984753435891267917462835286753419359248176164379528872615394,6
475890002000000004830700900160030040000002009000100000050407090010903420300060017,475891362691325784832746951167539248584672139923184675256417893718953426349268517,6
600010049000040700054000016408090003020030900093078000500084060000302100200750408,672815349981643752354927816468291573725436981193578624539184267847362195216759438,6
200030000075001906406090010002060070060000000801270000628300009054009003093850007,219536748375481926486792315542963871967148532831275694628317459754629183193854267,6
584170000030000417017400805060340000300027680400009320008900100020730040653000070,584176293936852417217493865862341759391527684475689321748965132129738546653214978,6
004000581603510700050000006500003000062905803030002000016800030009400070705200010,274369581693518724851724396547183962162975843938642157416897235329451678785236419,6
000005830708000000541000079007000006000502000206007098902001400085604902074208003,629715834738429165541836279417983526893562741256147398962351487385674912174298653,6
009004000100600030003719840206197085000020070001000200050000618308061500010578000,869234751174685932523719846236197485495826173781453269957342618348961527612578394,6
107500200008002000000108045000600970762951030400007001000719304900000000200000650,147596283358472196629138745815643972762951438493827561586719324934265817271384659,6
006008000315604800800000710000463000600000020401000005960700058150826430004030067,726198543315674892849352716572463981698517324431289675963741258157826439284935167,6
023000709004000000001080600000410086000000001906800030105600003200009160060052804,823564719694271358751983642532417986487396521916825437175648293248739165369152874,6
405000076009465000063201050600000502050002600000053000207046009500020760090010420,425938176179465238863271954631784592758192643942653817217546389584329761396817425,6
030000279005009000089070153156834702300600800700000060000005406800963000500100030,431586279275319648689472153156834792324697815798251364913725486847963521562148937,6
850072960000085742704360158002630009030091000109020630010043000005208390098000020,851472963963185742724369158572634819436891275189527634217943586645218397398756421,6
098700000270850030000000270905008423000000085030000000080900001009104807301500000,498723516276851934153496278915678423762349185834215769587962341629134857341587692,6
070000903900000807480050000520800016300001009608005730030500070090120060060004200,176482953952613847483759621529837416347261589618945732234596178795128364861374295,6
046207800700000400089000002200079008050012070000400100400000089000580007070063541,146237895723895416589146732214379658358612974697458123465721389931584267872963541,6
048070130060425008705001020012060040070090006080050000830640051604010000107809462,248976135361425978795381624912768543573294816486153297839642751624517389157839462,6
006413080380000100701502690019000006034001908567000201690005300000076810000009005,926413587385697124741582693819254736234761958567938241698145372452376819173829465,6
056000700103080206000060100000940000000706000905320087000600070032070091508200000,256193748193487256784562139327948615841756923965321487419635872632874591578219364,6
010070080200486100650010004000600073786092050000751060007004016120000007960130000,413975682279486135658213794591648273786392451342751869837524916125869347964137528,6
002053000007001000000760000004906170000000598000510006600005030005002609300009201,962853714487291365531764982854926173216437598793518426629145837175382649348679251,6
000300700500400098009500200243790006010200007000060000750030000084600070001007049,168329754532476198479581263243798516615243987897165432756934821984612375321857649,6
000060000006357090050091806640070500080504060005086304060040123030600000100020007,319468275826357491457291836643172589981534762275986314568749123732615948194823657,6
090136452061004007040820010080001006000760000706000041004009700300008105008300000,897136452261594837543827619982451376415763298736982541654219783379648125128375964,6
700042398000670500284903100600010009040030060000006403860000035302061007005009010,756142398139678524284953176623814759948735261517296483861427935392561847475389612,6
000000094207001800500003200620900040005000080070310026000500070904102300702834019,136258794247691835589743261621987543395426187478315926813569472964172358752834619,6
003987005940005006008600003001039002060070039390020000580003001709400028010000390,623987415947315286158642973471839652862574139395126847584293761739461528216758394,6
000589300000400000900007840800000190000290708000015000005000983208930074493050620,124589367587463219936127845852374196341296758679815432715642983268931574493758621,6
009000000000010060100000703510020498428301600096000302065902007000405000000060850,639274581257813964184659723513726498428391675796548312865932147971485236342167859,6
100070000005000400006905020310050000000094060000012840460001080090407006201009300,142873659975126438836945127314658792728394561659712843467231985593487216281569374,6
453702089000040002028109000000000920096000500840000300900000250000693040080204090,453762189619548732728139465135476928296381574847925316964817253572693841381254697,6
270500038000001000400860071704600090010000807308007002807100000960080703002300006,271549638683721459459863271724618395516932847398457162837196524965284713142375986,6
100009085089645001200017000008050000000203408437198050061004500002760000804000000,146329785789645321253817964928456137615273498437198256361984572592761843874532619,6
052000090000500602000036805907000081510780900006190537000000000100300260280460100,652841793348579612791236845937625481514783926826194537465912378179358264283467159,6
000010060001704803402800009800000305710380290203400001500000000040520000000940012,385219467961754823472863159896172345714385296253496781528631974149527638637948512,6
002301094300000082007020050001000000603400509098206073070000900030005000089700040,852361794364579182917824356741953268623487519598216473275648931436195827189732645,6
020654000705800000006009003040061070000090140100200060800000005900530000074002000,321654897795823416486179253249361578638795142157248369863417925912536784574982631,6
031000070070600900004080036450710608009426507060895020003060080006000009005078360,631954872278631945594287136452713698389426517167895423743569281816342759925178364,6
080930407003060008000008003900000300017093800000041000091054086570026090064100735,186935427453267918729418653945872361617593842832641579391754286578326194264189735,6
921046000070290060060080021807000500210030600000400008030900406600003070000100000,921346785578291364463785921847612593215839647396457218132978456684523179759164832,6
006057000150023070003000600000001500007080040008009701370060904841000000092300807,486957132159623478723148695934271586217586349568439721375862914841795263692314857,6
000000000500709003094053070048500000705008090600027045057800010000000084001004020,376241958512789463894653172148596237725438691639127845457862319263915784981374526,6
007148000090050140008600000000206059905003010060090400000801090700004001081970634,357148962296357148418629375843216759975483216162795483624831597739564821581972634,6
020900010710620300000000800903001208580400000001060950100040600630075080000086005,826934517715628394349517826963751248582493761471862953158349672634275189297186435,6
050100208003000000820040070310000607000305004095000000100250000009063021002780539,954137268763892145821546973318924657276315894495678312137259486589463721642781539,6
001002840320700000000000207200840106600010920000520004700085062082903000006004000,971652843324798615568431297237849156645317928819526734793185462482963571156274389,6
005000702020004600407062305006000031102900000538010207051008904000641023364200008,615839742823754619497162385946527831172983456538416297251378964789641523364295178,6
004900000203640970000007054702360500000000013930100000090030127001000895027590030,174953268253648971689217354712364589548729613936185742495836127361472895827591436,6
000710800103060070074502030010305980300000560045670002030956700020001693001230000,269713845153864279874592136716325984382149567945678312438956721527481693691237458,6
070019000300200070890700010023650040450170098080000030009000087540000023700001904,274819356361245879895736412923658741456173298187492635619324587548967123732581964,6
005000178732060005190007236800704000004008000310005080241083567980070401000040003,465239178732861945198457236826714359574398612319625784241983567983576421657142893,6
200008670000637000000209801090040028104780300872300400001000200000800007500960104,259418673418637952736259841395146728164782395872395416681574239943821567527963184,6
382054790910782563650319000000840020069235017041970085008460000090020000000197000,382654791914782563657319248735841629869235417241976385178463952493528176526197834,6
600000004050080000070000050320100007007600035060000429000020700802907041705348600,698735214154289376273416958329154867487692135561873429946521783832967541715348692,6
137600002509070001060150700000000038002005406608300500003526174000900000050008309,137684952589273641264159783945761238372895416618342597893526174421937865756418329,6
300050020200006500105000006083201000400000300700400081040002869002600015600507000,364759128298146537175823496983271654451968372726435981547312869832694715619587243,6
010006009607004000000780610000830020008250006009400700400010000000003000050608907,514326879687194253932785614765839421148257396329461785473912568896573142251648937,6
000702004007501002020803600651000049003000005040156783500004070010930406000208030,985762314367541892124893657651387249873429165249156783532614978718935426496278531,6
030045070200000400600000083003090060000456030460000910000030700500060320006274001,931845672278613495654927183823791564719456238465382917182539746547168329396274851,6
006009320000060001824173560305640002010830600000091003001000008000018040930754010,156489327793562481824173569385647192219835674467291853541926738672318945938754216,6
630090840020005070800016392090000010400000080513048607286009030050304060000680250,631792845924835176875416392798263514462157983513948627286579431159324768347681259,6
001300000005010000900700080000870003003000800089203710006037158000900047000008926,461389275875612439932745681624871593713594862589263714296437158158926347347158926,6
000540016004001003102000075800003700000209600203704008701095004000400000045000029,938547216574621983162938475896153742457289631213764598721395864689412357345876129,6
001380090090000040348059000000600703000002004060100900010930000230001450000420006,621384597795216348348759261952648713173592684864173925416935872237861459589427136,6
927500000080006012100820007001000864004100005050009300000098000008245030079031050,927514683583976412146823597791352864364187925852469371235798146618245739479631258,6
206070008700080001008002506980714630002800045007000180560907803301008067879003050,256471398793685421148392576985714632612839745437256189564927813321548967879163254,6
060700050000050860805401000001000036500300900200000005017086000002500100000139602,369728451124953867875461329741895236586372914293614785917286543632547198458139672,6
359002008417000600020100009200000090004200506000095402840671900070029000090034200,359762148417958623628143759285416397934287516761395482842671935173529864596834271,6
900010306318200000576304000003000060750040830204000009020000790490100020630907040,942715386318296457576384912183579264759642831264831579821463795497158623635927148,6
000530020000906010040800000400001200310000940056204370760020030000760092020400060,981537624275946813643812759497351286312678945856294371764129538138765492529483167,6
080200753406730000000000000602000100895010620703090580000800960000000300100306078,981264753426735891537189246642578139895413627713692584374851962268947315159326478,6
000000506070005049005910002063000074208047935007080260000402190000000607720006458,894723516172865349635914782963251874218647935457389261586472193341598627729136458,6
000238001000007004000000832520080046008903200734600089302809407497020018800074900,645238791283197654971465832529781346168943275734652189352819467497326518816574923,6
900000504002601003104000000400527006270389100300164279610800400820406000043010908,968273514752641893134958627491527386276389145385164279617895432829436751543712968,6
006100804040007139000008500709012300001005080230000901000704028000601400004009010,596123874842567139173948562759812346461395287238476951915734628327681495684259713,6
600890140300410008008005600000600030000157086806200017160000974030960000009004000,657893142392416758418725693571648239923157486846239517165382974734961825289574361,6
080439007030002000004700300010070049200050000003000750097000180002000403400321000,581439627736812594924765318815673249279154836643298751397546182152987463468321975,6
308020060014000872000100090243705000100208007000014023002000730000062005050900000,378429561914356872625187394243795618196238457587614923862541739739862145451973286,6
423068050680095003050004060016340270002516034004002010005001090041600002060920000,423768159687195423159234867516349278872516934394872615235481796941657382768923541,6
840003106003560000001090057000005004000600910370100005000310000000000020006208400,845723196793561248261894357612985734584637912379142865427316589158479623936258471,6
000200060002908040000030890020300600000007003007062154600100430085000906200089710,894251367362978541751436892528314679416597283937862154679125438185743926243689715,6
901020004000809031000000000807200060005100900020090500200000079078032600010065400,981326754564879231732541896897254163645183927123697548256418379478932615319765482,6
169203400080001007050400100805002049020000810001004200602100000300500000040000360,169273458284651937753489126875312649426795813931864275692137584318546792547928361,6
200000005300020700000003004500010000078935216921800000000050009090600030603209841,219748365345126798867593124536412987478935216921867453182354679794681532653279841,6
850032000901000040060940000000007030100050720040300960405000009302005000000700003,854132697921576348763948512596427831138659724247381965475263189312895476689714253,6
002005061100000050850001402005160930000450200004000016001082795370500008020070103,492735861167248359853691472285167934916453287734829516641382795379514628528976143,6
070000184500000700002071900000006809020000041608010005257830000104000300000042500,973265184541398762862471953415726839729583641638914275257839416194657328386142597,6
008000000254900006700048901005000000020600340047090050000704090170300500060000200,918236475254917836736548921695423718821675349347891652582764193179382564463159287,6
006100070070020030003007004500000021001300000684700095790201000002005000065800410,456183279879524136213967854537498621921356748684712395798241563142635987365879412,6
590006200010000546200500090931058760070000009085729030348000000026834900050260000,594386271813972546267541398931458762472613859685729134348195627726834915159267483,6
017900568059708000000605004000500201002100089391287005924306817000401050100002406,417923568659748123283615974748569231562134789391287645924356817876491352135872496,6
090000004600003001000029600007068009809000560050390200008040000071800006234000807,195687324682453791743129685327568419819274563456391278968745132571832946234916857,6
012063805043080970800002000708015600001200008500000000104600003000050210295000480,912763845643581972857492361728915634431276598569348127184629753376854219295137486,6
040000900008000470659040081060009000000200600010380700400850006080000050005100849,147528963328691475659743281863479512974215638512386794491857326286934157735162849,6
008020000005630974007000280006017802070002003000340100050004009000270000060080031,648729315125638974397451286436517892571892643289346157853164729914273568762985431,6
087003006000206087060000935040000000900800301000905248090420010530000002700008690,487593126359216487162784935248631759975842361613975248896427513534169872721358694,6
900010200700082150005004000350001906800790300060008041000000000002060098690005070,986517234743682159125934867357241986814796325269358741538479612472163598691825473,6
907002183032000057165070942000000090400081700280700430591020370670008010000000504,947652183832149657165873942713264895459381726286795431591426378674538219328917564,6
620004700004003000010800050100092047908040301402000000801000006730060400206400070,629154738584673219317829654163592847958746321472318965841237596735961482296485173,6
400901076080030290090200000000040005004605782105800000046020009008096000019000637,423981576681537294597264318872349165934615782165872943746123859358796421219458637,6
700204600080017423060900070051020300009560000002041500006308700500406900000150806,713284695985617423264935178451829367879563214632741589146398752528476931397152846,6
000000830015890470700004000600000984180769005000400067802307610001000758500001003,469572831215893476738614592627135984184769325953428167842357619391246758576981243,6
349050000601040005700020090403090020008100049000000800800000060500310078170280900,349758216621943785785621394413895627268137549957462831834579162592316478176284953,6
000090300906400000530260009000087020870300010004000830000006100610004070009700050,487195362926473581531268749193687425875342916264519837752836194618954273349721658,6
000302060009401308000065007500800421080500090071206000140000082805100000030700000,754382169629471358318965247563897421482513796971246835147639582895124673236758914,6
035400100010097000007100304198650020003000618000010000000000006086030900740026800,935462187814397265267185394198654723453279618672813459321948576586731942749526831,6
760000298300000150018000470000086314049273000006054020000800000480010530070400801,765341298324798156918562473257986314149273685836154927691835742482617539573429861,6
020030708903700140700001000378902406640183950009407802057000000830200574000000080,124539768963728145785641329378952416642183957519467832257814693831296574496375281,6
041007058002010409000400301000145800000900500600208103009700082006800034020000910,341697258862513479957482361273145896184936527695278143439751682516829734728364915,6
938570210502031760710000900421005870050047023003192506000003401100000380300010652,938576214542931768716284935421365879659847123873192546287653491165429387394718652,6
700108603010400200082090000541703000009012300230904001020040000403070806000509000,754128693916435287382697514541763928679812345238954761825346179493271856167589432,6
300000290004300005000016048000030000457000920020075010108050000579600800000003009,381547296264398175795216348916432587457861923823975614138759462579624831642183759,6
010070400700003002200601500160050234020000906930020070080390000000004068000005000,816572493754983612293641587168759234427138956935426871682397145579214368341865729,6
007000081501008004863701005090400100002603809704100050010890007009200010000306090,947562381521938764863741925698425173152673849734189652216894537389257416475316298,6
809006000030020090004050302000001500007240089900065000600500000000632700305190000,829316475531427896764859312246981537157243689983765124612578943498632751375194268,6
403000002000025000020040160007000506090000008806000043900100030300879025070050000,463981752719625384528743169237498516194536278856217943985162437341879625672354891,6
080075200300000780007080501603807910800031604015009300960403057000006190000098400,186975243354162789297384561643827915829531674715649328962413857438756192571298436,6
000009060000005203695200001150400670907012000003060050000006030030000800540000900,372149568814675293695238741158493672967512384423867159781926435239754816546381927,6
039680500840215030050304000900000000100030800000900070010050600000000020580000400,239687541847215936651394287928176354174532869365948172712453698493861725586729413,6
518234009000109005002067004480902507001340000000078000060050008000000050854700106,518234679746189235932567814483912567671345982295678341369451728127896453854723196,6
007020083020000001108096204090010030001503927830070106319040760076030009000967000,967124583423758691158396274795612438641583927832479156319845762576231849284967315,6
427000630000290410010604078502800743863740102701023080079301004004000007350400001,427158639638297415915634278592816743863749152741523986279381564184965327356472891,6
825003096090580027004000008008009210017300600000000704386000005950006071001930802,825473196693581427174692538468759213517324689239168754386217945952846371741935862,6
002490000608071920905820047086209751091630000000000039003902076029000810807054090,172493568648571923935826147386249751791635284254718639513982476429367815867154392,6
910084000020007000086932451304019600068023049200000070159008000600390010030001006,913584762425167983786932451374819625568723149291456378159678234642395817837241596,6
008000920050079008960080500000020069097000000800703005004830000701006000009200003,178354926452679138963182547315428769297561384846793215524837691731946852689215473,6
067900000052000000400167020010080700705009006200570090023800007600003008090740000,167925834952438671438167529319682745745319286286574193523891467674253918891746352,6
000000000010070090765010020530007040000030510100804369004003001321006050057001600,943268175218375496765419823536197248489632517172854369694523781321786954857941632,6
009500000500000490000000652294861735080007000000003800036090510001306089007000340,369542178572618493148739652294861735683457921715923864836294517451376289927185346,6
014530700503906408007004000009065130105003009376010045000001074001040000438600921,814532796523976418967184352289465137145723689376819245652391874791248563438657921,6
076013802000004001004600390800072036307400018642001009010000000203190004709040100,576913842938724651124658397891572436357469218642831579415287963263195784789346125,6
290036800000800200050427960400375190700160002000084000520600079903000600070940500,297536814346891257851427963482375196735169482169284735524618379913752648678943521,6
000600002104000800068104900000030000001002305400800621010308270030007009702000000,597683412124579836368124957256431798981762345473895621619358274835247169742916583,6
005400900019003080720000000060020300000106040090040060536002090800605720072800601,685471932419263587723958416164529378357186249298347165536712894841695723972834651,6
009000105307000008008300207820407309000000500104509080780624001600090000000000026,249876135317952648568341297825417369976283514134569782783624951652198473491735826,6
810506900700800050000700300064001000900070610007960000070600420000307501602000000,813546972796832154245719386564281793928473615137965248371658429489327561652194837,6
000200600200001300010000050032090100190000030040600000027345000500000203001870594,453287619276951348819436752632594187195728436748613925927345861584169273361872594,6
000006040840031290001004053309062010652008009418070000004080061080009500200100980,935726148846531297721894653379462815652318479418975326594283761187649532263157984,6
603100040010035090825470000100700500782306900564800000900010020001067000006280000,693128745417635892825479361139742586782356914564891273948513627251967438376284159,6
250900130360000790079316500603000807002003069080001253090800000020600000030120970,258947136361258794479316582643592817512783469987461253794835621125679348836124975,6
030500010520009073000000458085010096970006080003008000100200005000090060000801007,836574219524189673719632458285417396971326584463958721197263845348795162652841937,6
140000080030170064207408350064830005320000000000000639010090800002000000083047000,146953287538172964297468351764839125329615748851724639415396872672581493983247516,6
040120073001600008007030061300000706000006010000800002060504009405290607910760050,648129573231657948597438261354912786829376415176845392763584129485291637912763854,6
047000006860547020020800754080070003710050000030104067000901008200400000000005600,547312896869547321123896754685279143714653289932184567356921478271468935498735612,6
001007653900010800040000070020000060008900207015023090090830506030000000854000130,281497653976315824543286971429178365368954217715623498197832546632541789854769132,6
095030008001000000000200010700604800009700360040380527903821056610000002020067100,495136278281975643367248915732654891859712364146389527973821456614593782528467139,6
600000570320000800100000062503046908060200050402900010090472035051368240234000600,649823571325617894178594362513746928967281453482935716896472135751368249234159687,6
090480500040901682816000000780060409400005006009000800904300008020509307170600205,392486571547931682816752934785263419431895726269174853954327168628519347173648295,6
108060000097804300520090000902430060403600250060000930309050000205070103000240500,138562497697814325524397816952431768473689251861725934349158672285976143716243589,6
000078000090002400007900002005037120070506000403200057020104030030000006708623940,312478569596312478847965312965837124271546893483291657629184735134759286758623941,6
000020000040010627000705004164500090509200710000000040601007300073051400090000075,736924851945318627812765934164573298589246713327189546651497382273851469498632175,6
632540000091003800045017000010402007080375100057100040970031000100700300563000000,632548971791623854845917236319462587486375129257189643978231465124756398563894712,6
100976000040281700600503001758004100000702400300100000460300000075460010009015674,182976345543281796697543821758694132916732458324158967461327589875469213239815674,6
137460080009183407800900010608300900900620750270000036700006142000740008400200070,137462589529183467864957213658371924943628751271594836795836142312745698486219375,6
007500200640923071008000095401007006703000489000842107806200050910000060054600010,197568243645923871238714695481397526723156489569842137876231954912475368354689712,6
000179004900004260040000001164000020380406000005023006030640175200501000400030680,628179534917354268543268791164795823382416957795823416839642175276581349451937682,6
429086015035000008080000000596708030703004000248030600052603004300801507070040063,429386715635417298187259346596728431713964852248135679952673184364891527871542963,6
080000640040160350603500000000010080000432005120000073430980026250003804800200000,581329647942167358673548291364715982798432165125896473437981526259673814816254739,6
050604030673000902100000005300079400480100000002008010020900000035020060014080009,258694137673851942149732685361279458487165293592348716826913574935427861714586329,6
007109846040003009020064703003048000080302090090005370270091034000400902900030007,537129846846753129129864753753948261681372495492615378278591634365487912914236587,6
008140000060097000000080020006735291000914506001006073005009002430200600000000309,398142765264597138517683924846735291723914586951826473175369842439258617682471359,6
003900060980000700007810309001000000460050970000400028050106200830004000000320000,513947862984632715627815349291768453468253971375491628759186234832574196146329587,6
207800000040500000005000673980000034003040806604000709060138452458792360000400900,237869145146573298895214673981627534573941826624385719769138452458792361312456987,6
300085040000430590105006000561300900000060130930000060650003010720018400009200006,392185647876432591145796823561324978287569134934871265658943712723618459419257386,6
468309200109000040720018900070600003010200500803100000007060020040030697206040000,468379251139526748725418936972654813614283579853197462387965124541832697296741385,6
724005030080700290090008005005000480000210007040500310400006070300002508800003020,724965831583741296691328745175639482938214657246587319452896173319472568867153924,6
507090003000003100003065700104630007002050304000200008709010030658070901001900070,527198463496723185813465729184639257962857314375241698749516832658372941231984576,6
000600307720439581000000002810046000030510970000007100000200709004000800503800020,451682397726439581389175642817946253632518974945327168168254739294763815573891426,6
903014500002095803080306040000080401840000000000450082000040300600030258500000070,973814526462795813185326947257683491849271635316459782721548369694137258538962174,6
000040901309200000048070000930000008051030476074005000000087650000002000003401020,725843961319256847648179235936724518251938476874615392192387654467592183583461729,6
064080000300206800800000906080050210200600000700301000000803090100479580008000003,564987321391246875827135946683754219215698734749321658452863197136479582978512463,6
090050002073000060020063000500000200040020600200519743000605000900030500800071400,698457312473192865125863974517346298349728651286519743734685129961234587852971436,6
060000080930500460850000009320107006700059820506000070283090045000400030000080090,164973582932518467857264319328147956741659823596832174283791645619425738475386291,6
700000004002914680000057901201600000000002006070000800390008102000001593165020708,719836254532914687648257931281645379953782416476193825394578162827461593165329748,6
300740050000106203176205080000800021005410097700902005860029034050370900000600010,329748156548196273176235489694857321285413697713962845861529734452371968937684512,6
091060040830710006062408100003804000005071020000050000320587014180003500400100307,791265843834719256562438179913824765645371928278956431329587614187643592456192387,6
080006002460009001023870400540090030308400609790083145809700504251934067004018003,185346792467259381923871456546197238318425679792683145839762514251934867674518923,6
006200508014080260000000009400065001600100035050023000300001602000302010107098000,936214578514987263278536149493865721682179435751423896349751682865342917127698354,6
570000000016020034092000800003500020000081000180000076000002080200004000968010240,574138962816925734392476851743569128625781493189243576451692387237854619968317245,6
405020070000980300380000092970100803030700056002000017040000080028690700003010000,495321678216987345387564192974156823831742956562839417649273581128695734753418269,6
206180300040000800090047006500761208020058030008300005000010600300500107400072950,276185349145936872893247516534761298629458731718329465957813624362594187481672953,6
000090080200000501054020093005860000070002150400900706100000007009004300540300009,631795284298643571754128693315867942976432158482951736123589467869274315547316829,6
530006001000010300700340062009804007072100000000920000045700086600000100020600050,538276491264519378791348562359864217872153649416927835145732986687495123923681754,6
049680005761002480582740006926005048075098600813060000290006810100000000600810052,349681275761532489582749136926175348475398621813264597297456813158923764634817952,6
100580403042690007000034600071000902804029706000000000720903004005710209000062070,169587423342691857587234691671845932854329716293176548726953184435718269918462375,6
670400080910003020000908030297000863100002450030800072800200390329000047704309200,673425981918673524542918736297154863186732459435896172861247395329581647754369218,6
000050000290300100470002030007028060800000002300406090000200706910500008004080000,631759284298364157475812639147928563869135472352476891583291746916547328724683915,6
000008010008700530000530002095042700807906000400070100780050001000009000340007258,573628914218794536964531872195842763837916425426375189782453691651289347349167258,6
809003060230650900050098207024000089900800700000020300060702093070945000090080470,849273561237651948651498237524137689913864752786529314465712893378945126192386475,6
040901200016800000200000090692007501000060729100059080521090000060008010380605000,745931268916872453238546197692487531854163729173259684521394876469728315387615942,6
450000963300400052000000800067590001500027096090000700026300008705000604040050000,452871963378469152619235847267593481584127396193648725926314578735982614841756239,6
085700000063509100000302090102640083830201000407000201370100006501000000600430510,985714632263589147714362895192645783836271954457893261379158426541926378628437519,6
078420000000005800500700020205090700180200004000048010000009072000672003010000906,978423561321965847564781329245196738183257694697348215836519472459672183712834956,6
130006050600090410070000009040039071910000000067005000001900540000502030500100796,139426857652798413874351269245839671918647325367215984781963542496572138523184796,6
000009317937028000001630000270006100008000046164700200090000003400000058800500000,682459317937128564541637892279346185358912746164785239795861423416273958823594671,6
832450006507200004040078005076040020000007483104030560000100300420090050900000002,832451796517269834649378215376845921295617483184932567758126349421793658963584172,6
000381000200496510061520080523640000700032000614059000800000000050863900340000861,475381296238496517961527483523648179789132654614759328896214735157863942342975861,6
000810002008027060000900810096040107007000008003000020001438295002150004400200080,369814752158327469724965813896542137217693548543781926671438295982156374435279681,6
004003020000900703030200004076534100100000047340100060603407850489000006007096001,594713628862945713731268594976534182125689347348172965613427859489351276257896431,6
192050000400003900300492001240001005000000300065030014004009180901080407008120009,192758643487613952356492871243861795719245368865937214524379186931586427678124539,6
032700106718000000050003002005871629001530087080002015024300901003094050800020004,432758196718269543956413872345871629291536487687942315524387961173694258869125734,6
000600000600038509008270000100092304830000070000000006403580207780004000065900003,942651738617438529358279461176892354834165972529743186493586217781324695265917843,6
000020108800000090000801003450780000000010670000002500500070932230100007769008415,347926158815347296692851743456789321928513674173462589581674932234195867769238415,6
460008053008010060930050800009702040703005000600004005204871536870200001300540280,461928753528317964937456812159732648743685129682194375294871536875263491316549287,6
507938100020040370090002850032800060710000000046003501050080704300029000000000003,567938142128645379493172856932851467715264938846793521259386714371429685684517293,6
020000005060509801000001400040000600807003100030005040375804006002630080684150097,128346975463579821759281463541728639897463152236915748375894216912637584684152397,6
080430000600000400940700050456003000013008045809506030300004007004802300005007000,581439726637285419942761853456123978213978645879546132328614597794852361165397284,6
000093004800704020000001035900030001513068042642175390000040010070000463450307280,125693874839754126764821935987432651513968742642175398398246517271589463456317289,6
503084670682070105409001032098400200006000050350000498000000084920005300000600020,513284679682379145479561832798453216246198753351726498167932584924815367835647921,6
000000203100008740600000000500000600001090008008105902835062100200500807900800005,497651283153928746682473519549287631721396458368145972835762194214539867976814325,6
430090020026047590009036100064008075800520039050009410040902300002000800080060002,438195726126847593579236184964318275817524639253679418641982357792453861385761942,6
700600042200304981908150760170003050684000230320060000402007305093040078800000420,731689542256374981948152763179423856684915237325768194462897315593241678817536429,6
010230607368079005927001004200300800080902000053080420806700000570890163000025000,415238697368479215927561384294356871781942536653187429846713952572894163139625748,6
120030070040200000000901000531760240000840160460000907056000004000005600200090750,125634879649278513873951426531769248792843165468512937956127384317485692284396751,6
850030916360801570007000002500000009006000401421900807109005203073008005000309708,854732916362891574917564382538147629796283451421956837189675243673428195245319768,6
701820040040000600526030170003200000460000090910407203004090006050010000007000080,791826345348571629526934178873269514462153897915487263184392756659718432237645981,6
000000020510020809820509760038050600060080072092004008350090000000805030900700410,649178523517623849823549761138257694465981372792364158351496287274815936986732415,6
070509000000000805825000000087001006002738100590402700048205090009803001200600000,174589632936124875825376914387951426462738159591462783648215397759843261213697548,6
032740000004006007070020050700000508259408003083000429300800000000001080020070041,832745196594186237671329854746932518259418763183657429315864972467291385928573641,6
841000900007080006060000000009000050780030002003020067502690008004050039000003625,841562973297384516365917284429876351786135492153429867532691748674258139918743625,6
810004009547609000200000500080003052000057090000000080670930005032700060000002100,813574629547629813269381574786193452124857396395246781671938245432715968958462137,6
002040800900083410100560007400036001031000600086005200803000000507300060000009000,372941856965783412148562937459236781231897645786415293813674529597328164624159378,6
100700080090000024002490100000040070207000348080073001025060000300184052400532060,143725986798316524652498137936841275217659348584273691825967413369184752471532869,6
090560130000001205500300904000000780010079006070046509007403651054000000000000007,792564138463981275581327964946135782215879346378246519827493651654712893139658427,6
000000700320517060000002050007035640930000000405206300090801000048060031000300000,859643712324517968761982453287135649936478125415296387693821574548769231172354896,6
070010049000005070040320006100060000690100735300800600782000001009000067560004000,273618549816495372945327186154763928698142735327859614782936451439581267561274893,6
010060750060007040750001003093008407600030500005100080000010005540903000927605000,214369758369857241758241693193528467682734519475196382836412975541973826927685134,6
000050043210000000030090000783000900100906000000130500050017000400009700008600300,869752143217463895534891627783524961145976238692138574356217489421389756978645312,6
000007008008400506360802174050160407000070050001340082020700815100020740400500200,514697328278413596369852174852169437643278951791345682926734815185926743437581269,6
007020300406780000000000002090876000764030098800091000600215007208040659300900241,157629384426783915983154762591876423764532198832491576649215837218347659375968241,6
000900002203460005000005007315700020000081970900000000008009030600050000791600450,154937682273468195869215347315796824426581973987342561548179236632854719791623458,6
062080500000020030000000080030001005700096004006532718005300040600210900003054260,162483579587129436349675182238741695751896324496532718925367841674218953813954267,6
005010403010070200237900801020500000000081602009300008701035000090100035350490000,985612473614873259237954861826549317543781692179326548761235984492168735358497126,6
315002480640805000000900000090208050400009860508000007200090000903007148000304090,315672489649835721872941635796218354431759862528463917284196573963527148157384296,6
860100050945703280021085007700042000050630009006000340072000000030000970509070004,867129453945763281321485697793842516458631729216957348172394865634518972589276134,6
090063000007009300108407065804000000005700100970008000043071509080390702000000000,492563871657189324138427965864915237325746198971238456243671589586394712719852643,6
204000001076491002080005000000750620009208140020104000902010054000000030308002000,294873561576491382183625497841759623739268145625134978962317854417586239358942716,6
718059000005800000492730000084123070006000002120000000800300025350000407007900381,718459263635812749492736518584123976976584132123697854849371625351268497267945381,6
024000010570690420000000005001000067008007000037000209340100000062508904080904030,924785613573691428816423795251349867698257341437816259349172586162538974785964132,6
085000072740000006006740100009000700473005980000000603900084000030050004650000009,185693472742518396396742158269831745473265981518479623921384567837956214654127839,6
005309008000240005094000312036400891500600437940003020050030174403020680160700050,625319748317248965894567312736452891582691437941873526258936174473125689169784253,6
294070080001040200560000001107002004000380010900000000000200403000805079050407108,294176385731548296568923741187692534625384917943751862876219453412835679359467128,6
000060903007052000006390070000085714004070000010243800001008090870010320402709100,128467953397852641546391278263985714984176532715243869631528497879614325452739186,6
030045809000009370200030004020807000500120980000450000001064050300071600060080007,637245819458619372219738564126897435574123986893456721781964253342571698965382147,6
504000030000400008070806500000000965000908003096010000609007080030000417740003600,584791236163452798972836541821374965457968123396215874619547382235689417748123659,6
057002000086700401900500602000146000020395006060820000000004530070200010534980060,157462983286739451943518672395146728728395146461827395812674539679253814534981267,6
208614300150970040006300002709003001081000200032800070805400027900108030004090108,278614395153972846496385712749253681681749253532861479815436927967128534324597168,6
018040000750000041400050780000002070800095102000400500000210000125609430680007010,918746325756823941432951786593162874847395162261478593379214658125689437684537219,6
705092006008407000090508100401789002000000901952300704600054000029000408000000005,745192836138467529296538147461789352873245961952316784617854293529673418384921675,6
098000312701000008250000009105030800067100905849650000500000080003280600080701003,698574312731962458254813769125439876367128945849657231572396184413285697986741523,6
020603057730000200000000006302506708008070500509108043250801000090237160160050302,421693857736485219985712436312546798648379521579128643253861974894237165167954382,6
000040600102056900007000000065310092291000070000609100308570060000162530520890700,839241657142756983657938421465317892291485376783629145318574269974162538526893714,6
056017000028030005000000000090378006630040000840901020503400791972105634004000250,356217849428639175719854362295378416631542987847961523583426791972185634164793258,6
400010000050000104018005300000000000000083706000690050830520600192040007000007280,473219865259368174618475392326754918945183726781692453837521649192846537564937281,6
006000581000090000040680000600200000000004906400100028060040215900025630007300004,396472581781593462542681379679258143128734956435169728863947215914825637257316894,6
008036510090020000050010090370460021809072305006300970532607000780001000960003050,428936517193725486657814293375469821849172365216358974532687149784591632961243758,6
650080300000954000001000000560401090080076000003000670300200006800045130000000420,659182347738954261421763958567421893984376512213598674345219786872645139196837425,6
000400000360209540000503080081354976504906018070021004000102060000608425406000001,152487639368219547947563182281354976534976218679821354895142763713698425426735891,6
200850031070931006001026870100040009080605003052700004008160307003500102610002000,264857931875931426391426875136248759487695213952713684528164397743589162619372548,6
852001400009050000103040900900105384001000500305498070204076093008010040006304700,852931467649857231173642958967125384481763529325498176214576893738219645596384712,6
500006140071800002060010309800104000030002090610000057000930600000008000300060000,593726148471893562268415379859174236734652891612389457185937624926548713347261985,6
000409031003000940940380000050060094200000703408000020006802070070690052592700000,625479831783126945941385267357268194269514783418937526136852479874691352592743618,6
900030010003000904780006005000080457070000200250407800009000782010300000002070063,925734618163528974784916325396281457478653291251497836639145782817362549542879163,6
037160009000307016080509070008000920000015800070020000900070000020850100014200060,537162489249387516186549372658734921392615847471928653965471238723856194814293765,6
001000006005609100480250300310402860860010004000386000028003001007800603003100009,931748526275639148486251397319472865862915734754386912628593471197824653543167289,6
002604710103275800065109200007000003400700000530408107070050082000827040000040371,982634715143275869765189234817562493429713658536498127674351982391827546258946371,6
009700000830400706061000020020100804678094530050836070000007080000040090300001005,549762318832419756761358429923175864678294531154836972415927683286543197397681245,6
800063000067105034003408960075830000900000043300950080700040190000089370090000406,849263751267195834153478962675834219981726543324951687736542198412689375598317426,6
300080005008150900006900000904012007005670000602005100000001400007000030250400710,391287645748156923526943871934812567185674392672395184863721459417569238259438716,6
072305869800000037300078520080003000030000750050600000920030140700590000043180976,472315869815269437396478521287953614639841752154627398928736145761594283543182976,6
080602070006001090090500200009103005508960400103480000004019027000070000810050000,385692174246731598791548236469123785528967413173485962654319827932874651817256349,6
000069002290300060703000000470002005080043010000600200930000008804000000050830900,145769832298315467763428159476182395582943716319657284931276548824591673657834921,6
850090710000870003067000059632900145000102907791540086906300071178059000305010098,853496712219875463467231859632987145584162937791543286946328571178659324325714698,6
000045930900830270040700501090600000706050140105270603010502300502007019009461020,827145936951836274643729581294613758736958142185274693418592367562387419379461825,6
000030200009600004075200006024000003063940120050002009500401300416070500000020080,648139275239657814175284936924718653763945128851362749582491367416873592397526481,6
359041000071609000000050010086500107410000620000010090630170459008305062090400001,359841276271639548864257913986524137417983625523716894632178459148395762795462381,6
020800000000023000008615290849067100530400080062108000086700305007030008350286000,923874561615923874478615293849367152531492786762158439186749325297531648354286917,6
071000302003274500200380006320006170087009060000700005002938051050002000030010000,471695382863274519295381746329856174587149263614723895742938651158462937936517428,6
004209500000758019000146730907020006040007003006904057005070001032000905001005320,714239568263758419589146732957823146148567293326914857495372681632481975871695324,6
008000400625800970007090302213068740800147263476300098000009037060080009092600804,938721456625834971147596382213968745859147263476352198584219637761483529392675814,6
400801006157030982000000401306708205200004017070060308890600100000000020710982060,439821756157436982628579431346718295285394617971265348892653174563147829714982563,6
000006089200030000700800400517600304000473050403000070072308546090207013830001000,341756289289134765756829431517682394968473152423915678172398546695247813834561927,6
001000000400005086083000071010059060960104050054030000020580700049006035000900008,591768243472315986683492571317859462968124357254637819126583794849276135735941628,6
000700140004300062000060003460070000975401030802000097030900000508006300000030829,356792148784315962129864753463279581975481236812653497237948615598126374641537829,6
800054600564100327103672040000003702720000030048027096080700263000206400206040070,872354619564189327193672845659413782721968534348527196485791263917236458236845971,6
000100000480020060070690380017000900000900008300506704539040000000000500000800090,963158247485327169172694385617482953254973618398516724539241876841769532726835491,6
070040019000780000000000208097630020400050367608207050060100002004020700700495106,876342519259781643143569278597634821421958367638217954965173482314826795782495136,6
000000104080010320010490056007900600048560009009078503002040735030000081000000462,675823194984615327213497856527934618348561279169278543892146735436752981751389462,6
480019000907005830023400190709038000000540000040701000100060900000074208000052000,486319527917625834523487196759238461231546789648791352172863945365974218894152673,6
003004000206001874017680935830000047062000080000008203600003710109000008300020406,983754621256931874417682935831269547562347189794518263645893712129476358378125496,6
590008207310067008000200610200000005070125006950600821720006150000000082109080700,596418237312967548487253619261839475874125396953674821728396154635741982149582763,6
060234079090060080072089300980072000004000000317400800706008003008050000130000000,861234579593761482472589361985372614624815937317496825756928143248153796139647258,6
060020000508900700742108050200000000007290004091007230006409005000000400300070920,169725843538964712742138659283641597657293184491857236826419375975382461314576928,6
604050800003481060010970350300520000485010620000008540509002470200005100140800035,694253817753481962812976354361524789485719623927638541539162478278345196146897235,6
030000090000000203600008501310809000509000000000401000007902308020007900006080000,735124896981765243642398571314879652579236184268451739457912368823647915196583427,6
060954001040300580009000600410630007008400030370090420700000900080509010021060000,863954271247316589159782643412635897598427136376198425735241968684579312921863754,6
000000200290010340004600180400231500900000710000009400043000050162004900700000000,516348297298715346374692185487231569935486712621579438843927651162854973759163824,6
980670403705001002000500000060109000897060135000300904078006301400005076010000500,981672453745931682623548719364159827897264135152387964578426391439815276216793548,6
301000806690040702070600090500000000912000060703006904009207000020963080107804020,351792846698341752274685391546139278912478563783526914869217435425963187137854629,6
590002403000340000063800000010004605020030804800600231005900380681020040907008000,598712463172346958463859127319284675726135894854697231245971386681523749937468512,6
560710402204005010009260003000500390900002001006901500480193000000057000000020074,563719482274835916819264753142586397958372641736941528487193265621457839395628174,6
030005800870092600502300400705900000210000309903206000007080200620701005000600730,439165827871492653562378491785943162216857349943216578397584216624731985158629734,6
003560001005000300010090802000010083940836000830020704300640517008150009000009008,783562491295481376416397852562714983947836125831925764329648517678153249154279638,6
700020905080030000000050080807001600150390002020005001090700006600513090502000000,713824965985136724264957183837241659156398472429675831391782546648513297572469318,6
130026009090010700028009013200850900005094006901602000809060205450200090000085000,137526489594318762628749513263857941785194326941632857879461235456273198312985674,6
700020090000007305009000768000050942905000030004000651071302480090004013640000200,738625194416987325259431768167853942925146837384279651571392486892764513643518279,6
640008000031490708800000000000046831000012670000003005002000016410000052506124380,645738129231495768879261543927546831358912674164873295782359416413687952596124387,6
003401568100008200080003000810240050905010402000860170350000000278006010001000805,723491568196758243584623791817249356965317482432865179359184627278536914641972835,6
570300018108500000090018500001900000354000009900406030810070040405009000030600085,576394218148562793293718564681923457354187629927456831819275346465839172732641985,6
090640007240080036000000000730000019000070642000010375900100400005498060400036091,598643127247981536316752984734265819851379642629814375963127458175498263482536791,6
098020067000080342040500010405008000600000705102000036003050100000301270000040053,398124567517986342246573819475638921639412785182795436863257194954361278721849653,6
000610904500340060000270100060050000800730500030094006008001093000480000450020087,382615974517349862946278135769152348824736519135894726278561493693487251451923687,6
003020000940010000000800390400038500102600030000000410600470905214900080700280000,863529174947316258521847396479138562152694837386752419638471925214965783795283641,6
090060004008904070200801600003080500800000000050000240076000013000300756000506400,195763824638924175247851639763482591824195367951637248576248913482319756319576482,6
030090070700040200000007143040309020000780004000452038950000002010970005370005491,435291876761843259289567143846319527523786914197452638954138762612974385378625491,6
000060000860050270021890050740518090000640705600079040198020060006000004530006020,457162938869354271321897456743518692982643715615279843198425367276931584534786129,6
073461000904027368002890147405018700790006850038000900300000079047000681000600520,873461295914527368562893147425918736791236854638745912356182479247359681189674523,6
090047000000630050003005006010000970907001000500000014050960027800004560760523800,695147238148632759273895146412386975937451682586279314351968427829714563764523891,6
200003010041007600050000004084526301032000805000304900010040000009130000463070002,296453718841297653357861294984526371632719845175384926718642539529138467463975182,6
600037010000000970750090304503600000040370600216004003937540100400200000000000540,694837215381452976752196384573621498849375621216984753937548162465219837128763549,6
030000760015060003040903500004000000070005800500210000060109004000032007020048600,938451762215867493647923518394786125172395846586214379863179254451632987729548631,6
371920850904085003800007020145000630000000008780000000617502380592030100438000205,371924856924685713856317429145879632269143578783256941617592384592438167438761295,6
016000200750080946200604001075000003600070810030906020500800602109000050302000070,416793285753182946298654731975218463624375819831946527547831692169427358382569174,6
802050070000867901000203060036004800000690107000530000697000200005400080008010006,862159473453867921971243568136724895524698137789531642697385214215476389348912756,6
000000070901008000000290500089006010104030000700001806002307180398002060000009003,425613978931578624876294531289746315164835792753921846542367189398152467617489253,6
079084501850007400002000000001052700080900025005870109014600030008001050560028910,379284561856137492142569873931452786487916325625873149714695238298341657563728914,6
090000000702010800001970200850001060000009002000005738020060980908002003063807000,596428371742513896381976254857231469634789512219645738125364987978152643463897125,6
006408900000006058080070600040300100207019000000700825009080200060000001001042530,726458913314296758985173642648325197257819364193764825439581276562937481871642539,6
000490867000100030000260140090004580300700020040016970600051390854937612001642058,123495867469178235587263149796324581315789426248516973672851394854937612931642758,6
000004000040030001501697003000013020100026050002005190000000800800002910004381760,327154689649238571581697243765913428198426357432875196216749835873562914954381762,6
063004050890300000100009436050020700407006002009001060030600004000002500040038070,263174958894365127175289436651823749487956312329741865538617294716492583942538671,6
025800300800950400401200500064100000300000060000000200043006005007310000609048700,925874316836951427471263598764129853352487961198635274243796185587312649619548732,6
306089500001052700905740000008000900019403005000008000060001407050067030290804000,376189524481352769925746318738215946619473285542698173863521497154967832297834651,6
963000170750009806842106090000700000005004700074080200017090050596040000400210907,963528174751439826842176593389752641125364789674981235217693458596847312438215967,6
003080002000000750700425009000602001090000027002100090609040180010038960040901270,563789412924316758781425639378692541196854327452173896639247185217538964845961273,6
001500736600000400704900052007690041540310068000240500015800903000109004908432005,291584736653721489784963152827695341549317268136248597415876923362159874978432615,6
005300900082010003010200060200900050000132700008006032060003005509000000004560008,645387921982614573317295864273948156456132789198756432861473295539821647724569318,6
700080061208000300000703900042078000079530000000092070807065100005841000004020890,753289461298416357416753982542178639679534218381692574827965143935841726164327895,6
001009060080000003900000000008340079000000002420008010003450086600081230000620701,531279468782164593964835127158342679397516842426798315213457986675981234849623751,6
405016008600000013180230500800050007900000605507003180340005700200370000700460002,435716298672589413189234576864152937913847625527693184348925761256371849791468352,6
000004200070062100402057008020300065760009000008040002080400370316000000040000000,651834297873962154492157638124378965765219843938546712589421376316785429247693581,6
604020508000098140180005060000761803070030050063000001538010704400800005009450000,694127538352698147187345269945761823871932456263584971538216794426879315719453682,6
000000091521308004907000520000001307079504010410007950100700030008000070730640009,643275891521398764987416523852961347379524618416837952164789235298153476735642189,6
706050000050708900018904750529486137000100506060070049032005000007000000000607098,796351482453728961218964753529486137874193526361572849932815674687249315145637298,6
023701840800200900750000013000010000000003100007600004030006008470009001010500406,623791845841235967759468213385914672264873159197652384532146798476389521918527436,6
546003800000108650080040030918352470030907000005004020860500300400031060700006091,546273819327198654189645732918352476234967185675814923861529347492731568753486291,6
090000010100790520000361078040000005000458030050013200007500080010080403000139002,796825314183794526425361978341672895972458631658913247237546189519287463864139752,6
206971080700400069090008020003010008060000004000049700300006001050000000940200600,236971485785423169194568327473612958869357214512849736328796541657134892941285673,6
691325400200019003305004120000038940980450000010006000009000005060201830124083000,691325487248719563375864129756138942983452671412976358839647215567291834124583796,6
000007400600040300200000005000064073007390001000700609891030007004012900026500084,138957462675241398249683715982164573467395821513728649891436257754812936326579184,6
000500020002000007000070364003700490090410500460000001670100040000058200000940010,746531928932864157581279364123785496897416532465392781679123845314658279258947613,6
087103905394870061150090003000900000000317602920580000410009020000000400208000300,687123945394875261152496873731962584845317692926584137413659728579238416268741359,6
894000300100000094500800100310040789008000005945738001080070006409682513603009000,894126357162357894537894162316245789728961435945738621281573946479682513653419278,6
090020406608050200003069000906832000040000320000000960389600012264590800750203049,195328476678154293423769185916832754547916328832475961389647512264591837751283649,6
603007008070000530281500900705600089890070600000985702068000490930850000120000065,653197248479268531281543976715624389892371654346985712568712493934856127127439865,6
038000400000500600000020000000286047069031008807050100100065000004000856000900000,538697412742518639916324785351286947469731528827459163173865294294173856685942371,6
143920087002004301706530429020300000005002040000000230409078003000100000210000904,143926587592784361786531429824367195935812746671495238459278613367149852218653974,6
008000052603000491002319006000080900900103500400007200200900005059000008000036700,198764352673852491542319876321485967967123584485697213236978145759241638814536729,6
040060900023900600070000150104600000008103000056098001080200030060050000015804000,841567923523981674679432158134625789798143562256798341987216435462359817315874296,6
000060900195000064000090020028010050640008000013240890050000281000582000004031000,832467915195823764467195328728319456649758132513246897356974281971582643284631579,6
637045100009070300805201060580094006490000020060800059078450090000000504004709000,637945182219678345845231967582394716491567823763812459378456291926183574154729638,6
001070000400001806260480000700810509000500070016047003600120390000000000920700640,891376452457291836263485917742813569389562174516947283678124395134659728925738641,6
003420500508973012902060000007010020605780401400359807030290100006530004009040000,763421589548973612912865743387614925695782431421359867834297156176538294259146378,6
080000003002308600000251000000436502260500300300702090000020000094000210000000967,589674123172398654436251789918436572267589341345712896651927438794863215823145967,6
040900120100600074200000580000000015021009600003460700000378001000090200079200050,847935126195682374236147589964723815721859643583461792452378961618594237379216458,6
001200000379054601280000093432007000100942830000503402040020305623000008010300000,561239784379854621284761593432687159156942837897513462948126375623475918715398246,6
084960103001040050000002809630004700050003090040000308700020001013050000020030084,284965173971348256365172849639284715857613492142597368798426531413859627526731984,6
508000000090500004000000310006025140400710603913080002200908070037201006009000008,548163927391572864672894315786325149425719683913486752264938571837251496159647238,6
010074920900830400704200031000090000000358600830410000143020700007900160600007300,318574926926831457754269831461792583279358614835416279143625798587943162692187345,6
800102009900000400050490038200010007081200090000004125600007514000040080500020903,834152769926738451157496238265913847481275396379864125692387514713549682548621973,6
902857300007090802801000007500009000200108005016020009000970000100603970793004208,942857316657391842831246597584739621279168435316425789468972153125683974793514268,6
401030000080205030500009800004000306310602700900003020060704589700050600000300070,421836957689275431537419862254187396318692745976543128163724589742958613895361274,6
000905000019000365000700209000003008900100000300592700894021000006047000037050804,682935417719284365453716289271463958945178632368592741894321576526847193137659824,6
001090500003020481608041029267000903305000002810030650080009360170000295900004000,421798536793526481658341729267815943345967812819432657582179364174683295936254178,6
000003020000060700736245810001004600047000081265810347610050008000002060000681005,489173526152968734736245819891734652347526981265819347614357298578492163923681475,6
900005020304670090278090000007000300000250000600700014003000100090010200180040506,961385427354672891278194635817469352439251768625738914743526189596817243182943576,6
000003001003206007105080360267035908809700210300090006000600000002040080001020609,726453891983216457145987362267135948859764213314892576538679124692341785471528639,6
024157000007200004001080020905070048780000002000800003076003000000400096200060400,324157869867239154591684327915372648783546912642891573476913285138425796259768431,6
000057400080240010000010700057060039063570100410020000509080001001000080840030006,126357498785249613394816752257461839963578124418923567579682341631794285842135976,6
600123087217500460085000000052004106478010025100000008700900854504782019800045002,649123587217598463385467291952874136478316925163259748726931854534782619891645372,6
000730040703000009054206738401029007530000006008600900640010070807040000000000090,986735142723481659154296738461329587539178426278654913642913875897542361315867294,6
105036042020100600068070000509381000002567490607009008094600080051004300706800004,175936842423158679968472153549381267382567491617249538294613785851794326736825914,6
014500830000108605087236140923400500000000400000860003070009204090000301056000708,614597832239148675587236149923471586861953427745862913378619254492785361156324798,6
000000201931702060020051000000104005104030007060900002475310800010407050306520014,548693271931742568627851493289174635154236987763985142475319826812467359396528714,6
024300050750900040000050000000890060587060002690015400000130574070000891419000036,124386759758921643936754128241897365587463912693215487862139574375642891419578236,6
004000018092100400500400093000281006140003900085940037360004001027000000001007300,734569218692138475518472693973281546146753982285946137369824751427315869851697324,6
071006032500017000006050400058100000967500340100009005705020008612005070089670200,871496532524317689396258417258143796967582341143769825735924168612835974489671253,6
308904700051000000094560030910300074000190003835400102070080000000000900000010026,368924715251837469794561238912358674647192853835476192576289341123645987489713526,6
000090203020183567730000891470026009002901008089750030306000000000000014000305906,618597243924183567735642891473826159562931478189754632396418725857269314241375986,6
029005000810730020405206807653000002008000760100000008090000001500900470204001089,729815634816734925435296817653487192948152763172369548397648251581923476264571389,6
006085004200130050000000100600000700052019060080300000000900073000571640507000080,316785294294136857875294136643852719752419368189367425461928573938571642527643981,6
080075000000029040005804600000748962060000054248506700500902376020007400006000000,482675193673129548195834627351748962967213854248596731514982376829367415736451289,6
076031092903652070002970603001200038720013950360705001007360040000000369000000207,476831592913652874852974613541296738728413956369785421297368145184527369635149287,6
012045060705900100400000000030200670000080002201000340056002007120070000070508290,912845763785936124463721985538214679647389512291657348856192437129473856374568291,6
200008003309020048000000520080603097600009350040270861001930600030500100790061000,264758913359126748178394526582613497617489352943275861421937685836542179795861234,6
670308005508006030193070000810900370050600890936000002009780060080209700000403280,672398145548126937193574628814952376257631894936847512329785461481269753765413289,6
000012007921000800740095001090004680804007000036958000000209106609000400012070008,568412937921763854743895261297134685854627319136958742385249176679581423412376598,6
050002600401063002600570004903057046568134907020008010000000008049006205200700000,857412639491863752632579184913257846568134927724698513375921468149386275286745391,6
005301040803007120000000038002760493068040201090002000701254060000800002000010754,625381947843697125179425638512768493368549271497132586731254869954876312286913754,6
400107800107906524805300671000640050006579402074218300050000940600090005000030060,462157839137986524895324671219643758386579412574218396751862943643791285928435167,6
000000802006008410002316095700092006200070004400080000970000508028000001150049620,317954862596728413842316795781492356239675184465183279974261538628537941153849627,6
000000048300071006520460000405007830230009407700100000050000002002350000670002953,961235748348971526527468391415627839236589417789143265153794682892356174674812953,6
090700060200010008803004090120300649050009080009002010000007024002051036045090070,594728163276913458813564297128375649657149382439682715961837524782451936345296871,6
600024391080000050040753860001208500002030178900570046000010980090002014000000620,675824391283169457149753862761248539452936178938571246324617985596382714817495623,6
603078000701050003800003710007520000060009200402000950039800060070065009006930078,693178542721654893854293716987521634365749281412386957239817465178465329546932178,6
907050000000483075000020100019002300000049051365700400006000040004031008050094010,947156832621483975538927164419562387782349651365718429196875243274631598853294716,6
600130000900745608000080327403000561000501040005060700001906000049013000026450139,687132495932745618514689327473298561268571943195364782351926874749813256826457139,6
000000600140820000806509000032080000601054792459600000020400306004000079000005040,295713684143826957876549123732981465681354792459672831528497316314268579967135248,6
300506000900801053541000000009004200000627090010050306890000500000700000200109008,378596124926841753541273689689314275435627891712958346893462517164785932257139468,6
400000102070001600200740590000073806780002009000605410010507900607000005503060700,468359172975821643231746598154973826786412359329685417812537964647198235593264781,6
000201007400870600000000300050000000004018009890650730000020800607100400000705026,568231947432879651719564382356497218274318569891652734145926873627183495983745126,6
137080002082000074000237008095002800300009506210000907904700000823940700001800430,137584692582196374649237158495672813378419526216358947954763281823941765761825439,6
054010060000630400000000701200701900040083600080060510600420090000390140039078206,854217369172639485396854721265741938941583672783962514617425893528396147439178256,6
002007510560000082070085060000398156306100297000706008408000001207019640601000800,842637519563941782179285364724398156386154297915726438438562971257819643691473825,6
850130200006000459270960010100070003500240001090050000980006030000000800630082100,859134267316827459274965318128679543563248971497351682982416735741593826635782194,6
504063819308250004907004352800300007403020006000007235230000008640000020080030600,524763819318259764967184352852396147473521986196847235239615478641978523785432691,6
000592100100000042900174030230050090007906050000040800090600018060000029802000004,346592187175368942928174635231857496487916253659243871794625318563481729812739564,6
050271600029003008361000720035807460802306570670090080007000000080704006200130000,458271693729463158361958724935817462812346579674592381147689235583724916296135847,6
700062500200085000000900020020617900500394206906020107302100000489273015160809302,738462591291785463654931728823617954517394286946528137372156849489273615165849372,6
028063547360000000010400803050007020090024370672039001006000000700205000085900000,928163547364758192517492863453817926891624375672539481246381759739245618185976234,6
093000010000008000000069000000831024302740106104296003039574860078610052516082430,893427615641358279725169348967831524382745196154296783239574861478613952516982437,6
000490620640230180000007000092746000400000000800023790087319060900802301200000879,738491625649235187125687943392746518471958236856123794587319462964872351213564879,6
500000000006400005080051090900300602730042009040090301400038060060500008007926000,574269183196483725283751496958317642731642859642895371425138967369574218817926534,6
510000046070060030900000000003000021240001000051790300169285403080610259325000100,512378946478169532936524817893456721247831695651792384169285473784613259325947168,6
009857100060000700875010024001080000500461097704030860006000000350070000000023510,249857136163294785875316924691782453538461297724935861916548372352179648487623519,6
402601800000340010700000006200000061007006004600020700804765002000809050573000008,452691873968347215731258946289574361317986524645123789894765132126839457573412698,6
206054730907000200004200090100009084000300020000000173860710000025000000001040000,286954731957138246314267895173629584548371629692485173869713452425896317731542968,6
060519004040060900809003100610305820030600401072401650026950340000806010005100090,763519284241768935859243167614375829538692471972481653126957348497836512385124796,6
017048050300760080400900006700090500042000000500000004034000610000400090079056003,617348259395762481428915376763194528942583167581627934234879615856431792179256843,6
005930000020507034100000905062100350000200097400070001006000000300709006591000703,645938172928517634137642985762194358813265497459873261276351849384729516591486723,6
507008961000001040810609502085397020003064005046000000050702608070903054020056710,537428961962531847814679532185397426793264185246185379351742698678913254429856713,6
300006790047900000200004000000271906610300802070000013720083009030600020090400630,351826794847935261269714385483271956615349872972568413726183549534697128198452637,6
004060005061725040002400000005090001080502090470080000000007052000040839008059160,734968215861725943952431678325694781186572394479183526693817452517246839248359167,6
207890465009654012004207000002076500000040600460380027906008003008000270020009006,217893465839654712654217398182976534793542681465381927976428153348165279521739846,6
001700020080009400504062001810020000046573180720481690030204000050010003000000210,391745826682139457574862931815926374946573182723481695137294568259618743468357219,6
780140090409000000030096047020900050010800070005300400000709020200008900300452706,786143592459287631132596847623974158914865273875321469568719324247638915391452786,6
503002006000103200807065010000000000901300840070008100708040001036000720204701960,513892476649173285827465319382914657961357842475628193798246531136589724254731968,6
000000207017048960005300040060500074000080320429001080752000018034000692080000750,648195237317248965295376841863529174571684329429731586752963418134857692986412753,6
002005070000271603700809100046500830020186000500004001608952300001463507000010006,912635478854271693763849152146527839329186745587394261678952314291463587435718926,6
040008023600900800028040000003400010201730000000610039410097006000250100590000000,149578623675923841328146975963485712251739468784612539412897356836254197597361284,6
000936408892014370034007009009000740160049280500020963400060107916475830070090050,751936428892514376634287519289653741163749285547821963425368197916475832378192654,6
930080065000015030000000180000003000769000003400070806800690304006054001290700008,931287465648915732527346189182563947769428513453179826815692374376854291294731658,6
984500603000002100071000000000401905710005002300020010806090300100763500000050000,984517623563982147271346859628471935719835462345629718856294371192763584437158296,6
835000900002059000609823041900000008307204160016080090701042030400030000000978600,835417926142659387679823541954361278387294165216785493761542839498136752523978614,6
820005000060204000009018200050000900402009006790150002000080607200500439300907500,824635791167294385539718264651842973482379156793156842915483627278561439346927518,6
500304000048900260006720004410500687080040020600080340060009038000030700870010092,521364879748951263936728514412593687387146925659287341265479138194832756873615492,6
080760000506290100009000000061805040700600000342009086620900800897000030405006200,284761359536294178179538462961825743758643921342179586623957814897412635415386297,6
001007020500034000000008530048000015070000000009500408004001050250040007006070200,931657824582134796467298531348762915175489362629513478794821653253946187816375249,6
491006007723400000000020400007000000009000018065080000000050340530000281804002009,491536827723498165658127493287613954349275618165984732972851346536749281814362579,6
326040000481070006900000348045032019260090000709000032170800004004020051598460000,326548197481379526957216348845732619263194785719685432172853964634927851598461273,6
890000010060005000705041300000000008300700120006003007608012700002050083050308001,893267514461935872725841396217594638349786125586123947638412759172659483954378261,6
040031000300907400000400031681094000000703086050006090479005000030040760062000900,245631879316987452897452631681594327924713586753826194479365218138249765562178943,6
000700000040019000700003609380400000020950804097000506004000105500091000900300702,659724318843619257712583649385462971126957834497138526234876195578291463961345782,6
000400053000305107502067409000014090001090700940200000604053070009640000080070640,176489253498325167532167489825714396361598724947236518614853972759642831283971645,6
000452800010300950800901603080000000090017305002046700670023000300000008009784136,963452817714368952825971643587239461496817325132546789678123594341695278259784136,6
265140080070002940000708006020980060040560007007300800459070612000490500786010430,265149783178632945934758126521987364843561297697324851459873612312496578786215439,6
020071586000000009000005210001006400698504001450700690803007000100062030005009067,324971586516238749987645213731896452698524371452713698863157924179462835245389167,6
090006000702500000430020600106300020007008500004010000009000164240961007003400080,895146273762539418431827695186354729327698541954712836579283164248961357613475982,6
472150000000070405000004012700000050003005807000807100047001920120090004590000080,472159638631278495859364712784916253913425867265837149347581926128693574596742381,6
053000000004560380071008490009216750010005930400900028108000000500080000027100003,853497612294561387671328495389216754712845936465973128148632579536789241927154863,6
002780500040000010090004720000003607019640050070802390000400285050078100821005400,162789534743526918598134726285913647319647852476852391637491285954278163821365479,6
060003100138090000000000073280100760417906305050000001320869417040007900900300000,762583149138794652594612873289135764417926385653478291325869417841257936976341528,6
530008004007300000000160000000010043040000100761409582002050301070640005000200408,536978214817324659924165837289516743345782196761439582492857361178643925653291478,6
730004928040028036000100704403010009002086001810000200394800017100090000607340002,731564928549728136268139754473215869952486371816973245394852617125697483687341592,6
003408006170000000206030009009800600507690200000041070300000004000084190000000020,953428716174956382286137459429875631517693248638241975395712864762584193841369527,6
000017064167200093005900000080000000003070080094602100000021050052000900631090200,928317564167245893345968712786153429213479685594682137479821356852736941631594278,6
000000351320000000000013002816904200040870013073100080037090000105020004200080507,768249351321568749459713862816934275542876913973152486637495128185327694294681537,6
900000030018700069000000021090087040005940000040310000001009600064003108739168400,956821734218734569473695821192587346385946217647312985821459673564273198739168452,6
847009250005720000900045107081900000650030002070064890504287613030050970000000000,847319256165728439923645187481972365659831742372564891594287613238156974716493528,6
052700906080091300900230700000600500000015270570904003700162000000000192023009067,352748916687591324914236758239687541846315279571924683798162435465873192123459867,6
006390420000405060490020500040107952810040607509032800204060005000003200000050300,756391428328475169491826573643187952812549637579632841234968715965713284187254396,6
060000002000634908050090006601008037839070005500163000000301000090000401106000080,964815372217634958358297146641958237839472615572163894485321769793586421126749583,6
000050200003276000040300000000000020030102050104095000000628391000700500210500860,671954283893276415542381679965437128738162954124895736457628391386719542219543867,6
000200600790400051010370040000007306801000090360000084000049008180563400406000900,548291673793486251612375849924857316851634792367912584235749168189563427476128935,6
073000010001435600000108039000040001020009003060850000000000102900760080050001006,573926418891435627642178539385247961427619853169853274736584192914762385258391746,6
070819206308006100020703009000080001100000045007400382030974518009100000700000003,574819236398526174621743859452387961183692745967451382236974518849135627715268493,6
003569102500401090019000000000100230000090075005037000296308041004000803380000509,743569182562481397819723654978145236631892475425637918296358741154976823387214569,6
020000093800000000006500100594800010200341050008907264000280030002600980385009000,721468593853192476946573128594826317267341859138957264619284735472635981385719642,6
607940800438001000009063400080050260006080510090600308910708604000000700004090000,627945831438271956159863472381459267746382519592617348915738624863124795274596183,6
389002050704050030562000810020090003807210009001000020075003000603000200000620340,389142756714856932562739814426598173837214569951367428275483691643971285198625347,6
000400790000059000090061802800500300400090158050010007000080000960000000070043520,681432795732859614594761832817524369426397158359618247245186973963275481178943526,6
004603178800402935091070020007000302009305647000000010200800790710050000060000050,524693178876412935391578426457961382189325647632784519245836791713259864968147253,6
074000025061000408095032067008009600600050000007004092900000206006520019000693080,374186925261975438895432167458219673629357841137864592983741256746528319512693784,6
004030010903406002060012003009240108000700006000008900000300890000609205802000060,254837619913456782768912453679245138481793526325168974546321897137689245892574361,6
004009201501020098690000700709014002000000900100090600900060000460385100205901000,874539261531726498692148753759614832326857914148293675913462587467385129285971346,6
020374086004985702080061000001000200000046008040102670009827400002603009006400027,925374186164985732783261594691738245237546918548192673359827461472613859816459327,6
300510200100008090780930605000000004206845001500000020900000007437150906000000102,369517248145628793782934615873291564296845371514763829921386457437152986658479132,6
030100050000730900800000030008400029500693780907005000000900200051040600600850073,239164857145738962876529134368417529524693781917285346483976215751342698692851473,6
080650407360041590490003201001090080049100000000782149900500803050900000070010000,182659437367241598495873261721496385849135672536782149914567823653928714278314956,6
900700000020163000060904700840000005002000040003800219600500924070400000000612007,914758632527163498368924751846291375192375846753846219681537924275489163439612587,6
000000005006003904050006270200000869503009407879000100000000000700002340400670002,947821635126753984358496271214537869563189427879264153692345718785912346431678592,6
804590000930000508005080490010054000000200000503600201487000930000900006200030104,874591623936427518125386497712854369698213745543679281487165932351942876269738154,6
802000010007901802600380000974120630036004200000003104080400500063070000409200000,892647315347951862615382479974125638136894257528763194781439526263578941459216783,6
006108400000000809000460010051200900300680500084010306000041087100976035060000094,276198453415723869839465712651234978327689541984517326592341687148976235763852194,6
000042063040000020200090054671300200400906010938024670800000506090615782050000000,187542963549863127263791854671358249425976318938124675812437596394615782756289431,6
602007304007000025000002670003098502905000000241000900009070006076004208104050709,612587394437169825598342671763498512985721463241635987859273146376914258124856739,6
300005009074198030002070008000206704049037860060000000080709500700050000000810000,318625479674198235952374618135286794249537861867941352481769523793452186526813947,6
070003849049000056830500070362745908058030764700900020003450007427009005690307400,571623849249178356836594271362745918958231764714986523183452697427869135695317482,6
400830970600040500000000040089076054500009817040350002304087120920500003070200480,415832976692741538837965241289176354563429817741358692354687129928514763176293485,6
209060000000004100470000000030100408042300007900000002190005204500417309060920000,259861743386274195471539826637192458842356917915748632193685274528417369764923581,6
000000900000703045647000800006020030050009700389470001000050000000040102471602000,835264917192783645647591823716825439254319786389476251928157364563948172471632598,6
009000413000700008010930500030000000007205360090100870401007080903002750208000030,729658413345721698816934527632879145187245369594163872451397286963482751278516934,6
390010080500300100470002030100005607008020503057000008800070000005030801019050300,392416785586397142471582936123845697648729513957163428834671259265934871719258364,6
004170306000000407700046090000500000000000900006003750400000009075082130603409000,594178326368925417721346895839517642157264983246893751482731569975682134613459278,6
700030900040000531000009067070090000091000670600720009030260045105970300000053006,716532984942687531358419267274196853591348672683725419839261745165974328427853196,6
901853700007901803030002001680200510070010000100030060002060130700000609300080275,941853726267941853835672491683297514579416382124538967452769138718325649396184275,6
093005700000007008008421300304000009509208010000930000086710000001063080000042060,493685721152397648678421395324156879569278413817934256286719534741563982935842167,6
130005600750006048049820007970080050200000089084900706095007000410000000006059871,138745692752196348649823517971682453263574189584931726895317264417268935326459871,6
003000790796200000140900000057300008000002407080079020010000200030500806079400051,523618794796245183148937562257364918961852437384179625615783249432591876879426351,6
021800040050070036000060000000027300006500004000000020500900007894000015700000000,621853749458279136379164852985427361236518974147396528563941287894732615712685493,6
400006002630500704520040000906070000080904027070085000254008100800157040701009035,417836952638592714529741368946273581385914627172685493254368179893157246761429835,6
601502900002000008400031605043625000200070040578014030000100052000000001105097000,631582974752469318489731625943625187216378549578914236397146852864253791125897463,6
762000043050006002010000000007003090090500800003908005920410300000000401400002579,762851943359746182814239756587163294196524837243978615925417368678395421431682579,6
400176008780020000100530000600090840800012900000407020350000700016000480040000003,432176598785924316169538274621395847874612935593487621358241769916753482247869153,6
007060342000000078320400006200604001600050000030820690401082759800000060093016080,517968342946231578328475916275694831689153427134827695461382759852749163793516284,6
072050048560080007300007000094500073200638050805400210000063480000840030000705000,972356148561284397348917562694521873217638954835479216729163485156842739483795621,6
080071029091405000000000300450000062003040085009057040030760000005210000710000230,684371529391425876527986314458139762173642985269857143932768451845213697716594238,6
067002854380400200102075060700580100529600308018003000050309780000700600003000400,967132854385496217142875963736584129529617348418923576651349782294758631873261495,6
806900071301020906700060084900152408504390107080740090208010745000475000470200610,856934271341827956792561384967152438524398167183746592238619745619475823475283619,6
000507086000008093806190057003000500680050309059003072318020764960301005500480931,192537486745268193836194257273649518681752349459813672318925764964371825527486931,6
000016438010000000003049520000563910050002040000400050062000094007000080081000205,925716438814235679673849521748563912156982347239471856362158794597624183481397265,6
003004020006201908021058400070402003539010004002300009005007010307129000010000000,893674521456231978721958436678492153539716284142385769965847312387129645214563897,6
500030000063890002700200006010000060306009800009762143000001574070000000900074001,528436719163897452794215386217348965346159827859762143632981574471523698985674231,6
000047005500000020132900004000008000613520070040070100401082500300006000007090630,986247315574831926132965784795418263613529478248673159461382597329756841857194632,6
000200300419005002380610400000054070200003001100080030790506000006801000020407060,675248319419375682382619457938154276254763891167982534793526148546891723821437965,6
900400000320850490000039020680940000035000000407002000000003060063790540700000830,918427356326851497574639128681945273235176984497382615842513769163798542759264831,6
500020097000009050007540012900000208020056000040290105050180900032905406009034501,584321697213769854697548312965417238321856749748293165456182973132975486879634521,6
003400007706030091050000603400020080000100040020000710830072500500608230900503170,293461857786235491154897623415729386378156942629384715831972564547618239962543178,6
001000470674001903009046000763185009190004860042907001927618300408079610016002798,251893476674251983389746125763185249195324867842967531927618354438579612516432798,6
020000000300806025500040010003180007000470903070309102700000000008950601046000500,829517346314896725567243819693182457182475963475369182751638294238954671946721538,6
060840001400513600103967080007620103040109700306070802800000400000700018904001060,765842931489513627123967584597628143248139756316475892831256479652794318974381265,6
658147030100009000020000401501000000060890000082003006200008040047006805000020100,658147239174239568329685471591762384463891752782453916215978643947316825836524197,6
308200070069010308000060000030670180800035060700840500000000810010000020480026003,358294671269517348174368295935672184841935762726841539692453817513789426487126953,6
072009400000000006008000010460178500000002000207045180520800000000021605090403000,672319458153284976948567213469178532815932764237645189521896347384721695796453821,6
000007901105000000000604025956301208000000000800052000090205040034000682000000709,482537961165928437379614825956341278723896514841752396697285143534179682218463759,6
002000080380100072006500000000001300063050201100308000000970804000620900240015030,912437586385196472476582193597241368863759241124368759651973824738624915249815637,6
205000700003005800078093050080056024500200000902070006021000075000000031030502400,295861743143725869678493152387156924564289317912374586421938675859647231736512498,6
000080700761000000080000035450008070000009020819005600508340000006700300003896000,325984716761523894984167235452638971637419528819275643598342167246751389173896452,6
070406801084000702002800609301080070207050000800900023709500000400038000030040000,973426851684195732152873649341682975297354168865917423729561384416238597538749216,6
430600009750000300009000000000000180040003900000100240010050800380016007672900531,438625719756891324129734658597462183241583976863179245914357862385216497672948531,6
070000600000005390010008000060709580000500100025130709009000003000090465030850920,972413658648275391513968274361749582794582136825136749459627813287391465136854927,6
000070364010030900004609150000856000700400006050010008801065000002001605560000870,295178364617534982384629157143856729728493516956217438871965243432781695569342871,6
080020000000600037700009800010905370097203014250071090000700003008100700974000056,681327945549618237732549861416985372897263514253471698125796483368154729974832156,6
000030000504000200000459680400008050607145003000790400090064120800000045005000900,986237514574816239312459687439628751627145893158793462793564128861972345245381976,6
010060005806002300407315006080009060009006004001700000000000080000078030200601079,913867245856492317427315896582149763379586124641723958795234681164978532238651479,6
100608000007000003000400006001007350250060007090315802008520901900000600406900000,139658274647192583582473196861247359253869417794315862378526941915734628426981735,6
000010905090064000000950064020600090030170002006000870069507000800300000203000500,642713985591864237387952164725638491438179652916245873169527348854391726273486519,6
800000000720090030490030080050089203000070000600010579002308401304500098080000020,813756942726894135495132687157489263239675814648213579972368451364521798581947326,6
070820000000100280000040009602001800410068003708090600006002407007634010103000900,971825346364179285825346179632751894419268753758493621586912437297634518143587962,6
000000905500019302908000710300600000000570023002300400000000074150847000000050031,731286945546719382928435716375624198894571623612398457289163574153847269467952831,6
007005060500200900080000000802000010001080009360701080000030005005826490028407030,497315268513268974286974153842593716751682349369741582674139825135826497928457631,6
700000040105070600890040700081000064003065091060003507000008059008600000020057000,736521948145879632892346715581792364273465891469183527617238459958614273324957186,6
205310000007480050080002003020900500000008090390150200000605047009000000502700001,265317489137489652984562713421976538756238194398154276813625947679841325542793861,6
540070839360840010000015040850000000000400300003020000270093004030704102000002090,541276839362849517798315246856937421927451368413628975275193684639784152184562793,6
620304587009528063035600000590006210080010000006000004050060001162900345070000009,621394587749528163835671492597436218483712956216859734954263871162987345378145629,6
005900108410850300983400200000120000060000500000600002000308000042501003371049850,725936148416852397983417265537124689268793514194685732659378421842561973371249856,6
782040000009000000305109800600804090508000004014002078890600040006900180200403760,782546913169238457345179826673854291528791634914362578897615342436927185251483769,6
000410987029000043700000105000604000006000470942001500000509000290743000005000200,653412987129857643784936125517684392836295471942371568368529714291743856475168239,6
000300200102000837000008001083070400029840100000030600210006340300000906904000050,856317294192564837437928561583671429629845173741239685215796348378452916964183752,6
208960417193040526004521098975010003006005900002080000539102000081090000420658109,258963417193847526764521398975416283846235971312789645539172864681394752427658139,6
000100000918650000607340080070020004030900000400500200004700126300080790090060040,543178962918652437627349581179826354235914678486537219854793126362481795791265843,6
050017098890204007104805300005000729710942605009053001041570200520408910000020070,652317498893264157174895362435681729718942635269753841941576283527438916386129574,6
000000500100000039006380021001040057409867003672130940360500070000003090010470000,243791586187256439596384721831942657459867213672135948368529174724613895915478362,6
510000063026073000300216007000601000401002000000049510000900600008167405042385970,517498263826573149394216857259631784481752396763849512175924638938167425642385971,6
025090030000305000300067000000700960060050284008600571200080000600139050090000100,825491637746325819319867425452718963167953284938642571271584396684139752593276148,6
007000080205000040080070009010029700703100092000000800000596004000042900090030068,947215683265983147381674529418329756753168492629457831872596314136842975594731268,6
400050208000802000028047030590300000002000610107084009009000020051020000003918560,476153298315892746928647135594361872832579614167284359689735421751426983243918567,6
007109308080020950090507600040306009003090006000000200004001060010030400935000070,567149328481623957392587641248376519153294786679815234724951863816732495935468172,6
400600200000045000576103040900510000001800000005297100090700530302459807050380000,439678251218945376576123948983516724721834695645297183894761532362459817157382469,6
020076005000003670000205000410700050003450000950300004000534809100620530000810006,321976485895143672647285193416792358273458961958361724762534819184629537539817246,6
800000040030000009245310768013490007502170930470083000020000470350700090160040800,896257341731864259245319768613492587582176934479583612928631475354728196167945823,6
074060090326040000190002400400030120700080004010450000007090600863014000950000840,574168392326945781198372456485639127739281564612457938247893615863514279951726843,6
906438200204067309703295408009050100060901500501300900140023695000500730000009010,956438271284167359713295468329654187468971523571382946147823695892516734635749812,6
000083200070600008680140000090400000056001790200030400009000800130000604804065010,541983267973652148682147935398476521456821793217539486769314852135298674824765319,6
100040300009002005006009018000400860500000024804321709230670900007018030610003000,182546397379182645456739218721495863593867124864321759235674981947218536618953472,6
000000507360457280507200134000800601810000002005610008158000903620080010743195806,482931567361457289597268134934872651816549372275613498158726943629384715743195826,6
000010307160000580300480200000040000406071950571003402600004000209060100080100600,854612397162937584397485216928546731436271958571893462613754829249368175785129643,6
005008000000700900300261578200915840500030000930040700002080006803476010010500000,175398624628754931349261578267915843584637192931842765792183456853476219416529387,6
035007960807020140901504307100706800609010000703008000204070036018000700306050010,435187962867329145921564387152736894689415273743298651294871536518643729376952418,6
508010040023040100140002000002906418700000023000053690080001200200407861600500900,568319742923745186147862359352976418796184523814253697489631275235497861671528934,6
008020300030000260500800000800402000600000520200657809080975032907001000050240007,168724395734519268592863741815492673679138524243657819486975132927381456351246987,6
704000300500400809000160070603090050015000006807000200900020080000010900070809630,764985312531472869289163574623794158415238796897651243956327481348516927172849635,6
926170408004960030713050000271000300300200807608000240060009070109000002087000000,926173458854962731713458926271584369345296817698317245562839174139745682487621593,6
570060920802900005360500080407150090186320054905000136090001570708000000650007200,571468923842973615369512487437156892186329754925784136294631578718245369653897241,6
280100005460009000975800062300400500719005004054092000090508031000020050500006070,283167945461259783975843162326481597719635824854792316692578431137924658548316279,6
610000000004070563800560900302016058000805300040720000001600207780200000003007000,615392784924178563837564921372916458196845372548723196451689237789231645263457819,6
005000600816235940020090010348100076050002190000000000001000300000006700009570080,935741628816235947724698513348159276657382194192467835571824369483916752269573481,6
496300080000086030008400016103050040805690173070000065020060000050800020700200050,496321587517986432238475916163758249845692173972143865321564798659817324784239651,6
008005020000000001501708060160500300320900000004030006970200084000400900410079005,648315729237694851591728463169587342325946178784132596973251684852463917416879235,6
400200006000000074601748000846090207007001000000007005000006300100950748705080091,479215836258639174631748529846593217597821463312467985984176352163952748725384691,6
500487030006920840047000029635000792201000453070200100700000205900002360120504078,592487631316925847847136529635841792281679453479253186764398215958712364123564978,6
000009023109300870050000600080703400090020010670098050000206100006001087015907006,748169523169352874253874691582713469394625718671498352937286145426531987815947236,6
107600208900030007830720000070260100200584070000000000710850306306017850500306000,147695238962438517835721469473269185291584673658173942714852396326917854589346721,6
000360009030407050040091060504600000362019705800045006620000094180004070407030000,715362489936487152248591367574623918362819745891745236623178594189254673457936821,6
290157060000008107008000000000800039050730000000201600006070301531980700002003080,293157864465398127718624953127865439654739218389241675846572391531986742972413586,6
003020800028907004040008300100006000000000056460070008800090600300560200056000700,593124867628937514741658392185246973237819456469375128812793645374561289956482731,6
080000005000918046490275008300000002000753900910800050005600400040000000700034509,281346795573918246496275138357491862628753914914862357835629471149587623762134589,6
500600730080000160090003502460090007010027050057306090000950670600032005035000010,542619738783245169196873542468591327319427856257386491821954673674132985935768214,6
050006013100080206360140000200000008900068102406051007601032804703009000508604931,854926713179385246362147589215793468937468152486251397691532874743819625528674931,6
700060043003009050560030179100000367080000000027605980600900500005306000000000806,798561243413729658562834179154298367986173425327645981671982534845316792239457816,6
300006700000120560000807900000009040012060379709000106008005002503084610060000000,385496721947123568621857934836719245412568379759342186178635492593284617264971853,6
001054876760128305800600901506000003000500060008061000005000412640002508182400030,231954876769128345854673921596247183317589264428361759975836412643712598182495637,6
702908000000700400069000000027090830834000029000003547080200074005000010003074085,742958361358716492169342758527491836834567129916823547681235974475689213293174685,6
043069020250003070976010040090104003000000104130500002000907805310050007700040030,843769521251483976976215348698124753527396184134578692462937815319852467785641239,6
201000009380090421000710036009000084016250000000900102105007200070020015002081900,261843759387695421954712836729136584416258397538974162195367248873429615642581973,6
708200000015800002040901008821090540053102967070435021000000300504000006090020080,768243159915876432342951678821697543453182967679435821287569314534718296196324785,6
401500002586000700000700050064200507300007100029000080000001003610030000902400870,471586392586329714293714658164298537358647129729153486845971263617832945932465871,6
090080503504000090087900640205104809000000056070020014000001400040200135003700060,196487523524613798387952641265134879431879256978526314652391487749268135813745962,6
007008610860040200001976000208500100700010062006000090000600040400300750605007001,947238615863145279521976483298564137734819562156723894372651948419382756685497321,6
001020390030000000805001700300045070000607003107000602029060037003080900478003261,761428395932576418845391726386245179294617583157839642529164837613782954478953261,6
010009027200000086009078051590000000061080000082900100000040705074520619100006200,318659427257134986649278351593417862761382594482965173926841735874523619135796248,6
030098075429175000807600029000064903964830000503007804308000040000409000201300090,136298475429175386857643129782564913964831752513927864398752641675419238241386597,6
300200006000069140096000025634090007018702694000600801105000062000080070900020500,341257986257869143896314725634198257518732694729645831185973462462581379973426518,6
407068900006000008000073020000840060063009000900000710200001500050032000000600290,427168953136295478895473621512847369763519842948326715274981536659732184381654297,6
030000008802010400604057239020090080000000723501003964008205000000906812000038040,937462158852319476614857239723694581496581723581723964168245397345976812279138645,6
051860030706000928380400006090030050000000104504106080010000000000080005903200001,251869437746315928389472516198734652637528194524196783815643279472981365963257841,6
000090105004053287053210094069001823500380000030000540020400000005030072490008050,672894135914653287853217694769541823541382769238769541326475918185936472497128356,6
140030509006009204000004073720500000010807000069000057071020490034901000002470000,147632589386759214295184673728596341513847962469213857671325498834961725952478136,6
104700000800002006790000000200400300601003000009007460000019032003000500512308649,124796853835142976796835124287461395641953287359287461468519732973624518512378649,6
820090005000608000006150000489000657000506004630904008000700001167000000900040080,823497165514638972796152843489213657271586394635974218348769521167825439952341786,6
003600240000409008001230650267005100004000020005000960000000070358000000100043000,793658241526419738481237659267395184934861527815724963649182375358976412172543896,6
830021740209548300015376000080403500053007090000009003100000207090030080000704109,836921745279548361415376928981463572653217894724859613148695237597132486362784159,6
000901000210306807060000900500827460608009502700460109000610054050743090030500700,374981625219356847865274931591827463648139572723465189987612354156743298432598716,6
020006000406300009830010020080001200014205960260780030000873010000050300308160790,127596843456328179839417526983641257714235968265789431592873614671954382348162795,6
002080307000034000800760204900000002006000100721940000600000725000017903070825041,492581367167234859835769214983156472546372198721948536618493725254617983379825641,6
600075403000490156005680007000900025900050301000816740500000030070069504106048070,629175483387492156415683297761934825948257361253816749594721638872369514136548972,6
500010809708300100010040000479000000005064000000590007054170090800002600207000031,543617829728359164916248753479823516135764982682591347354176298891432675267985431,6
190600005060900182800105690608400009007060300400072061026300010080201006040090000,192638475365947182874125693658413729217869354439572861926384517783251946541796238,6
000034802000901003000000069002400008134500020090000604301000295900085040470190086,759634812648921573213857469562479138134568927897213654381746295926385741475192386,6
006097200090500040001046037050004708204685001908000000009050073000000000420000600,346197285792538146581246937153924768274685391968371524619452873835769412427813659,6
000642870870100640002000000100000029680000030045379168016000407000004210020000380,951642873873195642462837951137468529689521734245379168516283497398754216724916385,6
030000500000062001016500200008004609000230147700090000000000900064907300589410000,932741568857362491416589273328174659695238147741695832273856914164927385589413726,6
508090012006700509209001037400023801001000006000000090004200068000000000962007150,578396412136742589249581637495623871721958346683174295354219768817465923962837154,6
603102500905070010100006000068507901709631428431820000017205894000010002040003060,673182549985374216124956783268547931759631428431829657317265894596418372842793165,6
063005009000340001008010230007050000300060900050020070020007310936000000710532806,163275489279348561548916237697453128382761945451829673825697314936184752714532896,6
080300400479506210000042000028403050040000027006210300000001002010030008050000090,281379465479586213635142879728463951143958627596217384864791532912635748357824196,6
600040100009703000057000803500804600800007000900600478704002009090070265200906004,638549127129783546457261893572894631846317952913625478764152389391478265285936714,6
005746000700109800900205000000003200317004005426000080000460320003098060000010008,835746912742139856961285437589673241317824695426951783158467329273598164694312578,6
000008490160900700009700000000000008300100000020006000031807920000024070700590304,573618492168942753249753186914275638356189247827436519431867925695324871782591364,6
040093052009150703030207090497000520800400130302000000000000065000020004604500017,741693852269158743538247691497831526856472139312965478983714265175326984624589317,6
002704000746000810003008476308042090024006058000000324080430900009080040005007000,812764539746953812593128476378542691924316758651879324287431965139685247465297183,6
000952060020830045000670200000720000050010608090000302071348009500290100039105080,743952861926831745815674293168723954352419678497586312671348529584297136239165487,6
007241000000963070040058091092087140860000000001600500000006054010800760300400012,957241638128963475643758291592387146864519327731624589279136854415892763386475912,6
000010000000200007600470100400021730005300020028600004090734200240000670057102400,574819362931256847682473159469521738715348926328697514196734285243985671857162493,6
090000027402007813007300900009000080000800092001000706500902008076008000308050040,693184527452697813187325964269573481745861392831249756514932678976418235328756149,6
206500093059600018000000400710080002028005940940000180801000079300008020092060830,286541793459673218137892456715489362628315947943726185861234579374958621592167834,6
000704500908010740500008013870052360030800000000000200780100005006270800009005070,163794528928513746547628913871952364234867159695341287782136495456279831319485672,6
058603000037540960040000520705008300000300870384207659000080100400100085816005030,958623417237541968641879523725968341169354872384217659573482196492136785816795234,6
020060309005203800030508004078300000500080007002751008090800746050416982086000500,827164359645293871139578624978342165514689237362751498291835746753416982486927513,6
045000210108520006207060985006139547000080320000005608000604700000050000000390802,645978213198523476237461985826139547954786321713245698582614739379852164461397852,6
047000600050000400268047901400009168000024739000600500004908200790003046002000000,347195682159862473268347951425739168816524739973681524634978215791253846582416397,6
007006004000042001060000003748503200605001497921407035190070000076200040003109762,317986524859342671264715983748593216635821497921467835192674358576238149483159762,6
025090071000007605000400000200000000058001003000908000009082164001070209060039500,825396471943817625617425398294753816758261943136948752379582164581674239462139587,6
080200605007480009630509800003170400000020003100040508000700350000850060750001000,489237615517486239632519847823175496945628173176943528268794351391852764754361982,6
400000790008043201019750008190070000006080400005020000500060070080107000040030086,452618793768943251319752648194576832276389415835421967521864379683197524947235186,6
000007000092568000007000080270000016300706009004020070000673821018000060623100790,836417952492568137157932684275849316381756249964321578549673821718295463623184795,6
000030200000590000300001506600915742415820000279060000064170020003652010500300600,956734281182596437347281596638915742415827963279463158864179325793652814521348679,6
200618000800004700090020000102087005500206801000000267008000304910860500705002000,273618459851934726496725183162387945547296831389451267628579314914863572735142698,6
309007004100000002004020003002650780090408025081090040907280400040000508000000200,329817654158364972674529813432651789796438125581792346967285431243176598815943267,6
090001008057000941100930620060400500010006004480095067674000000905004803001050400,296541738357862941148937625763418592519726384482395167674183259925674813831259476,6
060957148409208000850040000030000007005830096190700830600080509000000004920070000,362957148479218653851346972238569417745831296196724835617483529583192764924675381,6
000910007003000050001003008500090083108035074430781500070500810800307005006048030,685914327923876451741253968567492183198635274432781596374569812819327645256148739,6
080400069000086040564930021000009400641000000790004210000091385000000602806502100,382415769179286543564937821258169437641723958793854216427691385915348672836572194,6
080032700007604008900001000800400270300097060009020003000000010025000300100005007,581932746237654198964781532856413279342597861719826453473268915625179384198345627,6
000010006360000900078000200201073608680042507007009400006701000810260000723000060,492318756365427981178956243241573698689142537537689412956731824814265379723894165,6
062098003384506000007000020070604500000002008000870940010000080048000300000400019,162798453384526197597143826879614532451932768623875941716359284948261375235487619,6
004200360300400008000010470000090800538700690006000004752000000863100500091508030,174289365325476918689315472247691853538742691916853724752934186863127549491568237,6
009010040300500001010002800890040002000060030400000900502084000081027005000100008,259813746348576291716492853893745612127968534465231987532684179981327465674159328,6
513000860000000205070800000084100000200080741050003900097000003100709082028000170,513492867849376215672851394984127536236985741751643928497218653165739482328564179,6
010590370003000890000703205364000000500040000081002530000064100079000000140000080,412598376753426891896713245364859712527341968981672534238964157679185423145237689,6
700600000600710004120480009806000000503060190010008650900807200081500000257000800,748695321639712584125483769896351472573264198412978653964837215381526947257149836,6
000600050600540730500900020148006000907800010230007540720400165060010400091065200,319672854682541739574938621148356972957824316236197548723489165865213497491765283,6
930800050805030001070205030000762000280513460067400003092100380013928005050306210,934871652825634971176295834341762598289513467567489123492157386613928745758346219,6
070085009000001050005300804040000000020070460900000275000024310260013598081900000,476285139832491657195367824647532981528179463913648275759824316264713598381956742,6
000820400001537080086910020000700350253001700600309800195000200000095130300108060,539826471421537689786914523918762354253481796647359812195673248864295137372148965,6
200050893580009007000807150162700040800000670057000218635021700910070006000500931,276154893581239467349867152162785349893412675457693218635921784914378526728546931,6
073056000009802000108040000010029670706085001900000504297000016300098050000071309,473956182659812743128743965514329678736485291982167534297534816361298457845671329,6
870006040100790830500810097980000010700000925200179008090561070300028000602307080,879236541124795836563814297986452713741683925235179468498561372317928654652347189,6
000157024002009070074000058003500702200070006060090300300010040000000260596024001,839157624652849173174263958943586712285371496761492385327618549418935267596724831,6
009304700105078209007100030508031000403020800020900354000245000004803020000010406,269354718135678249847192635578431962493526871621987354786245193914863527352719486,6
090270010672104000054000720080500000410809000067040000040000690000090187709000245,398276514672154938154938726283517469415869372967342851841725693526493187739681245,6
413260000050700008908100000067000002090000050024387000000800005045000901786010320,413268597652739418978154236367591842891426753524387169139842675245673981786915324,6
020008900050761008081920007846507103010083090009210000068170009090000070075039016,627358941954761238381924567846597123712483695539216784468172359193645872275839416,6
000000903610090508700050600021000000964780052870002090280000705090820430100075289,458216973612397548739458621321549867964783152875162394286934715597821436143675289,6
500000003000082907090001428100200540050010300000060071000003009375800010040106230,582947163413682957796531428137298546658714392924365871261453789375829614849176235,6
000008001800130504701000200000080170500460000310705048008000009090000400003040017,954628731826137594731954286649382175587461923312795648478216359195873462263549817,6
074002000602030000081070000100005098428106750090384100009653200067000004013007000,974862315652431987381579642136725498428196753795384126849653271267918534513247869,6
093000080706800305008090002860930004304020008200008000030002810071503000082149000,193256487726814395548397162867931524314625978259478631435762819971583246682149753,6
807010064090006807602084000070048000089060400406390000000000081710630002040001600,857913264194526837632784195371248956589167423426395718965472381718639542243851679,6
392100800048093060005040000200480010050001008801005934107908406006000009080000200,392156847748293561615847392273489615954361728861725934127938456436572189589614273,6
240735900003402050080019400008093210520048006000200000300907500000800300890300000,246735981913482657785619423678593214529148736134276895361927548452861379897354162,6
419705006300802004520069317200100740001600500870000091105006070790000100680500009,419735286367812954528469317256193748941687523873254691135946872794328165682571439,6
009706480006040005002000007640001070700489000003507001000094006094650000805070920,519726483376948215482315697648231579751489362923567841237894156194652738865173924,6
007000120000000009910300087005038006080470502000652000001000094629000003070900200,367894125548217369912365487295138746186479532734652918851723694629541873473986251,6
537809000090700030006500700000600000600020170980070506804100000370000609059000800,537849261298716435416532798723651984645928173981374526864197352372485619159263847,6
019260705006907128020000004004000819960028503000009200095610000002043001140090000,819264735456937128723581694274356819961428573538179246395612487682743951147895362,6
005000963000564082600030070006470000300600050002100096500000010209318500100000230,845721963793564182621839475986475321317692854452183796538247619269318547174956238,6
000070090007080056900030407000407060006058074794060580679020045030040000048610039,365174892417982356982536417853497261126358974794261583679823145531749628248615739,6
450600037000423650026007890070000008183700000905000002030800900000250080840000020,451689237798423651326517894274965318183742569965138472532871946619254783847396125,6
590071000200300950080509170401000500700005300035900207372000000906002080000093620,594271836217386954683549172421837569769125348835964217372658491956412783148793625,6
000000641500800009030000050003401987019000002604000013090084020000009075008250194,987532641521846739436197258253461987819375462674928513195784326342619875768253194,6
100700903950106000087900010502008060090201300060500028400000580070000000000095000,146782953953146872287953614512438769798261345364579128439627581875314296621895437,6
090508327500002061000060400010070298008000004050000106100057083005406700702300000,496518327573942861281763459314675298628139574957824136149257683835496712762381945,6
008005000000001203304906000070308090003000782050260430001070900280590000497010000,728435619965781243314926857172348596643159782859267431531674928286593174497812365,6
060000030904620007003001496096400000008017600170000000010708000009030010300090508,861974235954623187723851496296485371438217659175369842512748963689532714347196528,6
582301060000000007040620005050060701020000400410507000200000549904000020000040006,582371964693458217147629385358264791726193458419587632271836549964715823835942176,6
700000006000410090180200700002001000560098140019042560908120000000080900000004003,794835216623417895185269734842651379567398142319742568938126457476583921251974683,6
400800060800400005031000700003050040275046003100000020019000050300500000548907031,452871369897463215631295784983752146275146893164389527719638452326514978548927631,6
361050002900007305780030096096010000270040000000720004800394070040001053030685000,361859742924167385785432196496518237273946518518723964852394671649271853137685429,6
010000000000730120300010008000609700065000080791048030028001000030480000070325001,617892453859734126342516978283659714465173289791248635528961347136487592974325861,6
000100240320004005100097060400009086080416000236500014860001400014005023003600800,698153247327864195145297368471329586589416732236578914862731459714985623953642871,6
200001005083745090070902800800000000700094502900500718300000900000270050020650100,294381675683745291571962843835127469716894532942536718357418926168279354429653187,6
000000036000800000508196427000000758070060000820730901007052003210300085350081004,192475836764823519538196427643219758971568342825734961487652193219347685356981274,6
094000300060890740800430000009200030000140890030079604003005086670000203000006470,194657328365892741827431965419268537756143892238579614943725186671984253582316479,6
510602080800030500092000000020001004005907130007240008008006200609400005200000000,514692387876134529392785461923851674485967132167243958748516293639428715251379846,6
000249050230701009900000200500870092000003074004002135400300016000000508800000347,168249753235761489947538261513874692629153874784692135472385916396417528851926347,6
005000810000008000178006002706002000000600300903050040821063754300010600604080003,465329817239178465178546932786432591542691378913857246821963754357214689694785123,6
008040090700590106006720000000010070405009802007260900080030009601082530009007001,258146397734598126196723458923814675465379812817265943582431769671982534349657281,6
000631000020094100000000809400000003200903000907040080000405007104069050508017900,849631572725894136613752849456128793281973465937546281392485617174269358568317924,6
030800600718200093290134805300078064800000000000400208080702006000943100000000029,435897612718256493296134875321578964864329751579461238983712546652943187147685329,6
001003800560000020309800000006900000800010000900000463607008200000564700080700690,421653879568479321379821546736945182842316957915287463657198234293564718184732695,6
002001780000378000970402001040500008089734100507100400000803090000260040060905017,352691784416378952978452631641529378289734165537186429724813596195267843863945217,6
009504000070001000062008904945002708008100000610800005000280037050000400086400002,839524671574691823162738954945362718728145369613879245491286537257913486386457192,6
814207650070000080000003000509021748700460200048079301020804000000050000087936500,814297653372645189956183472569321748731468295248579361625814937493752816187936524,6
000900030090070150054030600730804500109050483500301907080700000000003740301040005,817965234693472158254138679736894512129657483548321967485719326962583741371246895,6
000000160004001708000700340000025080591060000002000009900000014007190000120034070,789243165234651798615789342376925481591468237842317659963872514457196823128534976,6
300405000500317080720800450106574000800030000050100030403008001000760000000000820,368425179549317682721896453136574298897632514254189736473258961982761345615943827,6
300900060260800010004006002000000100905600004040073659501400000000380006603205040,358912467267834915194756382736549128915628734842173659581467293429381576673295841,6
036000004010304570000000023000027000070080050390600782020700000080000910109800037,736258194218394576954176823861527349472983651395641782523719468687432915149865237,6
000870250000004100006501300300206000900007063060450902007042000680305029090708000,413879256529634178876521394351296847942187563768453912137942685684315729295768431,6
070143268230076050080009010713465000000908000009712000058001000000657000360284095,975143268231876954684529317713465829526938741849712536458391672192657483367284195,6
000064005072080004000073020400090000703000100001040000056002070010009036080400050,839264715672185394145973628428391567763528149591647283956832471214759836387416952,6
000000000015627439060050001001030200300010006500760000002000314000003500000541092,473189625815627439269354781641935278327418956598762143952876314184293567736541892,6
009000502243008609001060073075003000010004000000027006000009800004316000096005004,769431582243758619581962473675193248912684735438527196357249861824316957196875324,6
306009700007020530200006800000042090009300200000600040508060400600000002070004100,386159724197428536254736819735842691469317258812695347528961473641573982973284165,6
500067000076020005082945000930000008000000300058203010700480002120030807040700060,591367284476128935382945671934516728217894356658273419763481592125639847849752163,6
009700006003650070060048000038200700002310004500800032004020307900003000305000480,859732146243651978761948523438265791692317854517894632184529367976483215325176489,6
923046000000037001076900402500003290069070000000020000602300704430760150015004023,923146875854237961176958432541683297269571348387429516692315784438762159715894623,6
503090104600280395090010000009001800056837200000000000300060008900000053004500960,523796184671284395498315672249651837156837249837942516315469728962178453784523961,6
000003900005401006120096000006048070380010402017030000800000000001804029060150800,648523917975481236123796584256948371389617452417235698894372165531864729762159843,6
070042068000037000000086230000704950900800000040095021180000090004200705000050603,573942168628137549419586237831724956952861374746395821185673492364219785297458613,6
497301526600002004052060009270139005035200907900700030501670000000000740700823650,497381526613592874852467319278139465135246987964758132581674293326915748749823651,6
612000040000100900970000560890000700240000100060090480050640000000030090706005210,612359847584176923973428561895214736247863159361597482159642378428731695736985214,6
610007400025816097090025006000000750580702600060050243900000802150000904800004060,618397425425816397397425186241639758583742619769158243974561832156283974832974561,6
527190368009008020184006009031200986850000230700860100078000010000005000045600003,527194368369578421184326759431257986856941237792863145678439512213785694945612873,6
501000030096530100000640500950006007000300005080400290070200860069050000008004051,541987632796532148823641579954826317612379485387415296175293864469158723238764951,6
000090600000030208700100405200083004000060070090001080820019306600008021030000000,152894637964537218783126495275983164418265973396741582827419356649358721531672849,6
206004070030800025000921000043102000920605304801409267000503800000096050090200030,216354978439867125578921643643172589927685314851439267764513892382796451195248736,6
108250004672901500300080102500069000007018000000470000000020900420097056050034201,198253764672941583345786192514369827267518439983472615736125948421897356859634271,6
000070604000894231030106000054000002160530000309640000006000827000460913000000506,891273654675894231432156798754981362168532479329647185546319827287465913913728546,6
020000098010352060070000300000004000800000609096003054280005016450200983060918040,325746198918352467674189325532694871847521639196873254289435716451267983763918542,6
070063004106040700400001068000000010091605003200008000080090005004000030005000207,578263194136849752429751368657324819891675423243918576382197645764582931915436287,6
214060030070398400039000756460000007700000010195020003320056189000000070050071000,214567938576398421839142756463815297782639514195724863327456189941283675658971342,6
000053090000900506070006832403701005092048000657309001530070000746000000210690000,861253794324987516975416832483761925192548673657329481539174268746832159218695347,6
000000730000008400416037080008400327000389600600000098060871549000090270950003861,829164735735928416416537982598416327271389654643752198362871549184695273957243861,6
005084900000000020900000003100030472307005106000076300470091000680050001000020040,265384917731569824948712563156938472397245186824176359472891635683457291519623748,6
005801070780046913190000000631900802000003100000000000017020060423008501000139020,345891276782546913196372485631957842274683159859214637917425368423768591568139724,6
015060009080400002300000740059080020600020000000000605000200057208053000540906080,415762839786439512392815746159687423637524198824391675961248357278153964543976281,6
000032800600000930030008040102004590040000018090710003900500170010070280020800309,471932865658147932239658741162384597347295618895716423986523174513479286724861359,6
103500490009001200040098510090800005500004020024905800001209074002000000905106080,183562497659471238247398516396827145518634729724915863831259674462783951975146382,6
040001200007400180806009340000700430000040052034000708005002810400007009109000603,543871296297436185816259347652798431781643952934125768375962814468317529129584673,6
000000700500076924700090508350008200008054009640000850005601080860030090001000400,496825713583176924712493568357968241128754639649312857975641382864237195231589476,6
050030700600050900002008006000005890500600003090821600200087400000063289030190507,851936742673254918942718356126375894587649123394821675269587431715463289438192567,6
200501397600004012050000408049020056100607000700840001910400600502900803000000009,284561397697384512351279468849123756135697284726845931918432675572916843463758129,6
390000160627300098005896000000700000000089701800060259001008000500007006000030510,398274165627351498145896372913725684256489731874163259761548923532917846489632517,6
803740000000010800000859031109205360030470058080903412000500000004697103308024795,813746529596312874427859631149285367632471958785963412971538246254697183368124795,6
087106300603080050002000087001009870200018006300670012030000500016300208000861043,587196324643782159192453687461239875279518436358674912834927561716345298925861743,6
721038900409000000803006172070090008100050200000804750580070620097005803010000000,721538964469721385853946172675293418148657239932814756584379621297165843316482597,6
350071098201030050784509100030007000100000000947060010870003400000000509000840300,356471298291638754784529136635187942128394675947265813872953461463712589519846327,6
010486590240795100950020000580000300400150020700238940000809004120600000800502003,317486592246795138958321467582964371439157826761238945673819254125643789894572613,6
100309208320010504509020173000032609000000702208670315034085920800060430000243800,147359268326718594589426173715832649463591782298674315634185927852967431971243856,6
070914600040000580100060947000472000467009003201000409020800006700040000310607004,875914632649723581132568947983472165467159823251386479524831796796245318318697254,6
040070921200006300930040000700000009060009400190000857400620103387195064600037508,846573921271986345935241786723854619568719432194362857459628173387195264612437598,6
700020900608710053032965010000000067503180490074002100340200001107800000000000004,715328946698714253432965718921453867563187492874692135346279581157846329289531674,6
084100509107040000090000001020005010010680005008000396900070034700000900802590160,684123579157849623293756481426935718319687245578412396965271834741368952832594167,6
003001600400300090000700020692800007107000408300070062040902000908607240206400010,723591684465328791819746523692834157157269438384175962541982376938617245276453819,6
240358900001400000800902007080700204504200009392080000000600700019820543000040002,247358961931476825865912437186739254574261389392584176423695718619827543758143692,6
008094020000080704020710083000009002000007406092108500005870600000000000980042001,378694125519283764624715983763459812851327496492168537235871649147936258986542371,6
048372900035400008290000000010085090502004187000720000050090034000100000920047615,648372951135469278297518463714685392562934187389721546851296734476153829923847615,6
001034076000100000000706123018040602006005080009600304407093000100000090000400005,521834976673129548894756123318947652246315789759682314487593261135268497962471835,6
002800100000010000490000008000078010000040905800190607148960200625080000000051004,572839146386714529491625378963578412217346985854192637148967253625483791739251864,6
070400090400080670015270308000950400120060083006800720201008000900000000034500060,378416295492385671615279348783952416129764583546831729251648937967123854834597162,6
609705000070040000400020600300060000000590063002108000900300048148209736000070900,629785314873641592415923687391467825784592163562138479957316248148259736236874951,6
000040050500100003300052600803406905000038004010007836704305001009084500250000000,697843152582169473341752698873416925926538714415927836764395281139284567258671349,6
000400078085761090017020004000000086860205307043008001070500010000080702128000405,632459178485761293917823654251374986869215347743698521376542819594186732128937465,6
413070850000200603002030714300080060700004531000100270030000080006018300007069105,413976852875241693962835714351782469728694531649153278134527986596418327287369145,6
063095000209000005170602903300008090050000030016400800000200040600037010030000050,463895721289371465175642983327168594854729136916453872591286347648537219732914658,6
062001030500000206001000500000016000905040000046598000208004301000003460030025000,462851739589437216371269584823716945915342678746598123298674351157983462634125897,6
000107000000200054742000000000000100400020070357000002504306980970000013038000465,695147328813269754742538691289754136461823579357691842524316987976485213138972465,6
000600985000000000080050007070095010040073029000026750006040000350209170000500302,437612985569738241182954637273895416645173829891426753726341598358269174914587362,6
000300017180965203000001059326000070418650932900400006040006700000090500000200364,659342817187965243234781659326819475418657932975423186842536791763194528591278364,6
200705100005900203070030000507400000041073805086000000750319408100050000030046000,293765184615984273478132956527498631941673825386521749752319468164857392839246517,6
000047000026809450000000860200010009904200006005900070400160790037092005090000000,583647921126839457749521863278316549914275386365984172452163798837492615691758234,6
001900420280000010930008006000040001009701005400000060600402000100380000800107093,571963428286574319934218576728645931369721845415839762653492187197386254842157693,6
007962804006003500000000060300005020070280603000730948090020080040500300210000490,157962834826413579934857261389645127471289653562731948693124785748596312215378496,6
800047190230008400090050000028000531049800076050001009073584002000310000010002300,865247193231968457497153628728496531149835276356721849673584912582319764914672385,6
007000009050003278080670305060000400003900000010506092000007050008050963100360020,347285619956413278281679345569728431723941586814536792632897154478152963195364827,6
060000000037608050000470006100096087906137005000800090000902070020301069000050030,861529743437618952592473816145296387986137425273845691358962174724381569619754238,6
020080640000020018049000020453070000000150000000900574500360007010700000704008106,127583649365429718849617325453872961976154832281936574592361487618745293734298156,6
305040000000103405070500913729000000041027060006000002007002034090060800000708090,315249786968173425472586913729615348841327569536894172187952634293461857654738291,6
289064005000009000001800090050700900060000500008001003406080020800902030900003408,289364715573129846641875392152736984364298571798451263436587129815942637927613458,6
200040310903001240040200908090000000704090020300000401002030000400070000501004080,286947315953861247147253968698412573714395826325786491872139654469578132531624789,6
900800100087094635310705048060007500532900060800002400704200300000000050698503200,945836172287194635316725948469387521532941867871652493754219386123468759698573214,6
127508603090034021834260050900300100308006095400009006200910500700000012000400067,127598643695734821834261759962375184378146295451829376246917538789653412513482967,6
056300490000000673013649200040760019100924030008035004030006050690800040000090000,856372491429581673713649285342768519175924836968135724237416958691857342584293167,6
000000040063027015507601082050000060702000008000500093176902000980750601005000000,218395746463827915597641382859234167732169458641578293176982534984753621325416879,6
003600780000000004725084900074060510056408200390501000030040807080200050009000002,943612785861759324725384961274963518156478239398521476632145897487296153519837642,6
000000006060209050800140300500010034000500720713000009208300000076005000034000000,427853196361279458895146372582917634649538721713624589258361947976485213134792865,6
050041030169800745240765089408007301000103094001400270004079010080514903900300007,857941632169832745243765189428697351576123894391458276634279518782514963915386427,6
157000800000000030004058007600109320000036709000820000540002600000090048020600900,157463892896217435234958167685179324412536789973824516549382671361795248728641953,6
001030900730600010920400530000000061162309450003006290000004029000000645500900780,651238974734695812928417536895742361162389457473156298387564129219873645546921783,6
700602409290150003058000061000001607100040308360070010023000080000030020000008930,731682459296154873458793261985321647172546398364879512523967184819435726647218935,6
500002790000503426267014305050030078100080530300105000010420800085000000000058019,534862791891573426267914385456239178129687534378145962913426857685791243742358619,6
000009000100207009070006000840030050300040278297860014000500030005000800000170065,462319587183257649579486123841732956356941278297865314614598732735624891928173465,6
005000002007802003000010908001904800409308020062500394004095700090003005750046000,185639472947852613623417958531924867479368521862571394314295786296783145758146239,6
040023108003006900260701400001300200000800530002060040006100384070030609000000720,547923168183456972269781453851347296694812537732569841926175384475238619318694725,6
090004870620700009800300420000230704100006090032079600709500062010000000005000000,593624871624718359871395426956231784187456293432879615749583162318962547265147938,6
010306250002850001000402006045200003000040000701965000600000100100034020073108500,814396257362857491597412386945281673286743915731965842628579134159634728473128569,6
069020000004806010000097826390000504007900002000004001003000000040050060100680400,869521743724836915531497826396218574417965382258374691683149257942753168175682439,6
003200060670000002405980001000003829040809000009500014030090107708005200010002000,983271465671354982425986731157643829342819576869527314236498157798165243514732698,6
980260015070400000000097000010940000743058020000070480067810002500730640408020170,984263715675481239132597864816942357743158926259376481367814592521739648498625173,6
000000578040078009087000040006024037031800000904007000008300705310700062200000180,192463578643578219587291346856124937731859624924637851468312795319785462275946183,6
008906504395170006060200039900021087600009250152760493000803062000002900000000000,728936514395174826461285739943521687687349251152768493574893162836412975219657348,6
983000070050000001007002000870309004020014080410600030508070000700095460691003700,983541276254867391167932845876359124325714689419628537548276913732195468691483752,6
050604000004800039021030504400000020000060001007309480008000000005140000090070840,953624718764815239821937564436781925589462371217359486648293157375148692192576843,6
700001580000090600090650001000140306000700018350086020069003070007000090210000000,736421589125398647894657231978142356642735918351986724469513872587264193213879465,6
003000714460000958500074600295008360070002000100060000008000006709020000602403500,923856714467231958581974632295748361876312495134569827358197246749625183612483579,6
000506200000410083007208016428963170519800032006020809000600000205001060064382001,183576294652419783947238516428963175519847632376125849891654327235791468764382951,6
080007100420001870901000000800070020007600941000093700790030000614009030208716009,586347192423961875971285364869174523357628941142593786795432618614859237238716459,6
000080309380120005024300008056030090000800050700040000000000530103900700570610900,615784329387129645924365178456231897231897456798546213869472531143958762572613984,6
000008915069305000008004300000800000740009200000030054003450009800003062000200140,437628915269315487518974326356842791741569238982731654123456879874193562695287143,6
270800005500000041090052870000260457000000020000085000600020710100078630920306080,273841965586739241491652873819263457365497128742185396638524719154978632927316584,6
090301750074098016000070298000800520007000001400013060785102009000000080001000002,896321754274598316513674298169847523327956841458213967785162439642739185931485672,6
050700004008020015000006980300000560865302000907860000206504179000080253031270046,659718324478923615123456987342197568865342791917865432286534179794681253531279846,6
000008000098010700142075000059800614080000920204100507003490205070000830005083060,637948152598312746142675398359827614781564923264139587813496275476251839925783461,6
837096025915080076602170903080300200009860054400900031064008090003000640200600000,837496125915283476642175983581347269329861754476952831764518392153729648298634517,6
403087902500040700700590004005410000042000580061035070100000000004001805207800090,413687952529143768786592314975418623342976581861235479158369247694721835237854196,6
472630108000020000839000006000700840041083000000090603068002000100007300300800200,472639158516428739839175426953716842641283975287594613768342591125967384394851267,6
195062000000304020004000007400605080008000069060827000840053090003040870010070453,195762348786314925324589617431695782278431569569827134847153296953246871612978453,6
900070000540000300070093240000000009400201760700960004307000000800020070624719500,938472651542186397176593248265847139489231765713965824397658412851324976624719583,6
000086000020370084500100093002054007006007040040000260003790026080061000905000001,134986752629375184578142693892654317356217948741839265413798526287561439965423871,6
094350701520610000017040530000409305465003200930005800306500008059006070208701050,894352761523617984617948532782469315465183297931275846376594128159826473248731659,6
420800070010370206796000003000408002000005038002000094309000400680034907001007060,423861579518379246796542813137498652964725138852613794379256481685134927241987365,6
098002560030050018100760040000500706000000004307006850801030005209005380003000002,498312567736459218152768943914583726685927134327146859871234695249675381563891472,6
009762030006408007050009800005040019004005000062080040003090020000530470041027003,819762534236458197457319862785643219194275386362981745573194628928536471641827953,6
564090083280000700030481025600000070015009040009650310100832007002906000000045000,564297183281563794937481625628314579315729846479658312146832957852976431793145268,6
010039052090000734040000010000270006009008003080090475904003000120960080000702500,817439652592186734643527918431275896759648123286391475974853261125964387368712549,6
300000670050060800010007000100000980900008006865003100038200750072480000000000040,389541672754962813216837495123654987947128536865793124438216759572489361691375248,6
108500040003701000500020000400000900800149062012030000000967501001000400205400000,128596743643781259579324186436872915857149362912635874384967521761253498295418637,6
604503007009068250580100690300780900000005001198040375000004519001006008005809700,624593187719468253583127694356781942247935861198642375862374519971256438435819726,6
206810000130607000007205861609523178700000300503070006000782009005300087800009030,256814793138697452497235861649523178721968345583471926364782519915346287872159634,6
495100280000400900200009005908500304020000850000006000070600000180000500002390100,495167283836452917217839645968571324721943856354286791579618432183724569642395178,6
749000600035672091126094083300068002090007800004020300008030000960050208010009500,749183625835672491126594783371468952592317864684925317458236179963751248217849536,6
700230100690801007001490005000085000500043080008600000056720300379000000200309001,745236198693851427821497635462185973517943286938672514156728349379514862284369751,6
009002580030068070060500002006020053000659040005870209021740090007006000604001020,719432586532968471468517932976124853283659147145873269321745698857296314694381725,6
000590030020000701036040590090360050360015009518270364000020610050080400640007980,471592836925638741836741592297364158364815279518279364789423615153986427642157983,6
100000009000017280752960301000040700000079038000050020540780100860190053900000007,184325679639417285752968341295843716416279538378651924543786192867192453921534867,6
005070800001509070904080000000000100390000050010000038800604703003058000746903002,235476891681539274974182365568347129392861457417295638859624713123758946746913582,6
009400682200196743060203009002000100600030824040002305000021000003708200820309401,139475682285196743467283519352864197691537824748912365574621938913748256826359471,6
007081603006000800308406710003120960905600027002000530009000146600810000730000000,547281693126397854398456712473125968915638427862749531289573146654812379731964285,6
409800052078900006201050009020090030000006007007503000782405093005000401040370028,439861752578932146261754389624197835853246917917583264782415693395628471146379528,6
100007000000631472002040000000006008400000310000405720320060080050000001907000030,143527869598631472762849153215376948476298315839415726321964587654783291987152634,6
600214075000000190180300000208409300041000906900001040090002030410908560002043709,639214875524786193187395624278469351341527986965831247796152438413978562852643719,6
005030040000509030930864000426008570500000200009705080690080402000000001000056397,765132948842579136931864725426918573578643219319725684697381452253497861184256397,6
407009012801003607050070009305008920602500080000302401100800000000000000000017008,437689512891253647256174839315748926642591783978362451169835274783426195524917368,6
000102007005806200800090001604080003000609804000300160020960400000700000040023798,493152687715836249862497531654281973231679854978345162327968415589714326146523798,6
040030157005002000003000409000007004370050010050109003007000000400095871002700345,249836157715942638863571429921387564378654912654129783587413296436295871192768345,6
400000003007032600305960084708024300003890040000103068004010830100000400006240100,461587923987432651325961784758624319613895247249173568594716832172358496836249175,6
000000308040850200010023057080502704030074506750086020890060002160000030000300000,572491368346857291918623457689532714231974586754186923893765142167249835425318679,6
006009100731004000000000460060105007000092650085070040000700004027003000008050030,456839172731624985892517463264185397173492658985376241319768524527943816648251739,6
006003401400200083237800009070109030000000016000320005060010500542000090098070002,986753421451296783237841659875169234324587916619324875763912548542638197198475362,6
000090620254308100009170000870000004905006070020000050093004010007000040002001008,718495623254368197369172485871539264935246871426817359593684712187923546642751938,6
020000873960720000073000609001000007690000004004619200300180090280000001000907000,125496873968723415473851629851234967692578134734619258347182596289365741516947382,6
060900130800000000593720680005800049740000051109007060052108000900374000370000010,264985137817436295593721684625813749748692351139547862452168973981374526376259418,6
095400700061057290070090005003600007620070180700800040040000810080700004032080076,395428761461357298278196435813642957624579183759831642547263819986715324132984576,6
170543000500290301900060002000001020004005907010839504060000040020900700050000030,172543698546298371983167452695471823834625917217839564769382145321954786458716239,6
603000080700000324000320700200980100007053490059002000000040000071239806302010075,623794581795861324418325769234986157867153492159472638986547213571239846342618975,6
040000800000480010857200039301840020405603081700002640000096000009500000000028090,142937856936485217857261439361849725425673981798152643584396172279514368613728594,6
700365100000072030036481000000006401401700500625040007000050000259000000060009254,792365148814972635536481729973526481481793562625148397348257916259614873167839254,6
000004000090700080605000702500607090936000057004905600870300500063070840050000079,387124965192756483645893712518637294936482157724915638879341526263579841451268379,6
000050002000009073800200510000000000067090300004780961025904080908570000400001000,791358642542619873836247519389126754167495328254783961625934187918572436473861295,6
420000070068007000001042368000358204032004780804709000375491006100270040040803000,423186579568937412791542368617358294932614785854729631375491826186275943249863157,6
002009865000804300000520000560100900039007200201903006007000140100705002006000507,742319865695874321813526794568142973439657218271983456357268149184795632926431587,6
438090000605000080910003040000950030500000104163004900759000013086040090000309865,438596721625417389917283546874951632592638174163724958759862413386145297241379865,6
000900056000402987709800230050600090001390700970000560080730000400001000003000000,812973456536412987749856231358647192621395748974128563285739614467581329193264875,6
001009000508326971706800000000403090800197400479062000352008000010054830684200709,231749586548326971796815243125483697863197425479562318352978164917654832684231759,6
000800054825000000410005070100906480009080160008103009090520840701408692200600007,937861254825374916416295378172956483349782165568143729693527841751438692284619537,6
640007000980013040013046090350970200097402800000050009000030000070100053001004902,645897321982513647713246598358971264197462835264358719429735186876129453531684972,6
400801000800500000650003009064702038000030600503608020006325801085000002020006754,432891576819567243657243189164752938278439615593618427746325891985174362321986754,6
079004020630200000012056400020060000300000007000803000160920830400000002090430501,579184623634279185812356479925761348386542917741893256167925834453618792298437561,6
093000420027001500060723010000057009000306142600010000001005000000109000300672000,193568427827941563564723918412857639758396142639214785981435276276189354345672891,6
900000104400971005500003900090600001005000769326000050200010806089006503600809200,978562134432971685561483972794658321815234769326197458247315896189726543653849217,6
000016025600702000000040008000089357800007000007104890002000503034060701000008000,473816925698752134125943678241689357869537412357124896782491563934265781516378249,6
340010800000000006027634090501007080200106900004005000102968743483070009079003008,346519872915782436827634195591327684238146957764895321152968743483271569679453218,6
031090200500160070470000906000329408800015090003800001004270109007900000090000007,631794285529168374478532916715329468842615793963847521384276159157983642296451837,6
851390024046070300300842501934007006000003900080000005000000603020639000063008192,851396724246175389379842561934587216512463978687921435798214653125639847463758192,6
000709002070580040036001000068900721000802605052017000800006209600278054020190000,184769532279583146536421978468935721713842695952617483847356219691278354325194867,6
000401000720050000190203568000705209209100857547800030070060900900014670006907300,865491723723658491194273568618735249239146857547829136371562984982314675456987312,6
060008910053019000908040002601002395005031080000060001000596008582000400000004000,764258913253619874918347652671482395425931786839765241347596128582173469196824537,6
000900870002760049000000005007000100500008000368400900000047590086050401400180020,635914872812765349974832615247596183591378264368421957123647598786259431459183726,6
796408000100600009250070064605000030900167000421300900340820000562710400010500027,796458312184632759253971864675294138938167245421385976347826591562719483819543627,6
109000470325874906007000085034060008806040002790000000000785360078093000903002807,189526473325874916467931285534267198816349752792158634241785369678493521953612847,6
007369400000708003090542876040200000000080302008037500600051209010023607030000008,287369415465718923193542876346295781751684392928137564674851239819423657532976148,6
109630000000548130050019000070005301001080092000361740005193020007000903903002060,149637258726548139358219476674925381531784692892361745465193827287456913913872564,6
300000750075010090090574000034060800006031070050020000200308049483006500019000083,342689751675213498198574236734965812826431975951827364267358149483196527519742683,6
340001007000407000060009410000700045054010070712600098083070000070106004406800701,348251967921467583567389412639728145854913276712645398183574629275196834496832751,6
090560802061000300000009467006400100408000075105638900017004006040000001050106700,794563812261847359583219467926475183438921675175638924817354296649782531352196748,6
000873402000010030830200079010080063003700000008032100900008304300026751000047906,695873412427519638831264579719485263263791845548632197976158324384926751152347986,6
002090500400200007100674008807000200090006050506009070760900040300060709901437685,672198534489253167153674928817345296294716853536829471765981342348562719921437685,6
200005003570600408048020001005198604100500000086040150000274010000003285002050000,261485793573619428948327561725198634194536872386742159859274316417963285632851947,6
000708390007000000009350071000205180040003026000007000060481007200000910001032400,456718392317629854829354671673245189548193726192867543965481237234576918781932465,6
900000400080105000000000602030007200006002754240050830600039508000024100300000020,963278415482165379715493682538647291196382754247951836621739548879524163354816927,6
734010000060047500008603004050080030080100605000060190000800000800300209005021000,734518926961247583528693714156789432489132675273465198692874351817356249345921867,6
596710238200003907007092000400000620025041079000000080000937002000050001749100000,596714238284563917317892546471389625825641379963275184158937462632458791749126853,6
050908004000500801003001059900000315004000080000050400400006090070094523300800600,156978234792543861843261759967482315534617982281359476425736198678194523319825647,6
600021038000700000800000000000000016710000200009000405000050609040300000290076300,657421938934785162821963547482539716715648293369217485173854629546392871298176354,6
604307080370610459900000706100530000090720000032900001009070800000000000000050210,654397182378612459921485736147536928896721543532948671419273865285164397763859214,6
002807305007050629501006870403100090005904037009003000396000041004000000108400000,962847315847351629531296874473168592685924137219573468396785241754612983128439756,6
900005706610009850000000903360900040000060007209150308005071680006008530001506472,983415726612739854547682913368927145154863297279154368425371689796248531831596472,6
804001000107005840230400710600000050020050608709060000016800002908200500070000004,894671235167325849235489716683942157421753698759168423516894372948237561372516984,6
076405010040170580805090000700540620090000300020630008000000001400000760003000095,376485912249173586815296437738541629691827354524639178967352841452918763183764295,6
030058240000200008000039516320401900005097003190325680910070030070000000002943000,639158247751264398248739516326481975485697123197325684914576832573812469862943751,6
090000000605308907103000005050000704004080362070029050500000070048090506000004039,497215683625348917183976245852631794914587362376429158539862471748193526261754839,6
050600070700204300210370000000100730034020816007000040870060053301502600690400120,453618972789254361216379584528146739934725816167893245872961453341582697695437128,6
000620980000504000760000020908350002000840650050002008802700506070008030093065807,531627984289534761764981325948356172127849653356172498812793546675418239493265817,6
070090000000070800198503002083700514700015000050009200000000900000100050005082037,574298361236471895198563742983726514742315689651849273317654928829137456465982137,6
040000023000002400000000580007050300910000800050904002000039046002507908004001235,149875623865312497273496581427158369916723854358964172581239746632547918794681235,6
200010300400607002306805040509001004048000001030400008010308006000102900000000010,285914367491637852376825149569281734748593621132476598914358276657142983823769415,6
602000970005063000810047000051600000400030009000002600596380200000000090024500806,642158973975263481813947562251694738468735129739812654596381247187426395324579816,6
780613052103000004002478006325107400000090000009004007030001600000000008540709230,784613952163925874952478316325167489478592163619834527837241695291356748546789231,6
035010000000309507400005013500960100000400008100500790050706800300800000007000409,735218964216349587498675213583967142679421358142583796954736821321894675867152439,6
021305070708196325306720094800050036004087510000400000105000740070010000000870050,921345678748196325356728194897251436634987512512463987185632749279514863463879251,6
020007500000000906060039002840000060072060104650020738000006800100070005295080007,429617583318245976567839412843751269972368154651924738734596821186472395295183647,6
040900080082046709070000030005000020003008907900030000230810000000470201090620008,346957182182346759579182634865791423423568917917234865234819576658473291791625348,6
000307902036009547200005300510036079000790005307008604750062008001070056060050700,145387962836129547279645381514236879628794135397518624753962418981473256462851793,6
503007800008032060060058000000080000095206043037049650056000080700004010300020070,523617894978432561164958237641583729895276143237149658456791382782364915319825476,6
000090007007250460006307201001005900089100005000000710698020004503700820024800500,152694387837251469946387251271465938389172645465938712698523174513749826724816593,6
917042050250180046480590100032000480000420630800000000178050300040000210600304008,917642853253187946486593172732965481591428637864731529178259364349876215625314798,6
000010320040070900130692000000958400800001605510346000789000103020487069000039207,975814326642573918138692754263958471894721635517346892789265143321487569456139287,6
401009020000320400800000910206108000000000000000635142068054730050070090307006050,471589326695321487823467915236148579514792863789635142968254731152873694347916258,6
076800209040000008010402050107030620000026810602048000950000000023050080001300002,576813249249567138318492756187935624495726813632148975954281367723659481861374592,6
806009100074621000900070004030190000090084000700360910080706250460952700000010009,856439127374621598912578634235197846691284375748365912189746253463952781527813469,6
000004980083600420000800006109020000000000000200071000306205740002039651095000200,621354987983617425457892316179523864534968172268471593316285749842739651795146238,6
000003700200408690008900205104000800706001539000006024900004000057109002800605000,495263718271458693368917245134592867726841539589376124912784356657139482843625971,6
030500040904703815500900062300004000007391050000800070000009530000100007403057001,238516749964723815571948362356274198827391654149865273712489536695132487483657921,6
050004060400010080070208400004857029000362800080900700741600002000070000869003004,258734961493516287176298453634857129917362845582941736741685392325479618869123574,6
002309700008004600700000920270865000306041500054000176000630000009000800403008200,162359748938274651745186923271865394396741582854923176587632419629417835413598267,6
008900152500100000016020400143000009060081205205496007000610908090004000000050004,478963152532148796916527483143275869769381245285496317354612978697834521821759634,6
120000080090301264003080109030790010060805003009000700074010036010000020002607400,127946385598371264643582179235794618761825943489163752974218536316459827852637491,6
203700080000501090010820000008204000100005600034068000000607432300002000407083000,293746581846531297715829364658274913172395648934168725589617432361452879427983156,6
746000300500003601030000790060200000802040000051906000003520460610300000204000003,746159382529873641138462795367218954892745136451936827973521468615384279284697513,6
190020048720080301430600020600702000000130000009008010007003064003500100004000530,195327648726984351438615729641752983852139476379468215517293864283546197964871532,6
086009000000015006000038900002063810730591204690004050017006005000007000069050170,386479521974215386125638947542763819738591264691824753217986435853147692469352178,6
080000007000009004009500000930240080004901000520003040005610028008020400200798000,186432597352179864479586213931247685864951732527863941795614328618325479243798156,6
000000605050100040020365817400083000670040000000000000040006280092000300003294700,381479625756128943924365817419683572675942138238751496147536289592817364863294751,6
000000013701304002030090800009000037140003289008009600600802300000510020020937000,956728413781364952432195876269481537145673289378259641617842395893516724524937168,6
800006000390010000070040231050901600080400397030000000013000000007093086000570003,821356974394217865675849231752931648186425397439768152513684729247193586968572413,6
903206000407090050000030020009010780700403009136970245674000000000000000000500671,953246817427891356861735924549612783782453169136978245674189532215367498398524671,6
008650000074000612000040300281000509650829040000501060100084026802700000700010050,318652497574398612926147385281436579657829143493571268135984726842765931769213854,6
490000003008000609000007402600075091900806040050200360025100000000000000000004900,491628753278543619536917482683475291912836547754291368325169874849752136167384925,6
008060902003100080012008300970236008004780039006094721000002870035800046800000090,758463912693127584412958367971236458524781639386594721169342875235879146847615293,6
000500030008003040397000050820406073674231500030070200913080000080020005000309810,462517938158693742397842651829456173674231589531978264913785426786124395245369817,6
093501070407360000005798030000000007071800095560007000106003984740000503009005062,693541278487362159215798436928156347371824695564937821156273984742689513839415762,6
000060300065003000370000260053000100410906700706030598080005400504082671137640800,249561387865273914371498265953827146418956723726134598682715439594382671137649852,6
184000900702046003390000000507600100028500604041820050075000230210300748003070001,184253967752946813396718425537694182928531674641827359475189236219365748863472591,6
009060100000070800371008002963005001800006300210309608052000000006852000008007250,589263147624571839371498562963785421847126395215349678152934786736852914498617253,6
200304910070069000004000806500000740706000009041930060000600005400020001603090078,268354917175869324394712856529186743736245189841937562912678435487523691653491278,6
004200000260000000001300802976130084003000600402690003600000078300001420020046050,734289561268514937591367842976135284813472695452698713645923178389751426127846359,6
001076002600500000040010007905180024010205000402003050050400300009000145004050089,591876432627534918843912567935187624716245893482693751158429376279368145364751289,6
090000060000670003068030090000860000001090020236050049003020400482500000619080052,395248761124679583768135294947862135851394627236751849573926418482513976619487352,6
219087060007205000000000780721050004060000570008470210092000147070000900300790020,219387465687245391453619782721958634964132578538476219892563147176824953345791826,6
001463700000050080400000260600005800078940000000800570920007400003000000000029030,281463795769251384435798261612375849578942613394816572926137458153684927847529136,6
700100000250370000096508001000480039000736108010005060004600902000050603960000017,748169325251374896396528471675481239429736158813295764534617982187952643962843517,6
680000300900000500451360000000430685800000900009050002500071003200943850008020000,682795341973184526451362798127439685865217934349658172594871263216943857738526419,6
009000500045860000800005076580000463000080002002400085004310650900007010150090230,619732548745869321823145976587921463461583792392476185274318659936257814158694237,6
004800502006700839700209004960078450000000700007326198020480000000002341000017285,394861572216745839785239614962178453138594726457326198521483967879652341643917285,6
000204900008000300000000210102009000803045072075012000031408006004003001600700435,316284957528197364947536218162879543893645172475312689231458796754963821689721435,6
592061008360987251078002604926100800401058000007200410080000540049025087015800000,592461738364987251178532694926143875431758926857296413783619542649325187215874369,6
003000204090050700001080000809040176105008492040001805000810009060020310914630520,783196254496253781251784963839542176175368492642971835327815649568429317914637528,6
308004500105000000604000000906300050010040260042156090259037810431008070060021030,378694521125783649694215783986372154513849267742156398259437816431568972867921435,6
890004200306002008500080010200043050000560480400201760004005837083006020025000601,891354276346172598572689314267843159139567482458291763614925837783416925925738641,6
300007001080000204006002000812000003004001820690280107000920510050074096000500472,329457681187369254546812739812745963734691825695283147473926518258174396961538472,6
498207001005840900702090080300700042080024100504300000000080395000900000040002068,498267531615843927732195486361759842987624153524318679276481395853976214149532768,6
000004027120390805500082109002001004051000902030920050000200508010060473004070290,893514627126397845547682139962751384751438962438926751679243518215869473384175296,6
053080000004073082008409005800354007406700000005000038001007000500136024327905816,753682149194573682268419375812354967436798251975261438641827593589136724327945816,6
201004009000009000000800640010040073003070020427900060650407010000502000702600850,281764539546319287379825641815246973963178425427953168658497312134582796792631854,6
200003109017240008800091400009000060670002840108006907081004006000100500002600704,245863179917245638836791452429587361673912845158436927581374296764129583392658714,6
002150967060020040001706005008002010409010308000000402000000000600207000504901000,842153967765829143931746285358472619429615378176398452297564831613287594584931726,6
209001000005000400000005091892040050734500009060900040000604007057190024900327005,289471536315269478476835291892746153734512869561983742123654987657198324948327615,6
006070850205301000700805040901420008050017000604030700098050600000003000500600190,436279851285341976719865342971426538853917264624538719398154627162793485547682193,6
004293500302180007058400200001004000003600450000379010500032064030000070409700000,174293586362185947958467231621854793793621458845379612517932864236548179489716325,6
903100000001240390070900015100600030040080060006510049607320984000460050005001623,923158476561247398874936215158694732249783561736512849617325984382469157495871623,6
502010030000690820803000106005007240300004900008030060030009000000020308000000092,562718439174693825893245176615987243327564981948132567231879654759426318486351792,6
031000000000000400607000051008000006000005094403061580002910640865040200000050073,231594768589176432647823951758439126126785394493261587372918645865347219914652873,6
751362498634089000980704035093207006005930020200040009006873002020096000000105000,751362498634589271982714635493257186165938724278641359516873942827496513349125867,6
006831000001006039538090006003040020800000090002000600000003005000207068620084001,976831452241576839538492716193648527867325194452719683789163245314257968625984371,6
039000052040000369000900007003080900000019230090000785007100093902034671005697008,739846152548271369621953847273485916856719234194362785467128593982534671315697428,6
070020500003010904000005760850067000064000000097300001039540000100070040700001095,976423518583716924412895763851267439364159872297384651639542187125978346748631295,6
205060801064010907801000000030409010042650380010200064120047600480000000057030000,295764831364518927871392456638479512742651389519283764123847695486925173957136248,6
060070315300100900700093200003040000541008609090560400009000801002310704000000090,968274315324156978715893246683942157541738629297561483479625831852319764136487592,6
079400350004030978020070614481000000006098041007601800065100089108004000000085000,879416352614532978523879614481357296356298741297641835765123489138964527942785163,6
326789005751020089040006002180604090200801000500097800000000020090300000017060050,326789145751423689948516372183654297279831564564297831435178926692345718817962453,6
030060072020307400460018950008609340703001200006703090600032510512006708389005020,931564872825397461467218953158629347793451286246783195674832519512946738389175624,6
010009000480500073002070900043002008500380000001090007070000052000207300030010090,716439825489526173352178964943752618567381249821694537178963452695247381234815796,6
700002549009007000005840000070300091000790602506020837960000005308900064000610000,783162549649537128125849376872356491431798652596421837964283715318975264257614983,6
040003706205700003370000000010020008000107520502008000900001000054080310001000074,149253786285716493376894251417925638638147529592368147923471865754689312861532974,6
004070691602591408719000002000000020000050004000026700061080000003010005800207006,584372691632591478719468532156743829327859164498126753261985347973614285845237916,6
004365000070409615590010480230008000000520000000090300809076030003804001450030860,184365972372489615596217483237648159918523746645791328829176534763854291451932867,6
090270040500000007084150096010006000800002350400310008908501070050000609100000030,691278543532964187784153296315786924876492351429315768968531472253847619147629835,6
200740590701052000008031602000009040004000800300004907009420005600090004400587000,236748591791652438548931672857319246964275813312864957179426385685193724423587169,6
900850004842009050000430008009200086003610070608097000000000540360005000001000000,936851724842769351175432698759243186423618975618597432297186543364925817581374269,6
705089062083016040010000073000824631060071000000000007070105020090000050500207008,745389162283716549619452873957824631364971285821563497478195326192638754536247918,6
000312409004809200090746030003000600076004100045200007460007900709021000000090060,657312489314859276298746531923175648876934125145268397462587913739621854581493762,6
460000830000030009937100052070805001800071506000362000000700000050206003002053108,461529837285637419937184652674895321823471596519362784396718245158246973742953168,6
000100080003582670005700040007300000500600038039000560008070000062900057054260800,976143285413582679825796341687354912541629738239817564398475126162938457754261893,6
000070209900004010712689450206810030491300875380000000000000107507060000030700000,854173269963254718712689453276815934491326875385497621629538147547961382138742596,6
000740010804000007060050000500487000080563270370090500000610030630004000010035042,253749816894126357167358429521487963489563271376291584945612738632874195718935642,6
690000000000605004040100023350700001769031050020509030000910080586270149903800000,697342518231685794845197623354728961769431852128569437472916385586273149913854276,6
500000300600900100079000086000210037000080610000005040800501420093040001145730860,521867394684953172379124586458216937732489615916375248867591423293648751145732869,6
050400003370800090400602500000720010907004200003900750030100007700050040094008305,251497683376815492489632571645723819917584236823961754538146927762359148194278365,6
003086007840729010060000008032607009704095060089200000400008030058403600001962005,923186457845729316167354928532647189714895263689231574496518732258473691371962845,6
003240007200670000760005892000001004000980100030420080001000700476000001009700600,913248567285679413764135892698351274542987136137426985821563749476892351359714628,6
000900600040000519809060002270609804400780900008004020184050793032800006096000000,321945678647328519859167342275619834413782965968534127184256793732891456596473281,6
004050072000062098280907350469020003008000520750003000007005040900700030005030060,194358672573462198286917354469521783318674529752893416637285941921746835845139267,6
104090000702601903030007140000106708617000304200004561000400010040803000806010430,164398257752641983938257146495136728617582394283974561379465812541823679826719435,6
800009750000200630005047900069002407207000300000700090300870040500001000904000070,842369751791258634635147928169532487257984316483716592326875149578491263914623875,6
060020840000006009040980026050834010431502070800007050000009000000160080300008405,569723841128456739743981526657834912431592678892617354285349167974165283316278495,6
300040800060500190140800070928003000430000080700480320004300712500700048280000030,379142865862537194145869273928673451431295687756481329694358712513726948287914536,6
020908405057043060000000003009706300082300017000010080200000000064820001030079008,321968475957143862846257193519786324682394517473512689298431756764825931135679248,6
000007580000080407027904006080006010960001000000090003000740061070103050134560208,496317582315682497827954136582436719963271845741895623259748361678123954134569278,6
100046009600000100050100000090070200061080007307000086800510004002000010005098003,123846759684759132759132468598673241261485397347921586836517924972364815415298673,6
130085600804003005590264830600902703001006090300000500000007100415008007070019000,132785649864193275597264831658942713721356498349871562983427156415638927276519384,6
076400050950002000008530700007250000000000000005691030080000025062004300710025864,176489253953172648248536791437258916691743582825691437384967125562814379719325864,6
019030807000014000023706001290100030307005000105860070900000100070000009001400006,419532867768914325523786491296147538387295614145863972952678143674351289831429756,6
891040050000500000503001000070000500050180069209005000030618070000374810187050036,891742653742536198563891724678923541354187269219465387435618972926374815187259436,6
000070100000961827701024365067080400405000980000240001000008000009652700200030000,682573149354961827791824365167389452425716983938245671573498216819652734246137598,6
230000000097080362080300400062000108008000076000608053040837020023916084806400009,231764895497185362685329417962573148358241976174698253549837621723916584816452739,6
030050708400970000080000004001090000950632000300000025000180300070000019500009200,139254768465978132782361594821495673957632841346817925294186357678523419513749286,6
007000100050000834100200500008003420040020005900600700080074060000500340010000950,837456192652197834194238576568713429743829615921645783385974261279561348416382957,6
509030002030006050026009048005380190400000500013052006382705000050043009000600005,549831762837426951126579348265384197498167523713952486382795614651243879974618235,6
709804060300000907206000800030740000800035006070098300503006409427059681960007000,719824563348561927256973814635742198892135746174698352583216479427359681961487235,6
000000975000900020079004000000620300600035198350091000900107004800040700006089010,264813975583976421179254836491628357627435198358791642932167584815342769746589213,6
600000000002008065309000400090804050000090814000050020706041280000200601901000547,615427398472938165389165472293814756567392814148756923736541289854279631921683547,6
800000040040385700073000598491600205538000000627540980710060059000004007009107060,852719346946385721173426598491638275538972614627541983714263859265894137389157462,6
814002900372400000000000040009000020700500409053924107000140203040200008035890000,814752936372469851596318742489671325721583469653924187968145273147236598235897614,6
400009708005000401700010209100805306006000005040600010000001080900406003600738004,413269758295387461768514239172895346836142975549673812354921687987456123621738594,6
300005080460302010007000000000008009104000060000600051006000070005009004710020090,321965487468372915597841326632158749154297863879634251946583172285719634713426598,6
000610000700920400053740090070500049000800370000060001069170250480206900000300000,294613587718925436653748192872531649146892375935467821369174258487256913521389764,6
037002045985003001020800000701300904302008000800000003060200070008679000070080050,137962845985743261624851397751326984342598716896417523469235178518679432273184659,6
320040090008003005450020800000192068070586000860374520000007980010050374000030002,327845691198763245456921837543192768972586413861374529235417986619258374784639152,6
409850000018006007050100908004000009060401070000209400007605084000708395500940700,479852613218396547653174928824567139965431872731289456397615284146728395582943761,6
021040700604050001000000640000002380090103564403000002000027010100500006082600057,521846793634759821879231645715462389298173564463985172956327418147598236382614957,6
600031080200008591080000076008902600006015000010003000800090050760380020193200468,659731284237648591481529376348972615976415832512863947824196753765384129193257468,6
000000390200030007000810020100000803020003001840105062452360000300002610006708235,761254398284639157539817426195426873627983541843175962452361789378592614916748235,6
000410200000000185960028400600807930090000801800000020480301590039640008100080046,578413269324796185961528473612857934793264851845139627486371592239645718157982346,6
000708000000090700020603004002109605514006000700430020140960000000040008003802010,459728136631594782827613594382179645514286379796435821148967253275341968963852417,6
169020000800100700730006052090300000000600200010204089001430620300000005080001030,169725843825143796734986152298317564453698271617254389571439628346872915982561437,6
003100704047000860096742000705000900030065400481000000002078549000204003000030080,523186794147359862896742351765413928239865417481927635312678549658294173974531286,6
509001064000000000000407020045008007090006358300005000007002035000003001008074200,579321864624859173813467529245938617791246358386715942967182435452693781138574296,6
000060709086039204001000006310950080825000490009004521003290100200008000108000042,542861739786539214931427856314952687825716493679384521463295178297148365158673942,6
000000217007500904004701050300014500201050036008003109813000095000009300002100000,589346217137528964624791853376914582291857436458263179813472695745689321962135748,6
050060043406320000000004600005907086940106230017000504503018070091000000074690010,152769843486321759739584621325947186948156237617832594563418972891273465274695318,6
208459000031268040000001006000800030380000004907006000609107500000000700070003002,268459317731268945594731826456872139382915674917346258649127583823594761175683492,6
001467008480050000205030409000020100004710000003000007010000080002309610069000700,931467258486952371275831469798524136654713892123698547517246983842379615369185724,6
307059400108000009002000070014506900000030240000900801031640508409005600000090704,367159482148267359592483176814526937976831245253974861731642598489715623625398714,6
000800600109050708000900010460000803502000060708006200020300000376080040815409000,257814639149653728683927514461792853592138467738546291924375186376281945815469372,6
004007820080001500530820160300684250000000000000002318000006702000275600672108400,164357829289461573537829164391684257728513946456792318815946732943275681672138495,6
060007090207080036005004007000008210706010003500000000040051069050000000002043001,463127598217589436895634127934768215726415983581392674348251769159876342672943851,6
250700109070401603031050040007010060026004030045683920010260300500100206060090015,254736189978421653631859742397512864826974531145683927419265378583147296762398415,6
075000003308010007900700605860450300032000500000802004703008100080000032090040000,675984213328516947914723685867459321432671598159832764743268159586197432291345876,6
120008000096030000304162000087015000050740600410009200060024000048000090000976804,125498367896537142374162958687215439952743681413689275769824513248351796531976824,6
630027000049300070871500090162003409490000000008000206907805164010000000084090700,635927841249318675871564392162753489493286517758149236927835164316472958584691723,6
507090802000580070190020000000050006024000058980000307709238605806705200003064000,567491832432586179198327564371859426624173958985642317719238645846715293253964781,6
250048390001095020080013005060050000700020530005089006004001960000560103610902050,256748391431695827987213645169357284748126539325489716574831962892564173613972458,6
000043006000920500006018070089005200100200605540067000060000001203000700010600802,958743126471926583326518479689435217137289645542167398864372951293851764715694832,6
160809003050640080800072000036020500010068004000500000023000061001000009970010000,167859243352641987894372615736124598519768324248593176423985761681237459975416832,6
095860070478000001020000000050000290000009708000100300902087030040093107030400060,195862473478935621623714859751348296364529718289176345912687534546293187837451962,6
000800030046000020083090004038400090020006100004009053000001000300602509400970000,291864735546713928783295614138457296925386147674129853869531472317642589452978361,6
957003008001078060680500000700085091098126005006000000170852000805739124039604050,957263418421978563683541279742385691398126745516497382174852936865739124239614857,6
701600400000004710600210080000000853008076000930048071020400100800003900069080500,781635492253894716694217385476921853518376249932548671327459168845163927169782534,6
708130926300090051010008473060040719540709000000006500080070200000900080400080067,758134926324697851619258473862345719541729638937816542186473295275961384493582167,6
000300100020000900801962700005091200607038590100500040760100059010000403000040000,976384125423715986851962734385491267647238591192576348764123859218659473539847612,6
040735000000809140020614730807346010004580670000001080400008020060090800003200400,148735296736829145529614738897346512314582679652971384475168923261493857983257461,6
000601000127400000090507310005000602000063108000805090409302086700008000380700001,543681927127439865698527314835914672974263158261875493419352786756148239382796541,6
075000010002591470010207500000000029000720635009006100000100040001962007090005201,975634812832591476614287593563418729148729635729356184256173948481962357397845261,6
000108073058000410073400008300504020521700000004203000802000650000600807006051042,469128573258376419173495268397584126521769384684213795842937651915642837736851942,6
523076000000019000010002074807000000360090501000004080000063400286900030900087002,523476819478319265619852374847531926362798541195624783751263498286945137934187652,6
007000263006452700000007004070381000001005002905200100620000501150806000000500000,547198263386452719219637854472381695861975342935264178623749581154826937798513426,6
604009000370005002815200940200070300040090008056483000567004001000700006030000050,624319875379845612815267943281576394743192568956483127567934281192758436438621759,6
570803001800100230300007805059601000000570009200938056000009500060000000003005098,576823941894156237312497865759641382638572419241938756187369524965284173423715698,6
000020518209050406450008329824030107010080630000007000732800905006205703098000061,673924518289351476451768329824639157917582634365147892732816945146295783598473261,6
000490306600080005070050000000300908406009031930000004700825143023000000801906027,158492376692783415374651892217364958486579231935218764769825143523147689841936527,6
017204000046980000080700020000501700050602840002009350008000065700000203020090070,917254638246983517583716429864531792359672841172849356438127965791465283625398174,6
000000000816493057000786009900050000000940030005001060004007598090004100600009304,749125683816493257352786419973652841261948735485371962134267598597834126628519374,6
104000600065173800080006000002308006013065204000700301090000030000601005500004700,134289657965173842287456913742318596813965274659742381496527138378691425521834769,6
790002604205004000000017000060000020000060300400129008509230400040000070026001900,791382654285694137634517892967843521812765349453129768579238416148956273326471985,6
402081050009000006607040008070054000200000560300700004908000070000975840720030000,432681759589327416617549328876254931241893567395716284958462173163975842724138695,6
050200906001000500060009080310640298000000715072000000039068420706014850048002607,853271946491836572267459183315647298684923715972185364539768421726314859148592637,6
810000070320000950040290830030910000000700005050408060008000429400000500200049083,819354672327681954645297831736915248184726395952438167578163429493872516261549783,6
186003004000840091000000008020070400007090020540600070470000002263008000000200540,186923754732845691954716238328571469617394825549682173475169382263458917891237546,6
049008500608150200000000086361200054704630010000001000000090100050017023007002005,249768531678153249135924786361279854784635912592481367423596178956817423817342695,6
657000009924008057013790020591006208036100900478050000042800090005003080000040706,657421839924638157813795624591376248236184975478259361142867593765913482389542716,6
001700003000900642000008050176309000200870309308041700843007000012000008760000000,621754893587913642439268157176329584254876319398541726843197265912635478765482931,6
009006431008401060000000007062107000415030070300520600000080140003900758004003900,259876431738451269641392587862147395415639872397528614976285143123964758584713926,6
060500000047900683100000009090007300476000200001000756700060000000730005650002070,962583417547921683138476529295617348476358291381249756714865932829734165653192874,6
100008500080000600035090078002000807700000300040507200264005031300416702570003000,126748593987351624435692178652139847719284365843567219264875931398416752571923486,6
002000930308000000715000024200010800000060009601709003007831005800470002100002080,462157938398624571715983624279315846534268719681749253927831465853476192146592387,6
100003008000760200000000356705600030204539000086047900000070509603090000070800060,169253748538764291427918356795682134214539687386147925842376519653491872971825463,6
034800000750000408806401375000008000507013900008070501603000090001000602200006003,134857269752369418896421375319548726527613984468972531643285197981734652275196843,6
000902831730568924098341576810000300007000000000603708589036000002409053603050200,456972831731568924298341576814795362367824195925613748589236417172489653643157289,6
670000200182500073043280065510640000207003004400000000890001030050928700721000900,675314289182569473943287165518642397267893514439175826894751632356928741721436958,6
005000603002090100080063200006407020000030001017002005003049810000000004064800002,795128643632794158481563297856417329249635781317982465573249816128356974964871532,6
000000000083000100500087000100409207604000089020000600012700030300840001000150862,296314578783925146541687923138469257654271389927538614812796435365842791479153862,6
190785004035640009700290005360012900008000006029807000900100003000374002003000100,196785324235641789784293615367512948518439276429867531972158463651374892843926157,6
562908001309600820481052000098064703003000004054200010907010002835000109100090540,562978431379641825481352976298164753613785294754239618947516382835427169126893547,6
109000003354190207080005000500270001840601700091004020015006070600010400000503916,169742583354198267287365194536279841842651739791834625915486372623917458478523916,6
458000000310006400960408003530142090090360000071005360703081900180639702020504000,458923671312756489967418523536142897894367215271895364743281956185639742629574138,6
080000006619000000200030890102500340030100009800403012476351000901004060308000004,583912476619847235247635891162598347734126589895473612476351928951284763328769154,6
001580000000207000000003001000300507015470600700008009170690080000040702400005196,961584273538217964247963851894326517315479628726158349173692485659841732482735196,6
903800607008500930600100008090678000000050070005003000060900003340000261800006400,953842617128567934674139528491678352236451879785293146562914783349785261817326495,6
000839602060000000090261004001940800200100900000027040029370408600008290400602701,514839672862754319397261584751946823246183957938527146129375468673418295485692731,6
000209008401378005080000003030010809140083052900020300804050937000006081503800020,357269148421378695689541273235714869146983752978625314864152937792436581513897426,6
000000000090073102020041800000802503905060000000530070400020905250006000309058721,174285639598673142623941857746812593935764218812539476481327965257196384369458721,6
470001050002000700009000463684010500090502800025480030560100080038076040940000000,476391258352648791819257463684713529793562814125489637567134982238976145941825376,6
006100002840062309030890000003000078002671400754000006009000000170246003420900607,596134782847562319231897564613425978982671435754389126369758241175246893428913657,6
904007063030010009002600001400190087670802000381006005100080300008000040000060008,914527863736418529852639471425193687679852134381746295197284356568371942243965718,6
645008000200603705007010000090001000000000356500080100000100807102074090070035000,645728931219643785387519264796351428821497356534286179953162847162874593478935612,6
005400068100086400080702391500014070000025630000007512001200006030069187009100053,295431768173986425684752391526314879917825634348697512851273946432569187769148253,6
000250000130006092725083000009038460000064025040000000800090704070600800003807056,496251378138476592725983641259138467381764925647529183862395714574612839913847256,6
057046003600701508014000007132054789000087030000120000701000000040810370500000800,857246913629731548314598627132654789465987132978123456781365294246819375593472861,6
600008027003000690000700003007019200050060001000400000100004006894000002005920800,649358127783142695521796483437519268958263741216487539172834956894675312365921874,6
809207043000000001006098270900006050603000800001900030020010060000000092004360010,819257643275643981436198275942836157653471829781925436328719564167584392594362718,6
007000698104080305890360124080000431050001009400038560000003800030102900000050203,327514698164289375895367124986725431253641789471938562612493857538172946749856213,6
800000500750000009301000400000175084400823090107040000000092040974600200000704906,846319572752468139391257468239175684465823791187946325613592847974681253528734916,6
000540071750001002000620000020900000005002000000380200001008024080000060603010008,832549671756831942914627583328956417465172839179384256591768324287493165643215798,6
600400000010090000073520406030000068290300700180970340002040600000002170060030004,628417539514693827973528416437251968296384751185976342752149683349862175861735294,6
500100840008406509000005102000000280039002000040060000010678025080001004000030600,562193847178426539493785162657349281839512476241867953914678325386251794725934618,6
400002085008604031600050470064000700000001020182300500090036100210049000000000007,439172685758694231621853479364925718975481326182367594897536142216749853543218967,6
480076905090500470057100600070410030000930701000080500700001000003009140000060800,482376915196528473357194682679415238548932761231687594765841329823759146914263857,6
006005700100004000045000200700500008000908020000063090907000005600002904504100302,896215743172634859345789216769521438453978621218463597927346185631852974584197362,6
005417008040050006100000540000000020070000003300208710704500060000936004960704000,695417238847352196123869547489173625271695483356248719734581962512936874968724351,6
650000470040300009002500063005031008320000007869040300500002030010680000007000000,653928471148367259792514863475231698321896547869745312586172934914683725237459186,6
640039781357108000009000600960701500804000160070046392436000805005680004700000000,642539781357168429189274653963721548824395167571846392436912875215687934798453216,6
008001004070850069950602000013087000600005000700000001030248000000039108890016300,268391754371854269954672813513487926689125437742963581137248695426539178895716342,6
060700003005030090320490086958067042200043058630008071746010020592000000103500069,469785213815632497327491586958167342271943658634258971746319825592876134183524769,6
002605130009070000600003000253000600004000003000000901000301570970050300015040002,742695138539178426681423795253914687194867253867532941426381579978256314315749862,6
090837100000900008100500030046170352001390804380400000010000023005204007009753081,492837165573961248168542739946178352251396874387425916714689523835214697629753481,6
760205090050006027100000000628900400900704680007000902000091008000057006801600759,764285391359146827182379564628913475915724683437568912576491238293857146841632759,6
100208065020576000607009200580062079090305006006890501010653007300001650960024008,149238765823576914657149283581462379792315846436897521218653497374981652965724138,6
714280035600300000000700008820093654000504827060800309009030170000970000070000000,714286935682359741593741268827193654931564827465827319259438176146972583378615492,6
409128600070304182020060430350000060260070058900000001712006093000200540045030010,439128675576394182128765439357812964261479358984653721712546893693281547845937216,6
000102900003407061200060000120000406006000103004000029002000010060201500001680040,647132985893457261215869734129378456586924173734516829452793618368241597971685342,6
593062780420000013000000260080730000007609000064005070040008050608000402702096000,593162784426987513871354269285731946137649825964825371349218657618573492752496138,6
200080003356000000800000020020640500538291046009075010043700200712800394000030007,291584673356927481874163925127648539538291746469375812643719258712856394985432167,6
320841000006200394007630210000986007082010059600070800008100900000490780905700060,329841576816257394457639218531986427782314659694572831278163945163495782945728163,6
060100900208039000007060500084000030006090015000300200630001050905000107801540090,463125978258739641197468523584612739326897415719354286632971854945283167871546392,6
700109400400620000081407000106000007347560298000370046209006010014003060605200900,762189435493625871581437629126948357347561298958372146239856714814793562675214983,6
508001376790020008604700020010000003052004600006300010040000802085006009060070100,528941376791623458634758921419267583352184697876395214147539862285416739963872145,6
200000097009070285000980400000200050500064001070059000340000062197000048062501039,218435697439176285756982413984217356523864971671359824345798162197623548862541739,6
000007209080016403400503100002008300800130920370269000750092030000670502620000094,135487269287916453469523178592748316846135927371269845754892631913674582628351794,6
126000970900400000050000006041090300080500090000008062019006043030010000507040819,126385974973461528458927136741692385682534791395178462819756243234819657567243819,6
090210300000000100400037090300020807268079000100680000002703500030106780005002000,596218374783964125421537698359421867268379451147685239812793546934156782675842913,6
028000706600007150350062894075800060940000000803500400000951003000004010000030240,128495736694387152357162894275843961941276385863519427482951673739624518516738249,6
000100008940706000071400009100000003300801507027500090700200085400057000050000900,632195748948736152571482639165974823394821567827563491716249385489357216253618974,6
039400080712800046504000120041670002905000070027590000150340200000900030403206007,639421785712835946584769123841673592965182374327594618158347269276958431493216857,6
060784013340960000000001000128430000009006028050270000003000076097603000210007300,962784513341965287875321694128439765739156428654278931483592176597613842216847359,6
005000000087003001600007030090060002726004390004239000063500080070400020040306159,935641278487923561612857934391765842726184395854239716163592487579418623248376159,6
053008000406000208180900000000806002030017690000000705210703009300540020840000000,753128946496375218182964573974856132538217694621439785215783469369541827847692351,6
930006000020010089710000600000430760300050190000700020003600000079000050680900047,938246571526317489714598632892431765367852194145769823253674918479183256681925347,6
050190006260300900904280350000000100006015030090003670045008200070000503009500008,358197426267354981914286357483672195726915834591843672145738269872469513639521748,6
003009100240300060000582043000054020180720094020090007000006039006000200492001000,853469172249317865671582943967154328185723694324698517518276439736945281492831756,6
305409006000070090020300450700601503080000760506000201000902004000180005900004120,375429816148576392629318457792641583481235769536897241817952634264183975953764128,6
005200400080000970000007000461029803000000120090003047100504306039860000647030005,975286431386415972214397568461729853753648129892153647128574396539862714647931285,6
035197208001460000970320050020954000159276000060813002000500300800730605500001007,635197248281465973974328156328954761159276834467813592716542389842739615593681427,6
864730009300020764057604100405200000700000548090400320071000000003080000520000000,864731259319825764257694183485273916732916548196458327671549832943182675528367491,6
008209041450100090030540002000013000090005200300092158500604810010300407000901605,768239541452187396931546782285713964194865273376492158523674819619358427847921635,6
178050490603009020529007106700000340000573900090684071007400600000700000054002030,178256493643819725529347186765921348481573962392684571217438659836795214954162837,6
000036085084000100050480023003008002070900010240610000092000061760000530030060207,129736485384295176657481923913578642576942318248613759492357861761829534835164297,6
000080302090710060000043070201834000430009720008070143180000204007008900000300000,714586392893712465526943871271834659435169728968275143189657234357428916642391587,6
090300006658900700007068000900603000761000800020871090376105009849230170005704368,492317586658942731137568942984653217761429853523871694376185429849236175215794368,6
007951400010080005569704800108005000000000001020000008302048567800006120601307084,287951436413682795569734812138275649945863271726419358392148567874596123651327984,6
006000039840700000079620041004097018950280067700006000437962080692050070180070092,526814739841739256379625841264397518953281467718546923437962185692158374185473692,6
040780100903020800087000000400000005051040700070103900060090483839000201124008007,546789132913425876287316549492867315351942768678153924765291483839674251124538697,6
000400005000006000065000002180020073500700020200893540340108700850932600610540000,721489365438256197965371482184625973593714826276893541342168759857932614619547238,6
000007800020800000006030042200700050700000018050040900010509630075000029040061587,539427861427816395186935742261798453794653218358142976812579634675384129943261587,6
170008403080000000204030501000040007017609004030500060903000700000061900600000040,176258493385194672294736581869342157517689324432517869943825716728461935651973248,6
080600079600070010000008040028090000040786100070324000002000301060800420010430000,281643579634579218795218643328195764549786132176324895452967381963851427817432956,6
058700006009200000001604500560000287900578630870000950097453802000060400000800000,458739126639215748721684593563941287912578634874326951197453862385162479246897315,6
006074580801600000453000026100040008000080090289706400010800070060001003000060002,926374581871652349453198726137945268645283197289716435512839674768421953394567812,6
058007001000100080304000070897006154000010300001004007500091000003600000086200900,658947231729135486314862579897326154465719328231584697572491863943658712186273945,6
070000000056090800010250700090020080080014069602009350000900600769002510405107000,278643195356791842914258736193526487587314269642879351821935674769482513435167928,6
200409000090203048340070209700040003109326400000910002870000000024000000000000830,257489316691253748348671259762845193189326475435917682873564921924138567516792834,6
070000800094208050200507190809640000000005009000000010060100570541726080002009060,175493826694218357238567194829641735316875249457932618963184572541726983782359461,6
006030000910000807000910006670590008000870060008620103100000700080000290004000601,846735912913246857257918346671593428432871569598624173169482735385167294724359681,6
008400700004073000130600040400096300300200080010000900820064157500730860000815000,658421793294573618137689542482196375369257481715348926823964157541732869976815234,6
070092400300060900405031007150306000709000100006009003507010306000000850060003000,678592431321764985495831627154386279739425168286179543547218396913647852862953714,6
070643005400100700300000000003000020698020300250830097009000870830079041127000003,972643185465198732381257469713964528698725314254831697549312876836579241127486953,6
928000000000020890400007000641008902003070008280069045160040080052801407870005120,928516734715423896436987251641358972593274618287169345169742583352891467874635129,6
000001000000080000510000389000230906950406200203150800040003510795800600002060098,384591762629387145517642389471238956958476231263159874846923517795814623132765498,6
500800000010000802870000605001028006007005080000030701198400027050300104304010000,526871439419563872873942615931728546647195283285634791198456327752389164364217958,6
200008100500049870078201040007010900100026000486793015810900000050100420700584090,243678159561349872978251346327815964195426783486793215814962537659137428732584691,6
092050300000900005503028004260000007074005010009002000900207030006490000000030900,792154368648973125513628794265319847374865219189742653951287436836491572427536981,6
061090800000084010407000302030100470820000000010068005300600001050000720048000053,561293847293784516487516392635129478824357169719468235372645981956831724148972653,6
020050080001000507000080302004092708380617000570300001208900000706800900190264000,423759186861423597957186342614592738382617459579348261238975614746831925195264873,6
037100000000400826068050007006020051002305608000091002000710960001000700604009203,237168549159473826468952137946827351712345698385691472823714965591236784674589213,6
650100700124000005098003106007300564506000000002546070401729653075000419360405087,653194728124867395798253146917382564546971832832546971481729653275638419369415287,6
005100004008000390907640002500236009090814050080000063004527038009300400803400005,235198674648752391917643582571236849396814257482975163164527938759381426823469715,6
005302610000640500000105048030961850081037000500824001008006793009703006060080100,845372619912648537673195248734961852281537964596824371458216793129753486367489125,6
010700230000060074240530100932875401465200009780006002870000900023000040000007000,618794235359162874247538196932875461465213789781946352876451923123689547594327618,6
103908602009000015040000000010007034307000290064000100700800520000200308008030061,173958642689423715245671983912567834357184296864392157731846529496215378528739461,6
014000000020408305980207000173000249590002008248100006800001400039060021061000050,314956782627418395985237614173685249596342178248179536852791463739564821461823957,6
003005200000070480470100006060200100719003040004607090000001020100009700500080000,683945271921376485475128936368294157719853642254617893837461529142539768596782314,6
900050800056040020283001954000000040005600000000030080002490610461300090897100035,974253861156849327283761954618972543345618279729534186532497618461385792897126435,6
003080006000006019010040003892500001000860002500029000050618240000700090700403100,473981526285376419916245783892534671134867952567129834359618247641752398728493165,6
000025010000360000062400050090004063040000200008000041917002084820600135300000709,439725816785361492162489357291874563543916278678253941917532684824697135356148729,6
800100435003840027000030900204006010000250000001000302008003076736420009000000803,862179435913845627547632981274396518389251764651784392498513276736428159125967843,6
003580601205601000680034000100000060700120000008407009500843006930005008800910307,493582671275691483681734592129358764764129835358467219517843926936275148842916357,6
300090800000468031180002500030010098001830050004006003000105902008027300000903000,342591867579468231186372549635214798721839456894756123463185972958627314217943685,6
070030009000400280013009040094080062030070408000000390089001506040003801001058070,472836159956417283813529647194385762635972418728164395289741536547693821361258974,6
130005000708003000000084901901300084472018090003400000040802000860000020010000845,134295678798163452526784931951376284472518396683429517347852169865941723219637845,6
064000300210600500030040002050000006000096050001004720000087235079321008080460900,964512387217638549835749612458273196723196854691854723146987235579321468382465971,6
004010000500400180900070042209056014000003008005000000050069470100507003790100260,824615739573492186961378542289756314617243958435981627352869471146527893798134265,6
805306107000090005900000640040180006706500000200670510008200009000008000002000380,825346197467891235931725648543182976716539824289674513178263459354918762692457381,6
500008400008645130103700060917006850025087000000000700001900080004060000089000600,562318479798645132143792568917236854425187396836459721651974283274863915389521647,6
103000870700380009000007000910278503830950026000006000050060490480023000671849300,163492875724385619598617234916278543837954126245136987352761498489523761671849352,6
512009070000700000004005000000600810041008037896137542009421000007806000020573006,512369478963784251784215963375642819241958637896137542639421785157896324428573196,6
050046107702005000006200009300000061860153004004000503641000002009030600203060040,958346127712985436436217859395824761867153294124679583641598372579432618283761945,6
800600403916030008030108600702000090063050040089007000078061034300400000000700080,827695413916234758435178629742816395163952847589347162278561934351489276694723581,6
140070030076193004000804000300007906024030087000080003007020019090300072210700005,149275638876193254532864791385417926924536187761982543457628319698351472213749865,6
073006000904003156021000003005400000739608040142537680098760002250310060000000700,573186924984273156621954873865491237739628541142537689498765312257319468316842795,6
800030000062050030300264150040600002000703000603040000200008600080010079030090005,854137926162859437379264158547681392918723564623945781291578643485316279736492815,6
060000380304000070501003200008040006000000820000078050140027698800100000702004503,967412385324586971581793264278945136459631827613278459145327698836159742792864513,6
305067000429301060170004839590608703700005086000713000800036972002109000937000000,385967124429381567176254839594628713713495286268713495841536972652179348937842651,6
758360902324010008190200000031400800000058201000000060070600080002800390000030400,758364912324519678196287543231476859647958231985123764473692185562841397819735426,6
130269040004007200002430000007000052008010000000904080026000008809000670003000021,135269847984157263672438519497683152268715394351924786726591438819342675543876921,6
500100000006729000029805000000000002000000070407008360030576821005380600861400000,548163297316729584729845136683957412152634978497218365934576821275381649861492753,6
008023106001500000002807503020005419000400600000076050300600000000100060400052030,578923146931564287642817593726385419853491672194276358317648925285139764469752831,6
016000002000080073000270400403850720907600000050000000500410030001537008830960057,716394582249185673385276491463851729927643815158729364572418936691537248834962157,6
008300019030001780010842060100509000700160508385700600000210070009000100601005023,258376419436951782917842365164589237792163548385724691543218976829637154671495823,6
000902500048005200700400190869203040130800000002600000300000600096700000250300078,613972584948135267725468193869213745134857926572649831387524619496781352251396478,6
000002100052070006000600003690203800000090000480065020029500014000130002500406930,736942185152378496948651273695213847273894561481765329329587614864139752517426938,6
190000085006018003305006200573290068200600050040030900800029000930060042000003809,194372685726518493385946271573294168219687354648135927851429736937861542462753819,6
070590000095300208463000500904000086806700301310400002009005800000003007632070000,278591634195346278463287519954132786826759341317468952749615823581923467632874195,6
000000050000145300405097000704600000080079106926010875000001000608020003147000500,871362459269145387435897261714658932583279146926413875352781694698524713147936528,6
000083900000000280000100604050001043140708500890030100900340708620817309378002460,467283915531469287289175634752691843143728596896534172915346728624817359378952461,6
000007064034000750000004002100040073060000500047130806000470085090060007756208000,289357164634921758571684392125846973863792541947135826312479685498563217756218439,6
009000104000040356008600000864030025020000630500802000045090003090000010000500070,659723184217948356438651297864139725921475638573862941145297863796384512382516479,6
000810000080009040019024708050000407702000080090570000000900100000307020008062009,247815963685739241319624758156283497732491685894576312523948176961357824478162539,6
000000060000800007036900805090182000308007200700040086001200500209030000860400070,987523461542861397136974825694182753318657249725349186471296538259738614863415972,6
900006300002000470400002000008204061000100000301090500000800009689005040005040806,957486312862913475413572698598234761246157983371698524734861259689325147125749836,6
200010980304000070000008320690070008700200150005030060800000003400081700500600810,257413986384962571961758324692175438738246159145839267819527643426381795573694812,6
000620049060000180000010236090204070200593460600800900006000050920400008050086300,137628549562349187489715236391264875278593461645871923816932754923457618754186392,6
000308002060000930300076810082100000006083070490000108201030706009760001070500000,947318652168425937325976814782149365516283479493657128251834796839762541674591283,6
002105064100030090907000050090570080005842000000000405039200047060307908000480000,382195764156734892947628153493576281715842639628913475839261547264357918571489326,6
008010762020406501000700498179030000200078613006000000090000020000800059500002040,438519762927486531651723498179635284245978613386241975894357126712864359563192847,6
200470605010200073760903100002005400100000006003040007800000040004180700001304060,239471685415268973768953124682715439147839256593642817826597341354186792971324568,6
000091300870260009900008040006109050000340807540627930081070400250000080000000100,624591378873264519915738642736189254192345867548627931381976425259413786467852193,6
000080000023000008007403591902035000000910050030800000600000005040009307008200069,459781236123596748867423591912635874784912653536847912691378425245169387378254169,6
063800100000007086008000005507003020910208300200670018000504060045010800871936000,463895172159327486728461935587143629916258347234679518392584761645712893871936254,6
040009003206150000000800000760402835050673020320010760000000090603080000590001078,845729613236154987917836452761492835458673129329518764182347596673985241594261378,6
030004000590700841148900300000600182081003695600821400824000500317000000005200004,732184956596732841148956327473695182281473695659821473824367519317549268965218734,6
200853107830000400700000823002400700000082340400300006020004000503706014607018532,294853167831267459756149823362491785975682341418375296129534678583726914647918532,6
000040001600905730400200009956030080000060300708000605020000100300004070060350008,579643821612985734483271569956137482241568397738429615824796153395814276167352948,6
006209100507461300000070000003005010070000006265017000058006204600000901730140085,486239157597461328312578469943685712871324596265917843158796234624853971739142685,6
000002106200000750310000000600298517008050093090703060001409070070860340030007080,457982136289316754316574928643298517728651493195743862861439275972865341534127689,6
900025068040700953600908020100300500500000342030000000007253000400870205305090870,973425168248716953651938724162349587589167342734582619817253496496871235325694871,6
090008706762000810008700093007060009006854007043000600630085970009130560000009381,394518726762493815518726493857361249926854137143972658631285974489137562275649381,6
208001035070002619461090000009120000815309040300008001034207900007030120002914007,298671435573482619461593278749125863815369742326748591134257986957836124682914357,6
002480360006007000800060005700000008000001000469000051047910500620005000000270100,152489367936157824874362915713524698285691473469738251347916582621845739598273146,6
020004130730000064000130200050090000070006045086000000347028000800601070010070482,528964137731285964964137258453792816279816345186453729347528691892641573615379482,6
070000680006500037020006000018405076264700000000618040401000020080050093730080001,175342689846591237923876154318425976264739815597618342451963728682157493739284561,6
062700950007009360000080000000010620900800500006957100000000005050270004704030290,862743951417529368395681472578314629931862547246957183623498715159276834784135296,6
020104079005870006000950000000700028102000000900020065056247800000010007010089000,628134579495872316731956482564793128172568943983421765356247891849615237217389654,6
700000908900074005048500276080049000010000002500208300800000000050300820001400050,735621948926874135148593276382149567619735482574268391863952714457316829291487653,6
840070005207409060060100000300000700000701032070326000030004070401000308000000416,843672195217459863569138247326945781954781632178326954632814579491567328785293416,6
630400108020500400008060070000009000003600700059024006170950084000006090000040030,637492158921578463548361972762139845413685729859724316176953284384216597295847631,6
009500400300400000005970020004037150008050030523089700700090014000742080002000000,289513467317426895465978321694237158178654932523189746736895214951742683842361579,6
080007056465000700200600030700804060034010007002760940020008010540109002000000098,389247156465381729217695834791854263634912587852763941926478315548139672173526498,6
170040803009123040043000021000006070010700500230800609060090008300000200024387100,172945863689123745543678921895216374416739582237854619761592438358461297924387156,6
340010080060085214080000079100000900400000028058200701035000407094026050010050800,342917685769385214581642379123578946476139528958264731235891467894726153617453892,6
040010352807000046350694178078005420060001000000900680091832500004150800580400010,649718352817523946352694178978365421465281739123947685791832564234156897586479213,6
005000807000580030081002045070109300000000070003720980700000100092000003530900028,325496817467581239981372645874159362219863574653724981748235196192648753536917428,6
000697300607405809500200604000054000050301247710000000000800403000002705800540060,481697352627435819593218674238754196956381247714926538165879423349162785872543961,6
059067010182000700070100900001040000000079560020000009007506038000090200000004090,359467812182953746674182953961845327843279561725631489497526138516398274238714695,6
020700035907350000305462900002030050100800400759200018008090020000504000290000500,426719835917358246385462971842931657163875492759246318578693124631524789294187563,6
004000006000000020502069070950030100407080000200900054075003241801070530009250000,794325816163748925582169473956432187417586392238917654675893241821674539349251768,6
406720380010650009000490600849512730003860020005370800300040958081930000004080000,496721385718653249532498617849512736173869524265374891327146958681935472954287163,6
006010000943000000510032009480069003000020090039780406060057000300090060197040008,726914385943875612518632749481569273675423891239781456862157934354298167197346528,6
207600039100753020000000005030092506020165073560387000603270000400516308000034067,257641839198753624346928715731492586824165973569387142683279451472516398915834267,6
009004725000500800850370104918007040030040010040900208090708001080030400600001007,369184725174592836852376194918267543237845619546913278495728361781639452623451987,6
403006002560300090280700603320000507609000000100007069000082000800079021900103786,493516872567328194281794653328961547679245318154837269716482935835679421942153786,6
004007003003500200800000010000050000070000409491203800500106000040780000700090062,214867593963541287857329614682954371375618429491273856529136748146782935738495162,6
000003100603200008050000020000006080000080071500100203907508012285601709004092035,472853196693217458851964327719326584326485971548179263937548612285631749164792835,6
800090053000500700070120000708200900009000042050906017600002070500309060084070390,826794153341568729975123486768241935139857642452936817693412578517389264284675391,6
003000000046082000100903020201057360430016000005300001580000400000000002600009850,823675149946182573157943628291857364438216795765394281589721436374568912612439857,6
000008167300706450007401090030002010020007905000049006580073001100080070000210089,945328167318796452267451893439562718826137945751849236584973621192685374673214589,6
080000206521806340036000800003210005010000020205300008194003587300701004008094000,489135276521876349736942851863217495917458623245369718194623587352781964678594132,6
083020605504009010006570402600050700058000261000002040000305004800700000007280900,783421695524869317196573482642158739358947261971632548269315874835794126417286953,6
605030020080060090003204068700080040000009050000100006001300074907010600038076002,675938421482761593193254768726583149814629357359147286261395874947812635538476912,6
000490000063701900001050020040009000000007001180032046800000603012004009300010000,528493167463721958971856324647189235235647891189532746894275613712364589356918472,6
200008000100320060490001020000002600610547008800169507000006170061005002980010456,236958714178324965495671823547832691619547238823169547354286179761495382982713456,6
607400002840096071001007649000040920900001400000069513009104085184900030503600190,697413852845296371231587649316745928958321467472869513769134285184952736523678194,6
056000090000208506408009370000090608205004009609005020000307000090086007002000400,156743892937218546428569371374192658285674139619835724841327965593486217762951483,6
003050000746310080000084007008970100030860702970400000080046000367000010405000026,823657941746319285591284367658972134134865792972431658289146573367528419415793826,6
401002769000090510069100023036020407000004236000003100602008040370250680008000302,451382769823697514769145823936821457185974236247563198612738945374259681598416372,6
020400010009237000870100203000001080008020000001800027516790002902050000400600809,623489715159237648874165293265971384748523961391846527516798432982354176437612859,6
703090086040010000010307000950000000207089600081734200005206408068000000000000001,723495186549618327816327549954162873237589614681734295195276438368941752472853961,6
500017020708300500200005780007900000901082000002003950170630800004000070009200060,546817329718329546293465781437956218951782634862143957175634892624598173389271465,6
000900060683000010100080000004130850060007290205090700706050000400003002800009040,542971368683425917197386425974132856368547291215698734736254189459813672821769543,6
001000038040003506500806410000030087000100603007060100702695040009001002810700300,691457238248913576573826419165234987924178653387569124732695841459381762816742395,6
000000030402380070306500208720090003000002007589607001830006014007040000004800700,978264135452381679316579248721498563643152897589637421835726914167945382294813756,6
000607005004083097000090306920730860640008702070402010000879423400006900097304000,319647285564283197782195346925731864641958732873462519156879423438526971297314658,6
070390104609042753030170809000000201190020005302050940001000400906000002700200008,278395164619842753435176829567984231194723685382651947821537496956418372743269518,6
481070009000809170090000030000000018000700403804106500260007000049021706100403000,481375269632849175597612834753294618916758423824136597265987341349521786178463952,6
000006080083400010026189305005300869079000134630048070400690000000013000000804000,154236987983457216726189345245371869879562134631948572418695723562713498397824651,6
002370010006159000001000000680020091090004000504090602029507800400260000368001705,852376914746159283931482567683725491297614358514893672129537846475268139368941725,6
700390084324000010000040060060900800800004790200067140008006972000089631670003000,756391284324678519981542367467915823815234796293867145138456972542789631679123458,6
140900807009400000000018003608090300200300081035061009902070008080000074000003900,143926857859437162726518493618792345297345681435861729962174538381659274574283916,6
004570200007102600065000001092718060100000709073000000701060034028050000600001007,814576293937142658265983471492718365186325749573694182751269834328457916649831527,6
159002006870906003430700129000073091900501700600809005700600050000000008080090060,159342876872916543436785129528473691943561782617829435791638254364257918285194367,6
400906381000700500003000409000200007280400190050060234006001020000008945000300008,472956381918743562563182479634219857287435196159867234846591723321678945795324618,6
020461089650300724809027060000030002000002070264795008000000007300000450100000800,723461589651389724849527163517836942938142675264795318485613297396278451172954836,6
020070096708900200000245010000698073000007020070500400067002080800004000300009600,524871396718936254936245817245698173683417529179523468467352981892164735351789642,6
000080000903000080602003407061070000090001030508300710870015000004809105009430002,745682391913754286682193457361978524497521638528346719876215943234869175159437862,6
040879650605100007090064020004020090050480000003795080409003070000017000030048500,241879653685132947397564821874326195952481736163795482419653278528917364736248519,6
208000910740200003005089247000071000501900000360800009407068301050104000190023008,238647915749215683615389247982471536571936824364852179427568391853194762196723458,6
000032000302510090500709020023000060010206008058001000009605470060900205000000009,796832514382514796541769823923458167417296358658371942839625471164987235275143689,6
000000009007928360003670240900080014084100000701000000670851002048702100002030700,265314879417928365893675241936287514584163927721549683679851432348792156152436798,6
300586109105000030029000570003897010000005047002400905006709051050620700007100860,374586129185972436629314578543897612918265347762431985836749251451628793297153864,6
000400000700020354054000120900000803835600400400087500003176900570030600600005030,192453786768921354354768129917542863835619472426387591283176945579234618641895237,6
930054782000008410008020009000000020097000005003501000010035094000019200800700053,931654782275398416468127539584976321197243865623581947712835694356419278849762153,6
561040700300002008020500010700380400240009000005000080900408060000900870083001000,561843792374192658829567314796385421248619537135274986957428163412936875683751249,6
800020001000005000004080076028057000000200000700106023060000002530000100287060400,873624591692715348154389276328457619916238754745196823461573982539842167287961435,6
054000126060054907000601000290063000000080000635007000000095670506730400709400350,854379126162854937973621845298563714417982563635147289341295678526738491789416352,6
050408062914362085600175304000607009572010600006003400030001026089246000200030040,753498162914362785628175394341687259572914638896523417437851926189246573265739841,6
308006020060870003100003064005309000000000038023107005000760000509030001000904080,358496127462871953197523864875349216914652738623187495281765349549238671736914582,6
007009000005063008230000000500030120040107509003500486000005310000340090000920060,867419253415263978239758641598634127642187539173592486926875314751346892384921765,6
308000400740030062092045070200560000906004257001907030003000020009000086804050090,368279415745831962192645873287563149936184257451927638613798524579412386824356791,6
080000200000085000000420060000608540000000010705001000600002380803906020097004050,489163275326785491571429863132698547948357612765241938614572389853916724297834156,6
300740001507008604980300020728009405403800006196402870800004009000003000200106308,362745981517298634984361527728639415453817296196452873831524769675983142249176358,6
800509000007148005040207090508400030030902006000385470083690007900001603006020910,861539724297148365345267891528476139734912586619385472183694257972851643456723918,6
003002800620540000000013000002030406000400591409000020704200138001000070000801009,513792864627548913948613752172935486386427591459186327764259138891364275235871649,6
504010900910050020002003800700102050351000080040805079839000060460380702120500348,584217936913658427672493815798142653351976284246835179839724561465381792127569348,6
047200580090740012200185070504030000000401000039000100980000705452608901070000020,147269583895743612263185479514937268628451397739826154986312745452678931371594826,6
000000025040135870380027000720003460530206008100000000002000007000002914010058000,671489325249135876385627149728593461534216798196874253962341587853762914417958632,6
074630000600029100002400600000800000026103500051290300309002006060000910087000235,574631892638529174192487653943865721826173549751294368319752486265348917487916235,6
400000000980200607203476080000500701002060030050000006564009000100004009020050000,476895312985213647213476985648532791792168534351947826564329178137684259829751463,6
074203089006409003009000600000104590200000001001052070002706000037040000040320007,574263189826419753319578624763184592295637841481952376152796438937841265648325917,6
690200000000000100750010602400070000008100064006042971005008010060405890900300005,691283457824657139753914682419576328278139564536842971345798216167425893982361745,6
080350000000000900021076850590017000000030500706000000000090062060820409200461000,984352716657148923321976854593217648812634597746589231438795162165823479279461385,6
000502600726039050000067010060001082100206400240000100032014570009628040814075006,381542697726139854495867213963451782157286439248793165632914578579628341814375926,6
700060000100000670000900000070490050600870490904500380098054701301000905050130268,729368514183245679546917823872493156635871492914526387298654731361782945457139268,6
027064510500000000060035042080000420030620000005140036013000094600300050002070001,327864519548291673961735842186953427439627185275148936713586294694312758852479361,6
010060708003280000500019030750320009000806007008000050165940200840030000309600000,912563748673284591584719632756321489491856327238497156165948273847132965329675814,6
536000971000709086000000000003004869090006000600983040005102000004060250827305614,536428971241739586789651432153274869498516327672983145365142798914867253827395614,6
705002000803000004020050000004205700000097006672000050009003080408570002010800005,745382961893716524126954873934265718581497236672138459259643187468571392317829645,6
004000056630001000090004030080000009002300000410700003100206370000157802200400090,824973156637521948591864237385642719762319485419785623158296374943157862276438591,6
000000860760000002503002014630704051800931000000050008108005240070120080000400100,249517863761843592583692714632784951854931627917256438198375246476129385325468179,6
920730080070100200050002000000820001000010700104500000015209000209671830860345910,921736584473158296658492173796823451532914768184567329315289647249671835867345912,6
000000056500000700080700290150007802000054900960002070400020130070003509310070084,237891456549236718681745293153967842728354961964182375495628137876413529312579684,6
090200054035104028200006000620010480000060700043800069372001090408020000900038000,196287354735194628284356971627913485819465732543872169372541896468729513951638247,6
008507039000001005001008476000000708700900500109080063010200900400860307007410600,268547139374691825591328476643152798782936541159784263816273954425869317937415682,6
500980000074500006001076800905000603000700290020069508000408060050027080200000005,562984317874513926391276854915842673648735291723169548139458762456327189287691435,6
408000690000040002001090804940008301000970285200136000604080050000050006300001708,438215697796843512521697834947528361163974285285136479614782953872359146359461728,6
350840002802100060000050000007500490100060005000901000400020176060000020203000900,359846712842197563716253849637582491198764235524931687485329176961475328273618954,6
043980025000500034070000100850300000030200079020075000000059800790804250500100000,643981725918527634275643198857396412436218579129475386362759841791864253584132967,6
020010000981007500376040000008001230035060008000302005062800000750000000849175326,524913867981627543376548912698751234235469178417382695162834759753296481849175326,6
005061047008400200340002000076028453023005106801040002560200308009080024782030600,295361847618497235347852961976128453423975186851643792564219378139786524782534619,6
800400000024810000060000002010200004053600801490081200502109608940000005301500020,839462517724815963165973482618257394253694871497381256572139648946728135381546729,6
003000800000400100002687093084000005000000609000930080040800361009000008000260004,793512846856493127412687593984126735325748619671935482247859361169374258538261974,6
460720905900004207000900003009001506580200049004009000012086090740190000005470001,463728915951364287827915463239841576586237149174659328312586794748193652695472831,6
008000039900004000003029700100005006090040301004136078700200040040053000080070600,418567239972314865653829714137985426896742351524136978761298543249653187385471692,6
403020008056708000001003067760085902500007000130002045600000420309070056000000079,473926518256718394981543267764185932592437681138692745617859423349271856825364179,6
000800600007052400250004000069740030040080509010000004005400001000090000008500706,431879625987652413256314987869745132743281569512936874375468291624197358198523746,6
000090062260740801801000070052000030030000107610370080080027300076438000020600008,347891562265743891891256473752184639438962157619375284984527316176438925523619748,6
024005081030640000007020906708054003060070010045062079050237000200006037000409265,624795381139648752587321946718954623962873514345162879456237198291586437873419265,6
000030000032080100861290050903070605080000901100000070379508000400920800000400530,794135286532786194861294753943871625687352941125649378379518462456923817218467539,6
090001700050003006100527934040000070030000001009074300005106007001045080400900000,394861752257493816186527934642318579738259641519674328825136497961745283473982165,6
700000008080002490050091600070348061002006000060009534006080000800004900000523800,739465128681732495254891673975348261342156789168279534516987342823614957497523816,6
030290100040080970009003600001009040000000000086027590070030260305070000020601000,837296154642185973519743628751869342293514786486327591174938265365472819928651437,6
736200000000075000000100702305709020007006081000410500560800070900601008080000003,736298145142375869859164732315789426497526381628413597561832974973641258284957613,6
000001005000800009600700200000450921004002076005100038042010090060020384390004002,479231865213865749658749213736458921184392576925176438842513697561927384397684152,6
060000480000008097800900105090050000000000071752803940020045019074109603009206000,965731482241568397837924165196457238483692571752813946628345719574189623319276854,6
012587400000200000007040302000190000269000031100365020700400065020058000003019087,312587496946231758587946312835192674269874531174365829798423165621758943453619287,6
003581042002374180000620005700015804539460210480000900000150403060000500005000700,973581642652374189814629375726915834539468217481732956298157463167243598345896721,6
004170050009003024752400603090041080183020495247850136420000000000010002071200540,364172859819563724752498613695341287183627495247859136426985371538714962971236548,6
007603900030800060009104500070530006301040827906087000003000010090005300780000009,817653942435829761629174583278531496351946827946287135563798214192465378784312659,6
090005701300710420107020093001047008028300970709080000902008047803000012000070800,294635781386719425157824693631947258528361974749582136962158347873496512415273869,6
504021000607000020080560900000050081000038400006200090905380006301900800000075009,594821673617493528283567914742659381159738462836214795975382146321946857468175239,6
608030200500100000030000009000003005100009070705008400902380060067400030000062800,678935241529174386431826759286743915143259678795618423952387164867491532314562897,6
000000004800010209935070061000960300260003000510040602102000750090027100000001923,621839574874615239935274861487962315269153487513748692142396758398527146756481923,6
400702850080090070000001309006500030900300000004000795000000513501000900763900420,439762851185493672672851349816579234957324186324186795298647513541238967763915428,6
800307009002004653040009000001900365230100974097500820060200400029000036304006000,816357249972814653543629718481972365235168974697543821168235497729481536354796182,6
100000000360701080004090201017036500800050000056904070400003108030009750001000009,128465397369721485574398261917836542843257916256914873495673128632189754781542639,6
231809700000207039007035401300500080705000600000001075024368007100002000978104200,231849756456217839897635421312576984745983612689421375524368197163792548978154263,6
097200006206049000001076004900000060030004000005702908569000013023001500804935627,497218356256349781381576294978153462632894175145762938569427813723681549814935627,6
200650070035001002017420060000000057084500003576000010460300700850207100001800006,248653971635791482917428365392184657184576293576932814469315728853267149721849536,6
004000609080701000125040000070016400410000060000950721001400000397560000008007003,734825619986731542125649837572316498419278365863954721251483976397562184648197253,6
597026000804001050000005700040502070705300024160000900076004203000200060000600007,597826341834971652621435798349512876785369124162748935976154283413287569258693417,6
080904003700000609000000028305000061009005007060137000000058910100602300802001706,586924173724813659931576428375489261419265837268137594643758912197642385852391746,6
052000004079300010860090703010040079047021006900000051090008060236050000004006000,352167984479382615861594723613845279547921836928673451795418362236759148184236597,6
240057010390104000000000400083200000100600230400703061900020180004000000000398054,246957813398164572517832496683219745179645238452783961935426187864571329721398654,6
082000004400203700600500002206050873039002000000300201140025000060790008908430100,382679514495213786671548932216954873739182645854367291147825369563791428928436157,6
300150007016900038000600104204000015000090846568740302650010489800060270020009650,342158967716924538985637124294386715173592846568741392657213489839465271421879653,6
640800005008007019705001800070080000180005603000063000800530000460010050009070200,641892375238657419795341862376984521184725693952163784827539146463218957519476238,6
900036000000904067060500092003040000090020506045000203304059020020001000100300080,987236154532914867461587392213645978798123546645798213374859621829461735156372489,6
100030780370100000002006190030098010001000050000017302090400276010000008000800001,164932785379185624582746193635298417721364859948517362893451276417629538256873941,6
019020603376090000800035000695000078000076002000000340003004020000003000007260800,519427683376198254824635917695342178431876592782951346963584721258713469147269835,6
076032040100900000000086003902060000000301020007098000008053100030800700209007080,876132945123945678594786213912564837685371429347298561768453192431829756259617384,6
004500901080000600000900085000640200060009043009010008790050806040006300250100704,634587921985421637127963485318645279562879143479312568793254816841796352256138794,6
067800002000009700200000050370000506600085000000406800800003097000690000954100603,167854932435219768289367154378921546641785329592436871816543297723698415954172683,6
060010829000000005020090000000040297090305061640720508900000080000201900470008603,764513829189462375523897146358146297297385461641729538915634782836271954472958613,6
000009106700350098020010500200076009304000700000000065407508012801020654050000000,543289176716354298928617543285176439364895721179432865437568912891723654652941387,6
105094007400000000063850000830000000000405100504600370057100008901000700000708001,125394867498276513763851294832917645679435182514682379257169438981543726346728951,6
907210400040000150000004070762008310000163020310000004870309001009040030504600800,957216483243987156681534279762498315495163728318752964876329541129845637534671892,6
009000002302900074160000080003098000200100007000502090936000700720060031480300960,849673512352981674167254389513798246294136857678542193936415728725869431481327965,6
000000000060000287010806504070004650300079012600030800037058100180900005006017048,823745961465391287719826534972184653358679412641532879237458196184963725596217348,6
230060018804001003000083200000046709906037000001000060083600041012800930009015800,235769418894521673167483295328146759956237184471958362783692541512874936649315827,6
570300090630594080040010305307009000965002000024850679400080003053000740790000006,578326194631594287249718365387649521965172438124853679416287953853961742792435816,6
000970040003400906049020005000007060050000300006000501030082019087003002410609708,168975243523418976749326185291537864854261397376894521635782419987143652412659738,6
040701029000090400076240000007600004430900062000310000010062900068000003200000080,543781629182596437976243851897625314431978562625314798314862975768159243259437186,6
130000080000030060840600002604070130053102006010063050009000610380210970000007023,136729485592834761847651392624578139753192846918463257279345618385216974461987523,6
100000003605031478004900206000000100400000052012680030050090021001003000040028705,127846593695231478384975216769352184438719652512684937856497321271563849943128765,6
050032109208900007000400000000090754003050002500006910980000070305600400700000508,457832169218965347639417825862391754193754682574286913981543276325678491746129538,6
240071586090000040610000907009407305057000000002100000006008401000504600304010200,243971586798356142615842937169487325457263819832195764526738491981524673374619258,6
070600480006740312400315009045000670003480951108007200030070000004050100000004500,371629485956748312482315769245931678763482951198567243539176824624853197817294536,6
000708536307400000060300900136279408080000007400083000010064083000000005020007649,941728536357496821268315974136279458582641397479583162715964283694832715823157649,6
050324071130065942000010003060083094003000200040600038015006000006030000700549300,659324871137865942284917653562783194873491265941652738315276489496138527728549316,6
804000030060053000057064100400309600700000304500421097043000000180700000275008903,824917536961253478357864129418379652792685314536421897643592781189736245275148963,6
040802603000600005006001928600900081804000790000000400278140069090700050060000000,941852673782693145356471928627934581834516792519287436278145369193768254465329817,6
203079000500380020800010003150030002032000400904267051625043710001005038370090000,213579864569384127847612593156438972732951486984267351625843719491725638378196245,6
300460009740309180960050304010093000600500000094070030153900768070600403406735912,321468579745329186968157324817293645632514897594876231153942768279681453486735912,6
450000000000060070000300251390017060040206793067803140600105087014000000200600019,451782936923561874876349251392417568148256793567893142639125487714938625285674319,6
100040003005009040423010859000704580800000974000006231040090000900008300007261090,189542763675839142423617859391724586862153974754986231248395617916478325537261498,6
804000000071400536500079180750210908142000005000000201400830029267000053009000407,834165792971482536526379184753214968142698375698753241415837629267941853389526417,6
000000000905006147072000050003019080050084620084200905000002490090070206000000570,841957362935826147672341859263519784159784623784263915517632498498175236326498571,6
120903000534001000007005031000020000240010070600300008065092703001800026002030090,126943857534781962987265431753428619248619375619357248465192783391874526872536194,6
006002570000950080075000040002070605090000000603009400060003000009064803100200060,386142579421957386975638241842371695597426138613589427764813952259764813138295764,6
900204107000307089001695004000029048040073000100000035009041056050000400016052070,935284167264317589781695324573129648648573291192468735329741856857936412416852973,6
002004017130270000040001008081400050063910072250006104028060040670000900300500006,892654317136278495547391268781432659463915872259786134928167543675843921314529786,6
050010000400500010000000820042170650010005203865093401080700190621809307700021068,258617934439582716176934825342178659917465283865293471583746192621859347794321568,6
070000008001000905006900040400090610195800030267431850684109070710040590053072401,579214368841763925326985147438597612195826734267431859684159273712348596953672481,6
650041802830950040000008050120006030305090200000030180500000000008010500960005713,659341872832957641741268359127586934385194267496732185513679428278413596964825713,6
000010000078030090005600107609805300007003809083029050390250010702081905050000200,964718532178532694235694187629875341517463829483129756396257418742381965851946273,6
604302098903000500871500402307000609005906010000800300009020004700005000000090200,654312798923487561871569432387251649245936817196874325539628174762145983418793256,6
061080500004500007500000040005730008032008705017052093709300084000895070180000050,261487539394526817578913642645739128932148765817652493759361284426895371183274956,6
530008000104002360000000004703180450005030020800200103351000007000053000408720000,536948712194572368287316594723189456615437829849265173351694287972853641468721935,6
000602750000789002704005089953020006208060015006590200800900003630000190501000000,389642751165789342724135689953821476278364915416597238847916523632458197591273864,6
000030085000475200020091030090008000178050009465200800003507002200940000980103000,749632185831475296526891734392768451178354629465219873613587942257946318984123567,6
003009000407020100026801574809002360000007050672000001000003040000200000000100602,513749826487526139926831574859412367134697258672358491261983745748265913395174682,6
250000030000700020300000570904010386603489702582007140138290467420601093709834205,257146938891753624346928571974512386613489752582367149138295467425671893769834215,6
004001780700042000123807000800400017070003004431720650016000048508206071200004503,654391782789542136123867495862459317975613824431728659316975248548236971297184563,6
000680009000470030000005600400150080500000210076008000000943000809007042600801003,315682479268479531947315628492156387583794216176238954721943865839567142654821793,6
020070000756400003009600027090008145041700006800010002604050000010040058000100070,128573469756429813439681527397268145241735986865914732674852391912347658583196274,6
000819005000200390004000802050096248007000600000030000039500080000080700280007906,372819465618254397594673812153796248847125639926438571739562184465981723281347956,6
000008000400250003500070010030005800805042300609183075351090600700500100040631007,962318754417256983583479216134765829875942361629183475351897642796524138248631597,6
021060870003050094500729000006002000050040620070000408605200783030000160000086540,921463875763158294584729316416832957358947621279615438645291783832574169197386542,6
600780401000060005407150820903420050270805060850016007502600780000000519009070642,625783491198264375437159826963427158271835964854916237542691783786342519319578642,6
000031570700000000000400608000004000165008300007065180009073000600149035030006897,286931574754682913913457628892314756165798342347265189529873461678149235431526897,6
009030200680025493200080600020500308051060000740302000100800504860050000090001830,519634287687125493234789651926547318351968742748312965173896524862453179495271836,6
060050090007009580450300100970000000201040005080013000890572601000406730006031000,168254397327169584459387126974625813231748965685913472893572641512496738746831259,6
500000000003500001010970458409706000260310000000490630756009803000837260000000000,594281376873564921612973458439756182267318594185492637756129843941837265328645719,6
204000030009003020008025190501300207002500060893070000006050378485732000130060452,214697835659813724378425196561349287742581963893276541926154378485732619137968452,6
600000520002000040045038016098007000000001080000020479006180000804050090000070850,673914528182765943945238716398547162427691385561823479756189234814352697239476851,6
521000004046705008080000650064520100002060043050040067200000010400050070005108000,521689734346715928987234651764523189192867543853941267278496315419352876635178492,6
000208405000010007005604000010862090876090003904000000380000500060000900150700806,791238465648519327235674189513862794876491253924357618382946571467185932159723846,6
090000240507000000003020700030590080600300010750018002940030005270980634000004970,891765243527143896463829751132596487684372519759418362948637125275981634316254978,6
602807903080006070070043060430090720950402000000070000064030090003700100000609032,642857913389216574571943268436198725957462381128375649264531897893724156715689432,6
001000500200814600780000201004002300300070490002406000010000006000107003037268000,641723589295814637783659241174982365368571492952436178819345726426197853537268914,6
010080500000200031300604000000540070000030100800060000135406798906007000000300006,412983567689275431357614829291548673564739182873162945135426798926857314748391256,6
000702000480000000725041093540060000836210079012000568300020000070009316109007200,693752841481396725725841693547968132836215479912473568368124957274589316159637284,6
401020870307000501060000000900400030050279600000038000000083450538000000000560007,491325876387946521265817943926451738853279614714638295672183459538794162149562387,6
849200105500001496006009200701900630405060820000004009910703000600005010000010000,849236175532871496176549283781952634495367821263184759914723568628495317357618942,6
080000060930001870025000040009002680200000010510400007050020098007060021002080300,781249563934651872625738149479312685263875914518496237356124798897563421142987356,6
087000005900000370400007060820406951500090000079351004000600400000700016040000083,187963245962145378435287169823476951514892637679351824751638492398724516246519783,6
140000000580007000600910054001790002765040109400850063270000600000009000010008300,149685237583427916627913854831796542765342189492851763278534691356179428914268375,6
006002305050608027007000000060120003070956240002003670021090850000801702638070010,186742395359618427247539168964127583873956241512483679721394856495861732638275914,6
060800073508702009007016450020109007800070904000060001081000000900620000402080096,169854273548732619237916458326149587815273964794568321681495732973621845452387196,6
007000008010002907268970000600800001000109000001025609000450000300090502895230470,937514268514682937268973154659847321423169785781325649172456893346798512895231476,6
019005804700420103280000600007800002630002700900000000426300500093080260071006400,319675824765428193284139657157863942638942715942517386426391578593784261871256439,6
000200301000001086000600420610900240430000560705300010080500090002009030060108002,856294371243751986197683425618975243439812567725346819381527694572469138964138752,6
006400000040090610087136009010000080029004003370205000000000304060308095030500000,196457238543892617287136549615973482829614753374285961958761324762348195431529876,6
006090037000670000700000008069058004405027080000940315050000809078009003003700100,516894237384672591792531648169358724435127986827946315251463879678219453943785162,6
400030008390000060060070002003800009000315406016000003700000200004003700109002005,471236958392458167865179342243867519987315426516924873758691234624583791139742685,6
001260830000059000062008010009001050800300140000080900000075296700010400098000001,951264837387159624462738519639421758875396142214587963143875296726913485598642371,6
720060030190003205053001000000706903937050826002000050200007504009048310040002080,724965138198473265653281479815726943937154826462839751286317594579648312341592687,6
800200070290370060406000352002046790000023000940080000004639020000712549720400010,813265974295374168476891352382146795567923481941587236154639827638712549729458613,6
030000809006100073009030600304012060800007900200605007000060300000003020600020094,137256849586194273429738651374912568865347912291685437712469385948573126653821794,6
020090000080302010491800000000080500602905070000200001070029005069500020205046000,326491758587362914491857236713684592642915873958273641874129365169538427235746189,6
401870000800005617000609002307921086100540003006083120000308070205190060000000901,461872359829435617753619842347921586182546793596783124914368275235197468678254931,6
090000040308060720400085900002010690080000030003704000079000004050900800100000209,695273148318469725427185963542318697781596432963724581879652314254931876136847259,6
030580400908004073000000060004876000627430910083010046072050030000002100050060200,736581492918624573245793861194876325627435918583219746472158639869342157351967284,6
000109503007002108210060407001700940000010032800004001902007000100306200060251000,486179523597432168213568497621783945749615832835924671952847316178396254364251789,6
095781000100509000070000000080000040300208015500006083000002000012090458900004026,495781362163529874278463591786135249349278615521946783854612937612397458937854126,6
080000300006003780090000021908200403310000005007630010009801206820940000000300000,184527369256193784793468521968215473312784695547639812439871256825946137671352948,6
509000000001002380002000640050000230284000500093004100000050006015840000007030801,569483712471692385832715649156978234284361597793524168328159476615847923947236851,6
890030400007200005050700090530107049046850002709060008900005000000000100270013900,892531467417296835653748291538127649146859372729364518961485723384972156275613984,6
600080000054000000030027006416000009000000860080300017549802030000000600001503482,697485123254631978138927546416278359372159864985346217549862731823714695761593482,6
301020700800000001020900000900507406500002030000410007007086900290300000403000072,341825769869743251725961384918537426574692138632418597157286943296374815483159672,6
000000000200500006001007500700030050890050012325009008000070060600005040583064700,458691237237548196961327584716832459894756312325419678149273865672185943583964721,6
103000000000000143004513000206800900401000500700490060600107398000260400507009000,173924856925786143864513729256871934491632587738495261642157398319268475587349612,6
300200900008097000000060000903548000000673095705902830509826407081030650070104080,346285971158497263297361548913548726824673195765912834539826417481739652672154389,6
405000078890401002062070000604010080000208053500090006000040800948030005000586090,435629178897451632162873549624315987719268453583794216356947821948132765271586394,6
002075008389042756005009000000417300500900001010050600060508010090700003050091804,642375198389142756175869432926417385537986241418253679264538917891724563753691824,6
000956070600010903070000000034801690050000304006543820040100000508027030002090708,483956271625714983971382456234871695857269314196543827749138562568427139312695748,6
200500009000608030007940060700200950029004000000060070000406000001092540800010090,268537419194628735537941268716283954329754186485169372953476821671892543842315697,6
030050000405090000090027000006702350520069000000001000040070590000014708002085030,237458961485196273691327845816742359523869417974531682148273596359614728762985134,6
003700009051004000400052000060027013208913000005648290140075000000000005580030102,823761459651394728497852631964527813278913564315648297149275386732186945586439172,6
003050908100802053000007010078000531010078000006500879000200105801700002650080047,723451968164892753589367214978624531315978426246513879497236185831745692652189347,6
705481006006209807080070005930000700600028103000034500570042630400397000000510000,795481326346259817182673495934165782657928143218734569579842631461397258823516974,6
090143002004076000003058700602000017000000420400000605019000270208007906006500000,795143862824976531163258749682495317957631428431782695519864273248317956376529184,6
216008530700100000305600091000700053000009470060004100000003080600587010038091000,216948537789135642345672891824716953153829476967354128571463289692587314438291765,6
000400190254090830010305206080060900002738050600000008020900783000010502068003410,836427195254691837719385246183562974942738651675149328421956783397814562568273419,6
260194008001008060080000100000860019800479200620000840036000081098307025042001093,267194358451738962983256174374862519815479236629513847736925481198347625542681793,6
020000008005908037387500010400603000702401306030090740970040063000009002203007400,129734658645918237387526914418673529792451386536892741971245863854369172263187495,6
000540670540000020000000514203857460700631002800290137052000090470310200600020000,981542673547163928326789514213857469794631852865294137152478396479316285638925741,6
005800700000000350009060204001438000082006009070520000900004870400300000210000000,125843796746912358839765214591438627382176549674529183963254871457381962218697435,6
000000709002009500096700024300000910900530470000912005209180053800045000500000100,458321769732469581196758324325874916981536472674912835249187653813645297567293148,6
086400130000000009703600000460020003901000008000900010049000001800309570500840006,286495137154273869793618425468127953921536748375984612649752381812369574537841296,6
219706435630004190845010600020640003000105026000000900762008004000000300300500200,219786435637254198845319672921647853483195726576823941762938514158472369394561287,6
070000005200700000500834200085472031067090500124000000030506900001007006090300002,673219485248765193519834267985472631367198524124653879732546918851927346496381752,6
000967000972004000400200978600000157500170009000805420706010290040000000080740061,851967342972384615463251978698432157524176839317895426736518294145629783289743561,6
060700105007000403300046900006000040700009030008200500100007008002300000074025390,469732185287951463315846972526173849741589236938264517153497628692318754874625391,6
700000105860070004000009076532000649900000000640900010003100900090358000280000030,724683195869571324315249876532817649971436258648925713453162987197358462286794531,6
104208500000003200320000610040000062800070009070300005030907400005000827080000036,194268573756413298328759614543891762861572349279346185632987451915634827487125936,6
583700002002080070709000800304900600200060039961000008405001007026503900097800050,583716492642389175719425863374958621258164739961237548435691287826573914197842356,6
541007800030001079007000130610300000702054000304068010009502300020006401000083002,541937826236841579987625134618379245792154683354268917479512368823796451165483792,6
000078000600190000049000670086001090102800765004956120070062800001000006000310000,315678942627194583849235671586721394192843765734956128473562819951487236268319457,6
008400301603081000142300000060008059500106702709500800000800105810023600090005000,978452361653781924142369578361278459584196732729534816236847195815923647497615283,6
075204306300000721002000008400030000003002070029060034087520903091006507530800160,875214396346958721912673458468739215153482679729165834687521943291346587534897162,6
000060098019027503000950000003500871065018400890702035000000900002400006000081007,537164298419827563628953714243596871765318429891742635174635982382479156956281347,6
210000000000548301800020700000000000008004003536002008002701004000065280000200016,214379865967548321853126749149837652728654193536912478682791534391465287475283916,6
350900014010054000620371085080090160001040820063000059940025370000080500000000000,357968214819254736624371985482593167591746823763812459948625371136487592275139648,6
000000070003800005502670000307000000800120003400900006006392400034000501089401000,648235179973814625512679834397546218865127943421983756156392487234768591789451362,6
090825107026000900750960002000750430060143520040090000204500603600000054500000290,493825167126437985758961342912758436867143529345296871274589613689312754531674298,6
275068000000500802000900700030000070060004100180095600094000000006040300700600050,275468931943517862618932745439126578562874193187395624394751286856249317721683459,6
027190800060205070300000000640820039293041007070350000400913752000000300730080010,527194863968235471314768925645827139293641587871359246486913752152476398739582614,6
006980000000060500590000060001420005000097082080006009610000900800001304250040016,326985741147263598598174263931428675465397182782516439614832957879651324253749816,6
073000190040080070180067430407600001806500740050070603500096027300000010700153864,673245198942381576185967432497638251836512749251479683514896327368724915729153864,6
850300200632000010049026035008007020005890001004000008503000986420009050000500000,857341269632958417149726835398167524265894371714235698573412986421689753986573142,6
163580900290000800080219000000008000700005208000430500000001092920700000006000730,163584927295376814487219356654928173739165248812437569378651492921743685546892731,6
000200400020801090009703200300400009798000000200958070030002840400000016100070002,873295461524861397619743258365427189798136524241958673937612845452389716186574932,6
080062750065710802000000631609180070000604090050070060002056017000907000730040900,183462759965713842427598631649185273271634598358279164892356417514927386736841925,6
200500060087320009591040280050000010020000030140000706078009300002004090900100400,234598167687321549591746283853467912726915834149283756478659321312874695965132478,6
640901025000400000710200049090023401401000036007064950070500200204300590009600004,643971825982456317715238649596723481421895736837164952178549263264317598359682174,6
000160025180000006002000090020010053400603080050204000030000174041030908006091030,394168725185972346762345891628719453417653289953284617539826174241537968876491532,6
700000000005002090289736504000300126520001009106007485090060040052004900070090008,714589263365412897289736514947358126528641379136927485893165742652874931471293658,6
280000000050280400000007328004008053020000604695030200809002735012503069530009002,287314596953286471461957328174628953328795614695431287849162735712543869536879142,6
800209000020050600000386102603470005107600034200000076900000023700120569002900700,856219347321754698479386152693472815187695234245831976918567423734128569562943781,6
000002070005007160760010000009006031200000940500009700000068000000701654050090027,198652473325947168764813295849276531237185946516439782472568319983721654651394827,6
500600000800351469046027030080030010250006040703009058008102570000000000007003004,539684721872351469146927835984235617251876943763419258398142576415768392627593184,6
462000008500200740010000090000974026620850001300601080906180000000060800871000005,462739158589216743713548692158974326624853971397621584946185237235467819871392465,6
070000009400109075609072834004006190000000082000200000302487561006020007100005328,573864219428139675619572834284756193765913482931248756392487561856321947147695328,6
006200005003005200425000900000004561750100009001000407060080100942571000518603002,176298345893415276425367918289734561754126839631859427367982154942571683518643792,6
703002060001000020490810000000100070000059000009060085205080700610375092008604503,783592164561437928492816357356148279847259631129763485235981746614375892978624513,6
900037084000504020000000350018002000096050002000000048080210407100900000540003000,952137684361584729874629351718492563496358172235761948683215497127946835549873216,6
000502093300060502000034610600820340040000700753490821007009006000000004030040200,861572493394168572572934618619827345248315769753496821487259136126783954935641287,6
000400600700300091060010000237591000609800020458020070503900802006130045000008000,321489657784365291965217384237591468619874523458623179573946812896132745142758936,6
090040500050000201203000090045020307901030005320005009000790000080003000007800954,798241536654389271213657498845926317971438625326175849562794183489513762137862954,6
005008006010000003600003580100900007000200045049070018000064730903710004060039000,395428176812657493674193582128945367736281945549376218251864739983712654467539821,6
008000732509003000073040000000090083900016520035420060006007098001682000850004000,418569732529873416673241859264795183987316524135428967346157298791682345852934671,6
000000320008009000000000065042068709007930000000427000020840006104070502000000007,596714328238659471471283965342568719867931254915427683729845136184376592653192847,6
200004000080290000040060098821005406000430981934618507400706309690851042010349860,269584173187293654345167298821975436576432981934618527458726319693851742712349865,6
000900657650708400079654100060001000700040063000060910090070500100095006405086001,841932657652718439379654182964321875718549263523867914296173548187495326435286791,6
000046901692751340001000026020003190003000407085170260009000014250000030000690502,738246951692751348541389726427863195163925487985174263879532614256417839314698572,6
054009000000520060090000305000670000709400650003902470001350800000146230000200010,654839721387521964192764385248675193719483652563912478921357846875146239436298517,6
300106200520048090010020304000200470870060002001000000080003006460002009100070840,348196257527348691916527384695231478874965132231784965789413526463852719152679843,6
402003069630000100095060003520006807009401050000005090000610900200938074900007600,482153769637849125195762483521396847379481256864275391758614932216938574943527618,6
000000487000104200003200016429016308710800690000749150070305000300020700092470003,261953487987164235543287916429516378715832694836749152674395821358621749192478563,6
000028569001000480085400002150004000843000000070503824008940730409000258000060041,734128569291756483685439172152684397843297615976513824518942736469371258327865941,6
060000030908165027504023000000036190000400752090500000100950070009000005340008009,762849531938165427514723986457236198683491752291587364126954873879312645345678219,6
060030050059708103238650040002100970180000400000005020503000097006000584000000000,761934258459728163238651749642183975185279436397465821513842697926317584874596312,6
005004172000900083010050460000307005002090710000006090070203941129005800304009250,965834172247961583813752469498317625632598714751426398576283941129645837384179256,6
030105060021400900600003100000200090946030200100040500000674050460019002007800641,739125864521486973684793125853261497946537218172948536218674359465319782397852641,6
009470000010005800030000059090541768040036500065080000070103000001000000904857610,589472136416395872732618459293541768847236591165789324678123945351964287924857613,6
601504000002009034490070500006350008500007206000000045010900400320040600004208050,631524897752689134498173562146352978583497216279816345817965423325741689964238751,6
356080940000006007007400500035000070000170003081205469563900728000523094940800010,356781942429356187817492536235649871694178253781235469563914728178523694942867315,6
006070000080260340400019060600900201003640095290531084070000000069000410108006970,936874152781265349452319867645987231813642795297531684374198526569723418128456973,6
054203060001000008002007000005078020000300084308900000506430097480006100000802003,754283961631549278892167435145678329269315784378924516526431897483796152917852643,6
690450120000302076231070000902060801503180000100000060316000000408007010020000000,697458123845312976231976485972564831563189247184723569316245798458697312729831654,6
130024509006715320500900781000600035009000008005081070000000400900207800004150090,137824569896715324542963781428679135719532648365481972281396457953247816674158293,6
070402030800361020400050010200000108700000004003040690004006703000800540000100060,671482935895361427432957816249635178786219354513748692124596783967823541358174269,6
006120075003408060020900100000040350090380006300600000600800507008530010009764280,986123475713458962425976138861247359592381746347695821634812597278539614159764283,6
701408600030000854508000001006000079000006000100500080080064010000700560307090020,791458632632917854548623791856241379923876145174539286285364917419782563367195428,6
309256874000980003800103000600890305030060080900002006024008501008009207003725060,319256874452987613876143952647891325231564789985372146724638591568419237193725468,6
005200019041809603006070080007043290000002057902500800529000000410000005070400000,385264719741859623296371584857643291164982357932517846529136478413728965678495132,6
600000000001005600805030100730846001486901000500200800073060900004380020968527013,697418352321795648845632179732846591486951237519273864273164985154389726968527413,6
097003200200000900000002070409610502361020800025809400003008000000300680170900025,597163248216784953834592176489617532361425897725839461643258719952371684178946325,6
008030000050801002000050908001069070700000460006740029900008517875014090600000000,298436751357891642164257938421569873739182465586743129943628517875314296612975384,6
030092000002006743000071902300200508608000090000008200001604800800000000045000076,537492681912856743486371952374269518628145397159738264791624835863517429245983176,6
800007020034000760000060005049000600000080017100706500085603100000410000461008900,816547329534892761297361485749125638653984217128736594985673142372419856461258973,6
008003602005700004021000000004000090862507031009001006903274000047060100000109347,478913652395726814621845973134682795862597431759431286913274568547368129286159347,6
003754096000102308671009000800000910400200650060507400000406000000300209006900700,283754196594162378671839524857643912439281657162597483925476831748315269316928745,6
004009010000020000000006249546072190238094007900305002190040678403600921860010304,724539816689421735351786249546872193238194567917365482195243678473658921862917354,6
170064000063000000020137068600280000000056800058040096012090004000400029034000500,179864253863925471425137968647289315391756842258341796712598634586473129934612587,6
000024800602000015000560090400001320036000187090030050000092000700000900000005631,975124863642983715318567294487651329536249187291738456164392578753816942829475631,6
020000007043710082700025304009087146000050270074001005068072000007060008090100060,825934617943716582716825394359287146681453279274691835468372951137569428592148763,6
000760095050000000037100080000521009000004003001008500006085204090006007005217908,184762395952843671637159482863521749529674813471398526716985234298436157345217968,6
096002500027080003040050270080009602600023958250100007800690700960010030000805000,396472581527981463148356279783549612614723958259168347831694725965217834472835196,6
000700200003405790005003064810050400034600078560000309142006080000004000908030000,491768235683425791725193864819357426234619578567842319142576983376984152958231647,6
290700065708600000601020370003000000810207000027340900100000090980002003300094210,294738165738615429651429378463981752819257634527346981142563897986172543375894216,6
040017032700300100315409786000004070000050000607200010179640050500002000280000007,946817532728365194315429786832194675491756328657283419179648253563972841284531967,6
063000001800050003501003240140009002057208419900504600000100900205000000014906005,463872591829451763571693248146739852357268419982514637638125974295347186714986325,6
200091400040203065530000000400056290000408051052000004000600000021047030764005100,286591473147283965539764812418356297973428651652179384395612748821947536764835129,6
000130060001096500004070000005000028803060905000002001002903000396020010450600000,579138264281496573634275189165349728823761945947852631712983456396524817458617392,6
410050800500060090008103000204006010090030648000470200040600381800007060000300020,419752836573864192628193475254986713197235648386471259745629381832517964961348527,6
000100900100056742005790601017005000600000095409000020900480000030501000000030800,768142953193856742245793681317925468682374195459618327921487536834561279576239814,6
049028001600301020000400000527109006036080000100765030800970000013846000000500600,349628751678351924251497368527139846936284175184765239865972413713846592492513687,6
120090700560180000008460100900010800000000000241038659400071208070000004800003900,124395786569187342738462195956214873387956421241738659495671238673829514812543967,6
063800000007021800000500039010038500700012080080795000400150270006204000001083000,563849721947321856128567439612438597795612384384795162439156278856274913271983645,6
000800904801900630003007528098000763400000095700000842000290000300054280000000401,275863914841925637963417528198542763432786195756139842584291376317654289629378451,6
060040053003006894090300761009015000701600000025000310004001078016030040002500100,167948253253176894498352761389715426741623985625489317534291678916837542872564139,6
007520089800790003002103504241900060000402000000810400029008006760051908400679230,317524689854796123692183574241935867978462315536817492129348756763251948485679231,6
040503807000701295050200400082006000501002080900000000000100060000830000024607058,249563817638741295157289436482316579561972384973458621895124763716835942324697158,6
908070006040300920010409000000918000005020049200534007000090654050007200004002008,938275416647381925512469873473918562185726349296534187721893654859647231364152798,6
007300060030001009190076000509100638703040015060905400974810526300060104600004300,487359261236481759195276843549127638723648915861935472974813526358762194612594387,6
000006001030007080000834920600028453000300060000679000086790030003461290209500000,872956341934217586561834927697128453128345769345679812486792135753461298219583674,6
054087100207431006036090478002060031010050764000073000563049010001020600020010340,954687123287431956136295478792864531318952764645173289563749812471328695829516347,6
007004190000009004840010703485000206002005000103020008560001309030008005924300000,357864192216739584849512763485193276672485931193627458568271349731948625924356817,6
203704590719530006800060731300000687186000900007206000921650000678009050000000000,263714598719538426845962731352491687186375942497286315921653874678149253534827169,6
009008004065401890000000517002304060030120000001780005150042080600000250000010700,719258634365471892428963517572394168836125479941786325157642983694837251283519746,6
090186000800532000026479000760091435050643712030725068370060500685917000000050000,593186247847532196126479853762891435958643712431725968379264581685917324214358679,6
058030097040001002010005630005210040024603005031504260002040376100007400470000081,658432197349761852217895634865219743724683915931574268592148376186357429473926581,6
276000138030100000140032060093000700050907803081003954904085002020000080007000005,276459138538176249149832567493518726652947813781263954914685372325794681867321495,6
571000840000000007030700601004000000308500206607039000000003000700006038810054000,571362849986415327432798651124687593398541276657239184269873415745126938813954762,6
000502000068703004000004200100030908030000140900000002400008091600301020012940380,374512869268793514591864273127436958836259147945187632453628791689371425712945386,6
000004600300000090050730021400009500002001084907040003100000000620007000000208306,271894635364125798859736421416389572532671984987542163148963257623457819795218346,6
340810027082000000710000063060050009001000000590002406000000070004671305170095082,349816527682537941715249863468753219231964758597182436956328174824671395173495682,6
006900713901000000007030020075200000000009004009080070150020690798356100200000005,526948713931572468847631529475263981682719354319485276153824697798356142264197835,6
900008103600000900000059806000400605200000000714060200420873500500090068080506002,957648123648132957132759846893427615265981734714365289426873591571294368389516472,6
304000007120007000900400802002500000891706240600082700510004309203090000009008006,364821957128957634957463812732549168891736245645182793516274389283695471479318526,6
000700018500086003400010006000047009803000640000100000320050900104000830008004061,639725418571486293482913756265347189813592647947168325326851974154679832798234561,6
400050060050009004017042580130000046506010300270063100025080001000000000841395007,492158763658739214317642589139527846586914372274863195725486931963271458841395627,6
057830000360019047094600003701500004000003700000700002573006210800000300000057068,257834691368219547194675823781562934425193786639748152573486219846921375912357468,6
423090080060007200905081064690070000050602003000000010240900030310700500000100702,423596187168347259975281364691873425854612973732459618247965831319728546586134792,6
000001980009008021000900600040703200072009835001052046518300002004000060300000100,726531984459678321183924657845763219672419835931852746518396472294187563367245198,6
406005000019070063070200009068041000900003026100060090000034080080007000005009601,426395718519478263873216459268941375954783126137562894692134587381657942745829631,6
000006400130024050407009003010082970008970006090060200070600500500007360003500001,852736419139824657467159823316482975248975136795361248974613582581297364623548791,6
000040100246000007719008050100083069083006001560971802000060018321894600608017000,835749126246135987719628453172483569983256741564971832497562318321894675658317294,6
450000207690400130000700900060208510028000700004000080100940850000587001000103070,451839267697452138283761945369278514528314796714695382172946853936587421845123679,6
027100000096700000401600000000800425004000801218409003745200086160000004083564012,827145369596723148431698257379816425654372891218459673745231986162987534983564712,6
000004510010080030900030042045008093000600000370092080003016009100800000007309020,732964518416285937958731642645178293289643751371592486523416879194827365867359124,6
005000981932581640000900500000000100081002450500000063608030005040058020000200800,475623981932581647816947532264395178381762459597814263628439715749158326153276894,6
700405010680902000005370009900257001100830952502091000370000090090003007806000120,729485316683912574415376289938257461167834952542691738374128695291563847856749123,6
560008020981530064020001500008103052305000618210000973002300807009005000830007005,567948321981532764423671589678193452395724618214856973152369847749285136836417295,6
780000002000108070045002000007006900450200060026400008209007006504620300800305200,783954612692138475145762839317586924458291763926473158239817546574629381861345297,6
700001000460003007003740090009078132000009000007005009020097600000304000305800940,798561324462983517153742896549678132281439765637215489824197653916354278375826941,6
901030600005000280000006190003820041000301026120060300009040008836509402004000960,941238657765914283382756194693827541457391826128465379519642738836579412274183965,6
000408600740100039160300000006040190800216050005000000900030860000027000080004000,539478621748162539162359487326745198897216354415983276974531862651827943283694715,6
059080000280700006340102890075460200032507060694020000408975020923000675007230984,759684312281793546346152897175469238832517469694328751468975123923841675517236984,6
834506120020130000005400806000300012300007500000810000063004001008201900901000208,834596127726138495195472836587349612319627584642815379263984751478251963951763248,6
004050000053007618098003500060500400087019203402086000045070800900800000000094105,614258739253947618798163524169532487587419263432786951345671892971825346826394175,6
010006030050038400000007156093045061805000040000003072007012085001004290000800014,419526738756138429328497156293745861875261943164983572947612385681354297532879614,6
603089050507021006000570093050000020402010079030000018070060800040100900300058002,623489157597321486184576293851793624462815379739642518975264831248137965316958742,6
000689007876150900109070080900034000400067002260091003021000005005726000680310009,542689317876153924139472586958234761413567892267891453721948635395726148684315279,6
800015290005000008000007501208001076004000810010040050092080160607000000300590704,863415297175329648429867531238951476954673812716248359592784163647132985381596724,6
401006000380050901050030800100003200200495006500200003600502009907040000805907020,491826537382754961756139842148673295273495186569218473634582719927341658815967324,6
300806200600070089007901600130650970009084000000000000520068700078500020906007000,391846257642375189857921634134652978269784513785193462523468791478519326916237845,6
890750060000030718670004000400000620030000400900140070000300087008010006306007500,893751264524936718671824935487593621132678459965142873249365187758219346316487592,6
000300200075204008603780000080900400706842000004571826060090080009600730208107609,841369275975214368623785194582936417716842953394571826167493582459628731238157649,6
000500270007026035802070960009052183000003506530001709004000000790040010000230490,613589274947126835852374961469752183271893546538461729324917658795648312186235497,6
030790002000030590906000430000000910024100305009500000058010640092040870001900200,435796182287431596916852437573624918824179365169583724358217649692345871741968253,6
600000519300020406900105073200009000090082000008536024002091060060250700000600000,627348519351927486984165273243719658596482137718536924472891365869253741135674892,6
500100300200000700030000002765294003348070020000300070004860201053402967610900800,587126394296543718431789652765294183348671529129358476974865231853412967612937845,6
020940806080000040403000079046090058000062900070385462000050003502600000030010600,125947836789536241463128579246791358358462917971385462614859723592673184837214695,6
614000000800009076000004500030100000490608001167040030500400000000000308009080040,614725983852319476973864512238157694495638721167942835581473269746291358329586147,6
010000004206140590784050602007004200000000000060000985000085009009000026003209400,915627834236148597784953612597814263328596741461732985642385179859471326173269458,6
308020050090040000064003000000090000000000842040010970600030010057209064023600080,318927456795846123264153798572498631931765842846312975689534217157289364423671589,6
908000035004932000006051400400198026801207054000005000100020003703600002000703008,918476235574932861326851497435198726891267354267345189189524673743689512652713948,6
000005008200006097000007040624850070031700060090600004000000000817000400053468002,179245638245386197386197245624859371531724869798613524462571983817932456953468712,6
500201078840003005000000109008007430400305826000008500082004000005002680304809700,569241378841973265723586149258697431497315826136428597682754913975132684314869752,6
000019000000508700080076530208001967570092000000760200064025003090000050020007690,753419826612538749489276531248351967576892314931764285864925173197683452325147698,6
305008000018073564709040830100090700520000006900064005000006020800009050650380079,345618297218973564769542831136895742524137986987264315493756128871429653652381479,6
006780000000900026402000800600170400500040102010209003090007030005008910060400058,956782341781934526432615879629173485573846192814259763198527634245368917367491258,6
006090001007040390049300607800070000714000506902000804008050109200009700090100208,386795421127846395549312687835674912714928536962531874678253149251489763493167258,6
030049016000006053708100040301025080200460030000300029920500400003700200410002300,532849716149276853768153942371925684295468137684317529926531478853794261417682395,6
653200840702003000800006203090030001100569704360104920080047000000625000006008092,653291847742853169819476253594732681128569734367184925285947316931625478476318592,6
069007100000630279070000050030020495050700020000045706015204000002060000300500800,269457183541638279873192654137826495456719328928345716615284937782963541394571862,6
003860005050074030076500900020000870000401000004085129000200560500040098780000410,213869745958174632476532981125693874897421356634785129349218567561347298782956413,6
000804300430000012007002006240608050901000000600047200000080400020061938000005761,562814379439576812187932546243698157971253684658147293316789425725461938894325761,6
000100008010009000396482500000890405005210000809030100051906080000040009900371650,527163948418759236396482571132897465675214893849635127751926384263548719984371652,6
001000000420170000300000000003795600096284073702631900678503040915020000200000701,861352497429178536357946812183795624596284173742631985678513249915427368234869751,6
107069582600400000008000640200040000800035100074192000400070253065000007000000096,147369582652418739938257641213846975896735124574192368489671253365924817721583496,6
070008240000972180200014007086000050720000090950207003830400020000893470400720368,671538249345972186298614537186349752723156894954287613837461925562893471419725368,6
540010070007050200209030000080701600030009507796503000900000054004000060601200398,543812976867954213219637845485721639132469587796583421928376154354198762671245398,6
070000100000000350002304076006200800087103000030098610600807290000000000029601008,973526184864719352512384976196275843487163529235498617641837295358942761729651438,6
086210300700060000910500004408700020000406000600000050357000840009300560860000000,586214397734869215912537684498753126125486973673192458357621849249378561861945732,6
000050023002000100300001809800640091109500006063800000091300000600105400405006000,914758623582963174376421859857642391149537286263819745791384562628195437435276918,6
006040300438000007020387000309600700000800006064100002093410205600005009080700400,976541328438962157125387694359624781217853946864179532793418265641235879582796413,6
002000005000005080000020607080270916600018000000050308003006009000030104009087063,972861435436795281851423697385274916694318752127659348713546829568932174249187563,6
690003710000604590003010800500006430004257000000040002000460070072000000006000381,695823714281674593743915826529186437314257968867349152938461275172538649456792381,6
000250800040086203020017004060003090400000038090800100984601007035002000006500300,319254876547986213628317954861723495452169738793845162984631527135472689276598341,6
004000030025047900071063584508600400400508001017000050000006700000031005000025090,684159237325847916971263584538612479469578321217394658153986742792431865846725193,6
000070306000000010610003004500900703001000000730000800098047620005001030003520007,849172356357496218612853974526918743981734562734265891198347625275681439463529187,6
213609400000700000700001600030010900420000000000543006500378194040005360000060580,213659478986734251754821639638217945425986713179543826562378194847195362391462587,6
000000300098003026013020000129000703605300010074200060900450070050002000060009154,246587391798143526513926487129865743685374219374291865931458672457612938862739154,6
000740030000000004007006802002090040906208075531460000104900386000083407070600019,865742931213859764497316852782591643946238175531467298124975386659183427378624519,6
040653720000010503050080160007300050230008010981520006503040601006000430004100000,148653729679214583352789164467391258235468917981527346593842671816975432724136895,6
000980401000500038680312700700400090000193847000070510090000006100000900306009085,253987461917564238684312759731458692562193847849276513495821376178635924326749185,6
020005300009000068358000097000000730004010006007030150070690000061042070093008600,726985341149273568358164297615829734934517826287436159572691483861342975493758612,6
009450000080006000070902506200815060050060170001003052003000015000321608910500007,369458721582176349174932586237815964458269173691743852823697415745321698916584237,6
074008560065340070010675000489006030007039810103007009000704000000001397090500006,274918563965342178318675924489156732627439815153287649836794251542861397791523486,6
096040050000038090020060874000370600630000000740000583084007000060094000905600000,896742351417538296523961874158379642632485917749126583384257169261894735975613428,6
000520031005800000300010500090080007407000080102400000036041720074058016000763009,748529631615837294329614578593182467467395182182476953836941725974258316251763849,6
080030407462007000050400800600000592275000104930005768300904200097000600524000001,189536427462817359753429816648371592275698134931245768316984275897152643524763981,6
000700009040025780100090025000974600019602570003000094094800050020000007005003006,532781469946325781187496325258974613419632578763158294394867152621549837875213946,6
084100000000006200000040913008000029003020084429000000610403000840709602907068001,384192765591376248276845913758634129163927584429581376612453897845719632937268451,6
410060000008009070209000000000900804090806017680010900900050000800600490100094508,417563289368249175259781643721935864594826317683417952942158736835672491176394528,6
000500000020360475350400201560030140893002700140005029000210500000800002200954007,674521983921368475358497261562739148893142756147685329789216534415873692236954817,6
473000100108300000506070000300009027905407060000030800007608005050013602030050710,473286159128395476596174283341869527985427361762531894217648935859713642634952718,6
070902001600000002005700400980230000007090000002107009409070600100089723000000004,874962351613854972295713468981236547347598216562147839429371685156489723738625194,6
705108603900000500860200400400910030219370804600000000082000005300000048000001320,725148693941763582863295471458912736219376854637854219182437965376529148594681327,6
601000043000000012200001800710000030462310580300064270000130090106209050970006000,651782943849653712237491865718925436462317589395864271524138697186279354973546128,6
060000021400701500150042007000507004041000600205010080016900040000060105900005376,367859421482731569159642837638527914741398652295416783516973248873264195924185376,6
800700600000005001017300485902001068560000000040000920400653000053200000000100009,895714632324865791617329485932471568568932174741586923489653217153297846276148359,6
400000601071406002602135749524008107016350004039200568300000910097060020005010070,453729681971486352682135749524698137816357294739241568348572916197863425265914873,6
400006070000002904023004086000000040316407805054600320800000700000703009007261038,489156273765832914123974586278395641316427895954618327831549762642783159597261438,6
268000314700000800009300200300000500645290008000450097000049000000036001000710903,268975314713624859459381276397168542645297138821453697136849725972536481584712963,6
000500907350000000009041800604100780070680001981070060000700000805906002100020390,412568937358297614769341825624153789573689241981472563296734158835916472147825396,6
027003000004509000530820090691030024040910000370000109009050018000098046408300000,927643581184579632536821497691735824842916753375284169269457318753198246418362975,6
000000000020700308030008070102607000007900024046200007210800403800025700094010500,678132945529764318431598276152647839387951624946283157215879463863425791794316582,6
100007000000004850407090000300009580200100900000000003920040705501072360700851049,135287694692314857487596132376429581254138976819765423928643715541972368763851249,6
800524030504310986001860420002470098009038050000900000900702500030005840005180000,896524137524317986371869425652471398719238654483956271968742513137695842245183769,6
000007001080050009470001600504280010100000006809000043612300700000008002090072000,956427831281653479473891625534286917127934586869715243612349758745168392398572164,6
813274005040090300500300047000052694060000002050000170020010030900020850035908020,813274965742695318596381247387152694164739582259846173628517439971423856435968721,6
039070600100690743067000500000008091000200005000000830040050000005004062008106054,539471628182695743467823519756348291813269475924517836641952387395784162278136954,6
508030000003900000090006000000290004804007001007081536700000053605300709309010208,578134692263978145491526387156293874834657921927481536712869453685342719349715268,6
004000063050920708000000250480531000010040800000000000609700501000390080008006007,294857163156923748873164259487531692312649875965278314649782531721395486538416927,6
071590634030800700400300980090084203240000050300200400003620000009470000020150307,871592634935846721462317985596784213247931856318265479753629148189473562624158397,6
008090100900601008061300200547003000000100080100409370800735090004206000050010807,378592146925641738461378259547823961239167485186459372812735694794286513653914827,6
075008000000400796300007100931046850260500900850000032010800379790000010000970000,675198423128435796349627185931246857267583941854719632416852379792364518583971264,6
207301580600208014108590032401005300080009405309080070803050000500003007000800003,297341586635278914148596732461725398782139465359684271813457629526913847974862153,6
000000170050189460010005890060000259003004600500021008926003080130970000005010030,894362175357189462612745893461837259283594617579621348926453781138976524745218936,6
000023000500000040630790200000051000819006530000300019080000062400062090300000008,198423657527618943634795281743951826819276534256384719985137462471862395362549178,6
670000203092000400005006900700600005210975000350100097520003009063502010080460532,674819253192357486835246971749638125218975364356124897521783649463592718987461532,6
000051700500006900070028051007300802480102005006000010060245007230800040740613000,392451768518736924674928351157364892483192675926587413869245137231879546745613289,6
493250800005380000080000075008600000954700628300040057039000006642009083010000492,493257861175386249286914375728695134954731628361842957539428716642179583817563492,6
371000900920030060040520701000053000000000095500004280000402600102060007468000009,371846952925137864846529731284953176637281495519674283753492618192368547468715329,6
004090003320605001601307020007000060000070100000000450013000890000000210208001005,574192683329685741681347529857413962492576138136829457713254896965738214248961375,6
071968000000000006869400000056024700100600002000001640690007081020100064400200309,271968435543712896869435127956824713184673952732591648695347281327189564418256379,6
820057000040200760069000000000010346000020070107003800080500000000000907600001005,821657493345298761769134528258719346436825179197463852983572614512346987674981235,6
016004302200000001479210060004538729000900134030000085790000050300050010600070203,516784392283695471479213568164538729825967134937421685791342856342856917658179243,6
240095710500200060968001540090580600035000000402036107070000095806029000029050006,243695718517248963968371542791582634635714829482936157174863295856429371329157486,6
803060020060084905000000680126809000000006040700020090007030400600000802000000503,853961724261784935974352681126849357395176248748523196517238469639415872482697513,6
000000004001400806304602590600000900193726000205098600006000049020014300400200080,962851734751439826384672591678543912193726458245198673516387249827914365439265187,6
906007003700900000000030007000000804805010000070006500307009048008104320004385070,916547283743928651582631497269753814835412769471896532357269148698174325124385976,6
240080030310640070869003020600005049000024000000300051000256400086030000000800310,247189635315642978869573124638715249571924863924368751193256487786431592452897316,6
060052000708104590010903006020600010000020007301007625004009000003500000692008054,469752381738164592215983746927635418856421937341897625574219863183546279692378154,6
000250960060007103090060008478000000031849700952376800180030000740000016000010087,317258964865497123294163578478521639631849752952376841186732495743985216529614387,6
873514600004002057900080030000400008130270549000001070000100385700800026000000714,873514692614392857925786431297435168136278549548961273469127385751843926382659714,6
100007348006913705302004196020001904030006502014002860007630480400700000060140200,159267348846913725372584196625871934738496512914352867297635481481729653563148279,6
000000020000200600600097040100680700090504100000000203900100437203040500006000080,739456821548231679621897345152683794397524168864719253985162437273948516416375982,6
000020600020006040009000127090670501005000278000085000702560014406200085001438760,348721659127956843569843127894672531615394278273185496782569314436217985951438762,6
504029078093670540760800013401502700270400300600080000107960800900008007300050009,514329678893671542762845913481532796275496381639187254147963825956218437328754169,6
704000150560701000030504007900000400047632905685009720810000070000000019070106000,794283156568791234231564897923857461147632985685419723816945372452378619379126548,6
790000650350100008864002000079000080436500000008600040000745100907800023005003874,791384652352167498864952731579431286436528917128679345283745169947816523615293874,6
010762830046500001783010260904000103000040500020100000000420706471806050002307018,519762834246583971783914265964275183137648529825139647358421796471896352692357418,6
039640800820750100001028000000070900010000200600004310140900002290006783000200491,739641825826759134451328679583172946914863257672594318148937562295416783367285491,6
400019608000508300268030519000003090027000060009670030083020700074380052000004003,435219678791568324268437519856143297327895461149672835583921746974386152612754983,6
009000000000230900670090000068070109405003602710062085506400793900000004000000260,359641827841237956672895341268574139495183672713962485526418793987326514134759268,6
040005380000200065080000000004000001871090620020004598000040000000060852003000040,742615389139287465685439217954826731871593624326174598568942173497361852213758946,6
005096307603010000020030000000054710000278965052060080000103000000009501080507630,415896327673412859928735146896354712341278965752961483567143298234689571189527634,6
000700806680950300037068100042007030069000700700000002508000000091004008000105070,915723846684951327237468159842597631169342785753816492578639214391274568426185973,6
000000507006100093300090200009365002800410000030000040708001020100826000960704050,294683517576142893381597264419365782827419635635278941748951326153826479962734158,6
090180620410205070070090000100900000004310000000050142807001209952800000000020005,593187624416235978278496351125974863684312597739658142847561239952843716361729485,6
081030000040086000706000010800502940007003120000074003000001000000400080204700639,581237496942186375736945812863512947457693128129874563698321754375469281214758639,6
000000007058040093060000418070200185589400000000030904000100800020956000030000069,941382657758641293362795418473269185589417326216538974695173842824956731137824569,6
000040360037050480810600000302400070008001003040700002000000020070068030900004015,529847361637152489814693257392485176768921543145736892456319728271568934983274615,6
000080006060200043073050208028030000704090000306000000000008000037902680080003129,542381796861279543973654218128435967754196832396827451219568374437912685685743129,6
009002000002687000700050010300964000000020000920701006806043079047506300003000604,539412768412687935768359412381964527674825193925731846856143279247596381193278654,6
200705040190000000700013902010082000027509030000100820071008000502306700906070000,268795341193824576754613982315482697827569134649137825471958263582346719936271458,6
004197050007206910100005007201000030009013200500600179900070540040000701705042800,624197358857236914193485627271859436469713285538624179986371542342568791715942863,6
140000009003492058090007006007000382084005607000000900000076200000321000320004070,148563729763492158295187436517649382984235617632718945451876293879321564326954871,6
200080000080000039000020768003590080760803000804012000000008000679000000000479520,237986415486751239951324768123597684765843192894612357542168973679235841318479526,6
000802007082037010070040008647300000000400600900006000069518430800000790023074506,491852367582637914376149258647385129238491675915726843769518432854263791123974586,6
200009000900031750000007698704102060006000000381050020100008040039000800840010200,257869413968431752413527698794182365526973184381654927172398546639245871845716239,6
700005204800006079030040800600082000003600900407000608020008100006007080178520000,769815234841236579532749861695482713283671945417953628924368157356197482178524396,6
906010204007200006040009710305720040460003500701504060003001620000002405004000107,936817254187245396542639718395726841468193572721584963873451629619372485254968137,6
000003070470092005821000090006004009090050004300000720682005900000060850150938040,569413278473892165821576493716324589298657314345189726682745931934261857157938642,6
700030200048090700050007001000900087007058300980040625090512803000000962800679014,719436258248195736356827491425963187167258349983741625694512873571384962832679514,6
200300608670100040300067100154023907036070204000400530003080001060030820890205060,215394678678152349349867152154623987936578214782419536523786491467931825891245763,6
106840790000600000200050410003704580520900007007563040030195000900087000000000100,156842793349671258278359416693724581524918637817563942732195864961487325485236179,6
502074060607009000000000570000702080001030700070040003160450098804103000795200034,512374869687529341349861572936712485451938726278645913163457298824193657795286134,6
247003098060108040008000006091006480000300021082000007130070064000000079605009800,247563198963128745518794236791256483456387921382941657139872564824615379675439812,6
050074600670095100403001007210030004360048009000020000100980400020453906000002800,951874632672395148483261597219536784367148259845729361136987425728453916594612873,6
070000050600009000080400009090600318563801074000030025001700503856003290400502801,379218456645379182182465739294657318563821974718934625921786543856143297437592861,6
780921000901830760020600180804200003007300001010006800000002040000760200000040957,786921534941835762523674189854217693697358421312496875179582346435769218268143957,6
704291050050007002001008000530702916046009370000030400100024009000906030092073000,764291853859367142321458697538742916246819375917635428183524769475986231692173584,6
090058060040900037050460800720600050015030000400000000004001300002300000503040006,391758264846912537257463891728694153615837429439125678964571382172386945583249716,6
000096340009000007000500600630000082701320006082600030003970800006483501008060900,817296345569834217324517698635749182791328456482651739153972864976483521248165973,6
020009040000460002000020070950630084006204700040050100500010408600008000010042600,325179846789465312461823975957631284136284759248957163592716438674398521813542697,6
002000008070900235080200760050310007000740950400092300816020570000007010703000800,532674198674981235189253764958316427321748956467592381816429573245837619793165842,6
237000460000902078000460003100000007060270000078051324000590000013006092089003000,237815469645932178891467253152349687364278915978651324726594831413786592589123746,6
000003410900070000400518096008020940000081000079000001062309004800000602004000059,586293417931674528427518396158726943643981275279435861762359184895147632314862759,6
057090060600708000900610000090000000086020010175009004540200300800100900021043000,457392168612758493938614725294531687386427519175869234549286371863175942721943856,6
081097000026430019300200070000100007007000100108500243045820061603004900002006354,581697432726435819394281675439162587257348196168579243945823761613754928872916354,6
004000892900043150000008063010000348308904205400030019000021784027050901103789506,634175892982643157751298463219567348368914275475832619596321784827456931143789526,6
007008000400090300010470860024000000070304980900280400050000010030000700640120093,297638154486591327315472869824719635571364982963285471759843216132956748648127593,6
104070050006900004920004063300500020009340000000010080090020100000893005003001092,134672958876935214925184763381567429269348571457219386598426137712893645643751892,6
300900700802307000076210800000030040060071200083429610008190000700843106040002098,315984762892367451476215839127638945964571283583429617238196574759843126641752398,6
845601000003090146061040805002080000407000200000004090000109600070830051036400980,845621379723598146961743825312987564497365218658214793584179632279836451136452987,6
008560070049002506006978002002000004003091007070000800000320065027010098095607001,238564179749132586516978432862753914453891627971246853184329765627415398395687241,6
000180090020000060008062750004018006109536007062004100243000510600851020000020000,736185492925347861418962753574218936189536247362794185243679518697851324851423679,6
194360000608047300703819200007004005900150700300728690070080000400200001030000078,194362857628547319753819246867934125942156783315728694576481932489273561231695478,6
005269700300700920000000005900000540000000000801504690048300271007000400029070000,415269738386751924792843165963187542254936817871524693648395271537612489129478356,6
091008703002437001000090000203080619000900000189000500014800270300000895058029100,491268753562437981837591462243785619675912348189346527914853276326174895758629134,6
079601800600040000304058700908003204100027580200095030730000000400006028000014000,579631842682749153314258796958163274163427589247895631736982415491576328825314967,6
160000080074008010800071403501000000430090070700104800640007051000013000010406920,163549287974328516825671493581732649436895172792164835649287351258913764317456928,6
300208010700460000050000002503820106070001429040600030005000240004710390007042000,369258714712469583458173962593824176876531429241697835135986247624715398987342651,6
014087023000000508000092600000000094080209060050010830007020400142968007008005019,614587923239641578875392641723856194481239765956714832597123486142968357368475219,6
031900080802000500659000071186720954004018000000509800900070240000300000018090005,431957682872461539659832471186723954594618723327549816963175248245386197718294365,6
