105000403840070060300001000000000004600830701010000600001080090009003540437050012,195628473842375169376491285758162934624839751913547628561284397289713546437956812,2
520348169400206300060971040100024000700605003006000704000430600004069500003002000,527348169491256378368971245139724856742685913856193724915437682274869531683512497,2
006000000054301020009000005023709000500203790907080400001000050002008000630920817,386452179754391628219876345123749586548263791967185432891637254472518963635924817,2
740080005059700010008159003000001037007200540000007806000005780283006109005000360,741683295359724618628159473862541937937268541514937826496315782283476159175892364,2
087190560910200007602000910096001078003050000200908000060010089000400005000009700,387194562914265837652873914596321478843657291271948653465712389739486125128539746,2
005004010010008905000010000802006000001872064030009078900000000350040000000507800,785924613413768925269315487872436159591872364634159278927683541358241796146597832,2
000035080084020709006870000010700000400500070005000361009007000051400207000092400,127935684584621739936874125813769542462513978795248361249357816351486297678192453,2
905001204000070900083000700040157090050839002300426150000080001800645020004000060,975361284421578936683294715248157693156839472397426158762983541819645327534712869,2
000000000725006000000800501090500060000293700043000905004932000032048000900100200,381459627725316498469827531197584362856293714243671985514932876632748159978165243,2
700060005590020061618003002000200013004000000230001700920805007380070090050300020,742168935593724861618953472875249613164537289239681754926815347381472596457396128,2
104009700008040900900037510000001040000002006010470209087010000360524000001790620,154269738738145962926837514892651347473982156615473289287316495369524871541798623,2
010720803850130760307680012970402080035060090080000004100206000703040000500001000,619725843852134769347689512976412385435867291281593674198256437723948156564371928,2
500730060709010000003000000094073051005024936320095080060001002030050608200900010,542738169789216345613549827894673251175824936326195784467381592931452678258967413,2
179008065486510270003000000000800090000097514040000700704000008000204030092000407,179428365486513279253769841537841692628397514941652783764935128815274936392186457,2
002060950601008400840200070000020069060000807000800040003600781000100090008070005,732461958651798423849235176184527369265349817397816542923654781576183294418972635,2
080001430000926007050803000900054000370012000014308000896400100020060008040000963,682571439431926587759843216968754321375612894214398675896437152523169748147285963,2
912000500503690001460050000006530007000000438000814650700000000600305924200001003,912483576573692841468157392846539217195726438327814659739248165681375924254961783,2
200936100005080400000004002700400003021060009403702010049000500000043971007020000,284936157135287496976154382798415263521368749463792815349671528652843971817529634,2
000200037000030840070009060600000309230008701000002480500040200920073004041925000,856214937192736845473589162684157329239468751715392486567841293928673514341925678,2
400200087000008000010900000845029601200080040370000005004032900900807500000690000,493256187527318496618974253845729631261583749379461825754132968936847512182695374,2
470005002506103847030000609040008020003702000012600005360000008000007006000096200,478965132596123847231874659649538721853712964712649385367251498924387516185496273,2
200070100000020603001834000006080900004907030000105800062000000800200000010090005,238679154497521683651834729576382941184967532329145876962753418845216397713498265,2
401300000060005000302070009000400100207600400530200907070500320000700005140023000,491362578768945231352178649986437152217659483534281967879516324623794815145823796,2
306800090170096002000030000200000010009201400000000200017008000095000061003017050,346872195178596342952134678234789516589261437761345289417658923895423761623917854,2
020807000000593082038040056050000000000051860301000007090400208010020079080900035,125867394476593182938142756857634921249751863361289547693475218514328679782916435,2
007900000000200050300008700004680007600427000203000040830760920900001300000390160,427935681189276453356148792594683217618427539273519846831764925962851374745392168,2
000000079000060008500703400200500703050137002704900000870050600000374000002080000,426815379397462158581793426219548763658137942734926815873251694965374281142689537,2
040090031185000029300000800609180000050907010000050090007010400964030072001070000,742698531185743629396521847679182354453967218218354796837219465964835172521476983,2
037290004040786000060000009001000000406572010000400007200007040074058026005000370,137295684549786231862143759751839462496572813328461597283617945974358126615924378,2
500043000231560400007082300705200003093075001812000760000000000370050010108320007,586943172231567489947182356765218943493675821812439765624791538379856214158324697,2
042100690000040000800600500009860050006010000210003400090307005307090004020000007,542178693963245718871639542739864251456712389218953476194327865387596124625481937,2
813400260060010400905623000098001000000740010500080940100904000680500100054100600,813497265267815493945623781498251376326749518571386942132964857689572134754138629,2
408125300000000009000003004004030005010070602702501000003659800100302946009407023,498125367371846259526793184964238715815974632732561498243659871157382946689417523,2
300500040009008000580004900051300490700005002600900500208419350016003700400200100,367591248149728635582634971851362497793145862624987513278419356916853724435276189,2
007059600020008030004030200030000002070000518408125000003010847000506000002403900,317259684925648731864731259531867492276394518498125376653912847749586123182473965,2
075063001000010359003290000000500000006004705300020008460009520580001906700602810,975463281624718359813295467148537692296184735357926148461879523582341976739652814,2
045300008603000501190000430050000600001820000902040053000903240020080300039206005,245371968673498521198562437754139682361825794982647153817953246526784319439216875,2
900001000725300008008057000072089300309010800000070026007000504136005780080706030,943861275725394618618257493472689351369512847851473926297138564136945782584726139,2
670013000000000710000009030980400005460701000000005460009024000800357020100960000,674813259398542716251679834982436175465781392713295468539124687846357921127968543,2
700050300001007059000630074000045030500800000080010005092000560300000127675028000,764952381231487659859631274916745832527893416483216795192374568348569127675128943,2
300000042100000070007020009760000000518000090000840000800009300000084020003271060,396758142125493876487126539764915283518632794239847651842569317671384925953271468,2
000054692090200300032000410700008030350940700010073809000030000000000006020685073,187354692694217358532896417749168235358942761216573849865739124973421586421685973,2
503000006827400500010200000900872000000100070400300802000501740100607039700020600,543789126827416593619253487965872314382164975471395862296531748158647239734928651,2
040200035000000020008030917010305790020007103007012000300409070004720060070003280,741296835593871426268534917816345792925687143437912658382469571154728369679153284,2
027104500010000407645087130001040270070306051260000000083400005090000704000790010,927134568318965427645287139531849276874326951269571843783412695192653784456798312,2
200006190800524060003000200008090000300800001400261000000000000900000704002978603,254736198819524367763189245128395476396847521475261839687413952931652784542978613,2
020000060000300015591020047084597003009106004050084970000000408005800000810005700,327451869468379215591628347184597623279136584653284971936712458745863192812945736,2
000000039000100400000005700003050090089341050705902000000627945006000100004010203,641278539857193426392465781413756892289341657765982314138627945926534178574819263,2
680054090742000501000600000200100000007006002300000805075900040420018059900400000,681754293742839561593621487259183674817546932364297815175962348426318759938475126,2
040098060000002008281005090007030609400621807036900005000003000054010020002056980,743198562569342178281765394827534619495621837136987245918273456654819723372456981,2
700060005000070023050000601870413900009006300403500107024608039600900010000000000,731862495946175823258394671872413956519786342463529187124658739685937214397241568,2
740530000060000090900076405004307800080000040500804920050602080000090070030085004,741539268365248197928176435194327856682951743573864921457612389816493572239785614,2
000430080003980074008002060090250013700000008100690000027000500000001036361000000,279436185613985274548172369896257413752314698134698752927863541485721936361549827,2
100500604709000000800001200076008903013000008000052100001070402020913800000200010,132589674759426381864731295576148923213697548948352167691875432427913856385264719,2
400079638010600750087003900740001003000704100001000000100000085000007006050080000,425179638913628754687453912742891563568734129391265847176942385834517296259386471,2
020906000000430000530081000008300025100000903000040601287000060050008300000070200,824956137719432856536781492648319725172865943395247681287193564451628379963574218,2
015000030080402956040300712006290300300007509000503260090000000107900000530004607,215679834783412956649358712456291378321867549978543261894736125167925483532184697,2
500107063610500890000680700003800600060030904009406307370901040000304000006208000,598127463617543892234689715743895621165732984829416357372961548981354276456278139,2
089140073004080900002006058020003504013650207000000396700000105000700030390000002,589142673634587921172396458826973514913654287457821396768239145241765839395418762,2
061000900050010028800700500000530000500006012080107000400908100010040057070600200,261385974753419628849762531192534786537896412684127395425978163916243857378651249,2
500400680300050009000030000200360000030015204941200050003000000480506130620100940,572491683368752419194638725257364891836915274941287356713849562489526137625173948,2
400326000000001006026500400750409803800702000090000074000603000000807040009000080,417326958538941726926578431752469813841732569693185274284653197165897342379214685,2
900000000025093046000548702604900500501634000090005004000070000000809430409006210,948267153725193846316548792634982571571634928892715364253471689167829435489356217,2
073000002890462007256701090000009040000600000120800005000000000000003980704080000,473598612891462537256731498685329741347615829129847365938254176562173984714986253,2
000318060000090000003000120340000001907020006000600090090030600005902843708104000,279318465154296378863547129346759281987421536521683794492835617615972843738164952,2
001600300530219080008000000102460703070800200000790148400128670000006000000000002,291684357537219486648573921182465793974831265365792148453128679729356814816947532,2
800000000024179000076000030407603050230007006600900072780304600000002010102790003,815436297324179568976258134497623851231587946658941372789314625543862719162795483,2
150000906000007001007800430000250047015400390704003000000000014069000700801034609,158342976342967581697815432936258147215476398784193265573629814469581723821734659,2
000450079000103805000080002005000006800020500170569200008000100507034020060210007,681452379742193865359786412235841796896327541174569283928675134517934628463218957,2
000900600650137800008506703000009038500083070387650009009004325405000987020000000,731948652652137894948526713216479538594283176387651249179864325465312987823795461,2
050098046009710005000002003900400100000009000470006500082030079090040060004007000,251398746639714825748562913926453187815279634473186592582631479397845261164927358,2
072010000019062008600070010007180402090400060246907000001640000864291005020000000,572814936419362758683579214357186492198423567246957183731645829864291375925738641,2
009000006001093070078050932800900000900742308027038100394000701005100093062300080,539287416241693875678451932853916247916742358427538169394865721785124693162379584,2
900200000504030006000519000107300860065002079098070030030050617001003590000001243,983246751514837926726519384147395862365182479298674135432958617671423598859761243,2
100740000007900004006030795020090080003008176000400900804070029000000001065100000,159742368387965214246831795521697483493258176678413952814376529732589641965124837,2
800300400095008000200900008000200000620007080030000240001704800300802614000001057,876325491195478326243916578514283769629547183738169245961754832357892614482631957,2
080106509092030471014000830000000090050703600003608700000080200000060948000470150,387146529692835471514927836768214395251793684943658712439581267175362948826479153,2
017030950250000100090000000000050849300748000080209003900305067006004000500006390,617432958254897136893561724172653849369748215485219673921385467736924581548176392,2
071304008060005000054000231018402579090150002020000304080700000002000080006008105,971324658263815947854679231318462579497153862625987314589731426142596783736248195,2
701400002500860010002000409000000105100604020070000000600000031008020500090105206,731459862549862317862317459986273145153694728274581693625748931318926574497135286,2
403000905900400010001293000000820009097000000130000080080109700670500000000040250,423681975968475312751293468546827139897316524132954687285169743674532891319748256,2
300000056900605010020000407008007264436008000000060030000900005260403009050712603,371249856984675312625831497518397264436528971792164538143986725267453189859712643,2
108200005007564280000910700800000600070680000002745008000000860256009000004000509,168237495937564281425918736841392657573681924692745318719453862256879143384126579,2
002500904070049300010700520980105060000800000600000180090000700700010040043000892,362581974578249316419763528984135267251876439637492185896324751725918643143657892,2
000004005500080010001000809900000001068451297152309684030700026015693000700200000,689124375573986412421537869947862531368451297152379684834715926215693748796248153,2
800700200007000000040602037000079008080064705000310020300985002000420100024000086,856743291237891564149652837612579348983264715475318629361985472798426153524137986,2
002000000009700003100248006985000020000080037320000081001804070200000000030021405,472639158869715243153248796985173624614582937327496581591864372246357819738921465,2
402316870186070045007400010000080904809007103000043700320000000008005000090000007,452316879186279345937458216573182964849567123261943758325794681718635492694821537,2
000603002902700010300000070003089065695000280081060009006235090030010020020070038,417693852962758413358421976243189765695347281781562349876235194539814627124976538,2
904000002000500000605204301500000200340801705700402038809006007073108009020000483,934617852217583946685294371568739214342861795791452638859346127473128569126975483,2
002070000300805060160009005041000709000702000000000384000250003036000010720030040,852674931397815462164329875641583729983742156275961384418257693536498217729136548,2
070309046905416000000700900700100695000000178561097020007600850658070430410000067,172389546935416782846725913784132695329564178561897324297643851658271439413958267,2
104530060630020050902608304593700600000300070070095000061900082020000006740000100,184539267637421859952678314593714628418362975276895431361947582829153746745286193,2
002700000473008000008392050004000020020040509500003087706000218000000900209600005,952714863473568192618392754394875621827146539561923487736459218185237946249681375,2
009001000000340000075000003000425001040069030006008007690850000050600000081973000,369581724812347569475296813937425681148769235526138947693854172754612398281973456,2
156023978407018063000056400000800004004109280780040000041500009000004301205091800,156423978427918563893756412612835794534179286789642135341587629978264351265391847,2
002905873070200500305006090893102000700059000020780100000000002140327085000000000,462915873971238564385476291893142756714659328526783149657891432149327685238564917,2
067048120000000987008900600485093270000006000000050301100400760000019002049000810,967548123534621987218937654485193276391276548672854391123485769856719432749362815,2
000900001000031200900005080607000028090270060842000000009520807000100950578300610,384962571756831249921745386637459128195278463842613795419526837263187954578394612,2
900640008802015347100000006079000020000520000521070400205090630700260090000000172,953647218862915347147832956679184523438529761521376489285791634714263895396458172,2
067804029800500040094000005250046000000050904470398502035002007940000050710005390,567834129821579643394621875259146738183257964476398512635912487948763251712485396,2
005006002206500000319087400008030209000800053700000648002000000100003086680001020,845316972276549831319287465468735219921864753753192648532678194197423586684951327,2
740023508002805074085700012000100600000009700200560800829000450537400000000358200,741923568692815374385746912978134625456289731213567849829671453537492186164358297,2
000050073003089002600020500000005000078000350000830024300046010105070048042000600,824651973513789462697324581231465897478192356956837124389246715165973248742518639,2
016208407800169325059003000907000004080014000001090082008900200700002010100080000,316258497874169325259743861967825134582314976431697582648971253795432618123586749,2
270010000004800570086500000000200050010700326002300701000028607060000200020057083,275413869134896572986572134793261458518749326642385791359128647867934215421657983,2
090600000068130200030002100300209540000000000906050021003921850070500010102870600,291687435468135279735492186317269548524718963986354721643921857879546312152873694,2
000000402207600381001000050000340006630087000400000705020803000050416000816072000,569138472247695381381724659175349826632587914498261735924853167753416298816972543,2
014300000230009000000204130100930405005070823300058000800090042007803609003146000,714385296236719584589264137178932465695471823342658971861597342457823619923146758,2
000492501001005000009000002603010900007300000500009310000070004800000070472100059,768492531241835796359761482623517948917348265584629317135976824896254173472183659,2
000105000000300590365040700780002354102004060040500172807050000030801900001070000,978165423214387596365249718789612354152734869643598172897456231536821947421973685,2
050703001000000390001045000860030200500007630000090004003172006795080120000359040,958723461274861395631945782867534219549217638312698574483172956795486123126359847,2
750036009600000000900070026080741000100090708070608090806100000007900005405087001,758236419623419587941875326389741652162593748574628193836152974217964835495387261,2
080120000300000809000008007006091002009002000070003014857000000140900270900007083,784129536321765849695348127436891752519472368278653914857234691143986275962517483,2
720050903030700000000023710590400000600035009203680150452070690000060501000500300,724158963931746825865923714598417236617235489243689157452371698379862541186594372,2
085000702069040100071050000817036090004815070520904300000007851000001000000000627,485169732369742185271358469817236594934815276526974318693427851752681943148593627,2
000010082000420030070085600003000006060002000007960015000003704000000061408070200,394716582586429137172385649813547926965132478247968315621893754739254861458671293,2
300084001206150093104693258060078005000000000907010084048000000610830540530701800,395284671286157493174693258461378925853429716927516384748965132619832547532741869,2
820467300096000048300000000000300102213080000000002000000700500702046091459128003,825467319196253748347891265964375182213684957578912436681739524732546891459128673,2
000015928010000437900002600003000092802050070001000503029600700106007000008034200,634715928215869437987342615453176892892453176761298543329681754146527389578934261,2
007009030902000605010000070570091000001460307064507891020080003100900500800030710,657249138982713645413856279578391426291468357364527891725184963136972584849635712,2
098507041700104300410063805000305400800200050950408206080050004000600180020800000,398527641765184392412963875276395418834216759951478236683751924549632187127849563,2
000806470000207001067001830028100000370004010401000706700062108500908020286010000,132896475854237961967451832628179543375684219491523786749362158513948627286715394,2
705000401086094300400705800800007000070000000069548703010009000050070009047063100,735682491286194357491735862823917546574326918169548723312859674658471239947263185,2
865704902001000348900280000090008260080000034200005000000426080008090026670003000,865734912721569348934281657497318265586972134213645879159426783348197526672853491,2
080070000070302060000584039020003090000700352004000100007005003201630000003400627,385976241479312865162584739728153496916748352534269178647825913291637584853491627,2
708400900000017850065009400000240009009000000006000710080001690017500083903000005,738465921294317856165829437371248569859176342426953718582731694617594283943682175,2
094507263500600000208900010412000300356701804000300050905100040040005008083400000,194587263537612489268943715412859376356721894879364152925138647641275938783496521,2
000000049204509000960374005430000070821040003590800060042960001683750000100432087,375126849214589736968374215436295178821647593597813462742968351683751924159432687,2
070230000003004000045097320000320004500009263000000980762080041951406002408000009,179238456283654197645197328896325714517849263324761985762983541951476832438512679,2
930008750010305682000200010070003020001902540290060000020700065008000200059800400,932618754417395682586274319874153926361982547295467138123749865748536291659821473,2
090005670005070094720900100809001200041020087030000000000200846000004000210068739,493185672185672394726943158879451263541326987632897415357219846968734521214568739,2
020093100090060058000005003837002690050900037010030040049000006000109070271000089,725893164394261758168475923837542691452916837916738542549387216683129475271654389,2
805003004200000890006000703080506040000030200750904100509067082300050900000189500,875293614234671895196845723982516347641738259753924168519367482368452971427189536,2
500960834020080601006140700007009268000000470300000190000800940200006580090200300,571962834429783651836145729147539268985621473362478195653817942214396587798254316,2
760500019008002457590100006070300082009004000801009040900000008080400193010005000,764538219138692457592147836476351982359824671821769345947213568285476193613985724,2
600401008000050002050300741002000100000608020005040089000130076000924800030080010,623471598471859632958362741842593167397618425165247389284135976716924853539786214,2
054010000000000190600000504800900051060150700000087003207805600500001807080006210,954618372738542196621379584872963451369154728145287963217835649596421837483796215,2
005290700830000029927500016402000650500008100003005907040000263050040070300000000,615293784834167529927584316472931658596478132183625947741859263259346871368712495,2
000000002007090030360020195049150020000203080020070041076002900000087000102900070,594831762217596834368724195649158327751243689823679541476312958935487216182965473,2
000000100590280030000034200100025080240003000007090002803000910910067820020000003,432759168591286734786134259169425387248673591357891642873542916914367825625918473,2
700000450900306008008750396300200000429600000600008020006803540002460000834000760,763982451951346278248751396385294617429617835617538924196873542572469183834125769,2
500090007003120000609007080000003804400001003307000900010006009760300240000802005,521698437873124596649537182192763854456981723387245961218456379765319248934872615,2
092170530600300480300600019900400000000030060070060040000004300000200701705000604,492178536651329487387645219936482175514937862278561943169754328843296751725813694,2
040097000000160400309080000000706039600000000073500004400310970790008300200900150,546297813827163495319485267182746539654839721973521684465312978791658342238974156,2
060038201030060000008700600612900008980205170400000000306000982000006010000090405,765438291234169857198752634612973548983245176457681329376514982549826713821397465,2
605400000120570980709102030000000010500740002000001008050030140002600053310000207,685493721123576984749182635867325419591748362234961578958237146472619853316854297,2
204000803056400010013200040001690052009501400000000090000000028000027034032056001,274915863856473219913268745781694352629531487345782196167349528598127634432856971,2
900700005000894320006000000300010060148362090265907030610070902509000070800000600,982736415751894326436251789397415268148362597265987134613578942529643871874129653,2
430702000009040260000608000060001000300970080040850002000385000003409150504000039,436792518819543267275618943968231475352974681147856392691385724783429156524167839,2
900205680185046009002070000700052100500003002000000850050401007000009005096030000,974215683185346279632978541769852134548163792321794856853421967417689325296537418,2
090001030000280470064030109083027951070003000000050000540018700030506000018072000,297461835351289476864735129483627951175893642926154387542918763739546218618372594,2
000906000308450602000308514901034820806000030000009401084090206620140009090062040,415926378378451692269378514951634827846217935732589461184793256623145789597862143,2
040002000000508070700640000000001062960005040200700590030057004890000057005186903,549372816623518479781649235358491762967825341214763598132957684896234157475186923,2
004006780000800400800050006370084259908007000000005030000003002002600043000020000,524396781639871425817452396376184259958237614241965837185743962792618543463529178,2
009024731000000000102078004600809000000040086003000500068300140910000002304100800,859624731746531928132978654627859413591743286483216579268395147915487362374162895,2
105406300000002000702090001350621094900347020207809030000030687070000050800005010,195486372483172965762593841358621794916347528247859136521934687679218453834765219,2
538060100000010008009000340300150900002970054900002000040000093000000206200006400,538467129427319568619285347364158972182973654975642831846521793753894216291736485,2
000035016120007030300260000790083062208006300613500700030600007400000020060000904,879435216126897435345261879794183562258976341613524798932648157481759623567312984,2
000310460700008320080020000000002001500769000240851706000003600006100200400080093,952317468761548329384926517678432951513769842249851736195273684836194275427685193,2
560007904000004051241050867015002008300000005002540609400270000000005000000080576,563817924987624351241359867615932748394768215872541639458276193736195482129483576,2
610000902294008705000200040108000593029000001050000278040035027530004619800900054,615743982294168735783259146178426593329587461456391278941635827532874619867912354,2
000008437000920800800047000701050204020700096600002700080010070900200100050000040,219568437547923861863147529791356284425781396638492715384615972976234158152879643,2
309804600604000003007000804950003400006000530032400068293748150000256349400001080,319824675684517293527639814958163427746982531132475968293748156871256349465391782,2
400593860810002900500000240060005704708100090340900000600208000084000020000600189,427593861816472935539861247962385714758146392341927658695218473184739526273654189,2
902850360500960200603010958001000093000100020009076085700600001006407000000001670,912854367578963214643712958861245793357198426429376185735629841196487532284531679,2
004000806853007200000842053080300907000469500001000300060204010009080002000070000,124935876853617249976842153485321967237469581691758324368294715719586432542173698,2
579000080200180007010007400007014050080005700000068002400830009608000005090500000,579642381246183597813957426367214958182395764954768132425831679638479215791526843,2
060005300040607902072310000003004020790000608620000034000100000006052001400900060,169425387345687912872319546583764129794231658621598734257146893936852471418973265,2
008900014003000500009510800000735000070000925085200300030000400040370109090854032,758963214213487596469512873924735681371648925685291347537129468842376159196854732,2
001029007070408000050073901094167308080000109103005704840001506000780000007050000,431529687679418235258673941594167328786342159123895764842931576315786492967254813,2
400008070001000023600012000009130200304005000006700000003200004040600590050000106,425398671891567423637412859579136248314825967286749315963251784148673592752984136,2
008200100000030000310096847000400000000650000904720650530900076000000500000070203,698247135457831962312596847765418329123659784984723651531982476279364518846175293,2
006009020805420009007506041029003406570600000608090500000005263962000050000008000,416879325835421679297536841129753486573684912648192537784915263962347158351268794,2
060001200209000070001000006020005408050000000403090520700020300300700051180053702,864571239239864175571932846927315468658247913413698527795126384342789651186453792,2
010456723300000601200003050000504037050730080731000000000079018000008360002300070,819456723345827691276913854628594137954731286731682945463279518597148362182365479,2
080521040000600200001079000090002830278050016304867092840100729000098304000240108,687521943953684271421379685596412837278953416314867592845136729162798354739245168,2
500007010004000900070500408000090164000050029080204050007143000045800793000970640,539487216814632975276519438752398164463751829981264357697143582145826793328975641,2
607300091000061000000700500005000000000596400040000058200400600004003719903010080,627354891458961327139728546395847162812596473746132958281479635564283719973615284,2
030102080000593602100408300040905100090816054500030000624000078000007000000289000,935162487487593612162478395748925163293816754516734829624351978859647231371289546,2
380670050000390000005028000169040035702030914430050000000000360073000008006700090,384671259627395481915428673169247835752836914438159726291584367573962148846713592,2
020450060094010350007000409400090800200000003730040605000920007900085030875034000,328459761694217358517368429451693872286571943739842615143926587962785134875134296,2
400010000506830000910004008891000706064070005000906001000000917189060500705090603,478612359526839174913754268891425736264173895357986421632548917189367542745291683,2
200050900169703050504069320000001080890600003401900000948000000310097005607030090,273458961169723854584169327726341589895672413431985276948516732312897645657234198,2
300050809856000040000008526700025100000003075000900008070610300509380400000000080,342756819856291743197438526763825194984163275215974638478619352529387461631542987,2
020000000800103690309070081240000060006000347700846000000000850008600010000509736,124968573857123694369475281245397168986251347731846925693714852578632419412589736,2
030000560100063009007000003400206800826470900700598040000009050098000000264100300,932814567185763429647925183459236871826471935713598642371689254598342716264157398,2
300040002087501004096003010800000079000300806000000231008004007902000403740236000,315749682287561394496823715863412579129375846574698231638954127952187463741236958,2
003000008000300609490076200547010900612089037830000064050700396080000020000005000,763192458128354679495876213547613982612489537839527164251748396384961725976235841,2
100070034700201600090000715000050800040807523030900067070004000800605000000790000,186579234753241689492386715267453891941867523538912467679124358814635972325798146,2
008290500050000003001800400005784630206109804080300000003000009500630008600008000,468293517957461283321875496195784632236159874784326951813542769549637128672918345,2
008000000000830460046900080029100040000080009080204600053010000000002504000758200,738546912192837465546921783629175348475683129381294657253419876817362594964758231,2
854620090060041000300890006001060530705100900020900008042000109008010053000500000,854623791269741385317895246491268537785134962623957418542386179978412653136579824,2
060000802421685007700090000050008004006704003300010280003100500002000430610003000,965437812421685397738291645259368174186724953347519286873142569592876431614953728,2
001004065020500314000061809010000470030000006069030082608070000792000008100008200,381924765926587314574361829215896473837412956469735182648279531792153648153648297,2
020600973000001506069070000030090604007003000000068310003017209200000000000040008,521684973374921586869375421138792654647153892952468317483517269216839745795246138,2
800060912900204075027009600604090050050406009098300400476000001210640500300001064,843765912961234875527819643634192758752486139198357426476528391219643587385971264,2
038946005000052039920000400001008054800400760003000000002000647097080010060000590,738946125416752839925813476271368954859421763643579281382195647597684312164237598,2
760001340002400080000207050000705600106840000500000030030000175007508000200300864,765981342392456781814237956423795618176843529589162437938624175647518293251379864,2
900200071006100000080069050300050284400003065090000713004090000000070100810040000,943285671256137498187469352371956284428713965695824713734591826562378149819642537,2
002400100800000400004718300009060700106200005408503600005006043000000216601000578,362459187817632459954718362529861734136247895478593621285176943743985216691324578,2
305002040006000003000600500030804752050067031402100006100406005000521964504000200,395712648246958173817643529631894752958267431472135896129476385783521964564389217,2
500000073000200894008000526760080000104070060300006701001600080000300000803090615,592864173637251894418937526765189432124573968389426751271645389956318247843792615,2
300240009480000052206805000930000600047086205062190030759000080004000007800010040,375241869481963752296875314938452671147386295562197438759624183614538927823719546,2
005006093021008700936050014004020000010800600092001058000907000050003002140000000,875416293421398765936752814684529137517834629392671458263947581758163942149285376,2
000000400409700032030084000605000801310698504892045763100037200070000050000060000,726913485489756132531284976645372891317698524892145763168537249973421658254869317,2
040300620307002000290010400050130004000070203063090080004000002600040900000720006,145389627387462159296517438952138764418675293763294581874956312621843975539721846,2
000000005000076092900003016006008574000615028000020100008041039090302800403069251,167294385385176492942583716216938574734615928859427163528741639691352847473869251,2
490310000300090704100004953023560000000100609600740200069000000030200000804000360,495317826382695714176824953923568147547132689618749235269483571731256498854971362,2
100009065005000090904000230003070000800400053407000020010005009300004010508190600,172349865635812497984657231263571984891426753457938126716285349329764518548193672,2
100908000008000930090003106609081000700000800000040019914002508207005640050004302,163958427478126935592473186649281753721539864385647219914362578237895641856714392,2
000102350005090001000000802000000004109000006057860200000006400290570000036001900,968142357725398641413657892682719534149235786357864219571986423294573168836421975,2
000605019080200405050014028500406230000820000602007090839000100060040002004968570,247685319381279465956314728578496231493821657612537894839752146765143982124968573,2
000721604000060007060894010000000125780512000005009400000200080008000700670148000,893721654142365897567894213936487125784512369215639478451273986328956741679148532,2
000085036000306000683904205000030000090507004430800050509040160800023540341609008,714285936952376481683914275165432897298567314437891652529748163876123549341659728,2
000000000070008004048070030700020805000000301809300000063050000090402560002006407,916243758375168924248579136731624895624895371859317642463751289197482563582936417,2
006053410080917036000060970650004190039001604040080050760000000020140060095036001,976253418584917236312468975658324197239571684147689352761892543823145769495736821,2
000050000000002400692380150006000308070800290130009000200901000000706020049000000,413657982857192463692384157926475318574813296138269745265931874381746529749528631,2
000850000000000859008120037027600305006200940890040000304000702000070164700000090,679853421231764859548129637427698315156237948893541276364915782985372164712486593,2
200003910500901000000070083000004090008067004054809007420030070370200001006000300,287453916563981742941672583732514698198367254654829137429136875375298461816745329,2
120008703058703009007000086005870091900000000041002607003206000000030900000007308,129568743658743129437129586365874291972615834841392657793286415586431972214957368,2
590800000030010865801002390920080603000000020000000980018509240470030000000041030,597863412234917865861452397925184673183796524746325981318579246472638159659241738,2
050806049000209700049570086000008000800000097600704000010900000060402900004005032,753816249186249753249573186427398615835621497691754328312987564568432971974165832,2
703280450840000000000030876000803064008500030000020010004001000270000100056700000,763289451841675293592134876927813564418596732635427918384951627279368145156742389,2
020479001970008200040300790004000120052000009030200048406105000010080902080000400,623479851971658234548312796864597123152843679739261548496125387315784962287936415,2
002703500090204108006891073054000701000305080080000000025108400008600005000000810,812763549397254168546891273254986731761325984983417652625138497178649325439572816,2
109025036402000000060170000000531900051240600923687154036000010010763200090010365,189425736472396581365178492647531928851249673923687154236954817518763249794812365,2
005800920010507400407690000050260031000000005390000000203100070000080000000900010,635841927918527463427693158854269731761438295392715684243156879179382546586974312,2
000003480200040009000710200439007800080590000002080000304000500021400000067902010,975263481213845679648719253439127865786594132152386947394671528521438796867952314,2
005802617000001392092637805900703408708060120020100009500004901009310070200970500,435892617687541392192637845961723458758469123324158769576284931849315276213976584,2
594260037200980415008050000100870300080006000005109708051028073000090040400615082,594261837267983415318754269149872356782536194635149728951428673826397541473615982,2
120037000003000710700090000000910437017603250304000601008079006570360002400021305,125437869893256714746198523682915437917643258354782691238579146571364982469821375,2
000001090007040320200000814560010983700630201031000060600450032000900608420060000,843521796197846325256397814562714983784639251931285467679458132315972648428163579,2
000009503950400000732501009000305098068002340390678020283000950475000000000850032,841269573956437281732581469127345698568192347394678125283716954475923816619854732,2
320091840000000001050000927015034600203005400090000000002006500000403270000059004,327591846489627351156348927815734692273965418694812735942176583561483279738259164,2
964807100031290600827316590000089200108000000290000040082000000010548060050700800,964857123531294687827316594375489216148623759296175348682931475713548962459762831,2
078020030030070600602003708000000409400008006210090080040000510000041000300000060,578426931134879652692513748783165429459238176216794385947682513865341297321957864,2
000050000001004002000002750760930028208005031003000090015087200042500800307209000,429758316571364982836192754764931528298475631153826497915687243642513879387249165,2
080904500056001000900000470090075080000009100105802009360000295021000760009000000,783924516456781923912356478694175382238649157175832649367418295821593764549267831,2
000005300200601004900030000002960041749000060000000930600872090400510070020000018,164725389283691754975438126352967841749183562816254937631872495498516273527349618,2
001020859095810034300050000200005001000040507510000090004530070000970000170002000,461723859795816234382459716247395681936148527518267493624531978853974162179682345,2
089507100000600298060908540000000010301065709097010060600102904905006820010000603,289547136574631298163928547456789312321465789897213465638152974945376821712894653,2
064100009300290008008000010000079625000061004970020000000005800800000051105000906,264158379351297468798643512413879625582361794976524183629415837847936251135782946,2
000801704038600020007020060000700009500006000071504000006000400200040003080900000,629831754438675921157429368862713549543296817971584236716358492295147683384962175,2
304102670700453090090008304207000100431020809809301000000006000008215736600800000,384192675716453298592768314257689143431527869869341527175936482948215736623874951,2
260700003800060001007430000078050200020804005001296704700041350100000000002085417,265719843843562971917438526478153269629874135531296784786941352154327698392685417,2
040079013009300780000018005761004030025003109934021657000085000000000370000000020,648579213159342786273618495761954832825763149934821657317285964582496371496137528,2
903000000004080030860000450000046713040003800607801045020000380400000900089067020,953412678274685139861739452598246713142573896637891245726954381415328967389167524,2
100029030800007095002004081500000010278095000010080507040900070025001608781000900,157829436864317295392564781536472819278195364419683527643958172925731648781246953,2
504900800002050409090410007007204001030000040040070008709083064300000170001720080,574932816612857439893416527987264351136598742245371698759183264328649175461725983,2
000000010005073020090600400009418000650020000400000700060030241200080503000000060,376294815145873629892651437729418356653729184481365792968537241214986573537142968,2
008370169000580204312906007000600002905000000060004008009800006000400005057200380,548372169796581234312946857834695712975128643261734598129853476683417925457269381,2
561000430309400201000130659030605904150900700004000000600094300000003500703000006,561279438389456271472138659837615924156942783294387165625894317918763542743521896,2
080000639692835070301060520103008095407290060009500200000010052710000000040000000,584127639692835174371964528123678495457291863869543217938416752715382946246759381,2
028190000045206091190004020000000048050027013080031500501040080000500104830010007,628193475745286391193754826312965748456827913987431562571342689269578134834619257,2
050007040008040007000650290070010000000000009000530784004002050120000003300471002,952187346638249517417653298873914625546728139291536784764392851129865473385471962,2
407600009015000000020030000080923750000500000002748300090800240000400600248300007,437685129915274863826139574184923756379561482562748391693817245751492638248356917,2
902000100000980032043012009000030280004000960006050000030001027008090304507200800,962375148175984632843612759791436285354728961286159473439861527628597314517243896,2
306290051800050090705000000007501000010000040500003000400070836089000070600000910,346298751821657493795314268237541689918762345564983127452179836189436572673825914,2
270590680340020500089000732400000060000006010030050047050600000020005870900200453,271593684346827591589461732412789365795346218638152947853674129124935876967218453,2
023800069900200040180596000200005003050100094007030000040350700002008005030000080,723841569965273841184596327296485173358127694417639258849352716672918435531764982,2
870000040000100000403700200000300000100008092030529080709803504300950170010647000,871235649265194837493786215982371456157468392634529781729813564346952178518647923,2
650710000004520008790004500800007006026900007009080300213000000005803040487000035,652718493134529768798364512841237956326945187579681324213456879965873241487192635,2
106840000009000080084007105632000000500209000978013402000130000010000070200078013,126845739759321684384967125632754891541289367978613452897132546413596278265478913,2
570090600040600720060250004201000800090000040036000109000010460700500000020089000,572491683149638725368257914251974836897163542436825179985312467713546298624789351,2
040800107080400930007501400470050000092070300005000076000700602004080503000009781,549823167281467935367591428476352819192678354835914276918735642724186593653249781,2
406839002302000700000720004000908370063072001700413068648007020030200007050000400,476839512382145796519726834124968375863572941795413268648357129931284657257691483,2
396015400000002901001004560437900805050007004100000006004000609900040008500080300,396815472745632981281794563437961825658327194129458736814273659973546218562189347,2
000045139410000860080069200098007640030006500046908013904080050000603001000004900,672845139419732865385169274598317642731426598246958713964281357857693421123574986,2
004030002015000406200046050430000790100590004050003000091050800703080009508900200,864135972315729486279846351436218795182597634957463128691352847723684519548971263,2
040705289073002001000014306000008005700020090000000140060007000918000007530109020,146735289873962451295814376321498765754621893689573142462357918918246537537189624,2
007000903908400527020900080342005700586070002009820050290700000070003009001000400,457682913968431527123957684342165798586379142719824356295746831874513269631298475,2
070054890035800000040700010100600900300108540000040080809000100002961400000000209,671354892235819674948726315184675923327198546596243781869432157752961438413587269,2
173020504920003100480000000018037050002408007040000803004001360060000005050062000,173826594925743186486159732618237459532498617749615823294571368361984275857362941,2
007060400905000010210005600000000050070200963000003002190870500000596201506310800,837169425965428317214735698329687154478251963651943782192874536783596241546312879,2
200001000900000017080032069090005001040070635503010090010200080009003104000080000,264791358935864217781532469698325741142978635573416892317249586829653174456187923,2
100300800000012090540900012000096000800107509002000180916083240000000600000640008,129374856368512794547968312751896423834127569692435187916783245483259671275641938,2
800060590000870400006400021100000008270600003300009060410906205002050000000048000,843162597921875436756493821165327948279684153384519762418936275692751384537248619,2
040057010070600080000104007402063000000400300003021548900000000000908050810006902,346857219179632485528194637482563791751489326693721548937215864264978153815346972,2
500002030020010579700000200002004650007029483000300000003001900190800004406003000,569472138324618579718935246932784651657129483841356792283541967195867324476293815,2
305906020018020630020103005036000000089002000100090008050709060801200079000060100,375986421918425637624173985736851294589342716142697358453719862861234579297568143,2
971080040500100098408000001000790005390000080010630070023870009800012007000050800,971285643562143798438967521684791235397524186215638974123876459859412367746359812,2
890001000204000300700020419000109008109000540087254090000506000001090074970400600,893741256214965387756823419425139768139687542687254193348576921561392874972418635,2
007002500069008700000170000605010207740035009230690040050080970000700050970500360,317942586469358721582176493695814237748235619231697845156483972823769154974521368,2
050000000201080430030520800514070203023001060009002000006208000090030000172000004,458163972261789435937524816514876293723941568689352147346218759895437621172695384,2
040201380098050701000930065700103008000000030006402017001000000200010070000506100,645271389398654721172938465729163548814795236536482917961347852253819674487526193,2
000000809008500020073000000700031000001690050009750430300100645100365008000940000,215473869468519327973826514754231986831694752629758431392187645147365298586942173,2
000000000000721900000980032005190003390000000870300090009450280000800741087200050,928643517543721968716985432265194873391578624874362195139457286652839741487216359,2
300002560000830079000001030000793080072604013490210700000120007027080000010000300,381972564245836179769541238156793482872654913493218756634125897527389641918467325,2
320050084000023000001004360004005200915370008000060050100500700460000005057000400,326751984849623571571984362684195237915372648732468159198546723463217895257839416,2
200900410000005090000604070040300080060002053902058001700400000600009107000003060,256937418471825396398614275145396782867142953932758641783461529624589137519273864,2
000200700720009030010407200096370004408000002231800006800700001302010957167000000,685231749724569138913487265596372814478156392231894576859743621342618957167925483,2
009517280002930105001040090050780000006095810090020050010302060905104720000070000,369517284842936175571248396254781639736495812198623457417352968985164723623879541,2
002300070600810030050097000006531004009200300200089067000104600000000040400060013,182345976697812435354697128876531294549276381213489567738124659961753842425968713,2
648500900900081000005040000000024000097008600002709310010873406700000000080495100,648532971973681254125947863861324795397158642452769318519873426734216589286495137,2
400086709009700006670000010800450197100000400005070803720098000500007000001540000,413286759259714386678935214862453197137829465945671823726398541584167932391542678,2
040602005007030000603004700300450027475903000001060003006200109000316008000709060,149672835257138496683594712368451927475923681921867543836245179794316258512789364,2
000040920001000803309100004090860010080700000000050380802006100930001260150200038,768345921541629873329178654495863712683712549217954386872436195934581267156297438,2
619037804000610200532000167900040002100309400065000000800060009006000040050003600,619237854748615293532498167983146572127359486465782931871564329396821745254973618,2
230018060067200089084090001000080600340000105605300890003026750006035010800000306,239418567167253489584697231972581643348962175615374892493126758726835914851749326,2
020073060401000703730408020200180047000300098080067000010030806800000004040000902,928573461451629783736418529293185647675342198184967235519234876862791354347856912,2
084700025012009003000002000800076090007000206200090850020000700036007010470021069,684713925712459683359862174845276391197538246263194857921645738536987412478321569,2
030002610012300409009160200004020190000600000820700000005000080000407000700050006,438972615612385479579164238364528197957613842821749563195236784286497351743851926,2
007002010000060040940000007600083900289040300103200068508000094091500020000004080,367492815815367249942851637674183952289645371153279468538726194491538726726914583,2
090080076075000048080402900109647080006000097000890620302700000008000062060500800,491385276275916348683472915129647583846253197537891624312768459958134762764529831,2
103000060007000240060870035008030000010600350340520901001069570070003000000750016,123945768857316249964872135598431627712698354346527981481269573675183492239754816,2
030075000000080010000001706090803200200047830000562090308150600056000170010700580,631275948547689312829431756794813265265947831183562497378154629956328174412796583,2
000050082000200700800307056382401000006082130100035060200009075000000000900576003,791654382635298741824317956382461597576982134149735268263149875457823619918576423,2
360000207000006000790048000050000092073092500029500001900307100200485700000000005,364951287582736914791248653658174392173892546429563871945327168216485739837619425,2
700062000500803007034005060300200184045000700802090356000080000000020091000000508,798162435526843917134975862379256184645318729812794356957681243483527691261439578,2
694207005700180000080609027000371000001800730007052810210000090000008000079510000,694237185723185649185649327862371954541896732937452816218764593356928471479513268,2
860940500000005801050080046009000400000250600005000082007000004036090008500120907,861942573472635891953781246329876415718254639645319782197568324236497158584123967,2
032000000570000204000000090090020078068401020000098400645000082823960700700280040,932146857571839264486752193194523678368471529257698431645317982823964715719285346,2
000003806900500200028090000000480007041000008070002040309020000700000059065930000,157243896934568271628791435293486517541379628876152943319825764782614359465937182,2
085004096073296001900050034030040072800007000000030900000400000010760040054913600,185374296473296851962158734536849172891527463247631985629485317318762549754913628,2
029004005000050009000981300072410003015000400090000050900036008280040000530008790,129364875368257149754981362672415983815693427493872651947536218281749536536128794,2
007001040140000008908600200000098105305000800000056000001035007000017400079860002,237581946146729538958643271764398125395172864812456793421935687683217459579864312,2
006037200008100000430020700000600050064070803000050460602403509849700032000200600,196537248728146395435829716213684957564971823987352461672413589849765132351298674,2
510903042043682050200051083000030000609000008300069070730526800000807200002300705,518973642943682157267451983421738596679145328385269471734526819156897234892314765,2
050470001008100004004306200480500000000047900093021000009035008000960010030010507,352479861968152734174386259487593126521647983693821475219735648745968312836214597,2
540000700908300000003057018007030000809004007436509000395701400000900003082000500,541892736978316245623457918257138694819264357436579821395781462764925183182643579,2
109520700270680501506070802468000317000000020090000000815002009000100000020006104,189524763274683591536971842468295317351467928792318456815742639647139285923856174,2
020010007003006012916000040250800070890763005000052000009600200630004000185020004,428315967573496812916278543251849376894763125367152489749631258632584791185927634,2
804170205072000300000209004040060032000907641720301050400030007007004080030702006,894173265172456398653289174941865732385927641726341859419638527267514983538792416,2
500009004000084030020000000100937060030805700006421309080600003000503080040000906,568319274791284635423756198154937862239865741876421359987642513612593487345178926,2
400018970918004050000003040050000000009032460024900180173000004006001000890400013,435218976918764352267593841651847239789132465324956187173689524546321798892475613,2
409000000301000079078051000000760001010090000003012500180005796000070200702046005,429637158351284679678951342845763921217598463963412587184325796536879214792146835,2
760200305020000070000007298570006800390008500084000036059082063002503000037010450,768291345923854671145367298571936824396428517284175936459782163612543789837619452,2
350080060029467800800501000000602010000000600071048050986104003000000900000006024,354289761129467835867531249593672418248315697671948352986124573412753986735896124,2
600040010000201680012080400284176900006000000100004076005010760927360000060090300,678943512349251687512687493284176935756839241193524876835412769927368154461795328,2
120000400408200501060000003704019820850000300000030000200001680007000000006400700,123957468478263591965148273734519826851726349692834157249371685517682934386495712,2
156000008000600500428005300060081002700090105014500080030009000501832009097150000,156347298379628514428915367965481732783296145214573986832769451541832679697154823,2
400000381187000602623800904040050000051230468000007005068000540279564000500300006,495726381187943652623815974842651739751239468936487125368192547279564813514378296,2
020301060500648001000002008050800000000006080306907045273009600800000093900700012,428371569539648271617592438754813926192456387386927145273189654841265793965734812,2
800500400009804760000927580610470000000159000054386107207600800385040000090700200,872563419539814762461927583618472395723159648954386127247695831385241976196738254,2
028005004001430002600012000469503021000000008852000300507000000036008000000150000,328975164971436852645812937469583721713629548852741396587364219136298475294157683,2
000065700906000500750901000800400009302006400001700230039050000510007020000140006,143865792926374581758921364875432619392516478461789235639258147514697823287143956,2
096102000000054601450067080340020060129506800060000500500400700000605203010203050,896132475273854691451967382345728169129546837768391524532489716987615243614273958,2
600509700025347698000802500040608200700903850000000000009780400802495107400036985,684519723125347698937862541543678219716923854298154376359781462862495137471236985,2
050000001003005000600317040587230400000004000320791080000003124000050307030102006,452869731173425968698317542587236419916584273324791685865973124241658397739142856,2
500002981000010020206800040000020530000008460009006800865290370301600208940000106,534762981798413625216859743687124539153978462429536817865291374371645298942387156,2
020000000145390000700000409070200501800900070950700800590020300000679152217004086,329468715145397268768152439674283591832915674951746823596821347483679152217534986,2
200000003140083670600400890300052910001000004025104000070006000402018760506000208,287965143149283675653471892364852917891637524725194386978326451432518769516749238,2
400006097075003002000200010016000000000001609803640020047300050008050070000900284,482516397175493862369278415216739548754821639893645721947382156628154973531967284,2
412000503000430280038020690005080312007600009001200000100068005803102006000900100,412896573569437281738521694645789312327614859981253467194368725853172946276945138,2
520000400000020900000640005008090500349000070000370209036012000050000000407060802,521839467764125983983647125278496531349251678615378249836912754152784396497563812,2
981700000003096720600010809300050680400000230270360090030005900100600003000900000,981742356543896721627513849319257684465189237278364195836475912194628573752931468,2
301760000065020800000100050000080900970000020000200000007002040052900001036000009,381765492765429813249138756524381967973546128618297534897612345452973681136854279,2
010090700002800960000020000000530070008240000000708002006405210051070004080610097,615394728342857961897126435124539876768241359539768142976485213251973684483612597,2
085004001037020604640010002300009400800740153700100060078090305000000270000070900,285964731137528694649317582351689427896742153724135869478296315963451278512873946,2
000043876070005140000601009000000000200736050950018600000100200600009300020307005,591243876376895142842671539463952781218736954957418623735164298684529317129387465,2
000000000308125790509407300002000430000003801080004907001302070005790040837641009,726839514348125796519467382172986435954273861683514927491352678265798143837641259,2
092001630040080001170403008209548000750032000400907802000800000504096017900004080,892751634643289571175463928219548763758632149436917852321875496584396217967124385,2
270600000005007610081390007030000006000809000000100040703210009900503000052970003,274651398395487612681392457139745826546829731827136945763214589918563274452978163,2
100060008203000000040105060714009300300000950000006100000052801825001630400038000,157263498263894715948175263714529386386417952592386174639752841825941637471638529,2
000326000000470010037051200075003800328000604000084700103040070700000063090005000,541326987269478315837951246475263891328197654916584732183642579752819463694735128,2
004000038007003014253048976700006003000075820508300000000509081800000090309020045,164297538987653214253148976742986153631475829598312467426539781815764392379821645,2
000010004006008001005037000607000050048700063020006807004200018853971000000000735,389612574476598321215437689637189452948725163521346897764253918853971246192864735,2
001008000020000050800102607078401000200000000065097000090040002050080071002000006,541678923726934158839152647978421365214365789365897214197546832653289471482713596,2
306520001020000060000800020830040200000008530050300400149007002008003000503100600,386529741925714863714836925837945216491268537652371498149687352268453179573192684,2
000059080000300600000400091936000708021708509705001002600023070090500806072006003,364159287219387654857462391936245718421738569785691432648923175193574826572816943,2
000000005060000003500400627043001900070040300019836000007060509100054008050080061,724613895968725143531498627643571982875249316219836754487162539196354278352987461,2
269108005080540200405700090010060300600010048003007002000000024000371006006400000,269138475781549263435726891817264359652913748943857612378695124524371986196482537,2
036020000002903406070600000007082005020000300603500007300200790080094563060035100,936427851852913476174658932497382615528176349613549287345261798281794563769835124,2
408125000000903000300040090500200000009008470600000802800030520030010940904500600,498125763156973284372846195587264319219358476643791852861439527735612948924587631,2
030205040009700800065980307690007084420090070008040600576000400900070000380409010,837265941249731865165984327693527184421698573758143692576812439914376258382459716,2
000104805007608010841950000439060002000200004100840960013500040000000001090007050,926174835357628419841953627439761582685239174172845963713596248564382791298417356,2
000903281002000067300000950007000609500006073000700020081039000023050008000000730,654973281192548367378162954247385619519426873836791425781239546423657198965814732,2
000005600803010090400690082190024000200000060508000040049200000680009320350000009,927485613863712495415693782196824537274351968538967241749238156681579324352146879,2
002090700000000000009075008047538900930210000010007020008009040020081095100002870,582693714371824659469175238247538961935216487816947523758369142624781395193452876,2
096000001420000069501690200004000027100407035053920418040012050200009003005004102,396248571428751369571693284984135627162487935753926418849312756217569843635874192,2
098305400004907060105400003060008300340000009801200600000000104000090006010570208,698315472234987561175462983769148325342756819851239647587623194423891756916574238,2
405807000200000064307002050600040003900070086000008049500020800021000600030750021,465897312289513764317462958658941273943275186172638549594126837721384695836759421,2
020000000000000970003007000604002010002309006090046703718003260005028190240105087,927684531456231978183957642634572819872319456591846723718493265365728194249165387,2
064020050000405000080000004000009283800500609090007145000704000310000090042030060,764823951129475836583961724475619283831542679296387145658794312317256498942138567,2
050040030001000000002005804000007950075490328200030700520900180080012000017000690,658741239341289567792365814834127956175496328269538741526974183983612475417853692,2
800159027070004100000036845400600003000070980008925000920541000180000090000090600,864159327573284169219736845492618573651473982738925416926541738185367294347892651,2
090700000002060100005004063070405009000018000000002050500000200007280030103000080,691753428432869175785124963276435819359618742814972356568341297947286531123597684,2
800000504005084200000020103600050302308001600004300008100037000080000930063895001,812673594935184267746529183671958342328741659594362718159437826487216935263895471,2
230100000000000200501000470000009530950700008006008000095000000410800000302605791,234157869879364215561982473728419536953726148146538927695271384417893652382645791,2
060093002003100000100056840924001307000000920780030000602300009000040200009600701,568493172243187596197256843924861357316574928785932614672315489831749265459628731,2
500006800360700140200010036000002000730850004042963500400630000600080050871000000,514396827369728145287514936958472613736851294142963578425639781693187452871245369,2
670000000530020167000703025069000008321400596780006010010050042040100609250009300,672815934538924167194763825469531278321487596785296413916358742843172659257649381,2
080037620030001974070400310008002037000309402020070096069710043000600209043290000,184937625536821974972456318498562137617389452325174896269718543751643289843295761,2
090307006000010305003000029049000058001000200238450001060000003300690480010803000,592387146486219375173564829749132658651978234238456791864725913325691487917843562,2
000070060514009700009503000102750090085000170090000005900032010001000207008400903,823174569514269738679583421142758396385946172796321845957832614431695287268417953,2
200600937000209005009057600400500000506023140003071586090000000000300790000040308,215684937764239815839157624481596273576823149923471586392768451648315792157942368,2
750080132020057064603000000079002000000700300030008027800040273002803006300005490,754986132128357964693421785579632841286714359431598627865149273942873516317265498,2
001007000007002000803160007600000000000706502170050008004003105010070389508920470,951837264467592831823164957645218793389746512172359648794683125216475389538921476,2
940036721010000000036517040003005000000080000000020316004098002000050800052003009,945836721718249653236517948123965487467381295589724316674198532391652874852473169,2
120708900900000107570400300301007800002050700050600200030000601205006470769043020,123768945984325167576419382341297856692851734857634219438572691215986473769143528,2
816705040004060007007004018760001400049070001000090000400000136390000000601243570,816725943934168257257934618768351492549872361123496785472589136395617824681243579,2
143050090000401000052000004070000865000578902000000000000826749007390081498705326,143257698986431257752689134279143865364578912815962473531826749627394581498715326,2
000020000027601049801000362610097000073060104002310600030706901068002003709030006,496523718327681549851479362614297835973865124582314697235746981168952473749138256,2
030100405708020001010009200000002006900000870005090100050001020390078004401003709,239167485748325691516489237174832956963514872825796143657941328392678514481253769,2
009000850020300940005001000700008519008930600094000038002604083400003007080029005,139472856827365941645891372763248519518937624294516738972654183456183297381729465,2
007340162090020507002080003000690000086030900040010730900070004370900018000400000,857349162493126587612785493735694821186237945249518736961873254374952618528461379,2
008000100700816030301205804083702600900001008600000050000520007800007312079100500,528374169794816235361295874483752691957631428612489753136528947845967312279143586,2
000670000400198320908520706003000004240000601060340007000710803000439500000005100,152673498476198325938524716713256984245987631869341257594712863681439572327865149,2
009004718800000000005280609010026050500000026400000007000070005902650000600109200,239564718864791532175283649718926453593847126426315897381472965942658371657139284,2
004503000000047008000100094186409050070010000029060000048731006001004000907000480,794583162612947538853126794186479253375218649429365817548731926261894375937652481,2
020005100000260003060180000000709028005000071000600930012006000400090702003007000,324975186871264593569183247136759428985432671247618935712846359458391762693527814,2
100000000704009300690270140081050600009800020400092801900500204006704083800900010,158643792724189356693275148281457639379861425465392871937518264516724983842936517,2
726150043301200080400007000010490068039000472040020391070310804000040010104800039,726158943391264785485937126217493568539681472648725391972316854863549217154872639,2
060008570987005100014907600150624307029500400000000000000000903600000710030090806,263418579987265134514937682158624397329571468476389251841756923692843715735192846,2
030500006057386492000470005901035607000007003000060040000620018010050360006803000,234591876157386492689472135941235687568147923723968541395624718812759364476813259,2
863400000100009800004002006000040020700020000026870300601230470000000610007600283,863417952152369847974582136315946728789123564426875391691238475238754619547691283,2
209005030000090000000300000090028400008930001073056802000280010082070009305060287,269815734834697125751342968196728453528934671473156892947283516682571349315469287,2
310260500008070340000803600780000005601050809000100400520000084034080906006000050,319264578268975341475813692783649215641752839952138467527396184134587926896421753,2
002000700960002053400000900800006000070805104010009008009400300050020849000903015,582394761967182453431567982894216537276835194315749628129458376753621849648973215,2
000250800001000000500003070200000600400368020700510394000005000007601043050900706,349257861871496235526183479213749658495368127768512394634875912987621543152934786,2
006040090780002000000058100170000300000703215250061000001206000807000000300000671,516347892789612453432958167178529346694783215253461789941276538867135924325894671,2
080009000074603108030080490760340000040008030000700002050030060007164500400000000,182479653974653128635281497768342915249518736513796842851937264327164589496825371,2
090020060400900005062000400504080090080060000603009700001653902050802040030190506,395428167417936825862715439574281693189367254623549718741653982956872341238194576,2
510029700080000253060870004009008030000006092000950800090000081001007400200000500,514329768987614253362875914179248635458736192623951847795462381831597426246183579,2
040857060200600003059020000901060487572108306068003000000000030015080000720409010,143857269287694153659321748931562487572148396468973521894715632315286974726439815,2
310009000400000000902106708005400000000500007070293465100600059029010670068005002,316789524487352916952146738635478291294561387871293465143627859529814673768935142,2
000092050042760000000300082000507068080020140006000305207030004030870500100250000,813492657542768931679315482391547268785623149426189375257936814934871526168254793,2
050069000800107500019503400000000002001052846020096310407000680380074000160000034,254869173836147529719523468643718952971352846528496317497231685385674291162985734,2
004109070309480600000050000400000527001200309003008164000021806040090005060800900,654139278329487651718652493486913527571264389293578164935721846842396715167845932,2
700690003800370006096000270060107050000560012170030409000000000601024005007010004,752691843814372596396485271269147358438569712175238469943856127681724935527913684,2
021060400000070002904281600005092700679000203248736091186027009030000800002000100,721963458863475912954281637315892764679154283248736591186527349437619825592348176,2
300100089120000600087004300001000870208009103030000904000001090015648000803205400,354126789129387645687954321591463872248579163736812954462731598915648237873295416,2
040102387782000060190000400006000500020000001930060070260008705810507000000009010,645192387782453169193876452476981523528734691931265874269318745814527936357649218,2
300000105020180060010409020207008043061200000000000012070500001408300070002076000,384762195729185364615439728297618543561243987843957612976524831458391276132876459,2
004800672600704050537000000700000020208630705153027006820040007305080409400970208,914853672682714953537269184746598321298631745153427896829346517375182469461975238,2
090102438310600700408000000547021000069780310100400027000000680000007045054000203,796152438315648792428973156547321869269785314183496527972534681831267945654819273,2
010700020062000570000600000074308000085000207030200001027090063000860709006000400,413785926962431578758629314274318695185946237639257841827594163341862759596173482,2
237900568050087049408006700305670000640090000079000650563040072081050000024760800,237914568156387249498526713315678924642195387879432651563849172781253496924761835,2
023009800500000090060300250402905068350020140097014032000007020730000600041060900,123459876574286391968371254412935768356728149897614532685197423739842615241563987,2
380000200459200063162309005500760009003000017090000000075000400040000051000490800,387516294459287163162349785514768329823954617796132548975821436248673951631495872,2
470030000063000020950060301004000250081005490030049178307000685019250004540003002,472531869163498527958762341694187253781325496235649178327914685819256734546873912,2
063000005090600040048050070050700006710080020309000407000812060671043000824000901,163427895597638142248159673452791386716384529389265417935812764671943258824576931,2
020068000050000020948201070100073800874020103500000200269040000413900002085002009,327568914651794328948231675192473856874625193536189247269847531413956782785312469,2
000000159000751060000090087203049600608005002090002810800000000100007048060004730,726438159489751263351296487213849675648175392597362814874913526135627948962584731,2
086000207030900600500000081072000010900003806000070930000190700090007020703058169,186345297237981654549726381372869415954213876618574932865192743491637528723458169,2
090000076072060045100000008780096000300002760009007000000008094040003020500004600,493825176872361945156749238784196352315482769269537481637218594941653827528974613,2
000030100000870036307162045000001003000056490040983060034508600005697304629300008,568439172412875936397162845956741283873256491241983567734528619185697324629314758,2
030000900079060000000904000006002045083500001000001800040006000708003620000100470,534217986879365214621984537196872345283549761457631892342796158718453629965128473,2
805000390001080205009065080000020517016000049907010620000000000140506000603090158,825741396461983275739265481384629517216357849957814623592138764148576932673492158,2
000080006003900080000270000400129008001008700085760010704000000098600002060300801,179483526243956187856271934437129658621538749985764213714892365398615472562347891,2
800067130605000008000008006006893240004001000900420600431750000768010350009306014,842967135695132478317548926156893247284671593973425681431759862768214359529386714,2
010600800006700000005829000180060700020000000600000501301200400400075210900301070,219654837846713952735829164183562749524197386697438521371286495468975213952341678,2
200013000000640000001058070048205096612809040500104000004000800120307400806400037,265713984987642351431958672748235196612879543593164728374526819129387465856491237,2
040009200001400570050600408480007025000046739009205800060502000074060052002094680,648759213291483576357621498486937125125846739739215864863572941974168352512394687,2
037106050180405007200003000903000400001200005070001006315000074008350010600700503,437186259189425367256973148923567481861249735574831926315692874798354612642718593,2
700416009000700180009000673820060005005008340490000800900120000362005400500040000,738416259256739184149852673821364795675298341493571862984127536362985417517643928,2
000008000000350800007249010100090046500820091020060000350980000000002000206007109,415678932692351874837249615183795246564823791729164358351986427978412563246537189,2
634701025502600803000003040400078300008960004700005180803250000060010000000300060,634781925572649813981523647456178392318962754729435186893256471267814539145397268,2
693104028008900000000083900802000034040000009000840072050010067027009301180002400,693174528218965743574283916862597134741326859935841672359418267427659381186732495,2
007040123820001000541000070600470019009800000000010250000000600075036000000280001,967548123823761495541392876682475319159823764734619258218954637475136982396287541,2
604050030031040200950010700009300000028001000003005040000000500007530080080904070,674259138831647295952813764549362817728491356163785942496178523217536489385924671,2
609040080400100039050020000004017090001502040726000108000056071067401805100000400,619743582472185639853629714534817296981562347726934158248356971367491825195278463,2
000000010004060000506401200005610020107040009300700400000020308008090100600008050,872935614914267835536481297485619723127843569369752481791526348258394176643178952,2
000000000002480301060510024820005000004020100057034682000047530205369007000850060,431792856572486391968513724826175943394628175157934682619247538285369417743851269,2
008940003500130000000058961100000005000200400084503009006007000800321090030405007,618942753579136842423758961192684375365279418784513629256897134847321596931465287,2
004020000273008000059060700900052107507100240000000060008207050035000000020580900,164725893273498615859361724946852137587136249312974568698247351735619482421583976,2
000040500080006200041000096002304000000060034004709602190650407403100008706000010,679241583385976241241835796562384179917562834834719652198653427453127968726498315,2
007005000300000015540300090080026070050810900600000520064200387800070400000000000,217695843398742615546381792983526174452817936671934528164259387825173469739468251,2
002040000009317020801000000030002070007035001000000036020173900500020000703060410,362849157459317628871256394136482579987635241245791836624173985518924763793568412,2
000204000064079003570010900408007000150498000709052000640921385080040000000780046,891234657264579813573816924428367591156498732739152468647921385382645179915783246,2
425009006360408000071060400042000089750000020093007500006081000204000010907040308,425179836369458271871362495642513789758694123193827564536781942284935617917246358,2
090027863000003002020006710040001080100060007709000500900870004000000308500600000,495127863617583492823496715342751986158369247769248531931875624276914358584632179,2
520018000078026500010000020005000010061900840280045000030001054050200907040000002,529318476378426591614579328495867213761932845283145769832791654156284937947653182,2
900002705070030042203090160008000200000060054090400300480070000009000000610980000,964812735871536942253794168148357296732169854596428371485273619329641587617985423,2
000900000700831900100250087407190050002000100531000792005080640070500230308020500,826947315754831926193256487467192853982375164531468792215783649679514238348629571,2
847005301192800000560017000680500000074600000050400609400008070000000950900750418,847265391192834567563917842689521734374689125251473689415398276728146953936752418,2
070100000300604100408500006000803700100476008680052410701005604054360071009741030,976128345325694187418537926542813769193476258687952413731285694254369871869741532,2
002096080050420006006070201091000675070009000600000900029504003008002004000087120,412396587857421396936875241391248675275169438684753912729514863168932754543687129,2
000095010002400000105300008006008092208700006010600830301802964000000070020006580,483295617672481359195367428546138792238759146917624835351872964869543271724916583,2
450720090912486070760953020000600900100009000590800003009108500000507409005000080,453721896912486375768953124237615948184239657596874213379148562821567439645392781,2
627980015594000000031000600073408106005701080080500070350006048000850000000309062,627984315594613827831275694273498156945761283186532479359126748462857931718349562,2
700100060490207000080030070008700000070000620009010705602970300014050000800020500,723145869496287153185639472548762931371594628269813745652978314914356287837421596,2
060907001000400708907015600046702000019300470000009000008000040130000057000000902,463987521521436798987215634346752189219368475875149263798521346132694857654873912,2
100420000380000402000000196943600725005007900000000361008340010200010600001000009,179426538386195472452873196943681725615237984827954361568349217294718653731562849,2
040000090029846030000500080907100850050098000002000003700203100000071620204960370,648317592529846731371529486967132854453698217182754963796283145835471629214965378,2
700000690500060034010403587000080000400507308380240750800930000000050040204108000,743815692528769134619423587975381426462597318381246759856934271197652843234178965,2
050090040000040500020035060590000020061000008007000400008510002000308705305700604,156897243839642571724135869593486127461273958287951436678514392942368715315729684,2
008540090690108425040069038000005003070000800009081040703054002080306000504800309,138542796697138425245769138821475963476293851359681247713954682982316574564827319,2
701030962000002008000600530907000050000000600360570120002050000100004005859320070,781435962536192748294687531917246853425813697368579124642758319173964285859321476,2
029600340300000000604080070265000000001806507070050000908042000000569800106030029,529617348387294651614385972265973184491826537873451296938142765742569813156738429,2
804000000205009108000826054508030009729005000003900027050703800000002040400018200,864351972235479168971826354548237619729165483613984527152743896386592741497618235,2
000367200000000003000800605860003000700085010004600087320500700000000020008004501,915367248486952173273841695869713452732485916154629387321598764547136829698274531,2
014008060805961247000340080496500008587000920100000004900700000052400070300020400,714258369835961247269347185496532718587614923123879654941786532652493871378125496,2
001900700230047000000608900300800000000409200107026009006200875005000000000700091,681932754239547168754618932392851647568479213147326589416293875975184326823765491,2
500017900007269450600035000002000010008020305070051020013040700940002030786193500,524817963837269451691435287452378619168924375379651824213546798945782136786193542,2
001380004002574901007000005400000500706453008500802000000040803800065070004030056,651389724382574961947621385428716539796453218513892647165247893839165472274938156,2
070802004403070000100064700000708200000603080005400060017006009000100832080005006,576812394423579618198364725961758243742693581835421967317286459659147832284935176,2
008000672690125300023867000002000900045030000010000280004690020009082007000500009,158349672697125348423867591832716954945238716716954283374691825569482137281573469,2
009601800000040000671300000040100295002090038100205600720809060006400001010060720,439651872285947316671328459847136295562794138193285647724819563356472981918563724,2
103860000065000200000300000009050082600190500050234906008000000300689405506010007,193862754765941238284375619439756182672198543851234976948527361317689425526413897,2
635090000008001005004650780000160048061400900080009000057006804806074030049000106,635798421978241365124653789593167248761482953482539617257316894816974532349825176,2
000567200059000100002000365003005901500801032108034706000700004085400000200950813,831567249659342178742189365423675981567891432198234756316728594985413627274956813,2
080703002001080300000002680014050030000008000020000017039020004400006000058400920,586713492241689375397542681914257836765138249823964517139825764472396158658471923,2
000039080000852000000610309006040008000208140008500000230000600869075012104900873,645739281391852764782614359926147538573298146418563927237481695869375412154926873,2
060500210100006050300107000000840002080700139070091040000010764740205000630470001,869534217127986453354127986915843672486752139273691845592318764741265398638479521,2
000078602200100400000002308000020000020095004600730920570900200060040000900080706,451378692238169475796452318349821567127695834685734921574916283863247159912583746,2
103000570204000080600008402421809050900050600068703290010000000000580000850091004,183924576274615983695378412421869357937152648568743291719436825342587169856291734,2
781000402030004010005210300124507080960020000070000000009841006612000804040060150,781635492236974518495218367124597683968123745573486921359841276612759834847362159,2
580001003061039058030056194894165000006000410103047000640000000008002000000084602,589471263461239758237856194894165327756328419123947586642593871378612945915784632,2
007006000000490500684200000201980430305104000048000100000000040400500060029041053,597316284132498576684257319261985437375124698948763125756832941413579862829641753,2
000000036632004700800060900500006209007200463006100000000008302008600090049000687,794852136632914758851367924583476219917285463426139875165798342278643591349521687,2
010007000065008300734000000006002003192000760870400052081096000607503401000104000,218357649965248317734619528546972183192835764873461952481796235627583491359124876,2
050073924934000176200904835009000000781005000503000718000050340075300260090006080,856173924934528176217964835629817453781435692543692718168259347475381269392746581,2
009402830570003460342605197927800040080004003405700020894007350703009084200348000,169472835578913462342685197927836541681254973435791628894127356713569284256348719,2
907300002003080090500004060000400800170200530004500900045000010800709240000000600,967315482423687195581924367259431876178296534634578921345862719816759243792143658,2
900041570700003040040080200204006308060000000039000460015900000027000900800000014,983241576752693841641785239274516398568439127139827465315974682427168953896352714,2
096030251005001394010090000007510030130006075002300108071000043520003019300000527,496837251785621394213495786867519432134286975952374168671952843528743619349168527,2
400200395032000004000007800064008901219000400000900023503100000047092006000300008,471286395832519764695437812364728951219653487758941623583164279147892536926375148,2
000000007008007305600000040002804039890060004407590008300900050500001000000008010,234615897918427365675389241152874639893162574467593128381946752529731486746258913,2
006000780500087020009020063307000209400000000028304000102000006000159002000002800,216943785543687921789521463357816249491275638628394157172438596864159372935762814,2
090800000500701008000900500000000042014078000685400310001637985800105700050200104,796854231532761498148923576973516842214378659685492317421637985869145723357289164,2
000070500708090030050001070000610400629304050400059600503000700040000905006040318,132876594768495231954231876375612489629384157481759623513968742847123965296547318,2
908500002700000000560342890102600983305700000000020070007000000050001004030000709,948567132723198645561342897172654983385719426694823571417936258859271364236485719,2
059300040000050301318670250603007405540002900090040060004030600030700000970410003,759321846462859371318674259623987415547162938891543762184235697235796184976418523,2
601000094700006030000000605506008019108509426300000587210680953000900102459213008,631725894745896231982341675526478319178539426394162587217684953863957142459213768,2
004605000000100304508040000040300700107084000000791400490000120205000000300000097,734625819629178354518943276942356781167284935853791462496537128275819643381462597,2
170290800050103000890700050060020300000000084300600700730050001000009207900070568,176295843254183976893764152468527319527931684319648725732856491685419237941372568,2
003900080001030940008107063006000400080406009400291006200600350030700604860503002,753964281621835947948127563196378425382456179475291836217649358539782614864513792,2
006500140400371000791604000000058009109007856000000004507003000003800400000705392,386529147452371968791684523264158739139247856875936214527493681913862475648715392,2
304067215000090080060005093400070530715040020609008004570080301040010050000030702,394867215152493687867125493428671539715349826639258174576982341243716958981534762,2
834060500705800094190000003000000432040000160001230005000001300002350000007090056,834769521725813694196542783579186432243975168681234975958621347462357819317498256,2
000508070008200005005006284406700031000630490000084760050901003901460807604050129,249518376368247915715396284486729531127635498593184762852971643931462857674853129,2
280349007001005000700020050070000080610090400004001020396400000020813090000960002,285349167961785234743126859579234681612598473834671925396452718427813596158967342,2
800070006005020087006009000160000009009407050000000600907200003400700008003500100,892375416315624987746189325164852739239467851578913642987241563451736298623598174,2
050080421070204090090000700040870000007102584020003170500000219200000040000400853,356789421871264395492315768145876932637192584928543176584637219213958647769421853,2
306000004800304600090060038470608900518492306009507000000000080082170450000803000,356789214821354697794261538473618925518492376269537841637945182982176453145823769,2
058006104416875930030140008074500000020061089009400527305000001040000893000310005,958236174416875932732149658874592316523761489169483527385924761241657893697318245,2
000140000000000600160002890002010009090408562480000170623050700007801000010060020,879146235235789641164532897752613489391478562486295173623954718947821356518367924,2
030904507000087900009105200000021005861400000025000104000010080300008400007000000,238964517514287936679135248743621895861459372925873164492516783356798421187342659,2
904630180670008300080010000039720001107000023000040000005004008408371006700005400,954632187671458392283917564539726841147589623826143975365294718498371256712865439,2
000040200000268170200019043005900402062000050310000000050086900020007034700020010,196743285543268179287519643875931462962874351314652798451386927628197534739425816,2
907040010806300040200870000000000009000050120509420080002000400400030067098064250,937542816856319742241876395124683579683957124579421683762195438415238967398764251,2
907005000008000071040008900570800200200450083000062500410609308730500000000000704,927145836358296471641738925574813269296457183183962547412679358739584612865321794,2
900004080504070900706000004070008000000906007865010003028709001000002370650000000,912634785534871962786295134179328546243956817865417293328749651491562378657183429,2
940070003187405000600000070009004081210307900050891007703200410501700090060000700,942176853187435269635982174379624581218357946456891327793268415521743698864519732,2
020006007005390268690005143800010305200504070751030084904060000000050000000070430,123846597475391268698725143849617325236584971751239684984163752367452819512978436,2
510308090070006830060092010706000500285060073000005000050809060800003407000050089,514378692972146835368592714796231548285964173143785926457829361829613457631457289,2
090050000500000402000600098010900000000006000938410025000005000007200830169800004,294758316586391472371624598615982743742536189938417625823145967457269831169873254,2
000009000000650031080700529823090007541800060000315048708000000002003010430000600,175239486294658731386741529823496157541827963967315248718564392652973814439182675,2
000374200000006803304008060500007000080132500001650082900700020102800009078900010,896374251217596843354218967523487196689132574741659382935761428162845739478923615,2
004820006000174200000650041801400067000280300043700020080360000756912483312000000,174823596965174238238659741821435967597286314643791825489367152756912483312548679,2
001000000709520381000108796300000007206903005005067000100000650047350000000000479,831796542769524381452138796384215967276943815915867234198472653647359128523681479,2
078510209000300008400807150204000001703002000000900000007000390100709026000203017,378516249951324678462897153294635781713482965586971432627158394135749826849263517,2
005209000003000987006400002310002000080007600060043000729080040008015090000000000,875239461243561987196478532317692854984157623562843719729386145438715296651924378,2
007300104010200005000070063008190706475002001000700000700003219003020000509607408,867359124314286975952471863238195746475862391691734582786543219143928657529617438,2
000080341080700095060540000940005218003298000800007003000004007470003000008900100,795682341284731695361549782947365218153298476826417953619824537472153869538976124,2
006503070400000000570006203605040709190600002040970060200060100010080050300054007,986523471423817596571496283635248719197635842842971365254769138719382654368154927,2
730005400014800900000020300002109860050306004603002090060203040327000000001060007,738695412214837956596421378472159863159386724683742591865273149327914685941568237,2
004200300037100290020370004256700840000024610090000002040010036000600400000035900,184259367537146298629378154256791843378524619491863572845912736913687425762435981,2
001003700070200180000000020030780000400605000510300060000030008700000940000860005,821943756374256189965178324632784591497615832518392467259437618786521943143869275,2
008143002002090100014726005009630208000500000406008009000051600000460000060080407,598143762672895134314726985759634218281579346436218579847951623923467851165382497,2
069000000010000092382009006048090010003805900925341800000020501000900070231500600,769254183514638792382179456648792315173865924925341867897426531456913278231587649,2
020005000450000080000649000900528013231007950504913020072106000100050300000092000,629385147453271689718649235967528413231467958584913726872136594196854372345792861,2
210005007506200041040001053801400070060050000037060004100000400000020086024000030,213945867586273941749681253851439672462157398937862514178396425395724186624518739,2
860710030020000100100000600710060020008230006000007805080029470074000962300076500,865714239923658147147392658719865324458231796236947815681529473574183962392476581,2
089007000240813006500000008960705400004000069000049020003020080700300100000500000,689257314247813956531964278962785431874132569315649827193426785756398142428571693,2
089060435507180269000953078046027001090000000000000042005070000020390517000000620,189762435537184269462953178846527391293841756751639842315276984624398517978415623,2
600000907000000425200097008002019304000634000309200106590700041120900003403061200,638452917971386425254197638762819354815634792349275186596723841127948563483561279,2
680394200420700008000200000004000003316040900090000640708030100030671504165089730,687394251421765398953218476574926813316847925892153647748532169239671584165489732,2
257001800403200905000050027005006000800395000070800501000500084000009700020000169,257961843463287915981453627345176298812395476679824531796512384138649752524738169,2
687090000305007908290003000403005260060070130050006487700000000130050704000031000,687194352315267948294583671473815269862479135951326487726948513138652794549731826,2
000090300430200100000000020020006050008040070040020931079005013100079002804100500,782691345435287169691354728327916854918543276546728931279865413153479682864132597,2
000000004203000086006400050960300400304009070080064500405032800839741205000090040,598276314243915786176483952961357428354829671782164539415632897839741265627598143,2
050900070460010205700000900003009007670201509080000604040008000000704051307090000,258946173469317285731852946513469827674281539982573614145638792896724351327195468,2
000040097504700000003050240310406050002510306000007100200000460000800712060200003,681342597524789631793651248317426859942518376856937124278193465439865712165274983,2
109306700000540002400010000700620000000000680306008501200004370600209000000000016,129386745863547192457912863718625934592431687346798521285164379631279458974853216,2
420000600070008090089100700350800960960001007000500300035910876704683050890050003,421379685573468192689125734352847961968231547147596328235914876714683259896752413,2
900000704001007300067000090000000500002304008100002040000843000600275010030009000,928136754451927386367458291846791532592364178173582649215843967689275413734619825,2
297510000301008700060007002583120060702005013900000000075001000439002081008950070,297516348351248796864397152583129467742865913916734825675481239439672581128953674,2
069008300020900010083006705000807003038204050004000000070000109000750820041309500,569178342427935618183426795952817463738264951614593287875642139396751824241389576,2
005200863347068005006005070000019002470003100960020000600090000004700000700000521,195274863347968215826135974538619742472853196961427358613592487254781639789346521,2
002008901000000056009030200000800014471000000020004790064750100093100460000000070,652478931347291856189635247935827614471369528826514793264753189793182465518946372,2
000200000001004080570008002008036950047000008960700001780005000106000003030001000,894213576621574389573698142218436957347159268965782431789325614156947823432861795,2
106004250000000860000036000000010038900400576840000020078640002004270085090000100,186794253437125869259836714765912438921483576843567921578641392314279685692358147,2
000502000850073060730980000000000020090800735203005100905037040000040090007009008,419562873852473961736981452578314629194826735263795184985137246321648597647259318,2
300400085010005003006037900003000000040000500095000007008210004207940050401058300,379421685814695273526837941683572419742189536195364827958213764237946158461758392,2
000000504206903178000070006503790800007000249900008050300601700080230400000500000,739816524246953178158472936523794861817365249964128357395641782681237495472589613,2
000200040608300000002540000463000008000006014100080306300870400070000000809000567,531267849648319725792548631463152978985736214127984356356871492274695183819423567,2
072008906090070000001060002003000048709604010140082700920700001004000000007426000,572148936698273154431569872263917548789654213145382769926735481354891627817426395,2
247000608908070305000000000000206030000050006001783000500000967700905841100807050,247539618918674325653128479875296134329451786461783592584312967732965841196847253,2
000002751401567080025901000042179800010200490098340000000000070000094002000023010,869432751431567289725981346342179865617258493598346127283615974176894532954723618,2
600074092070000530105060400001300754000005020008047000030050240049000610010000309,683574192974821536125963487261398754497615823358247961736159248849732615512486379,2
100006300009070102070800009090058031010060000700002806905043200080020000000500004,148296357639475182572831649296758431813964725754312896965143278487629513321587964,2
800007043700800090000015807618702950005480001470000628000070012167508409020000700,856297143731864295942315867618732954295486371473951628384679512167528439529143786,2
800120090210039004003508017002800000584070900370000082000380079009750100000091300,845127693217639854963548217192864735584273961376915482421386579639752148758491326,2
000280701080000246120546090000900570709050124850704369240005080000402905000060432,364289751985371246127546893416923578739658124852714369243195687678432915591867432,2
009050860008300000620780940762019080391008000500003070900840000000107500007900004,139254867478396251625781943762419385391578426584623179916845732243167598857932614,2
008910003240300009300452000400000100120004806900601020030060010000845002590103000,658917243241386579379452681463298157127534896985671324832769415716845932594123768,2
080000600060090701009007030000000970802000006000070043900610000008540090100000000,783451629465392781219867435346185972872934516591276843937618254628543197154729368,2
010038050070600900800050146008520600760040500005800401001000007000100095300700004,619438752574612938823957146148529673762341589935876421451293867287164395396785214,2
206080004307000050000504007970003415804050030000941000625090000080000040000070500,256187394347629851198534267972863415814752936563941728625498173789315642431276589,2
005000806000005000012007000540000000200500480168074000050100008807009360091030005,935241876786395124412687953549823617273516489168974532354162798827459361691738245,2
060000000000000580807109040170540008600000173000000400590201700000034095004700000,462358917931476582857129346179543628645982173283617459598261734716834295324795861,2
386020095007000006510060008002000080078510003050008100020080060001340000000000032,386421795247859316519763248132697584978514623654238179723985461861342957495176832,2
029840075736910084000600000971004300280030009304000020500001006040060002000020800,129843675736915284458672931971254368285736419364198527592381746843567192617429853,2
000100070703400009008035460000047500201008630500000024100000040000800300052090000,425169873763482159918735462396247581241958637587613924139576248674821395852394716,2
950008301040901000001320000004007500030010000810000407573082000100060873060003002,957648321342971685681325749294837516735416298816259437573182964129564873468793152,2
002058000006007002500962000000095008003000000648200009035729016061080200720604830,372158964196437582584962173217395648953846721648271359835729416461583297729614835,2
200004000090300041704980003300006100045130002012005300070600008568410009003000406,231564987896327541754981623387246195645139872912875364479653218568412739123798456,2
060201308028030105710008060000010000540300780092700004000163800600002003300840600,465291378928637145713458269837514926546329781192786534254163897681972453379845612,2
900010620040605000020300004580061002007000580104850000370049000009080103010003490,938417625741625839625398714583761942267934581194852367376149258459286173812573496,2
000005900800904021495201873000000000010000006702000105000512390200090007008007600,127385964863974521495261873546123789319758246782649135674512398231896457958437612,2
240053060006020053380600000000010020000096010050280639513940076008100094900765380,241853967796421853385679142869317425432596718157284639513948276678132594924765381,2
000005120350019007008000050010030500003002019000961030049026380600000204001000060,794385126352619847168247953916834572483572619275961438549726381637158294821493765,2
060000004000461529000890300050000008378519000001007003002006001790008005010020890,269753184837461529145892376956234718378519642421687953582976431793148265614325897,2
400251300000006040000483602802005061700009504000104070000000800300002406005008713,496251387283796145157483692842375961761829534539164278614537829378912456925648713,2
017006000820170540300200109005091400000007000030002060080000050793005010004019083,417956832829173546356248179675391428248567391931482765182634957793825614564719283,2
000008561031090082780021009903067004060413000000009623314000008000000000029000300,492738561531694782786521439953267814268413975147859623314976258875342196629185347,2
000350002951020043003006800502607038340000000007030069010003000030001586620075300,468359172951728643273146895592617438346982751187534269815463927734291586629875314,2
006000000340000508710050049039060004100095637560300000005008010001700400090514700,956483172342971568718256349839167254124895637567342891475628913681739425293514786,2
130597080058020310276008059040003000761005000093070040017060035009051060620004091,134597682958426317276138459842913576761845923593672148417269835389751264625384791,2
500603090000510200020900000190000705205070000004000060002000031001002008830160900,518623497379514286426987153193846725265379814784251369642798531951432678837165942,2
000470005010589000000006004083750002000918403497060000849005167370000240620047009,936472815214589736758136924183754692562918473497263581849325167375691248621847359,2
368700040902004017070600390700010802020907530000008000009000106080100700217000053,368791245952834617471625398794513862826947531135268479549372186683159724217486953,2
020904670870250090410060200200480069300000010940000080690070830000009006105000007,523914678876253194419867253257481369368795412941326785694572831782139546135648927,2
026930070700000350040002000405020080930100504000009000050004100100090205000000068,526938471798641352341572896415723689937186524682459713859264137163897245274315968,2
106420970509100060240005008000200000890030000600000307300014006900002400000509703,186423975539187264247695138753246819894731652621958347372814596965372481418569723,2
090400006003800010150000840930280400080000201520370098010740000408090003200130004,897415326643827519152963847936281475784659231521374698315746982478592163269138754,2
008065209005031600000000050000003190001000745750004302210058000040017020060002017,178465239925831674634729851482573196391286745756194382217958463543617928869342517,2
005000008048050920902000000609401000020530419051092060003000000000300184510600007,165249738348157926972863541639481275827536419451792863783914652296375184514628397,2
042000670600020590007600000106000000080001067004060185700004901000510030401296058,842159673613728594957643812126875349589431267374962185765384921298517436431296758,2
924700865000050000760004010000002000037000402050000090000980030000001006109006570,924713865318659247765824319491562783637198452852347691276985134583471926149236578,2
200605300090000580013428000830060200075100006060000450020030000000956020700201693,287695314694713582513428769839564271475182936162379458926837145341956827758241693,2
000004006240000000100008059805100900300097080697800040052460700060000504030050000,583974126249516873176238459825143967314697285697825341952461738761382594438759612,2
040008070070043001008500004000000100701050020030020080000100509907305000520090010,145268973276943851398517264452836197781459326639721485864172539917385642523694718,2
300000004090321570001640029007000800006890200042003691000930000010400700400002005,325789164694321578781645329957216843136894257842573691568937412219458736473162985,2
050000039209305040803904072004850003087200004300090080000000850000000000028000001,456728139279315648813964572194857263587236914362491785931642857745189326628573491,2
900000010007001486810630029006009850103875000000002900051093000000006000029080070,962548713537921486814637529246319857193875642785462931451793268378256194629184375,2
380071000000060731107300980200004000653000007000000392035090200000600000068400000,386971425549862731127345986291734658653289147874516392735198264412653879968427513,2
400503006052000900096000000040005000501080430900402060004600870269807301780000692,417593286352768914896241753648375129521986437973412568134629875269857341785134692,2
090000030086050200000400706001300020038000400047810350870930500000005000310000940,794286135186753294523491786951347628238569417647812359872934561469125873315678942,2
000750001702006800100924060040010980900840006060009100000400600000590030800300507,496758321752136849183924765247615983915843276368279154539487612671592438824361597,2
003000009070810040002390060540000030230081070001430295020000083090248007100053920,413672859976815342852394761547926138239581476681437295724169583395248617168753924,2
048002019900100003201973064507310900030096000009200100693000000000600300010800602,348562719976148253251973864587314926132796485469285137693421578824657391715839642,2
805690103000000065000007004900100300600000040020048000009050000083000652502006001,875694123491823765236517894954162387618735249327948516769251438183479652542386971,2
780003090691070000040000702109307028030000001520900600956700014004005000813009007,782543196691872345345691782169357428437286951528914673956738214274165839813429567,2
050000426060825003700460801007640080806002000490058000001080205000030040000070130,958317426164825793723469851517643982836792514492158367341986275279531648685274139,2
090870010240056000687100029070000000305729001020000700056243007730508060410607030,593872416241956378687134529174385692365729841829461753956243187732518964418697235,2
000000003004002060897000010400080000060050000508300000009106805602008100085079030,216795483354812769897643512423987651961254378578361924739126845642538197185479236,2
530007100040000090010490007498600300000084009750910000084706900075109008001000072,539267184647851293812493567498675321126384759753912846384726915275149638961538472,2
040000090079040500653079004060003009901407050204900178098700002405008731706000085,142586397879342516653179824567813249981427653234965178398751462425698731716234985,2
000107090140800506006000102502704000410680005007501000000008403250000000038006001,825167394143829576976345182582734619419682735367591248691278453254913867738456921,2
000000000089100250000002670804010020051028030036400005020800000097040801000009042,562784319789136254143952678874513926951628437236497185425861793397245861618379542,2
090078060200910000074023010000800030000001050300240700610490000700380120008002640,193578264256914378874623915527869431469731852381245796612497583745386129938152647,2
500013000174000500630700901001500090060000002027480615809620000743950000210000000,592813764174296538638745921481562397965137842327489615859624173743951286216378459,2
000081460006000100840002390030007020700300004580010000000000040000950076003000000,395781462276439158841562397139847625762395814584216739657128943418953276923674581,2
700350021000009503500080709001020900405198070007000000000073050258060307370000600,749356821812749563563281749681427935435198276927635184196873452258964317374512698,2
090350000631400000070068309150004630206030007003026400060003970000000150910080003,498352716631497825572168349159874632246931587783526491865213974327649158914785263,2
601000543500600000004001276000000309009000714153000862710326400040078100030005607,681297543572634981394851276467182359829563714153749862715326498246978135938415627,2
607009138000300007350008090003061080000042070000700609085003004934057820000080903,647529138892316547351478296573961482169842375428735619285193764934657821716284953,2
600940581807215430054306092200600350403000019000003020001000005905030000080000040,632947581897215436154386792218694357473852619569173824321468975945731268786529143,2
060000100000019000341005029604500300005000040180072590410006003036907014072134000,967243185258619437341785629624598371795361842183472596419826753836957214572134968,2
046100750831002004000004000100075030403206100050010009504600000009840010008509640,946183752831752964725964381192475836483296175657318429574631298269847513318529647,2
089054067507890003203706009025981030000000000070600500050230000802079600700065000,189354267567892143243716859425981736316527498978643521651238974832479615794165382,2
200834905903060804040907000000070060860002000405603200089040120000300000000720009,276834915953261874148957632392175468867492351415683297789546123524319786631728549,2
000509004539040062600832590000980003960301000304000910080605000090013000000290040,812569374539147862647832591175984623968321457324756918481675239296413785753298146,2
057100820030000406000008007040060200710000000865302000026005080070800000081200375,657143829138729456294658137943567218712984563865312794326475981579831642481296375,2
200000000908270145450891003001000000609002008803500700000100400000900080004058010,217435896938276145456891273571683924649712538823549761382167459165924387794358612,2
374200106106300000809601003000060280080010097607092030040030060003000008200070010,374289156156347829829651473935764281482513697617892534541938762763125948298476315,2
007051600000890015100647329500003980023000000000000006702180093608030200900005060,297351648346892715185647329561473982823569174479218536752186493618934257934725861,2
001490030083006000600018004040000007210005800007009400120000000004007106068004300,571492638483576912692318574945831267216745893837269451129683745354927186768154329,2
043000001080000054970002080000000510450000060008006429300607000090200036860903045,543869271286731954971452683627394518459128367138576429315647892794285136862913745,2
703500600004702300020030001030004016060370059000009020100000005005000200000000180,713598642654712398829436571937254816268371459541869723182647935495183267376925184,2
008049105740000209509203000935006421100004600400120300003010940800000003690000000,328649175746851239519273864935786421182394657467125398273518946854962713691437582,2
810603000002198450000004010700502091040936000000001000200000600060085230053000080,814653972672198453935724816786542391541936728329871564298317645167485239453269187,2
100500070000004010050701608700000000005000180000608340546907201370410809009003754,128596473637824915954731628783142596465379182291658347546987231372415869819263754,2
004000700090040030030000824109000260086205940402609083800402000043080010027000458,564328791298741536731956824179834265386215947452679183815462379943587612627193458,2
000001870002030104005000000000090300000072000800103090008005769016729400059604013,493251876682937154175846932567498321931572648824163597248315769316729485759684213,2
317059002000032900960001350429500060830000000006024000700000000251078030040290700,317659842584732916962841357429587163835916274176324598798163425251478639643295781,2
020100340700040090000908050005007004300294865204500170047800006100000000030460080,629175348758643291413928657865317924371294865294586173947832516186759432532461789,2
530010000940382000182000006354060078020507640000020000000240360003600009000000704,537916482946382157182754936354169278829537641671428593798241365413675829265893714,2
000107200000350086850000700120070500005208000700510002007634090008095020509801347,643187259971352486852946713126479538395268174784513962217634895438795621569821347,2
260541800000300000950006000000104008000700030000602790080913006001460087009827153,263541879174398625958276314792134568816759432435682791587913246321465987649827153,2
710090000040006213006024005007000460080060100901800002600010304004608020000009080,712395846549786213836124975327951468485267139961843752678512394194638527253479681,2
890062007306094000000801000002009360400000000000100204060005400950200716143008920,895362147316794582724851693572489361431526879689137254267915438958243716143678925,2
160040000082000010003002906015800090300200408400090200020400000050003040000586000,169348725582967314743152986215834697396271458478695231827419563651723849934586172,2
870005090400900857000007604008060009030098006640701080000089705504302901000150300,871645293462913857953827614728564139135298476649731582316489725584372961297156348,2
642090035000100207097205006800300502006452008005000603000004321000501760000023800,642798135583146297197235486819367542376452918425819673958674321234581769761923854,2
209000064400001807107002053008000570600590000040060300000000035024300701060700200,239875164456931827187642953918423576673598412542167389791284635824356791365719248,2
005724069009106000070009000054000070008000105001000028042960051000000002100402003,815724369429136587673589214254813976968247135731695428342968751596371842187452693,2
073916040200480001018005000000803615040791008030002704100070063080560000000000000,573916842296487351418325976927843615645791238831652794159278463384569127762134589,2
192600053008000207700200800001008940079304006000090000426000510010400670007061300,192687453348915267765243891631578942579324186284196735426739518813452679957861324,2
002030600080070000000081730004800970000094008008300412600000000017600000000050009,752439681381576294469281735134825976276194358598367412625913847917648523843752169,2
600170300903604800021030070062080000490710520005006080207400030049300060030000200,684175392973624851521938674762589413498713526315246789257461938849352167136897245,2
607090235010063089000000000000640000000005610006812003380020006004700002002001000,647198235215463789893257461531649827928375614476812953389524176154786392762931548,2
000836004090200008010700030000102000060074000120005470900400003630500947075900010,257836194396241758814759632748192365569374281123685479981467523632518947475923816,2
010053072200009000050720460700300980020900005009506040000100607030007090000008034,914653872267849351853721469745312986326984715189576243498135627532467198671298534,2
601905703009070600002010890298004060315200078060000930047300009000000000950087200,681945723439872651572613894298734165315269478764158932147326589826591347953487216,2
004000050000100068060007194200010089319600205000000010000469027740850900690000040,174986352925134768863527194256713489319648275487295613531469827742851936698372541,2
000003900950410000608902140000005006096000507200061008549000001100007080000009650,714853962952416873638972145481795326396284517275361498549628731163547289827139654,2
003000905000300670100709004004083096060500040200040050300607000002000000800204109,723468915495321678186759324574183296961572843238946751349617582612895437857234169,2
050000000306500024408302695630240000720003410801057302000035900004020050503704206,152469837396578124478312695639241578725683419841957362267835941984126753513794286,2
000000050003608207002000600030002008970300500004007316000006705050020061301045002,687234159593618247412579683135462978976381524824957316248196735759823461361745892,2
052800900040010000071492800000083597009006040100900060005740006000000700703629000,352867914948315672671492853426183597589276341137954268295748136864531729713629485,2
040016080756402009018900004401000068500061092600300001060100000000090013000027906,349516287756482139218973654471259368583761492692348571967134825824695713135827946,2
500080710867120004001004863000300007900010630708900000302061000000000006070030100,543689712867123594291574863156342987924817635738956241382761459415298376679435128,2
000000960308607000090000000200009084903000650074801200800076190060002078007910020,425183967318697542796245813251369784983724651674851239832476195169532478547918326,2
200080461609400000000005300020070815050800234401002970100508697090006042500200003,235987461619423758874165329923674815756891234481352976142538697398716542567249183,2
450000830239805600018030459000600200000000004500100380100000000940000060300080127,456971832239845671718236459873694215621358794594127386187562943942713568365489127,2
001050204600080003090043070300105400050864032000307008900012000580406000007000005,731659284624781953895243176378125469159864732246397518963512847582476391417938625,2
003904102409000000500000080070010006300060700000003400000048600000000007080705009,863954172429187365517326984978412536341569728652873491795248613234691857186735249,2
000034900820000640003000780000007050759640000010580000040050000906120000502406300,675834912821795643493261785268317459759642138314589267147953826936128574582476391,2
300501400908000000514020000753100000862009105400058020009007000000000008000040093,376591482928374651514826937753162849862439175491758326639287514245913768187645293,2
270360001000025000000700020000600000700510009826000507007200094100080300630150002,278364951419825736365791428951678243743512689826943517587236194192487365634159872,2
605007900000900200080603000853060000406000300712309080900030710200890005500070000,625147938374985261189623574853764129496218357712359486948536712237891645561472893,2
000069300060000720043078060400030580008902630700000000207684003384005076600307840,872569314965413728143278965429736581518942637736851492297684153384195276651327849,2
000084070040000009730102864000300000000045030163200005470009020028000107090000058,619584273842637519735192864954316782287945631163278945471859326528463197396721458,2
000000600205040309630070508028095401100000000400100890080430050002018740001060080,879351624215846379634279518728695431193784265456123897987432156562918743341567982,2
000004216400000000012800300780000603000300050100650004021040030030920800000003460,378594216469231587512867349785412693246379158193658724821746935634925871957183462,2
730068001480139005001427063600003700070000012000040000900006087008000000360000000,732568941486139275591427863619283754874695312253741698925316487148972536367854129,2
940800706002600081850000009305006800100000670078100003413509000080001900509700100,941853726732694581856217349395476812124938675678125493413589267287361954569742138,2
081265090004000080000080005040000060806052000219640037090007023400026718000034956,781265394564793281932481675345179862876352149219648537698517423453926718127834956,2
000730518005080034380100000050961283020050906000007050198074300036090047000000000,649732518215689734387145629754961283821453976963827451198574362536298147472316895,2
000001084060000205000200309040010807003700000710092000900187643174600008000050072,329561784467938215581274369246315897893746521715892436952187643174623958638459172,2
075080204281764390000025000050000007006590820020040109800403000000210000013006402,675389214281764395934125768159832647746591823328647159862453971497218536513976482,2
340900006005070000079014000020043050000157900000260803700001005004590307008006010,341985276865372194279614538926843751483157962157269843792431685614598327538726419,2
700000392012830000000500810000300008803406200406200000069780024200000000500060970,785641392612839745394527816921375468873416259456298137169783524237954681548162973,2
000008000001030045236001008400760000050309080300800067065003090020186004100090020,594678213871932645236451978482765139657319482319824567765243891923186754148597326,2
123070905006500132090023000670001043000000600900000000401000006009814050507000008,123476985746598132895123764672981543318745629954632871481357296269814357537269418,2
000000000000000371704000002200730640000062580047590000093657124156000038000183950,318279465529846371764315892285731649931462587647598213893657124156924738472183956,2
348500000020000805516408200760000084090003000083000090039700100801609427600005908,348572619927316845516498273762951384195843762483267591239784156851639427674125938,2
002300900079210500401009370008070000046921850105608000060193000000700005000002607,682357914379214586451869372938475261746921853125638749567193428294786135813542697,2
205007084400300000008600073800490000000806000000150026080009301000000090001730000,235917684476385912918624573863492157152876439749153826587249361324561798691738245,2
003000400070093006050800003090304008436070500080100309010650204007009000040201060,863712495274593186159846723591324678436978512782165349918657234627439851345281967,2
000001200000003060400070800000630027000000905030100406204000700010025040607008092,893561274721843569465972813548639127176284935932157486284396751319725648657418392,2
600000203000003000080102609700030520308005100020700034200000050047006300500820700,651497283972683415483152679764931528398245167125768934219374856847516392536829741,2
720095000000600200600000040000031509092064700000029068301000800205346000000008000,723495186458613297619287345846731529592864713137529468361972854285346971974158632,2
902800050050600008810000047000030000005120064120460390500701280670002401080340570,962874153457613928813259647746935812395128764128467395534791286679582431281346579,2
700000000168300400050040016036004109000000740500800600090006208020005060000020300,742618593168359427953742816236574189819263745574891632495136278327485961681927354,2
003200694001906007900000108680009700035000869007060000070035081000080203018402506,753218694821946357946573128684359712135724869297861435472635981569187243318492576,2
000902000400007008050000010142000007500000400007108200060030720204080000310200000,836912574421357968759864312142593687583726491697148253968431725274685139315279846,2
630000004080000020090000500001400000067000200300005109000981605579032000816004030,635217894184359726792846513951428367467193258328765149243981675579632481816574932,2
020900000803006451567040000302080009000000005000260074201600000400090030050300040,124935768893726451567841293342587619786419325915263874231654987478192536659378142,2
076000000500809064009650300002406000490003000000705002020007430000500726080002010,876234951513879264249651387752486193498123675361795842125967438934518726687342519,2
163040090020167800000003000200000010015020006408710000000070000900001604007492005,163248597529167843874953261236584719715329486498716352341675928952831674687492135,2
400036020600900400730050000000029038300165009000300001000543000924000305153090800,419836527685972413732451986541729638378165249296384751867543192924618375153297864,2
950000000108900062063080000700060100005017309001048000009400600020790403000006000,954672831178934562263185794742369158685217349391548276819453627526791483437826915,2
040500630592643801700098502014000700000001305000000410000006153030000000251804900,148527639592643871763198542814352796976481325325769418489276153637915284251834967,2
061908072070540030040207000086000000700080240400301807830060700004700081000090050,561938472972546138348217596286475913713689245459321867835164729694752381127893654,2
004008950809045000300060028903600000080000004100083097076300002000050030431020509,764238951829145763315967428943671285687592314152483697576319842298754136431826579,2
000650300000003000730900000100006070007085029008010000903100040200547008800009706,482651397519873462736924581125496873647385129398712654973168245261547938854239716,2
019000800040010059600009310890300000273000000400002000000807295005034107020001600,519473826342618759687529314891346572273195468456782931134867295965234187728951643,2
300480205008005019500002004000050038830000050050000902423618500790043001600097403,316489275248375619579162384962754138834921756157836942423618597795243861681597423,2
070100580100000000500000307940000030000097065000320001010000600036040008700600903,472139586163758249598462317947516832321897465685324791819273654236945178754681923,2
040019000710000640030642009070904000920183000080000000857400063090306581003805090,246719835719538642538642179671954328924183756385267914857491263492376581163825497,2
040000070082010000790200810800020000007050008004608029108090302060502001000037000,341869275682715943795243816816924537927351468534678129178496352463582791259137684,2
230800050506201809004700603300620078007013205602507900000070002003902080008056000,239864157576231849184795623351629478897413265642587931465178392713942586928356714,2
600207800003018007890005000062000080700006020540872069900020408000000053008703000,614297835253418697897365142362549781789136524541872369935621478176984253428753916,2
320070985100200400605083127500042000900007046078060092059000600200000000046500200,324671985187259463695483127563942718912837546478165392859324671231796854746518239,2
400010000030900100167050009080009610000000500251604980008001060006005000002096301,429318756835967142167452839783529614694183527251674983978231465316745298542896371,2
026503018183647502097100034000800000640359100000071040700930400860000903000000000,426593718183647592597128634271864359648359127359271846712936485865412973934785261,2
570300001060000350100600708010740003300901200900003410000050004740009605000000000,578324961469178352132695748816742593354961287927583416691257834743819625285436179,2
002000100500020000000035728007900000000070084030486070098004000050791860720360005,872649153513827649946135728487912536169573284235486971698254317354791862721368495,2
000829000054000900790530000009403200030090600070208309940002060120080070060300092,316829754254617938798534126689473215432195687571268349943752861125986473867341592,2
706000258005600000090000000100800567009000081678415000483000700960140005017003046,746391258235678194891524673124839567359762481678415329483956712962147835517283946,2
040005060960010320005000010080000070003041650614570830876150200050700006000906580,147235968968417325325698714582369471793841652614572839876154293259783146431926587,2
654000000017408209020105000063009002079000506200004910090006108000947020500000090,654792831317468259928135764163589472479213586285674913792356148831947625546821397,2
037050020000400060014000003700040002150362000200100080400006071901200530000000048,837651429592483167614729853769548312158362794243197685425836971981274536376915248,2
000960074401000960000004008000500749590600000040039600350798400764300800009000530,285963174471852963936174258623581749598647321147239685352798416764315892819426537,2
069080274040010500000007301900000637080006000670130980018053720207001000000000000,169385274743219568852467391921548637385976142674132985418653729237891456596724813,2
070090008049508600000104059203050041060010902007300060600000004058401000700000086,571693428349528617826174359283956741465817932197342865632785194958461273714239586,2
403150007090680400200703000900400500050920706002001300809004003000000000000010960,463159827795682431218743695987436512351928746642571389879264153136895274524317968,2
030000792000000080700090100001009040000000800008040316600937508500200470200051900,835614792149372685762598134351869247476123859928745316614937528593286471287451963,2
509640300020500481040002506000106700006003000730800109000200600305007010000061008,519648372627539481843712596258196743196473825734825169981254637365987214472361958,2
020100700300507040074608210006000050000003408240000001702050004080312690010000000,528149736361527849974638215896471352157293468243865971732956184485312697619784523,2
400010700006042080500837006000000000017400608205000090900760004000201900602300870,438916752176542389529837146894623517317459628265178493981765234743281965652394871,2
000060100001802000000501000187024650000780040040100000002459307476000500035070400,598367124361842795724591836187924653253786941649135278812459367476213589935678412,2
050342069003010004010060230905070002041056000000080000100000026032097001500100097,758342169623819574419765238985473612241956783376281945197534826832697451564128397,2
000700068000030059000020070173006400800000017260000500917004800400019706050000040,341795268726438159589621374173956482895342617264187593917264835438519726652873941,2
000795060080100000900000004000478500703020400400309120001000008830912000029000000,142795863387146952965283714216478539793521486458369127571634298834912675629857341,2
000700520100400760200068400010534070724000000360027080000073805500000207072010000,846791523139452768257368491918534672724186359365927184691273845583649217472815936,2
592038060000000090000020083453910000019007000700456009000000030080003906306000127,592738461837641592164529783453912678619387254728456319971264835285173946346895127,2
079210406030060100106000000060900003700602094900540070048000960010400000000070300,579218436834769125126354789462987513751632894983541672348125967617493258295876341,2
001730040340000000907000532700010080000682004000900000400590000073120490019074000,251738649346259817987461532794315286135682974862947153428593761573126498619874325,2
214800300000000020608070004009764030063010040000050000040000078192007003080040019,214895367957436821638271594829764135563918742471352986345129678192687453786543219,2
500040312004012000100356480000070800040100600270080094002590000005200040890700050,569847312384912567127356489651479823948123675273685194412598736735261948896734251,2
704000008610009340500003060105008000020050006007130590300080007000000104008001030,734615928612879345589243761165928473923754816847136592391482657256397184478561239,2
000006710000890600000021000000074051700009806041008020018643205400082000073000460,894536712125897634367421589689274351732159846541368927918643275456782193273915468,2
760010485000504070954607320000008000030200597005001060043092050207405030500003000,762319485381524679954687321629758143138246597475931862843192756217465938596873214,2
089400300003980100000030009020000700038710400107000005300009000815374900900060070,289451367763982154451637289624593718538716492197248635376829541815374926942165873,2
069001000000000027820590001006000300000860004100007060000380056500006879080700100,469271583315648927827593641756124398293865714148937265971382456532416879684759132,2
470063900953100678000005030209410060130980040000532009000340702007050000390008100,471863925953124678628795431289417563135986247764532819516349782847251396392678154,2
750030060200150000060000005300000096590701400040320007035002048070004000426000700,754238961289156374163947825317485296592761483648329517935672148871594632426813759,2
201008003000200090530001204180000032300000000900010800090604001762100008403090000,241958763678243195539761284186579432357482619924316857895624371762135948413897526,2
103000620200100507060004380000936070015007206706012800800640702000050060000020900,143875629289163547567294381428936175315487296796512834831649752972351468654728913,2
590017380000580009800003000020935000050100890916748500100850003089021475205009618,592617384371584269864293751728935146453162897916748532147856923689321475235479618,2
230000401908000060700040003300970100000005040002160900000400009597010604004006080,236589471948731562751642893385974126619825347472163958863457219597218634124396785,2
000001600005090480010704005069070248400010500000002003000009000007400010953000800,894251637725396481316784925169573248432918576578642193641839752287465319953127864,2
230708004500920006001350870608493005000000000040080160102070000070045001000001057,236718594587924316491356872618493725925167438743582169152879643379645281864231957,2
690000040080003602200000000000000050352047010009800000030050007008060030400010005,697582341185493672243176589864921753352647918719835426931254867528769134476318295,2
700485960300006008004090070000100000007020050000008200030000000070264530009031006,721485963395716428684392175962157384847923651513648297436579812178264539259831746,2
500098140000000006400317000000940000090102700800006001108405679054009003600801405,523698147917254386486317592761943258395182764842576931138425679254769813679831425,2
000067002002100309096000700080075000040000007701000083538000070014708005027003000,453967812872154369196832754289375146345681927761249583538496271914728635627513498,2
030060900590803000040001308603000800000008590080600000900300070060170000378002109,832764951591823647746951328653297814127438596489615732914386275265179483378542169,2
908700134400010605000930008500000080800500302170080006060007009700090200010048000,928756134437812695651934728593261487846579312172483956365127849784395261219648573,2
100005309080260000075009600000008900024037560017000003001000700008091030000046800,162875349489263157375419628536128974824937561917654283641382795258791436793546812,2
070980002960024517430175098050030140020400800600850200040500300000008020580000064,175986432968324517432175698859732146723461859614859273246597381391648725587213964,2
069001000028070056704050002000235400307068509080009600001607000002090000603010807,569321784128974356734856912916235478347168529285749631451687293872493165693512847,2
030600007007000800420000030000000005056109008080056940100000080000005103093801020,839612457567934812421587639914728365356149278782356941145293786278465193693871524,2
750080000160020009000000004600000537007208000940600020070090081096800000400070390,759481263164723859832965714628149537517238946943657128275394681396812475481576392,2
037052004050300000001074300600090831000403602003000000105740003370009000020135009,937852164458361927261974358642597831589413672713628495195746283374289516826135749,2
009700000267403000400018000080107000000005182001000704500809600000060400100200590,819726345267453819435918276682147953743695182951382764524879631398561427176234598,2
000080900500900100004005863492008000700020480005400030300800001807203604259041070,671384952538962147924715863492538716763129485185476239346897521817253694259641378,2
320800917170920804090104000000002050010400000003609402009340700031090006000560003,324856917175923864698174235946782351217435689853619472569341728731298546482567193,2
004030200000000013009068470026084700400002006800570304000007000700050102605020007,564731289278495613139268475326984751457312896891576324912647538743859162685123947,2
700130000203500761000000503094000000020000046001000902157602800000008007000070020,785136294243589761916427583694215378528793146371864952157642839432958617869371425,2
000020300260135800053809200005041038900000000432958761000500000000016509591300070,789624315264135897153879246675241938918763452432958761846597123327416589591382674,2
006200390029004000700096020630020500000043008000509730000800400400035100080400053,816257394329184675754396821631728549975643218248519736593871462462935187187462953,2
000050026050400097002039501006948700849700163527010409270090030400003000600000074,984157326153462897762839541316948752849725163527316489271594638498673215635281974,2
100600900604000100090731680761923050058010000009050007800300501900000030200008040,187645923634289175592731684761923458358417269429856317846372591975164832213598746,2
302005008106700093900200000201300060760000024504008700030090002000002349020003580,372965418156784293948231657281347965763519824594628731835496172617852349429173586,2
610203005020060910050701620000800050008007206401600008702010000005300060000400180,617293845823564917954781623276839451538147296491652378782916534145328769369475182,2
030700000420000160006029030360502071500000300200803000001230600050904000080100493,835716249429358167176429538364592871598671324217843956941237685653984712782165493,2
060020034000360008003004690000056170000200009300007206405702800670400005021000007,967128534542369718183574692294856173756213489318947256435792861679481325821635947,2
000970003001400090070801064005700020942000500700000140007580002400200907020000401,564972813281463795379851264615749328942138576738625149197584632453216987826397451,2
000031000000000020561200000049020538203005760056080100000000400090410800015807090,827631954934578621561294387149726538283145769756389142378952416692413875415867293,2
068003470304867000090004000040631007103000000780090030030000506870020009009000700,268953471314867295597214683942631857153478962786592134431789526875126349629345718,2
060000201002600003037042058608030000209860340403020800700000000000000504026580007,564378291892651473137942658658439712219867345473125869745213986381796524926584137,2
019400060068970000703006092402000106100007439000041200601520900000700010807019004,519482763268973541743156892472395186185267439396841257631524978924738615857619324,2
000030000820600340037104098004000073090010604780000000000201430300060159006009800,451938762829675341637124598164582973295713684783496215978251436342867159516349827,2
849300102005800000237000090004500000670009000008003020503000006006001580001008000,849375162165892743237164895314526978672489351958713624583947216496231587721658439,2
000400006018506430300090000000042070070900040804000390400109507907850200185000063,759431826218576439346298751591342678673985142824617395432169587967853214185724963,2
000030050082510004000004080104000070090000005250060408309050040010000020040801006,476238159982517364531694782164985273893472615257163498329756841618349527745821936,2
005039700000400020004001803700093000003048010000560040068000030500000076407000050,815239764396487521274651893742193685653748219981562347168975432539824176427316958,2
091208050020540093000003070602000310030000007070000900400052000060700080700000060,391278456827546193546913872682497315935821647174365928418652739269734581753189264,2
900608104106200500800105962317026045000704000060000729000879000000060050730000608,925638174146297583873145962317926845592784316468513729654879231289361457731452698,2
010920350006030090029000000603000408100469700000018560000004072002000800000073900,814927356756831294329645187693752418185469723247318569931584672472196835568273941,2
293001008860020500704009210007602050409005300010000002600218439948703020102006805,293561748861427593754839216387692154429185367516374982675218439948753621132946875,2
200700004700004080950060270000301000137542000040000107076005098005000306020006000,283719654761254983954863271698371542137542869542698137376125498415987326829436715,2
084000007060090300000104008000010480010540006479080125000003042000050670057000890,984635217761892354325174968536217489812549736479386125198763542243958671657421893,2
001000792970180405400007803000000030090000040708600529004096300080201050069000070,831465792972183465456927813245819637693572148718634529524796381387241956169358274,2
000002086903580047700400002000014000471200600005070000002065000067009001340120860,154732986923586147786491532298614753471253698635978214812365479567849321349127865,2
820009000030000700100306002000400095300090406405630271700840023083060047000003000,827159634536284719149376852678412395312597486495638271761845923283961547954723168,2
205863040100907580008025000001000630000000250300050090467000005503614000000570000,275863149136947582948125376751298634689431257324756891467382915593614728812579463,2
000002090800000006007149005000000000940071200702600000005000032098035001304007500,451862793829753146637149825586324917943571268712698354175986432298435671364217589,2
000000210000306400800102059020000064600008021900000570100030005004700032090001846,456897213219356487873142659728915364635478921941263578182634795564789132397521846,2
500001468006004500100008039000100306410800907007042085001000004600079051009410000,593721468876394512142568739928157346415836927367942185751683294634279851289415673,2
009050002003612000060900403150090006307000504026043007075430000008261700000705040,819354672743612958562978413154897326387126594926543187275439861498261735631785249,2
260890000100070200850002706519706800000050070008000000700503908985200037400080652,267895143193674285854312796519736824642158379378429561726543918985261437431987652,2
000403010030500700041020630000060200010080003000001000004078006020609140673050020,756493812238516794941827635489365271517982463362741589194278356825639147673154928,2
070000008500080004080060905700800603000000000430005090602070459350604702900102080,279543168563981274184267935725819643891436527436725891612378459358694712947152386,2
060001400125840000000006218010000800452080007008000090003008051000700000001532006,869271435125843679374956218917465823452389167638127594243698751596714382781532946,2
008090005605003100000000002060002703003079250002004018800000007047060020016700300,128497635695283174734516892961852743483179256572634918859321467347968521216745389,2
000000004092034700030010090000061809610487005048000060960070400304050000025306900,187925634592634718436718592753261849619487325248593167961872453374159286825346971,2
004700300029480601060030000045300200003260000090007030006520090078000000000000048,854716329329485671167932854645391287783264915291857436416528793978143562532679148,2
900300026030010007065000004510600098302874000846000372029050640050423700403000000,978345126234916857165287934517632498392874561846591372729158643651423789483769215,2
000010083060002951080000706508049007900300010040200839000004095000600070602091340,257916483364872951189453726538149267926387514741265839813724695495638172672591348,2
050106074700420009000000000100073800500000700973000006005300107047560900000080300,859136274716428539432795681164973852528614793973852416285349167347561928691287345,2
004010009090067000001540020940000100300094260016030094003900700180000002207480050,624318579895267413731549628942856137378194265516732894453921786189675342267483951,2
010300050860000009020700060008901045005020100106430000000010270000607010001000586,419362758867154329523798461238971645945826137176435892684519273352687914791243586,2
904020000801003065000000102003000704019270000005008200002900000000010050040630000,954126378821743965736859142283561794619274583475398216562987431398412657147635829,2
018400029060100034703600800406302007800000000007086001070000000300071290100060070,518437629962158734743629815456312987891745362237986451675293148384571296129864573,2
800005000040100705203406009000002040360800057400013000030050002900600001025000000,817295364649138725253476819598762143361849257472513698736951482984627531125384976,2
530068270090500600006400000009005000070810030800040002300106904908004000040290080,534968271792531648186472359469325817275819436813647592357186924928754163641293785,2
070002400016004800400000206300490000090100600060003004031608002028900041000201908,879362415216574839453819276385496127794125683162783594931648752628957341547231968,2
600704005051806300740015006000407008806900037400000001500000740070000009004508010,689734125251896374743215986315467298826951437497382561568129743172643859934578612,2
012000300689120740005098021000600204047012006060000030000039002904260000003041060,412576398689123745735498621391687254547312986268954137156839472974265813823741569,2
000060090905210000060000250000730180601980002803120000080000019104600378030890420,217563894945218763368479251429735186671984532853126947582347619194652378736891425,2
760100009405070602901640030310060905006051400500409360000734050100006000000000000,768123549435978612921645738314267985896351427572489361289734156153896274647512893,2
010000030026800040800000500600007001207000080001005024080510400000362015005070093,714256938526893147893741562648927351257134689931685724382519476479362815165478293,2
009006007500700460007050009073605908040000631080000040704310896030500104000800300,419236587528791463367458219173645928245987631986123745754312896832569174691874352,2
862000700340120000000306020250009600070000052000203497720004006039500070006030009,862495713347128965195376824253749681974681352681253497728914536439562178516837249,2
490000070005091324300050906000060012030009600000008409000070103901200040000106000,496832571875691324312754986549367812138429657627518439284975163961283745753146298,2
051003400004570381036190020000009140000780060000002800003060200082000600100000008,751823496294576381836194725378659142429781563615432879543968217982317654167245938,2
100250078007008025020300961280009100300020084500040090000480000600500200000600000,193256478467918325825374961284769153379125684516843792932487516648591237751632849,2
020400981040000003300082004000029805060050340070060190000001008000230000100805206,526473981948516723317982654431729865269158347875364192752691438684237519193845276,2
704526900092008500056030007209000000600205400000809702540602090000090000900703800,734526918192478563856931247289347156673215489415869732547682391328194675961753824,2
461000080038700000705009100340005000050400007280006000000950003003024600070000590,461532789938741256725689134347215968156498327289376415612957843593824671874163592,2
000070502060000000870203400000004270430900000600508004080002000750000006000301890,914876532362145789875293461598614273431927658627538914189762345753489126246351897,2
620043090003000006048000030030580040000690351400010070002900010390401020000000003,621843795573129486948756132136587249287694351459312678762938514395461827814275963,2
680000090430002000002078160000200001005100620000000509300800000000726900050003087,687541392431692875592378164963285741745139628128467539379854216814726953256913487,2
020071058000805040900042167031000005000150700070009080000000804003000006050716209,324671958167895342985342167831267495649158723572439681796523814213984576458716239,2
002010000950000200070029001600008150000040009703105840400780005000000600030002917,862517493951634278374829561649378152185246739723195846496781325217953684538462917,2
120000003076010900309820060000000008010690350000340090041079035000100840000080000,128964573476513982359827164693752418214698357587341296841279635762135849935486721,2
310056027080100300050080900800010004001620089000800010020578000500460000040039158,314956827987142365652783941869315274431627589275894613123578496598461732746239158,2
002000000000100050000546000000000590150907004900065087007630010600050340085090760,512879436476123859839546271768214593153987624924365187247638915691752348385491762,2
000002010060700082000001079600803000070000300301000050039275100000010000805600000,597482613164739582283561479652843791978156324341927856439275168726318945815694237,2
001008930000106004000002160150200000030017200209080010600000390000070080583060001,461758932328196574795342168156239847834617259279485613647821395912573486583964721,2
078603005032000000156000384300240069049060000067000450803001240705406000600032000,478613925932854617156729384381245769549167832267398451893571246725486193614932578,2
060090483594283610307600295150900008079800020430000000040050000005070002020000000,261597483594283617387614295152946738679835124438721956946352871815479362723168549,2
082360095090005400045001602000097006000038100078000000000000260050026043806000000,182364795693275418745981632214597386569438127378612954437859261951726843826143579,2
050300000100570080704102305400600009690000000000007416070006958501008000900005030,852369741139574682764182395417653829698241573325897416273416958541938267986725134,2
300800009000009760029010003941005230703902018200030040002490070104063890090000004,317856429485329761629714583941685237753942618268137945532498176174563892896271354,2
180357020306209087900060400000485010045100060000692000003900800000700301000508092,184357926356249187972861435269485713845173269731692548523916874698724351417538692,2
000500060100730004320800000000680000007090620468007000000000090003900045000401372,784519263196732584325846719912683457537194628468257931241375896673928145859461372,2
030507000000900020000000090648090075093700468507080902000840000064000003029070040,932517684451968327786432591648293175293751468517684932375846219864129753129375846,2
539800000604002030008050900090000025301000000002700000980300251043520769200006840,539814672614972538728653914897461325361285497452739186986347251143528769275196843,2
207400380050000207000000005109500030500003000040107560790300420804006070002000100,267415389951638247483729615179562834526843791348197562795381426814256973632974158,2
034006005190800040000009080213650009560000002040300500920700050000060100000080300,834276915192835746675419283213654879568197432749328561921743658387562194456981327,2
000900005030000900509060010000490001000007020000318670253000096104820700068030000,617984235432175968589263417376492581841657329925318674253741896194826753768539142,2
301490605005306000042705030030821006009000000050960002014000800000040003720600004,381492675975316428642785139437821596269574381158963742514239867896147253723658914,2
194070003600400020270600901526000800000020500000060100401008007702300010930700206,194572683683419725275683941526134879319827564847965132461258397752396418938741256,2
000321740600080009003960802080190000016203578030070001379012000400009027000754090,598321746627485319143967852785196234916243578234578961379612485451839627862754193,2
063528970000006340080349056000930127090602584000000609006000015570261093030807460,463528971952176348781349256648935127397612584215784639826493715574261893139857462,2
805010270024000105710000800480006520900032648000800013000500062000009051506000080,865913274324687195719425836483196527951732648672854913197548362248369751536271489,2
060002450000740080084060720050020004003000900120000630400209060600457290000618047,761382459592741386384965721956123874843576912127894635475239168618457293239618547,2
040805000000060309000019005002508030080090201000103060800041600009306042020987000,941835726578462319236719485162578934385694271497123568853241697719356842624987153,2
700008100601300000503064790418506000300000050050000200005010020060083009100045080,742958136691372845583164792418526973326897451957431268875619324264783519139245687,2
002300000603018050010002600006000000500800300000003579005030400041020000007504032,452396718693718254718452693236975841579841326184263579825139467341627985967584132,2
004103060500420107671800040000904070710050004000017950108500006000001085050080000,294173568583426197671895243325964871719258634846317952138549726962731485457682319,2
000800007086007012700020890410056900090218460000049108040000780070083000060004200,924831657586497312731625894418756923397218465652349178143562789279183546865974231,2
000000000428000070009203160000030705800010600300608421003906500200050307000000046,136794258428165973579283164612439785847512639395678421783946512264851397951327846,2
003000065005000701084006000600000093300260100750910004030000009426050300000408000,273194865965382741184576932612847593349265187758913624837621459426759318591438276,2
200074900908060070530809010700050100890402007403000000300647801000298030600500709,261374958948165273537829416726953184895412367413786592359647821174298635682531749,2
003720150020090600010000072150309000048000000239006041000400007300007010500900034,683724159427195683915638472156349728748512396239876541891453267364287915572961834,2
010068200094300000006090005005600002000025006040010007050030928201000700060040153,513768249894352671726491835185674392379825416642913587457136928231589764968247153,2
000500000600032009000078005003004200080706090206090487142000008007000004965007002,479561823658432719321978645793184256584726391216395487142653978837219564965847132,2
520306049070000300389000000040000800000028407910067000007003004004602570060874930,521386749476219385389745162742531896653928417918467253897153624134692578265874931,2
630800000090300000002060050070000000006200930000630005080523094500417820200900010,635842179798351462412769358374195286856274931921638745187523694569417823243986517,2
900700800600400000010058300000010080000000250302006049700805000060079430000003072,953762814628431795417958326549217683186394257372586149734825961265179438891643572,2
506103700000009004900000062100200040002316000000845201000031900050000000008450003,546123798823679154917584362135297846482316579679845231264731985351968427798452613,2
000800007800002001943001800108400090004000010307510048401700352050020080230000070,612845937875932461943671825128467593594283716367519248481796352756324189239158674,2
700080000006300790040700308007000813300061070800070620000000036010400050200095480,732986145186354792945712368567249813324861579891573624458127936619438257273695481,2
500000760328000149400019020052930007670050904000067200049780000005023400000400070,591248763328576149467319528852934617673152984914867235249781356785623491136495872,2
018750006720036000400000700897000610642000009001007008000270000570003090200085007,918754236725836941463921785897542613642318579351697428186279354574163892239485167,2
000000700027003008851070000009400000040005070610007300174359862006200037300001549,963814725427593618851672493739486251248135976615927384174359862596248137382761549,2
000100903006803700000095280000300021300010000002500398103000400090260030070000000,728146953956823714431795286547389621389612547612574398163958472894267135275431869,2
320098070000040000000300090061070005008004900050869000500002706000706080010000000,326598471879641253145327698961273845738154962452869137584932716293716584617485329,2
002500470000020960090080012500031207700000090000640030050104020006200000207095000,682519473175423968493786512564931287731852694829647135358164729946278351217395846,2
002003080000180500850004209000416050510300060000507400098000600040070001007600094,462953187739182546851764239273416958514398762986527413398241675645879321127635894,2
084302901000500260070001050620800030837000002040000086708000020050900647000003000,584362971913587264276491358629874135837615492145239786798146523351928647462753819,2
540008009800940005000253000098000703054010986010000002030100800400506321026830000,542768139863941275971253648698425713254317986317689452735192864489576321126834597,2
300000486510000700867423910000530009100700300000001000600000050000060094048000670,392157486514689732867423915476538129125796348983241567639874251751362894248915673,2
074690003200100469009843001007001000400000900006905000790206500020500090345019000,174692853283157469569843721957421638412368975836975142798236514621584397345719286,2
060009570007000204900370608021900407000006000450700906070590360090000000800020000,268419573317865294945372618621953487789246135453781926174598362592637841836124759,2
070003004050200687420700300094300265203050079065940813040020738000030500002470106,678513924351294687429768351194387265283651479765942813546129738917836542832475196,2
235084007000291560906037000800010000020000000000700008052079000000052400487060920,235684197748291563916537284873915642621348759594726318152479836369852471487163925,2
000000000630000510082060900008620100260000080050408296003004020549000830820100450,915342768634987512782561943498623175261795384357418296173854629549276831826139457,2
006013800102090007050006194801000000000000010230087040320958000507261480608000529,946713852182495367753826194871649235469532718235187946324958671597261483618374529,2
000704260000300900009820003170000000000470008602003100008040590400500802050602000,813794265726315984549826713174268359395471628682953147238147596461539872957682431,2
009003800000240000320000054738106540002350006000087013265090000070010920000000000,149573862586241397327869154738126549912354786654987213265798431473615928891432675,2
603098200000120090000000000800002600076840000000059070007906401000005903005230060,613598247584127396792364185859712634276843519431659872327986451168475923945231768,2
301006900480000036006270400040310065010060024803004109090080000000000000030907040,321846957487195236956273481742319865519768324863524179695482713274631598138957642,2
910006040000040091080290000050030702004005039390000400207400300009050100001862900,912576843675348291483291567156934782724185639398627415267419358849753126531862974,2
109000050800019700000020003000300007004000360067045800500003004600050002400980030,149637258823519746756824193985362417214798365367145829591273684638451972472986531,2
300700000200508900005000032002600000700002610091375204000069025920803000003000008,319724856276538941845196732432681579758942613691375284187469325924853167563217498,2
004060050000430700010720090500300000070006009460008000620003070005280310030604005,794861253852439761316725498589312647273546189461978532628153974945287316137694825,2
490180006020306049000090701509000100000060000080900005000600570018002000000000900,493187256721356849856294731569723184142865397387941625234619578918572463675438912,2
070020000253109600016008000065481903040900500000350470000710800031090060090000010,978624135253179648416538297765481923342967581189352476624713859831295764597846312,2
012050030000031400000600000085300740091040803043008165058004006900060584000090070,812459637576231498439687251685312749791546823243978165358724916927163584164895372,2
601020005003850009005000000040002950002090816150000074297300008304580090518000307,681924735473851629925763481846172953732495816159638274297316548364587192518249367,2
300000407805097000010300068000000004200800570900710000508100003400030000600000089,369281457845697312712354968187563294236849571954712836598126743471938625623475189,2
000300080489002503230806010100000600002008347000005000900600000007500006054090070,761359284489712563235846719143927658592168347876435192928671435317584926654293871,2
001080006060000037400002000700000009000029050003050420547836000020190500018005000,231587946865941237479362815752413689184629753693758421547836192326194578918275364,2
180290004527008610030001280708002403003000020009540768000124800000006000641080030,186295374527438619934671285768912453453867921219543768375124896892356147641789532,2
900800216030070040028000030080000000310086752704020000007002109190060000040000500,975834216631279845428651937582713694319486752764925381857342169193567428246198573,2
954870002200000007768009400876900105500604008400580026642705000305060204080002560,954871632231456987768239451876923145523614798419587326642795813395168274187342569,2
007000605100086700000500010012900300004720890000400001680342000020600100300000462,247193685153286749968574213812965374534721896796438521681342957429657138375819462,2
260005700075306800030800056624083019500000000003000467050008002002039080900402070,268145793175396824439827156624783519517964238893251467351678942742539681986412375,2
000780300000092000098035021080023000006008203005460870803009160012050080060010032,251784396637192548498635721789523614146978253325461879873249165912356487564817932,2
230000500081302060600005203100070000800031004064020100926053010410260395750180000,237896541581342967649715283195674832872931654364528179926453718418267395753189426,2
600007021150004000040090000500900630020003009070400005301000000000029510090300007,639857421158234976742196358514978632826513749973462185361785294487629513295341867,2
014050000000032060230100004020000100700800300060240079001070600000001087870500900,614957238589432761237186594928763145745819326163245879491378652352691487876524913,2
003000060200000917000910040001849070906120405024650100407080090002700050500401000,193574862245368917678912543351849276986127435724653189437285691812796354569431728,2
254000030100000006300480005040168000025973040003204060002806510060040009030700000,254619738187532496396487125749168352625973841813254967472896513568341279931725684,2
070290005080100009900005001001509700890601042300700090209057610046000008008006037,174298365685173429923465871461529783897631542352784196239857614746312958518946237,2
540080007076093050000004060407000082000407900003000000204906700760040000900710008,549681327876293451312574869457369182128457936693128574284936715761845293935712648,2
009200030100000005705900462301020000050074000070300500003000190000600007200000608,649257831128436975735918462381529746956874213472361589563782194814695327297143658,2
003089004250030980809006000120000035000070001004000098406300107300000020002100043,613289574257431986849756312128964735935872461764513298496328157371645829582197643,2
000190402400000560000400037600279000200680000918040076040000720030004695002000004,367195482429837561185462937653279148274681359918543276546918723831724695792356814,2
053000000000500760002300050095800407386007500071905000037040096100003040804109070,653794281948512763712386954295861437386427519471935628537248196129673845864159372,2
000205340340800052100070080000100200003600509094052000030010005570000000000000020,987265341346891752125374986758139264213648579694752813832417695571926438469583127,2
700004302600007005390802006209000000800560200010700000108000000452180760070240000,785694312624317985391852476269438157847561293513729648138976524452183769976245831,2
670001000203000700000670001309047086080216003000903472700102058830400017050760000,675321849213894765948675321329547186487216593561983472794132658836459217152768934,2
000000490021090000830504270008000014073400650100005980000700008200103749007948020,765812493421397865839564271658279314973481652142635987594726138286153749317948526,2
000004806700001039694000010007506090400000057060040080500000000041390008876100040,153974826728651439694283715387516294412839657965742381539468172241397568876125943,2
030260059000000082000000406000804000040507000078030000005000310681090200007451008,734268159916345782852179436563824971249517863178936524495682317681793245327451698,2
000000400002710005100500079730205000069103052000900043608000200203400008000008500,576839421392714865184562379731245986469183752825976143648351297253497618917628534,2
000800200760002400300060000006100048013080000070090023090000017102007004600040800,541879236769312485328465971956123748213784569874596123495238617182657394637941852,2
000040200000070630007613000802100306060098500350204070000081400500020083218400069,683549217195872634427613958842157396761398542359264871936781425574926183218435769,2
580000000461080900000416800310700400650000071090150003130000040800509000005801090,582973164461285937973416825318762459654398271297154683139627548846539712725841396,2
000000804200487001000305000047030689000070400008050010710000040485003106639140020,153692874296487531874315962547231689921876453368954217712569348485723196639148725,2
020000104145060830378040692000006410056004000010020000701600040530001906004308270,629783154145269837378145692297536418856914723413827569781692345532471986964358271,2
052000380700000200009200050078060120000051896600020470120005030000000504504007010,452196387761538249389274651978463125243751896615829473126945738897312564534687912,2
001405800003080020900000600000060358000000900019000006080590007007006080000720130,261475893453689721978312645724961358836257914519834276182593467397146582645728139,2
000090607300800050700020810690080000005060390000002005104030080060200000030008200,482591637319876452756423819691385724245167398873942165124739586568214973937658241,2
200703061480061003000005082010009004042000310500010000700100640106800030820006100,295783461487261593361495782613529874942678315578314926739152648156847239824936157,2
003020708006100320008400906000000080385000000017905000030071000000560030501302000,453629718796158324128437956964713582385246179217985643632871495879564231541392867,2
049780002100005790203060058010000040904001500030500000000010605650090080400000900,549783162186425793273169458815972346964831527732546819398214675651397284427658931,2
000521000205070130000963802900000018600059407020016305090000000300090000500602943,839521764265478139147963852953247618618359427724816395496735281382194576571682943,2
900003700384020001200000630000805000090410080000390102470230810500008090000000276,965183724384627951217954638142875369693412587758396142476239815521768493839541276,2
000000815001000397000510420005041670174020908900005140000200760010009500030157089,643792815521468397798513426385941672174326958962875143859234761217689534436157289,2
001750090060340001800009030500680309139070060000013005013060050006001203290030146,341756892962348571875129634527684319139275468684913725413862957756491283298537146,2
019008000700200080000004000600000201072061900031000007560429000020700000100003540,219538674743296185856174329685947231472361958931852467568429713324715896197683542,2
100002040023005100080610305009060000601070003070000006010000500000087001056001804,165832749923745168487619325539164287641278953872953416318496572294587631756321894,2
509000367003500900400390085004021003072050816050060009206000090805070000000082600,519248367683517942427396185964821573372459816158763429246135798895674231731982654,2
023008000840901602001000000000010008008200034470080200000047801130000070000050023,523768149847931652961425387352614798618279534479583216295347861136892475784156923,2
294008005500042703700006900000004000005000800460010020007001000830065270000739000,294378165516942783783156942378524691125697834469813527947281356831465279652739418,2
008000615040080000930675024000500180005840060680000040053900200009027000000000398,728439615546281937931675824374596182195842763682713549453968271819327456267154398,2
024108070170020504060504081000409007700060020400007030000050003030900000050700940,524198376178326594369574281286439157713865429495217638947652813832941765651783942,2
000075040000001608009000073000600400030004000520090000700000000080420965000003817,368975142275341698419286573897632451631754289524198736756819324183427965942563817,2
200050100015000700043000805301700004627000090408001006009870600000060010004005000,286357149915482763743619825351796284627548391498231576139874652572963418864125937,2
065000000002006057040080160001300020600001308030042001003520010080609500050800000,365197284812436957749285163491368725627951348538742691973524816184679532256813479,2
900600704004870016670000300430060008086000491507000600005090800000586000860004200,958631724324875916671429385439162578286357491517948632145293867792586143863714259,2
800300040000750280207010300612000030309005007000003020080900102060080000020006000,851362749436759281297418356612847935349625817578193624785934162964281573123576498,2
020960001000570286600203040060730005530000700000005603300607859070020364086350102,724968531193574286658213947869732415531496728247185693312647859975821364486359172,2
700006000450109000009075400000000009070280500008600000147368000000000760600750814,781426395452139678369875421236547189974281536518693247147368952825914763693752814,2
035200706000410008000036009040023080087000060003080002062071800004060300870000001,435298716926417538718536249641723985287159463593684172362971854154862397879345621,2
590000007100900350302075190005047010000590003900008040036100570800000034000000601,598613427167924358342875196685347219274591863913268745436189572821756934759432681,2
000050800000387050051200407000930001003000060795010084020006000016000000930120605,379451826264387159851269437682934571143875962795612384428596713516743298937128645,2
000000004000400603460035010096003040120060000300019062031950006070000095209100700,983671254517492683462835917796283541128564379345719862831957426674328195259146738,2
080439000400070038003810040042700080561000307000050000809340002070008090000000053,687439215415276938293815746942763581561984327738152469859341672376528194124697853,2
000500234013004000420376001100093000560780049908245000000039020200107400006052000,697518234813924765425376891174693582562781349938245176751439628289167453346852917,2
000050000075010290300004600002001050003206980000090342064500120001400830037109000,629357418475618293318924675942831756753246981186795342864573129591462837237189564,2
200900070007062040005000000040000007308000469600094008790000081800029030026108700,234981576187562943965473812549816327318257469672394158793645281851729634426138795,2
000000372341807000000069840000048000094200503006035000470093600000000007053702090,968514372341827956527369841235648719894271563716935428472193685189456237653782194,2
002007304000040062000020107001400000080201700540008213406580001300060020008000406,162857394735149862894326157271435689683291745549678213426583971317964528958712436,2
030050800410000000000901054307008600090000080800102300000020048003010000209007000,932754861415286793768931254327498615196375482854162379571623948643819527289547136,2
020400007706900201000070069034020008200180056800009000080000090400200070009003640,923461587746958231158372469634527918297184356815639724382746195461295873579813642,2
500098000942007008700000130300800000058000000000762000030109002000206304800070000,513698247942317568786524139367845921258931476491762853634159782175286394829473615,2
307050000195300000402710003000005049200004050000007301030060004004073060001040037,387456912195328476462719583816235749273194658549687321738561294924873165651942837,2
020000169000006400496701000204010806309000200005020340700000900600400705008072000,827354169531296478496781523274513896389647251165928347743865912612439785958172634,2
085060490009140500060900001002031974400502180010400253930020045040010700006004000,185263497329147568764985321652831974493572186817496253931728645548619732276354819,2
790023000083904020600700300047090010206000700000000046000000000001270080059130070,795823164183964527624715398547692813236481759918357246872546931361279485459138672,2
407391860500000200869075014040056793000130482308042000901084500000020000080010040,427391865513468279869275314142856793695137482378942651931784526754629138286513947,2
160820497002340010084010002600000000475060000300400200807200005090004700500078920,163825497752349816984716352629183574475962138318457269837291645296534781541678923,2
200000480001049005040500160090000800064300000100905006470060500005090073020007000,256731489781649325943528167597416832864372951132985746479263518615894273328157694,2
020059030405000009306042058701020300000000800000037200500000061614070000002510000,128759634475368129396142758741825396253691847869437215537284961614973582982516473,2
004070000000200040090306051180000005050000192900601308200009000000080000000700003,624175839315298647897346251183927465756834192942651378238569714571483926469712583,2
350020709602047083007058000060070000000000004145609820500000092006700008004500070,358126749612947583497358216869274135723815964145639827571483692236791458984562371,2
009604070700002400800375920007403200010268730000050008038000590092001367070530002,259684173763192485841375926687413259915268734324957618438726591592841367176539842,2
000700020002685470007901805000163040043208007500409380004510708070000000050890200,865734921912685473437921865789163542643258197521479386294516738178342659356897214,2
506200000184000000039107408905010003060002000300000570450001300000305009803476010,576248931184953726239167458925714683768532194341689572452891367617325849893476215,2
700000930400000020280000100370850000000700062090034500000508601600010005801900000,765142938419385726283679154372856419548791362196234587934528671627413895851967243,2
450001209120089400679000000006800000000000008502090741000140302345020107000007004,458761239123589476679432815916874523734215698582693741897146352345928167261357984,2
700003000052006381613258007530000700800001930201037054008090073000000100000080020,784913265952476381613258497536849712847521936291637854468192573329765148175384629,2
007400205060200874804060003056070000140608000700050601400000500090005042075000039,917483265563219874824567913356971428149628357782354691431792586698135742275846139,2
045200060010000400920506000051082600000160000630907024009000740060700200000000930,845271369716839452923546871451382697297164583638957124189623745364795218572418936,2
900032004001009007004001809009004003740980600580007400407006308000000000230015900,975832164821649537364751829619524783742983651583167492457296318196378245238415976,2
000003108680005030000480600000140200062030010300027846523760900806300004010002060,249673158687215439135489672758146293462938715391527846523764981876391524914852367,2
030084700507962000000700090064139058259608143000000009390801060600000001000300980,931584726587962314426713895764139258259678143813425679392851467648297531175346982,2
976000000000800970805700403760904300009023000003070009200037650007090804354000000,976341528431852976825769413762914385589623147143578269298437651617295834354186792,2
000800600007060100800070030200637801701250069560018720470000006108046902605780003,354821697927365148816479235249637851781254369563918724472193586138546972695782413,2
000540690000000580060027000710000830302010009940000120004005000203001400001070200,128543697437169582569827341716952834382416759945738126674285913253691478891374265,2
906584701700300068800679500000430000001208000438005600005843070087950003040107050,926584731754321968813679524279436185561298347438715692195843276687952413342167859,2
150030080800000105000080304000050000030006900470000630000900060090560410000871500,159734286843629175627185394916357842238416957475298631581942763792563418364871529,2
002090010900420800610800200009754082000008500025000070250000040030180000100043628,582396714973421865614875239369754182741238596825619473258967341436182957197543628,2
000000739000207000007040000075000400300704000020009010801400500090056024200003080,142685739589237641637941258975318462316724895428569317861492573793856124254173986,2
400008206070050490600004005000000002005829601000735040003000810017002309004000527,459318276871256493632974185398641752745829631126735948263597814517482369984163527,2
100800053000567001400020900007004009090003000300910076040005002500496000039000015,162849753983567241475321968217684539896753124354912876748135692521496387639278415,2
000073008080000379070900040000408000503702080700130020400000860807000500000847001,194273658285614379376985142962458713513792486748136925431529867827361594659847231,2
010600090089004006670000000037286040000703209040100670000031004090000327003400060,312657498589324716674819532937286145165743289248195673726931854491568327853472961,2
600005000029104000417086005172000600060010039000600100090451003056000001301009050,683925714529174386417386925172593648864712539935648172798451263256837491341269857,2
050000007796030524034007000370080000000105000020470006017562090200000605009008000,852694317796831524134257968371986452648125739925473186417562893283719645569348271,2
002040000605000704010000090706030000008700041034092600501970000389000005060008400,872649513695381724413257896756134982928765341134892657541973268389426175267518439,2
492001835000040092000090710600400278270030109149820560304100027007000380001003400,492761835713548692586392714635419278278635149149827563354186927967254381821973456,2
146000020002040056080260090000050000201400075000302900714009000000004500500000300,146985723972143856385267491498756132231498675657312984714539268823674519569821347,2
002570841108069000037401029200000000900034206003025098000007400704900300310040007,692573841148269573537481629256198734981734256473625198869357412724916385315842967,2
006030709720569381300700000042000167000000000070280000060005800450001070030800015,516438729724569381389712456842953167695147238173286594961375842458621973237894615,2
000000708806070040307005200040900302000028400080031007000080570430000009600194800,254619738816273945397845216541967382763528491982431657129386574438752169675194823,2
890030050000000201000000083050000100000907305010405000930001074520703000760500000,892136457673854291145279683457382169286917345319465728938621574524793816761548932,2
500893000000000000704015300070340100000062083430001060306100000857630002200000000,521893746983476521764215398672348159195762483438951267346129875857634912219587634,2
730080000004970500019004700001025008800000075000010029102000367900000850008030002,735681294284973516619254783491725638826349175357816429142598367973462851568137942,2
690500804754030600008004005300002000080050260400000007000700150506000009200980406,693521874754839621128674395375162948981457263462398517839746152546213789217985436,2
002930070780006050049070000400802709000000001018090000000309504804020090500460020,152938476783146952649275183465812739927653841318794265276389514834521697591467328,2
000936050030005607060001300040070005002059086000100002300500020005090800028000000,784936251231845697569721348843672915172359486956184732397568124415297863628413579,2
009067000260400700704020006000800097070000013196372054050240000907000008300700005,839167542265489731714523986523814697478956213196372854651248379947635128382791465,2
102354600005806001000009080601582070954000000027040000049008700076010809318090040,182354697795826431463179582631582974954637128827941365549268713276413859318795246,2
200000350305000680000603009080132945930000000050090806009260503000370000500809200,267948351395721684418653729786132945934586172152497836879264513621375498543819267,2
070009083502318006000500200020905607900701005710000908450800109080100700030006000,671249583592318476843567291324985617968721345715634928456872139289153764137496852,2
804509607059780003700002809005008000000004930900350001600001000002690000000000068,824539617159786423763412859315928746278164935946357281637841592582693174491275368,2
700600289008070600026900570040518900005000008100006025364000000000061000851040000,713654289598172643426983571247518936635297418189436725364825197972361854851749362,2
900850003065000870004009200450001030086035040000008000593040000000500090040003720,971852463265314879834679251457921638186735942329468517593247186712586394648193725,2
680030490504060001000954000000000904000500200769082050000000709901005046300006510,687231495594867321132954687825613974413579268769482153256148739971325846348796512,2
500407360427030100300025004000609041700300500019850000002060403100003020650048000,591487362427936185368125974835679241746312598219854637982761453174593826653248719,2
300008600000903200900406010800600000000107403104030009039001800010000045450069002,321758694746913258985426317873694521592187463164235789239541876618372945457869132,2
030000010000458900000013002600049000004020000900530024000002005000180076061000030,435296817172458963896713542623849751514627389987531624748362195359184276261975438,2
700003950309057004000490007850000003203000070640705298000501800905870000060000000,784613952319257684526498317857926143293184576641735298472561839935872461168349725,2
204008356080360020000004080541600000060080040920040603003020000070406100000090000,214978356789365421635214987541632798367189542928547613493721865872456139156893274,2
000403809000080073938207601497000002000700980082004010023870000009045706740000038,271463859564189273938257641497518362156732984382694517623871495819345726745926138,2
630000700198500030000000900000620040207340091040109080080000400920030000003782009,632894715198567234574213968819625347257348691346179582781956423925431876463782159,2
860900374030704100740080005057092800000030007000507009106050408005400026020006000,861925374539764182742381695657192843294638517318547269176259438985413726423876951,2
000300809030000526050060007600480000005923604400506208020100080541000000900002400,264375819739841526158269347692487153815923674473516298326194785541738962987652431,2
000000006048050190000710400030970800100084030009030074090308760006000283020100009,571849326348256197962713458634972815157684932289531674495328761716495283823167549,2
050920040900350006040800039000000400300090000085401203800502010009008302002030000,153926847978354126246817539791283465324695781685471293837562914569148372412739658,2
000000900005049806000560040402080007000400003906000420013000200000073650008200370,647328915125749836389561742432685197871492563956137428713956284294873651568214379,2
040700300000820071000030009050000100093007506600090203321060704005300900409100000,948716325536829471712435869254683197193247586687591243321968754865374912479152638,2
740000200102450000000078004001090035000000001083005090210049006005007000900800000,748916253192453678356278914621794835579382461483165792217549386835627149964831527,2
002901080007000140010080007006812009100090672009060801001620000904700200020149360,432971586897256143615483927576812439183594672249367851351628794964735218728149365,2
043500016000100905010080000062000500000050047570200061006007008207805004080900002,743592816628134975915786423462371589831659247579248361356427198297815634184963752,2
450708300080310000000520000594100030060000090208009000300901200000000070170200950,452798361687314529913526748594167832761832495238459617345971286829645173176283954,2
150607000609000041423000600364100005000000190010000364836000409045060000201580730,158647923679823541423915687364192875587436192912758364836271459745369218291584736,2
090027500200080900070004081040600710100079060060241800003400100010930000080705390,498127536231586947576394281849653712125879463367241859953462178714938625682715394,2
708490000000100597009073080002751060000049030000000079027004006005007002403020000,718495623364182597259673481932751864876249135541368279127834956685917342493526718,2
010000704000010020490700081050200036074830205080600400100080050000900000009076000,318529764765418923492763581951247836674831295283695417147382659836954172529176348,2
000600000000100095500000326000530602600200010230806900090461078006902000010050200,923645781768123495541789326189537642675294813234816957392461578856972134417358269,2
004002000100000406096310802005100049000080610017029500021000360053960000060030900,874692135132857496596314872385176249249583617617429583921745368453968721768231954,2
807002000036700021014000090359000062600009080000000509023807005008040073005200000,897612354536794821214583796359178462642359187781426539423867915168945273975231648,2
000000007407008210100000000678200359000509008000000401080403090902601570040090103,863125947497368215125947836678214359214539768359876421781453692932681574546792183,2
058000000030007410010000309690500007080010000143006920001000090305190000000078030,958431276236957418714862359692543187587219643143786925861325794375194862429678531,2
500009000430020051020380009000002008600010020900470030071064000000800300000000104,587149263439726851126385749753692418648513927912478635371964582294851376865237194,2
000050420462100095005000000020470500050068009000500300000080600700905000004720981,173859426462137895895642713921473568357268149648591372219384657786915234534726981,2
040082001083000690000036504070000105000270900090400000004300800800025000007800320,946582731583147692721936584372698145415273968698451273264319857839725416157864329,2
047300000000070093006128045079000250800000904005000308080730020052084036003000407,547369812218475693396128745679843251831257964425691378184736529752984136963512487,2
840060000020073840703058092000810509208005001500004008000600000082507000100209007,845962173629173845713458692374816529268795431591324768937681254482537916156249387,2
001005090704600805000000000000086001208950074100207900800000002003090006070123000,681475293794632815352819647947386521268951374135247968819564732423798156576123489,2
002195000960000500105004007000050000293780050658031000020500176007000204410020080,872195643964873512135264897741952368293786451658431729329548176587619234416327985,2
000000000010004300007005084940600823002031500700800146639172408000903001070500000,485396217216784395397215684941657823862431579753829146639172458528943761174568932,2
080030000700205600059806020004700260100409705570000090000008050045900000000020010,682134579731295648459876321894751263123469785576382194317648952245917836968523417,2
006810072091000038870009500009100403010700020008090100400002001007080205000050080,546813972291547638873269514759128463614735829328496157485672391967381245132954786,2
000287900070051023120043000006192500031060000290730681910875000807020195000009000,354287916678951423129643758486192537731568249295734681912875364847326195563419872,2
841000000795000003000008074307000541480001029010003700068300000254100030170620400,841937265795462813632518974327896541486751329519243786968374152254189637173625498,2
200034009907020054010600080000062008829070000000080010092000840100940023304008007,286534179937821654415697382541362798829175436763489215692753841178946523354218967,2
286003004030080205005070300001047600600000907704006851040108070070060009000090120,286513794437689215915472368851947632623851947794236851349128576172365489568794123,2
600000000000070902219006074006230000050760318000000006047800000000400200300000001,674925183538174962219386574786231459452769318193548726947812635861453297325697841,2
000200103608070000010000060000020040940000007300700090400060900000302804570080010,754296183638571429219834765867923541945618237321745698483167952196352874572489316,2
072009004009000000068070905015000097703902540200500100850090000006000459041200070,172659834539824761468173925615348297783912546294567183857496312326781459941235678,2
000026040000054063200007050030070402002000000704230600305002814910040020400500006,153926748879154263246387159631875492582469371794231685365792814918643527427518936,2
000021506200005030506700002000030064004102007080000009800400000000907420470013000,948321576217645938536798142751839264394162857682574319823456791165987423479213685,2
000247000073080005460300000000500802000000070000100549006031050530024000200800310,895247631173689425462315798914573862658492173327168549786931254531724986249856317,2
704051080608700105000096000346009850200008790870000030005400000080900200000087010,734251689698734125512896347346179852251348796879562431165423978487915263923687514,2
003690000000050030050371482041000807500000143309000050000060904002010060000002010,423698571178254639956371482241536897567829143389147256815763924792415368634982715,2
000000935053004700000003000308620070570800000429000600230080060600000803040356007,164278935953164782782593146318629574576841329429735618235987461697412853841356297,2
030097200090200080000060509000050030004108000100039000018000320073010900002380060,836597214795241683421863579289756431354128796167439852618974325573612948942385167,2
000007805000000009000023100700608050450700008008531400006380794000000500035476000,341967825287154369569823147712648953453792618698531472126385794874219536935476281,2
000758241000900073700030509000000432004260008800040900268003100001006024040025000,639758241485912673712634589196587432354269718827341956268473195571896324943125867,2
200064800074500900608910400081000250407005000500080001000040002003259067002003000,219364875374528916658917423981736254427195638536482791795641382843259167162873549,2
080070003600900801490150060004010600006002000000060430540000006302005074700040508,185276943627934851493158267254317689936482715871569432548721396362895174719643528,2
007600000000009004009740651090105002840903105065284030904010020070000010050000900,427651398516839274389742651793165482842973165165284739934517826278496513651328947,2
006004507500000000004803001000500704940310065308000209065201940023000100000600052,136924587589167423274853691612589734947312865358746219765231948823495176491678352,2
800020900064000050000150030600302400400007815007000002000090000248700000109000020,851623947364879251792154638685312479423967815917548362536291784248735196179486523,2
690310270034000000800600000003076025900050007002000910070200030060000580001589700,695318274134725698827694153413976825986152347752843916578261439269437581341589762,2
703005021152090600800203590070004016010600000625100030000041300201006009946000058,793465821152798643864213597378524916419637285625189734587941362231856479946372158,2
000000049090010800008690000000129000027300090000040032109005203034000018206900075,612578349793214856458693721345129687827356194961847532179485263534762918286931475,2
700180900109000678042006035000400700000060401000008296300012009098000004001809320,736185942159324678842976135625491783987263451413758296374512869298637514561849327,2
510820004003007806806005100005300400004009010092040503230080000900063007008000000,519826374423197856876435129765312498384659712192748563237981645941563287658274931,2
010300602002000071576120000000201584105004309008005017060003000290500100053010790,914387652382456971576129843739261584125874369648935217861793425297548136453612798,2
000237900090800000207000830408000501020005078715080600100000000040560007000003005,584237916391846752267159834438672591629315478715984623156728349943561287872493165,2
640300708790002403300080691074900100100420500009003000057800000002506307006000000,641395728798612453325784691574968132183427569269153874457839216912546387836271945,2
832010059000000100000000083020700500006058237008000046619030470350270801000060005,832417659795683124461592783923746518146958237578321946619835472354279861287164395,2
000000905010320806070561030002800640000902050050070201000108503000406000300250060,263784915415329876879561432732815649186942357954673281647198523521436798398257164,2
000603002200000061000000405005010000109000003004035619040080030806097050573460198,451673982297854361638129475325916847169748523784235619942581736816397254573462198,2
003000071070014008008030540280403010030920050040057203800000700007000090064000102,453298671679514328128736549285463917736921854941857263892145736317682495564379182,2
090026100000000972000940080019762005420508091006401007240000000060200708001089000,795826143684153972132947586819762435427538691356491827248675319963214758571389264,2
500400067010500400408000530000850070605002084080090100076345800002001000000209005,539418267217536498468927531321854976695172384784693152176345829952781643843269715,2
000637050000049610000800900800062041107980000046013080000400006005000870060178305,291637458358249617674851932839562741127984563546713289783495126915326874462178395,2
800067000090004081204000005510206000400013006002000190005030004008601000040050068,851367429796524381234198675519276843487913256362485197625839714978641532143752968,2
020945010400300920879001030380000000000090003006002780094003008160074000230000041,623945817451387926879621534385716492742598163916432785594163278168274359237859641,2
800940000014002005300500000030129000000600001071085060105000004700208000082050030,857946123614832795329517846536129478298674351471385962165793284743268519982451637,2
000490060008007020410025080107002000004000016080176204830050600746230090200064070,372498561658317429419625387167542938524983716983176254831759642746231895295864173,2
340500900001000538000318740080000095005861004004903600060030050512400863000085000,348576912671249538259318746186724395935861274724953681867132459512497863493685127,2
000009000850100007000370002000681200061704580000000106980063704020007060076408300,732849651859126437614375892597681243261734589348952176985263714423517968176498325,2
050614800000000652860005740000001400004250170000407006072103508010000000905000200,257614893143879652869325741726931485384256179591487326472193568618542937935768214,2
089050020076009000000380060020003000000692350093540200010000030800061490067030500,489156723376429185152387964528713649741692358693548271214975836835261497967834512,2
700421096000000074604000008007006030120000000906030000001958000089047005005012080,738421596512869374694573218857296431123784659946135827361958742289347165475612983,2
030500090076003040500006300650908002010400030008200050000000803000601700267009004,831574296976823145524196387653918472712465938498237651149752863385641729267389514,2
001000450450100086060254070802300100500000000604900005005029038200010007006030000,321687459457193286968254371872365194519842763634971825145729638283516947796438512,2
870409006490600070065800030000300000000185060050970000020764001609010407710290600,872439516493651872165827934281346759947185263356972148528764391639518427714293685,2
070003020600000010400802000300980005708050940000047006000534001004008300006029007,879613524623495718451872693342986175768351942195247836987534261214768359536129487,2
010200000000810420026537980007140060600002003200003700065008000080021070002005090,718294356593816427426537981837149562649752813251683749165978234984321675372465198,2
960103000084029000000800000073208009010394002000700030020000640006000001058402090,962173854584629173731845926673258419815394762249716538327981645496537281158462397,2
600087503305100000780300091278000900509000080000000300050049102000203450062005000,691487523325196847784352691278534916539671284146928375853749162917263458462815739,2
750003840964081050000504090420005070083010020006429300295000000640052010310900502,751293846964781253832564197429835671583617924176429385295176438648352719317948562,2
386010090040008060051694008078900014102050800034080002000005700007009100000301040,386512497249738561751694328578923614192456873634187952913245786427869135865371249,2
001850700873604000020709000000000402009000008010000070000507010400068030100020004,961852743873614925524739681756381492349276158218495376632547819495168237187923564,2
020403000005000130310050000003849000008001509000720800036500080400006070700000602,627413958895267134314958726563849217278631549149725863936572481482196375751384692,2
071600000908070400005003000009008041150000000780000039817035624502006307090027810,271684953938571462465293178629358741153749286784162539817935624542816397396427815,2
600004200380007100002100008068030010004870000009000403940028560807006020200001070,691584237385297146472163958568439712134872695729615483943728561817956324256341879,2
158000270020500480406020005574002800602708054080450062800635007200179508000284003,158346279327591486496827315574962831632718954981453762849635127263179548715284693,2
000062008000070140607431009008000005000007034760000820406000980000009463209084000,145962378923578146687431259318246795592817634764395821476153982851729463239684517,2
817090320040073690036200078370420080400067030000058000064000000280000700000042000,817694325542873691936215478375429186498167532621358947764981253289536714153742869,2
640231050000457601100069000006000080008000003470980500920074138064002070700090460,649231857283457691157869324316745289598126743472983516925674138864312975731598462,2
890002400005060000030009152500000027402090031300070940900320004000001000150900280,891532476725164398634789152589413627472695831316278945968327514243851769157946283,2
000060380007298004000300190701023645000715800805649020060980000900130006003000908,429561387317298564586374192791823645642715839835649721164987253958132476273456918,2
096000005000060300002005001405603172010500030020008956050716000070004060060200517,196432785547861329832975641485693172619527834723148956258716493971354268364289517,2
005100037000003502300070008000060200000390050190000080704000025902500040851900000,685129437417683592329475168543768219278391654196254783734816925962537841851942376,2
005006904009050830000004705508000070014079000007300450000605003300200040940100000,175836924429751836863924715538412679614579382297368451781645293356297148942183567,2
000006010201009006053000000100803002090100563534092008020938000005001030010060007,749386215281579346653214789176853492892147563534692178427938651965721834318465927,2
001003008300000014000210000000130570179520803200007109007382090810090605004651000,691473258352968714748215936486139572179526843235847169567382491813794625924651387,2
058600200307802000100074003000000010809003500000109028006090030080007095930200700,458631279397852461162974853623485917819723546574169328746598132281347695935216784,2
608020000400068000020700800000210480200080060004095231046002098039040520580970600,658129374417368952923754816365217489291483765874695231746532198139846527582971643,2
000600005705000420002005090004500309300009002000030086010240967079100804846007050,498623715765981423132475698684512379357869142921734586513248967279156834846397251,2
000000629000896000009020003020975318035008200708002406302007904871409032900200000,487531629213896745569724183624975318135648297798312456352187964871469532946253871,2
601002070952003400703000500005000060834090000070300004009005000520470631000031090,641582379952713486783964512295147863834296157176358924319625748528479631467831295,2
007005400000070921081400073106039840000000000800700005052300108000658234038001000,327915486564873921981462573176539842245186397893724615452397168719658234638241759,2
003094600100000402600008539000009805800000006740820093950000008010086900408900300,583294617179653482624718539231469875895137246746825193952341768317586924468972351,2
006780421030001860281000070620179000849030600100000000310090706760300290902047100,596783421437921865281456379623179548849532617175864932314298756768315294952647183,2
080040190490000500010000804023409015900000002071023000056010400008032009000080000,385246197492178563617395824823469715964751382571823946256917438148532679739684251,2
000040570403700006070002034000500000030814009010076305301080607040037251700001090,162349578493758126578162934687593412235814769914276385321985647849637251756421893,2
000000073079000106083000005010700000300001792007020014700806421890200507421305869,164589273579432186283167945912743658348651792657928314735896421896214537421375869,2
080000206000960008090250000060007352801590000700643100600025000050006004308409625,584731296273964518196258743469187352831592467725643189647825931952316874318479625,2
009000020207500610050000809008000200903602008072004090020098000040060903806713502,689147325237589614154326879468951237913672458572834196325498761741265983896713542,2
000010080007000230009500000092000000064005020700000618071200800340009072200400100,623714985517698234489523761892361457164875329735942618971256843346189572258437196,2
036007140107000050294001003000000710705036098809700035302004980000000000001900027,536287149187349652294561873423895716715436298869712435352674981978123564641958327,2
040080030009047000800200067090470685008000300000890072582960700000010548400000026,746185239329647851815239467293471685178526394654893172582964713967312548431758926,2
170940508020700000005021000700200830040670009500000702200130000051890000004000000,173946528429785316865321947716259834342678159598413762287134695651892473934567281,2
039050020020000009067200400082000300790000602304629000273004051006570083000930000,439156827528347169167298435682715394795483612314629578273864951946571283851932746,2
600080304905400720000000000200100900060050001050000072030020140002001805718504000,627985314985413726341672589273146958869257431154398672536829147492731865718564293,2
070100050526903800000504002000810000085000027407000080700058010300000508000401270,974182653526973841813564792269817435185346927437295186792658314341729568658431279,2
007029340008001000010300802000050010021600500000000608000002036000090270040003100,567829341238541769419376852796258413821634597354917628175482936683195274942763185,2
210050700000800500007900000049001200108000005635020010302045000056270900070000000,213456798964817523587932164749581236128369475635724819392145687856273941471698352,2
002306815508900003001050400829004000100589024405020080054207008000405102000698507,792346815548971263361852479829764351136589724475123986954217638687435192213698547,2
050002071004597000273801000000240008030000509908050100302906050095320000000080002,859432671164597283273861495517249368436178529928653147382916754795324816641785932,2
000000807010960020260058901140000000006000315070000009002040150031620008000081203,594132867813967524267458931148593672926874315375216489782349156431625798659781243,2
000003025000050048000604007100340700706015304500709061050900483400500210001402579,847193625963257148215684937198346752726815394534729861652971483479538216381462579,2
006294000279801000104030000928000154010000900003915700600540300800003007001009005,536294871279851643184637529928376154715428936463915782697542318852163497341789265,2
010980040000000030080600709054030070800100003700000104000820390570060000293471600,317982546926754831485613729154236978869147253732598164641825397578369412293471685,2
007800360800702001104060872403006780000000246008000000085600030302400590901007620,257841369896732451134965872413296785579183246628574913785629134362418597941357628,2
500690100013040820706008005092030541000020007000150080004000009000060030300075000,548692173913547826726318495892736541451829367637154982174283659285961734369475218,2
709400010000006703003001459900050040030100000200609301300005904410000005097000138,759423816184596723623781459971358642836142597245679381362815974418937265597264138,2
300090580400005090005308020000521600000060070036000200010902764200007100907100802,321496587478215396695378421789521643142863975536749218813952764254687139967134852,2
000005098000004000050638100236417080890000000705309004300251000081006000600000071,463175298178924356952638147236417985894562713715389624347251869581796432629843571,2
500079002013026007002010006050701290097500001001603005620037004000258769000004000,568479312913826547742315986356741298497582631281693475629137854134258769875964123,2
070903020802100400000500007009000600023000501600402090000206008508000004017000900,175943826832167459946528317789315642423679581651482793394256178568791234217834965,2
697030000800000002301804600280041950900020034003090800060200700002067000008400000,697532418854916372321874695286341957975628134143795826569283741432167589718459263,2
470010802520489030083000001230000100614025089000108420840001253002050000000000900,476513892521489637983267541238946175614725389759138426847691253192354768365872914,2
107060094096000708203000056020804610000020500008051402300270900060190040009006005,187562394596413728243789156925834617431627589678951432354278961762195843819346275,2
009040700420000560687000004000208000846000235702050000060800157391005600078060020,159346782423987561687512394915238476846179235732654819264893157391725648578461923,2
100592030005140629092386100400805000050063207007000500009604002000001000004008050,146592738835147629792386145421875963958463217367219584519634872283751496674928351,2
000000006103800000060003080078100234000032008034680501020900700796300800000720040,842579316153864927967213485678195234519432678234687591421958763796341852385726149,2
408350190060700800790400000600001000800000070000070008070620305000000009003094060,428356197365719824791482536637841952812965473954273618179628345546137289283594761,2
300502006620008040408030090064307801500004063083060070800000019030000000049601500,397542186625918347418736295264397851571284963983165472852473619136859724749621538,2
870000029005010070020050310000506000087320000560100000003608050600741902740205081,871463529395812476426957318134586297987324165562179843213698754658741932749235681,2
006000070001200000823000005005400080060738000000095002104050009607020030089001400,496513278571289643823647195315462987962738514748195362134856729657924831289371456,2
008010002604800900000705008040003500502000096001506020980007260000008159020659000,358914672674832915219765438746293581532481796891576324985147263467328159123659847,2
000098000406000000032054901004003000020060070070280005240010706000840200007900100,715698324496132587832754961984573612523461879671289435248315796169847253357926148,2
801000300059062870600180004002048009096500020000000000200004503030020000104030090,871459362459362871623187954512648739396571428748293615267914583935826147184735296,2
700280300935000210080000700802050070050900400000010005000090020008104500310000600,746281359935647218281539764892453176157968432463712985574396821628174593319825647,2
108590700009200004070800090300604070800000006796000020001000005020009600907008200,148593762639271854275846193312684579854927316796135428481762935523419687967358241,2
510400803700658010420001050260040009900100340004000060005010028000060090000009600,516492873739658214428731956263547189957186342184923567695314728372865491841279635,2
020000309600050870007009000002570098000000706780001005010600000250938000074000003,428716359691253874537489621362574198145892736789361245913647582256938417874125963,2
820401600000057800400680050090100583500070200201500700100360070370010026000040005,825431697639257841417689352796124583543876219281593764154362978378915426962748135,2
070600050080040030010000004823406019005008000000072005004000000200060348090000021,479613852586249137312587694823456719745198263961372485134825976257961348698734521,2
000008500300002000690700040803000401007000080240860005001006004000007830900500016,174698523385412967692753148863275491517349682249861375731986254456127839928534716,2
000062900460900000930000056316000070705180632090006504000040060120690400600200300,851762943467935128932418756316524879745189632298376514579843261123697485684251397,2
200060040305802690069450000890340010003010009010580300030704160000000030604030907,287961543345872691169453728896347215753216489412589376538794162971625834624138957,2
000807090670045800002000040031080005795060000406000023160500000928104050003000000,354817692679245831812936547231489765795362418486751923167593284928174356543628179,2
037000429480900000290370800000049280000030607714200090040600010370008064000090000,537861429486952173291374856653749281829135647714286395945623718372518964168497532,2
006090270820500900000604800095002080680000120402308506500230609000006750000040000,346891275821573964759624831195762483683459127472318596518237649934186752267945318,2
529640010318009000476030802003072000790500000050963200005014006207306008000807400,529648317318729564476135892163472985792581643854963271985214736247396158631857429,2
500647000472019536008500000200308607950126800000970200720490000140200300000000400,531647982472819536698532714214358697957126843863974251725493168146285379389761425,2
317890506009400080420560001190200600000050302002008010700020800000001004986340100,317892546659417283428563791193274658864159372572638419741926835235781964986345127,2
000204097806000020000083050200600000019800000700002080900028064085400200000079508,153264897896751423427983156238695741519847632764132985971528364385416279642379518,2
602000019510690080007000000000040006069000030080103004050008102008050003206009570,642875319513694287897321645321947856469582731785163924954738162178256493236419578,2
900000005003060000000000680004009070000000051018350009230401060800602193006005028,961824735483567912527193684354219876692748351718356249239481567845672193176935428,2
207900400403270590010000267020000650001700029000000010180530906596840002300609000,257961483463278591819354267728193654641785329935426718184532976596847132372619845,2
800000070600040398020089000074000012160900007000174000082005030706420085500800700,849531276615247398327689451974368512163952847258174963482715639796423185531896724,2
908045031200809050005100084000010000002450090000068002500270009309601000800000063,968745231214839657735126984697312548182457396453968172546273819379681425821594763,2
000004051004070003107093080460080039300409610910600000040300000501908000080010000,893264751654871923127593486462187539378459612915632874746325198531948267289716345,2
046001892000900000003002100070103526600400700051207009062010040090000200830020600,546371892217986354983542167478193526629458731351267489762815943195634278834729615,2
070400060620000309480009000000780536000000001730000980047306108000817090018040073,379421865621578349485639217192784536854963721736152984247396158563817492918245673,2
400000769075009010001070530390050080100080000500000297004123975000465020253897006,432518769675349812981276534396752481127984653548631297864123975719465328253897146,2
000680071980150002000092500412070609000000700007004208000060000260741000075009000,524683971986157342731492586412578639398216754657934218849365127263741895175829463,2
040700080000302049780950013200106400100007026070200030027000890610000000090400061,943761582561382749782954613259136478138547926476298135327615894614829357895473261,2
000007320000000108050060000080002041100680000009410000004078235000006010300200760,891547326476923158253861497685732941142689573739415682964178235527396814318254769,2
043000728700400390906030010030009075450003080000574000870000200000190800005807060,543961728781425396926738514132689475457213689698574132879356241364192857215847963,2
000501000140000000509020086300007018087003000000002700405009000070060902900000030,768531429142896375539724186394657218287913654651482793425379861873165942916248537,2
009000000521004003468509020230907800700008039006300400600020090002070605103400000,379261548521784963468539127234917856715648239896352471687125394942873615153496782,2
001000705027035600604700000270000419005027863300601250100070006009200300060000004,831462795927135648654798132276853419415927863398641257183574926549286371762319584,2
000081000005200000600003010007009200000800067006730980709020108068004709140000600,932481576815267493674593812387619254591842367426735981759326148268154739143978625,2
010020700970000801008000023050010634000035078000002000005060007001003092000284050,513428769972356841648197523257819634194635278386742915425961387861573492739284156,2
005200010032004750100005002780942600009603000003080400050000000070500800010407593,895276314632194758147835962781942635429653187563781429954318276376529841218467593,2
309005007005700290000004800850940100094010000127008000900070300000600008031800064,319285647485736291276194853853942176694317582127568439968471325742653918531829764,2
010048000760031849000079000100004000020000401000302507901053072050020904074080100,519248736762531849438679215195764328327895461846312597981453672653127984274986153,2
007200009023709006160300000210607895750800020930524067070063008000480070000970000,547216389823749516169358742214637895756891423938524167472163958395482671681975234,2
800512039300790500100046070010009207000104000092607008000005006000063000264001753,847512639326798514159346872413859267678124395592637148931275486785463921264981753,2
074062500002905030000000060703000094900003005048009306109027608280600000006090273,874362519612985437395471862723856194961243785548719326139527648287634951456198273,2
700000000520908001004007500370000005240010000900405200062070900009500010100200360,791652483523948671684137529376829145245713896918465237862371954439586712157294368,2
410350090003928100008000003801740600059002000600500900085070309040830007000091500,412357896763928154598164723821749635359682471674513982185276349946835217237491568,2
080790005700065180500300900067054000200003506005600200450020001003000050028500740,381792465792465183546318927967254318214983576835671294459827631673149852128536749,2
042000070800070001000000600400050800000002010271980400005007102023014900604208057,142869573856473291397125684439751826568342719271986435985637142723514968614298357,2
203150007600700352080203100060405720005012008900607500002504000879320400450800200,243159867691748352587263194168435729735912648924687531312574986879326415456891273,2
004000210102800000605721040861205904500314008000900000300050001400000350000180000,984536217172849563635721849861275934529314678743968125396452781418697352257183496,2
060001040009600308400903050000140562040060003027300081204700000056200004780450000,863521947519674328472983156938147562145862793627395481294738615356219874781456239,2
020000710500020300840001029002080900470009103001034000280070000030600000004008007,923845716516927348847361529352186974478259163691734852285473691739612485164598237,2
092000014060024000004008090900416350003700906000090040287000000540000001106070400,892357614361924875754168293928416357413785926675293148287641539549832761136579482,2
000090308600810004000000710079600030008003205030008040080430109300000000905080003,751294368623817594894365712479652831168943275532178946287436159316529487945781623,2
700006804045278300000009000058000003904300080000060010070083062800020000000090500,792136854145278396386549721658917243914352687237864915579483162861725439423691578,2
093070010000003056800205000000001208030028540050000060325109000084050300601030905,593674812412893756867215493749561238136928547258347169325189674984756321671432985,2
000006005200300040510790003030060459009800020000029300090601030040000000020050600,973486215286315947514792863832167459159834726467529381798641532645273198321958674,2
700006200020000700005203000057001904100060005030090000003010040000084009090000682,714856293328149756965273418857321964149768325236495871683912547572684139491537682,2
000030090008900060070006305825060000090050003307409086051070908000008001902500000,164735892538942167279186345825367419496851723317429586651274938743698251982513674,2
040306000300801050210479680003195006001602070000084501107008305580013700000560018,748356192369821457215479683473195826851632974692784531127948365586213749934567218,2
005000700010408900003005080000300000000029860800700090250000000007693200008207100,685932714712468935493175682569381427374529861821746593256814379147693258938257146,2
800000000000028410030010865068097004007000906020003008680071590003080607040000200,891654372576328419234719865368597124157842936429163758682471593913285647745936281,2
002300600070805000400070031007500900009267300020049006084001000201000045050400000,812394657673815492495672831167538924549267318328149576984751263231986745756423189,2
619403000307020090020000060060034072000005030930280510050001600403768250000002009,619453728347826195825179463561934872782615934934287516258391647493768251176542389,2
100048620020930040890000370910000400040810297050600010489060030500300000000400900,135748629726931548894526371918273456643815297257694813489162735572389164361457982,2
000172004070600010004000007260000075407030006000007800000010402000709068000040003,859172634372684519614953287261498375487531926935267841798316452543729168126845793,2
407000001082009054510000200001237000060980403903500170004650902008492300000000005,497325861382169754516874239841237596765981423923546178174653982658492317239718645,2
810720050070309000290100004080472005640930800002000470060047500500800000039001008,813724956476359182295186734981472365647935821352618479168247593524893617739561248,2
000090007007000100530700098718963025025070300000400001802007000043500086106000042,281394657697285134534716298718963425425178369369452871852647913943521786176839542,2
040615800005300000000008000000067090000002050806904000960003485000090107034080960,347615829185329746692748513513867294479132658826954371961273485258496137734581962,2
085020704003570090701004000500047020000600040004010587100050260006400971207060400,985326714463571892721894635518947326372685149694213587149758263856432971237169458,2
008650000200037906006080000004760050702000000003008010020004590030800001089200070,378659142245137986196482735814763259752941863963528417621374598437895621589216374,2
070050003000000020000007049706820010800004000400760582060980437008000201200140650,974258163183496725625317849756829314812534976439761582561982437348675291297143658,2
720000000900730400005000000000050013180000054000007029500829000040300098009100030,723564981918732465465981372692458713187293654354617829536829147241376598879145236,2
003000050005006800007080034004103020601070000002498710018030005000010340030002001,983741652145326897267589134874163529691275483352498716718934265529617348436852971,2
079200100000500000538000927004080000050003070000400200040300060025700000060004095,679238154412579683538641927794182536251963478386457219947315862825796341163824795,2
800974230340000005000000800600000520003018704124050390951367082000000003002000600,815974236347682915269135847678493521593218764124756398951367482486529173732841659,2
000030009436070000900001007600000030754800092010005086100007000062000000047682910,271536849436978251985241367628194735754863192319725486193457628862319574547682913,2
000007130000063400490501760900000080374900000018700000250009006000010900030000510,625497138187263495493581762962154387374928651518736249251349876746815923839672514,2
010000000025008090009070300000086502000040000087102000800507030004001060106400007,318694725725318496469275381943786512251943678687152943892567134574831269136429857,2
021079000090060008630210005910006020300100009000793060050000090003900186009087030,821579643795364218634218975917856324386142759542793861258631497473925186169487532,2
005000032000602000000907080900205813400700250052090064500400320040006000208509070,795184632813652947624937185976245813481763259352891764569478321147326598238519476,2
720900300010008079800700500051080060082170040473620800500091002000000704290000000,725946318316258479849713526951384267682175943473629851537491682168532794294867135,2
000500061060971240050000890640020539970000000005049670290006054000495020534000006,429538761863971245751264893648127539972653418315849672297386154186495327534712986,2
100040000000079321090300008014050200000104530800090060300405700701000000042000000,123846975468579321597321648914653287276184539835792164389465712751238496642917853,2
000800006090000050805901004200089300000000007000206100452078000186090400073010082,347825916691437258825961734214789365569143827738256149452378691186592473973614582,2
000982370020000049009000010060407050000801704400050020653294087790006400014000000,145982376826173549379645218961427853532861794487359621653294187798516432214738965,2
540030010070500082010090045608009001407010026021675408265704000000053200000000000,542836719379541682816297345638429571457318926921675438265784193184953267793162854,2
815490300000002080020000910050040270060003504000000600002004056300508000080279143,815497362639152487427836915953641278168723594274985631792314856341568729586279143,2
002100900100900700000030184000000090308700020090020070910385000023400010700010530,842167953135948762679532184267854391358791426491623875916385247523479618784216539,2
200048000000207009670030240006000004320710000107005090502090007700020060060000400,291648753438257619675931248956382174324719586187465392542196837713824965869573421,2
186009400905000030200700000320006000000401060600090040700904003802050194060203507,186329475975148236243765819324876951598431762617592348751984623832657194469213587,2
700490031085230400401006500029000050008967000000002680800109040093040000100000060,762495831985231476431876592629384157518967324347512689876159243293648715154723968,2
980002504005340080000000020006009000000500000000430200240050008060174952010008743,983612574125347689674895321436729815792581436851436297247953168368174952519268743,2
050307900000059007090268000500720001100004080970800000006900024000602100000080300,251347968638159247497268513584723691163594782972816435316975824845632179729481356,2
002700008003180000008003510000800407000005080000020100300060070001397800470200950,142759638653182749798643512965831427214975386837426195389564271521397864476218953,2
600003502090602310300450000030000700050860030004000000980000006010700200400000090,641983572895672314372451689138249765259867431764135928987324156516798243423516897,2
300800652000000070009200103020050914900600005054000026800000000030901000270480000,347819652182536479569247183623758914918624735754193826891362547435971268276485391,2
007006105000070260059310000000000900071000040920000008090000814860020090015948020,247896135138475269659312487486237951571689342923154678792563814864721593315948726,2
400000006000407008020060900601002497080096503000041000510004869000000300860003070,458129736196437258327865941631582497284796513975341682513274869749618325862953174,2
078900500532074809006005300000006473600031000000400080000000004004702058700000200,478963512532174869916285347189526473647831925253497186821659734394712658765348291,2
010000000000079620762800000085693740073201900100005302000006050000020000900037000,819362574534179628762854193285693741473281965196745382327416859651928437948537216,2
007850000201006894000004700005007030830500007070630200000700001008910020000060400,467859312251376894389124765125487936836592147974631258692743581748915623513268479,2
310042800420060100086100000162080503000200000009010000050006012000801000200400680,317542896425968137986137254162789543873254961549613728758396412694821375231475689,2
060008390000910276901670450500000810078000060046000730300080905000100027600094100,762548391854913276931672458593467812178329564246851739317286945489135627625794183,2
008200007260010080700030052026175000000090120190800705080300200004080000030700068,358249617269517384741638952426175839875493126193826745587364291614982573932751468,2
006005000120090000047001800031080450670204010054103000500300120000000500002018009,896435271125897634347621895231789456678254913954163782589346127413972568762518349,2
502006100060010040001200076050000728000004600003000000800305201000601004100800360,572496183368517942491238576954163728217984635683752419846375291739621854125849367,2
000490607000006453064020000000200700092000018106030200950000000248000090600800000,815493627729186453364527981483251769592764318176938245957612834248375196631849572,2
004700025017040830005083010400160000009430000068295073000001360000070040000320057,384716925917542836625983714473168592259437681168295473742851369531679248896324157,2
700921500000056017000007900070090603860070000009080001005709046600500390304268100,738921564942356817516847932271495683863172459459683721185739246627514398394268175,2
005710000700920000092000800049300000200009500000000480100090060038006705000035000,365718942781924653492563817849351276276489531513672489154297368938146725627835194,2
000900800800720010001006240004809060000261003610543000100602004006107000523498600,362914857849725316751386249234879165975261483618543792187652934496137528523498671,2
009008076070906430300704080600800003200040090105390764910003000800000000740069300,429138576578926431361754982694875123237641895185392764916483257853217649742569318,2
000106200807002103240000060080400000010800920050600800000004009300058012570001000,935186247867542193241937568782419635613875924459623871128364759396758412574291386,2
500170204270900006408200039154000070000000090930000401380400517020010000040030000,596173284273984156418265739154392678862741395937658421389426517625817943741539862,2
005073490000408010482016070100020030000030920000000807053000004801040209904580003,615273498397458612482916375148729536576834921239165847753692184861347259924581763,2
200004005040610000001090084080700060790000000006420700305140090000080000020976001,267834915948615273531297684483759162792361548156428739375142896619583427824976351,2
000006004047000210000024090704000029629400000300090605030002970082000153900800402,291756384547938216863124597754361829629485731318297645136542978482679153975813462,2
150000907004000060000950012968000721705802090421060003003095008070000000806070009,152638947394127865687954312968543721735812496421769583213495678579286134846371259,2
610407000080006007300508060000000200800203006003800010000180005420000780100674009,612497853584326197397518462965741238841253976273869514739182645426935781158674329,2
200004907309200415004301802100009004000000000493080070600000050040000000507860100,281654937369278415754391862126739584875426391493185276612943758948517623537862149,2
500003010031080040000760030900600003800130290073000084080000301040010075000305460,567243819231589746498761532924678153856134297173952684685497321342816975719325468,2
003105000000080539450030000104000023020041050069308070605010002040000610081602000,893165247216487539457239168174596823328741956569328471635914782942873615781652394,2
063040800000020900000007430017000605800000103039500020098060070306001009045090060,763149852584326917921857436417932685852674193639518724298465371376281549145793268,2
000970000705608930001000600010009060060300700000005020150030007672054390834007056,346972815725618934981543672217489563568321749493765128159236487672854391834197256,2
274189605008003700306027849780400020020006080461002500607000051159000308032000000,274189635598643712316527849783495126925316487461872593647938251159264378832751964,2
570000690010007023000000015000006002064010007000083000001004000059060201037125060,572831694916457823348692715183746952264519387795283146621974538459368271837125469,2
000428005008156000060307010693014057800005940000609380059042100026981000080560009,931428675278156493465397812693814257817235946542679381359742168726981534184563729,2
030210400900000005260004000000602954040190000090305020300020000050401070421009003,735218496914763285268954317173682954542197638896345721387526149659431872421879563,2
080000000401000079309407021090350002000804000007001300040709003010000000500030000,785192436421563879369487521894356712132874965657921348248719653913645287576238194,2
020000000738600210614297853971000000053801920000900100086720501190300000240006090,529183476738654219614297853971432685453861927862975134386729541195348762247516398,2
001007400074065190000420007000800756608050000050040809007004000000209670400000210,531987462274365198986421537142893756698752341753146829327614985815239674469578213,2
070000005000030009608000070002598140069041003001060028000920007050080090000670500,374819265125736489698452371732598146869241753541367928416925837257183694983674512,2
543900000170000009920630074000028000030400901600000000704210300051700002000040617,543972186176854239928631574495128763837465921612397845764219358351786492289543617,2
000508700000090000013004020801050206030000007650000430705006040000040072360080050,296538714478192365513674928841753296932461587657829431725916843189345672364287159,2
900000004060000310000410560600850000070090008208046900040060000007080400056370090,912635784465728319783419562694857123571293648238146975149562837327981456856374291,2
020700080700000100064908050400000060005340000380010000000084073000070809000090010,523761984798425136164938257472859361915346728386217495259184673631572849847693512,2
046530012031000006900000080000003648014020000000004029000005004120940870000700061,846537912231498756975261483592173648614829537387654129768315294123946875459782361,2
004050000000160000007004030700496002643820000905000060806270495000040083450600120,184352976392167548567984231718496352643825719925713864836271495271549683459638127,2
815003000460580090002010000240659000000030002003004906029040831300001000000090400,815963274467582193932417658241659387796138542583274916629745831354821769178396425,2
080000300601370890000009001000000060478016903060430150006200507090003210023060000,987651342641372895352849671135928764478516923269437158816294537594783216723165489,2
000071000604039070007054603130000080000003090009540036900000300002900807068320001,853671429614239578297854613135796284426183795789542136971468352342915867568327941,2
700910508100863000300004600401207390070009000000530074008000060000001080000428903,746912538125863749389754621451287396673149852892536174218395467934671285567428913,2
107200060800900031900040200069105040000804006408002100004000008700409500001500070,157283469842956731936741285269135847315874926478692153524317698783469512691528374,2
090003750002006000670000010709362480004107295000954600007040009000609170000701500,498213756512876943673495812759362481364187295281954637127548369835629174946731528,2
050830000206009000097200430070900120005306079000700000049008000001090007008100000,154837692236549718897261435673985124415326879982714563349678251561492387728153946,2
007009300900263070036710000010507230004000000328091050000000700090004006470100003,287459361941263875536718942619547238754832619328691457163925784895374126472186593,2
002000497090700028070000065050083004009402070030000009000000086086007500000018730,862531497593764128174829365257983614619452873438176259721345986386297541945618732,2
080520403702008590005000020300075000204010070678432000800100030000000100007000089,986527413712348596435691827391875264254916378678432951829164735563789142147253689,2
000100003000030240800409000006000710057210600100060902705841026010000405602070000,479126583561738249823459167236985714957214638184367952795841326318692475642573891,2
000560723260900010000004980003480002080350000052609830000296070900040260601000049,849561723267938514315724986193487652786352491452619837534296178978143265621875349,2
100006400830904000045180900069001500008495060000000079020040090080029056000010203,197256438832974615645183927269731584718495362354862179523647891481329756976518243,2
900006000070520098000730105015342670030900251020000804000075000700290006060000007,951486723376521498248739165815342679437968251629157834194675382783294516562813947,2
907020000005010400042006090601300000520100300080000600039070500208005000006000782,917423856865719423342586197691357248524168379783294615139872564278645931456931782,2
000000080060008000008730601093000008006000050000125900600250800704060005100904030,371649582462518379958732641593476128216893457847125963639257814784361295125984736,2
810965230350402800060087000931600700500730180478020306105006923793200008602090000,814965237357412869269387541931648752526739184478521396145876923793254618682193475,2
600940051100520069000000000400098530000000014020000900010300740590071600870000000,682947351147523869359816472461298537938765214725134986216389745593471628874652193,2
905070031000000900080903070740230160000008000000769003530694000060000352807302604,925876431374521986186943275748235169693418527251769843532694718469187352817352694,2
000597400709400000580200000400030790010600350070904060090006845641800000857009000,126597483739481526584263179465132798912678354378954261293716845641825937857349612,2
006800050000400800050623000401000000008175063035960000004000087000386009080700030,146897352273451896859623714461238975928175463735964128394512687517386249682749531,2
670500201040900000120000408002659300056000020700004060584020700007890500000005000,673548291845912673129763458412659387356187924798234165584326719237891546961475832,2
700005310024100056000406000000000560090740001000608079502009007817000090040000000,786925314924183756153476928478391562695742831231658479562839147817564293349217685,2
000007065602000908070020300700090013000072500540600020107004806000010057000700030,314987265652341978879526341728495613963172584541638729137254896296813457485769132,2
400083061082000349306907580003800120001002058200000070900008007024796035037001090,459283761782615349316947582573869124641372958298154673965438217124796835837521496,2
008000920059000067020060030096802570070306000000571600082409756007200008500680000,638754921459123867721968435196842573875396214243571689382419756967235148514687392,2
030409708580002004900050103000900000000076385070080200000043890300000000058700032,231469758587132964946857123823915476194276385675384219762543891319628547458791632,2
040320010005401080001000002108030000000095804000080100207610040500002700400079230,849327615725461389631958472168234957372195864954786123297613548513842796486579231,2
400083719038000002000001000214005078000700021080040060027054180003007004040006207,462583719138679542975421836214365978356798421789142365627954183893217654541836297,2
200360007900000100130980000400000200003090406000000070098017004700000001010402080,254361897986724135137985642469173258573298416821546973398617524742859361615432789,2
100450006500176800000089000401030700370600200090500060806000020900700080003000450,187452936539176842642389571461238795375694218298517364856943127914725683723861459,2
000407580000060000043001026906704050000050000170020640031200007057008004400003000,269437581718562493543981726986714352324856179175329648831245967657198234492673815,2
002000190036792000090010000920008070000001920700020056000207634300060089000400000,872546193136792845495813762923658471654371928781924356519287634347165289268439517,2
070800050000602007820070400257300104000500006080009072410068000000004000700150608,674831259935642817821975463257386194149527386386419572413768925568294731792153648,2
000006079010000000800190050003920680200060003000038020908000034020009008304802005,532486179719253846846197352453921687281764593697538421978615234125349768364872915,2
600005700800007500715200409003092807960000305008050001006500100301009600507061094,639845712824917536715236489153492867962178345478653921296584173341729658587361294,2
006350900203000406009064000420906003030047000907500060004603000862105007300408602,746351928253789416189264735428916573635847291917532864574623189862195347391478652,2
006305000080000300500002046400030560003506490070009002904010700801000000000000600,146395278782461359539872146498237561213586497675149832924613785861754923357928614,2
001080300900317000200409751502900000046150039190004600007000910310090007829740000,471582396965317482283469751532976148746158239198234675657823914314695827829741563,2
500000200100020000200000487008100029001700540040230078012865000803401050050090010,537948261184627935269513487678154329321789546945236178412865793893471652756392814,2
900281030010000890830690740057010000089523000000478050208150070040702000095804000,974281635516347892832695741357916428489523167621478953268159374143762589795834216,2
206810400000045000000900002007000009509080600004009030708020064100050070305094128,276813495983245716451967382817436259539182647624579831798321564142658973365794128,2
490000800000000900000500040020078150006040200005030094800300006003450700000001430,491763825358214967672589341924678153136945278785132694849327516213456789567891432,2
964000000007000300050040019300004900041000830596000074005090008020630000079502063,964315287817269345253748619382174956741956832596823174635491728428637591179582463,2
182300500073265004006981032010400090459023806000090000000009057090000601000700028,182347569973265184546981732318476295459123876267598413824619357795832641631754928,2
080073590310965000590001430730000002659000807420097003000700000073600000100009005,286473591314965278597821436731586942659234817428197653845712369973658124162349785,2
085409010040200580000308000007024956024005730050793428000507000090040005500012040,285469317643271589719358264837124956924685731156793428461537892392846175578912643,2
900800200004300019001092040000000071607000002240601980090000300378040190050009020,935814267824367519761592843589423671617958432243671985192786354378245196456139728,2
020013409000006800000000001408691002502470003109002600006730908003004000800060040,725813469391546827684927531438691752562478193179352684246735918953184276817269345,2
500010008009005003000098000050000060478000090692080000040000600060430050307009180,536712948289645713714398526153974862478256391692183475945821637861437259327569184,2
670000014020148300410607000700019280061372040094586700040800020002000408080004109,673295814529148367418637592735419286861372945294586731947851623152963478386724159,2
002700049000041002030900000000000003090810200006003100020004081870009436100307025,612738549958641372437952618541276893793815264286493157329564781875129436164387925,2
400000000360470508090000472900010043007000815000084009000708920000003050010260080,475829136362471598891356472958617243647932815123584769536748921284193657719265384,2
170005000060300005000900300050000090392060140006040523020003050400052030039600002,173825964968314275245976381754231896392568147816749523621493758487152639539687412,2
000400530034000010000136004000000006407050008000004000800267040050040000009503020,186429537234875619975136284321798456467352198598614372813267945752941863649583721,2
000060003001037028034005090090200000000756009306098001000009807040501002067302900,289164573651937428734825196895213764412756389376498251523649817948571632167382945,2
006200000004358600350070090203805700000012809060000050030000200400000003005700080,786291345914358627352476198293845716547612839861937452639584271478129563125763984,2
090007201701000905420109038502078010000000520109250070008000004004080307950040000,896537241731824965425169738562978413387416529149253876678392154214685397953741682,2
000049080000720100016805490081000000450001300700090000100200053907000040000910700,573149286894726135216835497381472569459681372762593814148267953927358641635914728,2
009003500002970160700000290900800350010039000320500800050394070407601000000750001,169423587542978163783165294974816352815239746326547819251394678437681925698752431,2
005000702620000080109020030060270400000105006200090000803950640002000059006400120,435819762627534981189726534561273498398145276274698315813952647742361859956487123,2
060000890000006430050907120000340000005002000304000082000708050090405200006200008,763124895129856437458937126682341579975682341314579682231768954897415263546293718,2
000000400240630070000007000500900020004376090196000734000043060003790100902801040,675129483241638975389457612537914826824376591196285734718543269463792158952861347,2
030900201008021000002500007080000090396000008015894000000000015840000003003102809,534976281978321564162548937487635192396217458215894376629483715841759623753162849,2
050000010300710005900835070470983060836520009500670003100050000087000100240168007,758249316324716895961835472472983561836521749519674283193457628687392154245168937,2
005800009021090800000005300000080005387069200000021008004937502003108067000002103,635814729721396854849275316912483675387569241456721938164937582293158467578642193,2
800020360500043002003805010650000200400087000000506004009600000060050700300470691,894721365516943872273865419658194237431287956927536184749618523162359748385472691,2
080000020020970800005000001201487005070095108500010270859004600012750900030009502,983541726124976853765832491291487365376295148548613279859324617612758934437169582,2
000005493900000601004201857109007348000010000000308000008000004490100785075400100,821675493957843621634291857169527348583914276742368519218756934496132785375489162,2
004528000000130650951407000803040020007083010040700036210370060406000070070810200,634528791728139654951467382893641527567283419142795836215374968486952173379816245,2
000090850200300970090800000913006700008000400076000009040089000062700504000624008,637491852284365971195872643913246785528937416476158329341589267862713594759624138,2
006071000010009000090500002009007160000350040400000237680002003100080406002003080,246871359518239674397564812839427165721356948465198237684712593173985426952643781,2
000217900700000100000030567006003095300092001009160803653001009000045010004000050,465217938738659124291438567146873295387592641529164873653721489872945316914386752,2
600057809000002503010800000007005620009001040500700930274080196050200007000100050,623457819498612573715839264137945628869321745542768931274583196351296487986174352,2
600750803003604000080312000900020375000405096350976084820000000007100020000090600,612759843793684512485312769946821375278435196351976284829567431567143928134298657,2
000020703082307065071000009098004300007000000154039602000200007013000040025083006,546928713982317465371465829298674351637152984154839672869241537713596248425783196,2
301009072590730000720000009070090001000501903010028706100060090000017200030054018,381649572596732184724185369475396821862571943913428756158263497649817235237954618,2
100006950900800003004900168409000206030049501000000009058094617000713000001560320,183476952926851743574932168419385276237649581865127439358294617642713895791568324,2
270806000000203700046000832030010600108027050004508300017000900609000073000070060,273846591891253746546791832735419628168327459924568317417632985659184273382975164,2
682004075194005060000020400020000600300569201960238047010000924200941050459000006,682194375194375862573826419825417693347569281961238547718653924236941758459782136,2
000950070154380000003200008010600080600010900000008000200073010007164802081029600,862951473154387296973246158419632785638715924725498361246873519597164832381529647,2
954061000103000400008500000502087906040010582000000010480002000305090001091706040,954361278163278459728549163512487936647913582839625714486152397375894621291736845,2
000070032140950060207000100000000309000490200829030700004500900050780600080300001,598176432143952867267843195476218359315497286829635714634521978951784623782369541,2
240500000003400562001000090008052006010006200000003850900005040000870320530000010,249567183873491562651238794398152476415786239726943851982315647164879325537624918,2
004050369005006002000300070090108604400000010007064083000005791072000000019000008,824751369735986142961342875293178654486593217157264983348625791572819436619437528,2
200700080000325006000000003864001539003400802702080040607140008900637120001000060,235716984489325716176894253864271539513469872792583641657142398948637125321958467,2
000000001600527000300086005030218009086750402002060087100045090009000050250901006,825394671691527834347186925734218569986753412512469387173645298469872153258931746,2
015000080900620070206100490000000054100300907540000100860530709350096000000010635,715943286934628571286175493679281354128354967543769128861532749357496812492817635,2
060098005009153246000600001000002730008000000090004600006049007043000069070000083,162498375789153246534627891451962738628731954397584612816349527243875169975216483,2
000006073007000020650020810030000685900050030280000700408300050060100090091502000,842916573317485926659723814134297685976854231285631749428369157563178492791542368,2
200470006600923418000100900500700290000309785078200001702640000000507020000002000,219478536657923418843165972531786294426319785978254361792641853184537629365892147,2
200904007060000300008500000047100000120003000000720004013890406800456100004010200,251934867469278351738561942947185623125643798386729514513892476872456139694317285,2
040000809709230000600000037150002080900000050360004002806009375031620000497500021,243175869789236514615948237154392786972861453368754192826419375531627948497583621,2
003040807007000500608900030000050209070009360000200708200407083009130000830620000,123546897947381526658972134386754219472819365591263748215497683769138452834625971,2
050040670904000002600020000201435960000001050030890001100300004395700000000050000,852143679914576832673928145281435967749261358536897421167382594395714286428659713,2
890025004070040002410009560287000305000000021000002800008950040300000000040360000,893625714675148932412739568287416395956873421134592876728951643369284157541367289,2
560080930010305400074900005000109278006002103801500000000200500000004092000008004,562481937918375426374926815435169278796842153821537649647293581183654792259718364,2
800070030043010020907603000301007000000006270000150900200030400094865002000020008,815472639643519827927683145361297584589346271472158963258731496794865312136924758,2
080000000100320058640000010014690007900015000060000000050000004800964030000700602,285149376197326458643587219314698527972415863568273941756832194821964735439751682,2
500090060000007900100630008006000130300000706000003402704201690030905800010070200,548192367263857914197634528476528139325419786981763452754281693632945871819376245,2
708064200000009300093120000000240070027003100180000000904010780802000050000480000,758364219241579368693128547369241875427853196185796423934615782812937654576482931,2
000802003005306008030950020080290150007085000020160840002034691301020000706510000,914872563275346918638951724483297156167485239529163847852734691391628475746519382,2
360120080007000043080000000600912700050000006020080304936250000012730069800600000,364127985297865143581349627643912758158473296729586314936254871412738569875691432,2
000700000000908005070350090400601900000800047007000080394000071000020354150007000,539762418246918735871354692485671923623895147917243586394586271768129354152437869,2
401009003039460021007080004000003082200140030308000100002006040000005790000700206,481529673539467821627381954915673482276148539348952167792816345164235798853794216,2
057600400080090007100070600894023760500007041710450389000560010000700020000800070,357618492286394157149275638894123765563987241712456389478562913935741826621839574,2
140000700002009005000080462590020000000750308000900024408510070001000840900608000,145362789862479135379185462593824617214756398786931524428513976651297843937648251,2
006002010000000360821060409000000904003600127210700600602007503500236041130594080,396472815475981362821365479768123954953648127214759638642817593589236741137594286,2
360570004000000081109068370080305706006000039070900000805690010200050000090700020,368571294752439681149268375981325746526147839473986152835692417217854963694713528,2
900346150061829000300000060140600200030010400009430007000200846218064003006083700,972346158561829374384157962145678239637912485829435617753291846218764593496583721,2
602003000500610287000500006265049000014000620000200001006920108000806750870050060,682793514593614287147582936265149873914378625738265491356927148421836759879451362,2
400007300320100470078003000009000000064008190801429030900600503500001600680030000,495267318326185479178943265239716854764358192851429736912674583543891627687532941,2
786500400003800600009002080000020800460018537005700009008400051971200048050180906,786531492213849675549672183197325864462918537835764219628493751971256348354187926,2
702100005000040093000025010010032480073081520000504071396400152020050000854006037,742193865561847293938625714615732489473981526289564371396478152127359648854216937,2
900503102107000000000000005709100360500602700600704020070200008091460000005000016,968543172157926843432871695729158364514632789683794521376219458891465237245387916,2
007865000586024000040000000823000940070000200000740083019030800035008090008090020,197865432586324179342179568823651947674983215951742683719236854235418796468597321,2
700860340008004006000300185930006070004095000000000409180900607057600000000007814,795861342318254796246379185931426578864795231572183469183942657457618923629537814,2
050600003004010060000005000030000020060301000500402090040938010928000035700000809,152684973894713562376295184431859726269371458587462391645938217928147635713526849,2
601009008070003060093000100504200093069814720080930000006500280100082609008600031,621459378875123964493768152514276893369814725782935416936541287157382649248697531,2
806542030020070460005031980058069200019020506000054190000000820081000604000000310,896542731123978465745631982458169273319827546672354198537416829281793654964285317,2
002005601800000050060108000950300700070009043000007010700000300085000006031600090,342795681819236457567148932954312768178569243623487519796851324485923176231674895,2
000801026004000807600003900705648290060009000000000073021900000000080050350060009,593871426214596837687423915735648291162739584849215673421957368976384152358162749,2
100005973000000065965003040706004508000000710020001394407800032000000087001000600,142685973873419265965273841716934528394528716528761394457896132639152487281347659,2
000000006708060201900007504450901008000640700006700009100002467000070000079800000,512483976748569231963217584457931628291648753836725149185392467324176895679854312,2
006009700305000104009000068950010000400500000708390000090470300600920507080650001,826149753375286194149735268953814672412567839768392415591478326634921587287653941,2
040039000081070390630008007768940005050800906392060000910600470003794001400001000,247539168581476392639218547768943215154827936392165784915682473823794651476351829,2
028930000400000890060001204001862043000009607604703008000000300902000080316000079,128934765435276891769581234571862943283149657694753128847695312952317486316428579,2
000500063436078501500690400003000809182006307700380000810400036200030100050000904,928514763436278591571693428643725819182946357795381642819457236264839175357162984,2
086005200900682750023947000860070000007010000012896007000708900274050610098420000,786135294941682753523947186869573421357214869412896537135768942274359618698421375,2
020080003908010000000502009040058020070600048080041700350004060004000937000830004,725986413968413275431572689649758321173629548582341796357194862814265937296837154,2
500031000010069400000008051200004130140000705030100000960000073471000568052080914,524731689813569427697248351285974136146823795739156842968415273471392568352687914,2
000210034020000067049703502071400005900600400200001678302800009400005000098000006,756219834123584967849763512671428395985637421234951678312846759467195283598372146,2
047800201800020000190406800430509000009080030076004080000000008004065090000300600,647893251853721964192456873438519726219687435576234189361972548784165392925348617,2
000680000080030005003009040104093806000004007370806014800360079031000002096270000,415687923987432165263519748124793856658124397379856214842361579731945682596278431,2
820090000030004000400100050743201009108006030000938000900013002057009301300807500,821395746539674128476182953743251869198746235265938417984513672657429381312867594,2
000452970005089003780300004340008060510004732960000040203960487090000300070803090,136452978425789613789316254342178569518694732967235841253961487891547326674823195,2
590006240140050063020000001450610709070095030060700058004501002900020000730000405,593186247147259863826374591458613729271895634369742158684531972915427386732968415,2
000300810400190500091007003045901200000400130010080000030000700068010900972600300,756342819423198567891567423645931278289476135317285694134829756568713942972654381,2
375000800892070040614090070948000001007410000060807034000001007000000320783002410,375146892892375146614298573948623751537419268261857934429531687156784329783962415,2
400930001102068400000400906507180093000200008900375164030004000710803000680790000,456937821192568437873421956547186293361249578928375164235614789719853642684792315,2
075980000460002000300000100028006001041850000530001900600508207057200306200060895,175983462469172538382645179928436751741859623536721984693518247857294316214367895,2
104000000000002070000090003018409006090300010452070089003000600620580900507003001,164735892839642175275891463318459726796328514452176389943217658621584937587963241,2
950004067000500904140009300730000000680002100005000700819000040000008070567420000,958314267372586914146279358731865429684792135295143786819637542423958671567421893,2
100000000090406000600050310000027038900543020300689001005790000009061500060835200,154378692293416875687952314546127938918543726372689451825794163439261587761835249,2
002080060840900000001057400570193826008002307200000001186040035000610000000005008,732481569845926173691357482574193826918562347263874951186249735357618294429735618,2
000027300800413065000908701941000800008009100032701500700000608410800000006175000,169527384827413965354968721941352876578649132632781549795234618413896257286175493,2
600798000800034000000000900060000200007860391003420608736080100015640800000370000,621798435859234716374156982568913247247865391193427658736589124915642873482371569,2
080000309300040000006030500437901862698403005215870030000384650560712498800695203,182567349359148726746239581437951862698423175215876934921384657563712498874695213,2
810409056000300891009168007000006083000200000040083700007030060530000000400800005,813479256764325891259168437921746583378251649645983712187532964532694178496817325,2
189024506057063020000500100600015200005006081900370600001000769000000452500007000,189724536457163928263589174634815297725496381918372645341258769876931452592647813,2
060700000040203000300000904010807096000096020000500007870412000134000000600375800,561749238947283615382651974413827596758196423296534187875412369134968752629375841,2
094016000000050300500037004009800015006100007100700403000600030063080040940000070,394216758627458391581937624479863215236145987158792463812674539763589142945321876,2
020000080806120093030800060003482000205090000600030004487060010309008000000000940,921376485856124793734859261173482659245691837698537124487965312319248576562713948,2
000000600070200095091080070037800010800300900040000358709030080003700100150040732,382597641674213895591486273937825416815364927246971358769132584423758169158649732,2
006009000000050009209007050800471025000093041014000037000048010005326004020700306,546239178371854269289167453863471925752693841914582637637948512195326784428715396,2
001704908900002005050300070000503420400970053000020700007045000300691000806200000,231754968978162345654389172789513426412976853563428791127845639345691287896237514,2
008042000600910008005638090070080040000000050003070002504800010000000080087459320,398542671642917538715638294976285143421396857853174962564823719239761485187459326,2
043060790009500003071090046000000085498000000005109460002000000004600020600030004,543861792269547813871293546716324985498756231325189467932415678154678329687932154,2
000090135578100090900050700080000009000000000392574061600300540000000008004902000,246798135578143296931256784487621359165839427392574861619387542723465918854912673,2
200000080000028400000945206004000700020000015508090000810059600030670092000000000,243716589659328471781945236194563728326487915578192364817259643435671892962834157,2
002700003410030000080000041561080900074020008823000067000006719790000400005000086,652741893419238675387569241561387924974625138823194567238456719796813452145972386,2
000604002416008090200790164001002000860000200940176003100460920004830000790251000,579614382416328795283795164351982647867543219942176853135467928624839571798251436,2
000109037073405260200700000007004080000678002050010070000041020012830790308207040,546129837173485269289763514627594183931678452854312976765941328412836795398257641,2
305400000018360009920000000206000090009006500000948006100693004693800010007105963,365489172718362459924751638246537891839216547571948326152693784693874215487125963,2
907301004143750600020094010200063070700140260400500009802010000019005800074000901,967321584143758692528694713291863475735149268486572139852917346619435827374286951,2
900004200600000100070000530800400003060008050040000071352900080000073900701600040,938154267625837194174269538817495623263718459549326871352941786486573912791682345,2
102037060006009000980052000045098003700026080029300675500204307000080096060000800,152437968376819542984652731645798123713526489829341675598264317437185296261973854,2
820004000000605810006000000209040030050008720060300000004050000690702400182406000,827194356943675812516283947279541638351968724468327195734859261695712483182436579,2
000003080000000109000070020362080791591207308080130000047000000016054003000720600,125693487678542139439871526362485791591267348784139265847316952216954873953728614,2
000692800100000020280010004000000050010204030002000147020059400946300700800106090,453692871169487523287513964734961258518274639692835147321759486946328715875146392,2
623000174019764530457300689004000026302470915500230748700540000000003007235087001,623895174819764532457312689974158326382476915561239748798541263146923857235687491,2
080000106020000040100000300043902501000100079050000008400006080695038700000040000,389427156526391847174865392743982561268153479951674238432716985695238714817549623,2
201000007894000010670008009940837060000400798180096020300000000020900050405700906,251349687894675213673218549942837165536421798187596324369154872728963451415782936,2
060028070705000204102000060000109402041300007259807013000010740000006108007900300,463528971785691234192473865376159482841362597259847613638215749924736158517984326,2
462900058050080403080005000030060020216598347000301500621059734300017080070402610,462973158159286473783145962935764821216598347847321596621859734394617285578432619,2
702000980030000000000005402160530800000000009300204050040102605000003000206408010,752641983934827561618395472167539824425786139389214756843172695571963248296458317,2
002094610500001030001003097079000020000200080020340000003470002085962300000138900,732594618596781234841623597179856423354219786628347159913475862485962371267138945,2
060030810500006000000057009000261900482790100096000270000400500005019060901075300,764932815519846732238157649357261984482793156196584273673428591825319467941675328,2
000008000020700600031060002000082300060000001080094005010900567306400000700800410,675248139928731654431569782547182396269375841183694275814923567356417928792856413,2
000001050000000601008605002904026100200450067657000004340097000000004700700382416,469271853523948671178635942934726185281459367657813294346197528812564739795382416,2
030190800761050000090307015304510000080003100029000007900400702047200961000970500,532194876761852493498367215374519628685723149129648357956481732847235961213976584,2
100700803800000040309005007010079058000000390004030071201000904490000765507040100,156794823872163549349825617613279458725481396984536271231657984498312765567948132,2
000600702006748350000293400093080075700000200052900043405070938000000500000504027,934651782216748359587293416193482675748365291652917843425176938371829564869534127,2
006079000300800017870003460005700000798320000003094270000047650030080020650930780,516479832324856917879213465245768391798321546163594278982147653437685129651932784,2
000000020007030060009520170054302000030781000100050000780960532095000000000800700,318647925527139468469528173854392617936781254172456389781964532695273841243815796,2
726000030384000000000060000003009000915700800070100049058490300037010290009032407,726958134384271965591364782843529671915746823672183549258497316437615298169832457,2
800901200100034006040000038302500080000270019009080020030000891600390002700000003,863951274127834956945627138312549687586273419479186325234765891651398742798412563,2
598000246000500003730409085020000834000040000480000672840600300009170408073004060,598317246214568793736429185921756834367842951485931672842695317659173428173284569,2
001504020200000045004300761000600800000002030026030050095001000000085076700200004,361574928279816345854329761543697812187452639926138457695741283432985176718263594,2
060482501012000860400000002050320048001600007300000026000063405100000289548000000,763482591912735864485916732659327148821649357374158926297863415136574289548291673,2
038600079006090005900300460490026500857903600060050907689000003714000890000000000,238645179146297385975381462491726538857913624362458917689174253714532896523869741,2
064200080350098064801004030603900008000832000080061040000309070430706801008010300,764253189352198764891674532613947258549832617287561943126389475435726891978415326,2
006000170420071009007604283950000738860907410004830600000060021009000056080503947,396285174428371569517694283952146738863957412174832695735469821249718356681523947,2
310860090000070000007001803000100600000006008460082050026000000730508000050609420,315864792689273541247951863872195634591346278463782159926417385734528916158639427,2
010006070006290400008007000260870050000930002903052040000000006002003500075000003,319546278756298431428317965261874359547931682983652147834125796692783514175469823,2
000010760100004008000708000710930000809040000000020190340200800508100007000409506,985312764127694358463758921712936485839541672654827193346275819598163247271489536,2
000506007095008361601020500164090070000000030003001009400760010900000000580030400,348516297295478361671923584164392875859647132723851649432765918916284753587139426,2
210090000040070306080105900000000861000007030003506704030800000400002050008000073,217693485945278316386145927574329861691487532823516794732851649469732158158964273,2
009020480000500703710803500000000030000004609500000200001400000067080100800010064,359127486284596713716843592642951837178234659593678241921465378467389125835712964,2
070302000500816009006794350750900003640500017000007006000600000805070000900020730,479352168523816479186794352758961243642583917391247586217635894835479621964128735,2
900003060700004089040005000032006790607000008090030200070008600380062045005090007,958273164723614589146985372532846791617529438894137256279458613381762945465391827,2
608105430000020600321000007900000000176000020080000340040080060800630700003450280,698175432457923618321864597934512876176348925285796341549287163812639754763451289,2
000090500000100007680000020040500086700080100051009073378050600504671000160830050,217396548435128967689745321943517286726483195851269473378952614594671832162834759,2
200100000070060030500004200809500060105040000040000005000030608000705090300620014,286153947974862531513974286829517463135246879647398125792431658461785392358629714,2
800206541601000302050000009368002910509000038147000005030004090910623800080190003,893276541671945382254318769368452917529761438147839625732584196915623874486197253,2
000280039060109000289375064000008012100000308008002500005090800030820051800600097,514286739763149285289375164476538912152967348398412576645791823937824651821653497,2
754000002000000009900203000002040907395170000078960030020000090800010503007529048,754691382283457619916283475162348957395172864478965231521834796849716523637529148,2
201060008060090000800032010020000050000520461500306090480009030970100500006200000,291465378367891245845732619624917853739528461518346792482659137973184526156273984,2
735200006600700230082030059320500400000843062400000003060080320800000004000400600,735219846649758231182634759328561497597843162416972583964187325851326974273495618,2
001080024800041000004705013602070430000000170000010209057000306006057001000860752,731986524825341697964725813612579438498632175573418269257194386386257941149863752,2
010900702620010000970062000300050007002100000140203009260805431431000008080300206,815934762624718395973562814398456127752189643146273589267895431431627958589341276,2
470000900530090060002037040300072690000945380080001074000023750000050806056700000,471286935538194267692537148345872691167945382289361574814623759723459816956718423,2
000000400005600100070050630000000000100003840809700003020070080410080920708420060,681937452395642178274158639532814796167293845849765213926371584413586927758429361,2
070500098000072060420900000500290700030000000008400010300009050040050300960003074,173564298859372461426981537514296783637815942298437615382749156741658329965123874,2
000030008964080300038601090409010005050040870307068009071000900000070504805003000,712439658964785321538621497489317265156942873327568149671854932293176584845293716,2
283064007000000902090520040670050001530071000900006500020080010000100825000002063,283964157456317982197528346678459231532871694941236578324685719769143825815792463,2
648175932007900504051432068060090050093000007080703490075000029016009070039017000,648175932327986514951432768764298351593641287182753496875364129416529873239817645,2
306000090900052008001080064000001287000006045000005900050060409430070621760104050,386417592974652318521389764645931287893726145217845936158263479439578621762194853,2
795000061000100005416500000500608020140209056000754100000000018300860004021040600,795482361283176945416593872579618423148239756632754189964327518357861294821945637,2
006005910030009047000007000067000800098204000004000070059000400080940560003100080,476325918835619247921487635267531894398274156514896372159768423782943561643152789,2
952680104180400609460290385706000500008506917010040203004000091071900006005000732,952683174183475629467291385726319548348526917519847263634752891271938456895164732,2
063705924200630500500029000700000642650002300390046000925300480030004200000000139,863715924249638571571429863718593642654172398392846715925361487137984256486257139,2
130602070008010506060478003647800059850790030301040060710300005000507000003109000,139652874478913526265478193647831259852796431391245768716324985984567312523189647,2
070000600920610005000007901040006500385001000100000700002048009804063007700020804,571392648928614375436857921247986513385271496169435782652748139894163257713529864,2
301000492208030056064009000000307085000902007000010320009200500003800001020453908,371685492298134756564729813912347685835962147746518329689271534453896271127453968,2
300094802724680100890100000030047500952860407000309000203008001070010000080406020,361794852724685193895123674638247519952861437417359286243578961576912348189436725,2
080730060007200800036189052800674905700050000140300680608903500304560000000000300,281735469957246831436189752823674915769851243145392687618923574394567128572418396,2
930200005600401030005007600070500200350020801209080004590002006000000002000830150,937268415682451937145397628478519263356724891219683574593142786861975342724836159,2
000900070006100390700000004079000005120030967300796240060007009000009013002005780,418953672256174398793862154679241835124538967385796241561387429847629513932415786,2
000605010605800090089204057700000045040000070001067030500910000007506900208043500,472695318635871492189234657726389145943152876851467239564918723317526984298743561,2
003954000026031574004002900518097460079000800432006000305010200207468301000000000,783954612926831574154672938518297463679143825432586197345719286297468351861325749,2
709361025000200000132080067090002706000670090067010482003000600070020103600739008,749361825856297314132584967591842736284673591367915482423158679978426153615739248,2
200000000401579620080006014190002050023400801054000239000000900910050062340007180,276148593431579628589326714198732456623495871754681239865213947917854362342967185,2
097413258030000760080600030800064500100307000070920100040706010700801304018200000,697413258431582769285679431829164573164357982573928146942736815756891324318245697,2
000000004000800050009045310070006090000071200030098500000084109006103000401009800,512937684643812957789645312278356491965471238134298576327584169896123745451769823,2
219030060005000290300069140750000900402190587908000000000041000174620009800050401,219435768645718293387269145751384926432196587968572314593841672174623859826957431,2
029035100140920600080060000000000801000004305036200900910870506058000009060500400,629435178147928653385167294492753861871694325536281947914872536258346719763519482,2
400907008960085320800000940000614703009500480043790000008006000300149800054870000,421937568967485321835261947582614793719523486643798215298356174376149852154872639,2
003406701806301950010058000209000000465090108081200070100000036600000800090630410,953426781826371954714958362279815643465793128381264579147589236632147895598632417,2
000340250790625000500100060000006510160950438400801690300010080001090000009500000,816347259793625841524189763938476512167952438452831697375214986641798325289563174,2
001007080700300000309002540045703006910080003273106050600000800050000000002070130,521467389784359621369812547845793216916285473273146958637521894158934762492678135,2
009036000500000309203900040000790600050020003890000024000009506026010800000360010,149836275578142369263975148432798651657421983891653724714289536326514897985367412,2
531206000890003070000890053300000400420900000000534007087002530003065800200009001,531276948896453172742891653379628415425917386168534297687142539913765824254389761,2
075001009813060000020080001050073000097000020000000034742108960500037008008004000,675241389813769452429385671254873196397416825186592734742158963561937248938624517,2
809042650147080090000930000504090760600008000001000000006010580008000400450807900,839742651147685392265931874524193768673528149981476235396214587718359426452867913,2
800095400003840950094320861000713506600080300030906008100002603072000100006030005,821695437763841952594327861289713546615284379437956218158472693372569184946138725,2
913062004005100000076090000150000400708001006360200001681030000234017900590020138,913762854425183697876495213152376489748951326369248571681539742234817965597624138,2
000600001000058000480000705042803000000045008835060402603700500000506000578930260,359672841721458936486319725142893657967245318835167492613724589294586173578931264,2
004207003150080006207005040090800060405072001006000700001700000000540090000030600,864297513159384276237165849792813465485672931316459782941726358623548197578931624,2
400687090060043020073009000059064032000000900030900640216700000080005000590020018,425687193961543827873219564159864732642371985738952641216738459384195276597426318,2
002900038003450000700080000326004500108000920000100006500300802800060459060000000,452917638683452197791683245326794581178536924945128376514379862837261459269845713,2
010807402090000500008520100583002000000045200104700050700060019300070000800001700,615897432297134568438526197583612974976345281124789356752463819341978625869251743,2
090065030064100700803040000706401002902000067300000000070000045030080001001704093,197265438564138729823947516786491352942853167315672984278319645439586271651724893,2
008007500067810200400900070004700300030280000670000910009408105800000020000592780,298647531367815294415923876984761352531289647672354918729438165853176429146592783,2
900000670000000802070300950098400027000050000000079586209035010730002000080000005,912584673356791842874326951598463127167258394423179586249635718735812469681947235,2
010820050080605309003901200000290000000710003001034902408100790160000024025087000,619823457782645319543971286354296178296718543871534962438162795167359824925487631,2
508002900002040308706000040483260000007800020209007080971500860000080501005104000,548372916192645378736918245483269157657831429219457683971523864324786591865194732,2
061082000703049050524130000019020070006003098200908000070800009000300005095000830,961582347783649152524137986819425673456713298237968514372851469148396725695274831,2
085070200049000080271040065034256070057009000000400008010005002060000090403020000,685971243349562781271843965834256179157389624926417358718695432562134897493728516,2
050370200000024100070189003000900000109008000028060001004000000710693082080200700,951376248836524197472189563567912834149738625328465971294857316715693482683241759,2
080007630009060080410080007000000000003406019094308065200630078000840350008071000,582197634739564182416283597625719843873456219194328765241635978967842351358971426,2
000900000000070285000200960096000742051000006270090030007001658180000029025000000,762958314419673285538214967896135742351742896274896531947321658183567429625489173,2
000000013000520796073000040091008020805340901002001080007016409004005008100800207,259467813418523796673189542791658324865342971342971685587216439924735168136894257,2
000005000500800027069300158050000070000701085781902306005060000100020000340109500,478215693513896427269374158954638271632741985781952346825463719196527834347189562,2
307009004012600039980020106801506002609740001000010000103400900000000005050090600,367159824512684739984327156871536492639742581245918367123465978496873215758291643,2
010080070804060091009300208000800009000691825000000003790130050040050900205906100,613289574824567391579314268152873649437691825968425713796138452341752986285946137,2
090000030000600020003719000000000001407061802008027053000074315340000007205038906,796452138514683729823719564932845671457361892168927453689274315341596287275138946,2
570018600801000750069075018050000009030851000002060001200690105007503000005100806,574218693821936754369475218158742369936851427742369581283694175617583942495127836,2
004090307092003048300700009030020800000865020068000190540080000009300000870000961,184692357792513648356748219435129876917865423268437195541986732629371584873254961,2
360007009907600504000300070000096821029000000400000000001025403540100080090004000,368547219917682534254319678735496821129758346486231795871925463542163987693874152,2
570400000008000000203070050852007001000138000010902004600700120080069300420010080,576493218148526793293871456852647931964138572317952864635784129781269345429315687,2
810009700750080004403060200000090026000020410000074030001400000000800009608900300,812549763756283194493761285147398526389625417265174938971436852534812679628957341,2
000091400410200503000084700189020057030058014004010200805002000007800100961005002,273591486418276593596384721189423657732658914654917238845162379327849165961735842,2
013020000400060090609001302082506004060000083100003609090030001730900056046000030,513429867428367195679851342382596714967214583154783629895632471731948256246175938,2
000060200091005306020004070040000000907000002860007401080600725070800000016300890,458763219791285346623194578142536987937418652865927431389641725274859163516372894,2
007954000000761543005823000208590370004000000030480150050200090000000400000340720,367954812829761543145823967218596374594137286736482159453278691972615438681349725,2
008725613372861459005340782000094071709000200000070900650012098200900540980000027,498725613372861459165349782536294871749138265821576934657412398213987546984653127,2
400800621900010050000000079501746030340000090027391000000100903089053740003084000,435879621978612354612435879591746238346528197827391465254167983189253746763984512,2
005030200749065801300000065000000020504817000906003000000000450000090002001600087,865731249749265831312489765173946528524817396986523174698172453457398612231654987,2
700480023002000090630000001000806074001000000000940002003008007200000508000607309,759481623182763495634259781325816974941372856876945132463598217297134568518627349,2
006400709000200608030600000000960005649150087001000006398547201750000894164000003,286431759417295638935678412873964125649152387521783946398547261752316894164829573,2
003000090700800000000070560100200640002607800685401020800340070006000234300002080,263514798759826413418973562137258649942637851685491327821345976576189234394762185,2
073004001140020035900810076000040560020060000090200008000430010000500000207000050,673954281148726935952813476781349562524168397396275148865432719419587623237691854,2
203670580040000100500200030000000070005382000409000600080000200300890050900427800,293671584847539162561248739128964375675382941439715628784153296312896457956427813,2
004050030010000005050009206530108900100040000482690100700062008000000007040800520,974256831216783495358419276537128964169345782482697153791562348825934617643871529,2
040020078000100002207000350130900040000007000060240010571860020380400700000701500,946325178853174692217698354135986247492517836768243915571869423389452761624731589,2
500068109068310400300000002130004700000701003005603840020006907600030000051000068,574268139268319475319547682132854796846791523795623841423186957687935214951472368,2
614859703020000080070000001089500200050010000030920540060305092001096000002700600,614859723923167485875432961489573216257614839136928547768345192541296378392781654,2
076003005003008007000070064000030049400800000300000620009080472608009150004150080,976423815543618297281975364865231749492867531317594628159386472628749153734152986,2
780006000001700406200950000427509001815074020006000500000290010100000000090103704,789346152351728496264951378427539681815674923936812547643297815178465239592183764,2
060080107000000090200400506075230819000700405040600703054800970000003600906000352,563982147417365298298471536675234819832719465149658723354826971721593684986147352,2
700040053250006000009000064000007600005090008071620040080004095000000700590700080,716942853254386917839175264948517632625493178371628549187264395463859721592731486,2
095000270012075406700030159630057800100090037507048901000520000006400000050000090,495861273312975486768234159639157842184692537527348961943526718876419325251783694,2
400801260820450901000200004050642003000008502302705049006007000200504190004000000,493871265827456931165293784759642813641938572382715649916327458238564197574189326,2
005600010900051040100040000000500176016790200050000039004920750097005320520007008,485672913962351847173849562249583176316794285758216439634928751897165324521437698,2
000102075000800306000035000001380000400026000025070000009210000306054820204003590,638142975152897346947635182761389254493526718825471639579218463316954827284763591,2
030001207061050000270009500190070056050086009000000004009004000043700000000005413,935841267461257938278639541192473856754186329386592174619324785543718692827965413,2
400652093050001007200000000009005072000007000670400000020700900010000048704008235,487652193356941827291873564849315672135267489672489351528734916913526748764198235,2
010000009040100000803007140030570010700000004900001320026004573000000400500600008,217345689649128735853967142432579816781236954965481327126894573398752461574613298,2
890000010000000090102000307001000780003214906609870001500730020900008070008900005,895347612437162598162589347251693784783214956649875231514736829926458173378921465,2
302060500940038270680040900803004020100020008000800300700000402004102060090400000,372961584941538276685247913853794621169325748427816395718659432534172869296483157,2
020401900000200006361000040000029708076810000080007000690302000247006300010790002,728461935459273186361958247534629718976814523182537694695342871247186359813795462,2
006000092105400060720609408900708000500006000082000030251000073009003005000060009,846357192195482367723619458914738526537126984682945731251894673469273815378561249,2
000900500006725910008010020081000400005400071000070005000390060002040050600050304,127983546436725918598614723781569432965432871243178695854391267372846159619257384,2
600803001090000000058000300940000702001472806002100400260030008009500007700020000,624893571397215684158647329946358712531472896872169453265731948419586237783924165,2
006040005950002040420510070070200380000070060200608750500007010060100408009406027,716849235953762841428513976674251389895374162231698754542987613367125498189436527,2
050000000900030702807502360600023070080000200000600193039750020005000409460209500,253467981946831752817592364694123875381975246572648193139754628725386419468219537,2
000009180070501290009400006090170030007305000060080400006004000980000000012093508,243769185678531294159428376495176832827345961361982457536814729984257613712693548,2
800095006200600090006102003000076081060010500005020000000750002920040605078200040,837495216251637498496182753342576981769318524185924367614759832923841675578263149,2
007982010000000000002000900000873090003001506100005200830000025010067003004028060,567982314981734652342156978625873491473291586198645237836419725219567843754328169,2
000500200002006100001730009004095030600200900009400085003150807070004000000300400,796518243532946178841732569184695732657283914329471685463159827275864391918327456,2
098700000040002800206090457073450020900200000080070001031529700709800005800617000,398745162547162839216398457173456928954281673682973541431529786769834215825617394,2
050020630000089040400060970093650000000000006000000200940030715310040060078190324,759421638236789541481563972193652487524378196867914253942836715315247869678195324,2
010700605000000008200009714090000067570002349000070000000026490120007000643095002,914738625765214938238569714392451867571682349486973251857126493129347586643895172,2
000500402000984100400023080069047008004006000018235694007019040040060000690400017,986571432372984165451623789269147358534896271718235694827319546145768923693452817,2
020600000070903624030000915507000800002100590000000000900002300760001059280549070,129654783875913624436827915517496832642138597398275461951762348764381259283549176,2
080602100004971008000000960040500010000100740600709000058007000000400007070218650,983652174564971238127834965742586319895123746631749582258367491316495827479218653,2
009000705000200081370000040000900500010000800000581904050300170100870050800040600,289413765546297381371658249438962517915734826762581934654329178193876452827145693,2
805002409200001000000000003900007060000000304402000095009086150007500036000310000,835672419264931587791458623953847261618295374472163895349786152187524936526319748,2
000010065514009327920007401807000030309001800042006000473100000095470010601000000,738214965514689327926357481867945132359721846142836759473162598295478613681593274,2
017006843000070026060843000100000450706000380005000001481602900003794008079010230,917256843834971526562843197198367452746125389325489761481632975253794618679518234,2
000000001710456008950001370007000180000300020530000069025000030078003905040060702,482937651713456298956281374297645183864319527531872469125794836678123945349568712,2
001020439030904007000103060007290048500000003026000005049032050070561090005400300,751826439632954187498173562317295648584617923926348715149732856873561294265489371,2
080060375000050000000070196907610802130290564000300010006500901890700600005036080,281469375769153428543872196957614832138297564624385719376528941892741653415936287,2
000206307200000815040105060403010206010000008000040570060700109928001053001002000,159286347236974815847135962483517296715629438692843571364758129928461753571392684,2
800000900000703010300040700100004802080006000005827360500000036630058207020301580,874615923259783614316249758163594872782136495945827361598472136631958247427361589,2
900081070012007050708000001007009008496003107805702000600200000000075900003000204,964581372312947856758326491127469538496853127835712649689234715241675983573198264,2
530290074084015200200003051000070100003509062000062000800007000020408500007651020,531296874684715239279843651962374185413589762758162943845927316126438597397651428,2
050000009000542073002000100025900300900000200307250098080327060070800500009060782,753618429691542873842739156425986317968173245317254698584327961276891534139465782,2
081006009400280000600709000140800035900040018038001607000500800000000004304008090,281456379479283156653719482142867935967345218538921647716594823895132764324678591,2
700409008481236000006870200008090120030004080100000070000600092073002001002000040,725419638481236957396875214648597123237164589159328476814653792573942861962781345,2
000071230070009005005003000056008102380005006000064800007956300030100600062007501,648571239273689415195423768756398142384215976921764853817956324539142687462837591,2
040050000006213000500600802008000000605040078400000901009006700000300086063175040,241857693986213457537694812398761524615942378472538961129486735754329186863175249,2
300568020008000300000009007860300009705000000041005000080600000400900800596807032,379568421618724395254139687862371549735496218941285763183652974427913856596847132,2
190802004000506000000090830540019080000070040000408901000751420400003176701060000,197832564238546719654197832542319687819675243376428951963751428425983176781264395,2
190002600030910200200040019005006100600030500000105030580004900060200405410000020,194852673836917254257643819375486192621739548948125736582374961763291485419568327,2
860002000470800009009070600608300090940600170002000000306009010090103002004085930,865932741471856329239471658658317294943628175712594863386249517597163482124785936,2
000005000018090270040000890960040001020003000004009000400310060185400000070950400,239875146518694273746231895967542381821763954354189627492317568185426739673958412,2
856000040170049380003000001000720100000491000000005074438000017000000920000070003,856213749172549386943687251384726195765491832291835674438962517617354928529178463,2
705006802000000000903080160008400503304807016002100070500002081000008045007000039,715346892486291357923785164178469523354827916692153478549632781231978645867514239,2
000500290500000000309000010400000000807325040020746380000400000080901020001208070,148573296562194837379682415436819752817325649925746381293457168784961523651238974,2
064980003200600008090203700602000380007000950000001000005008070800500049400002000,764985213231647598598213764642759381187324956359861427915438672823576149476192835,2
040103902209040030300009804080201000602030000030000007800004090503900700900300206,748163952259748631316529874487251369692437185135896427821674593563912748974385216,2
000500000095000108043197062008060000100080006060019300030070800080030001012050400,621548793795623148843197562378265914159384276264719385536471829487932651912856437,2
723005801001809070090020360030700000080093010000064000079300106364000000100080007,723645891641839275598127364236718459487593612915264783879352146364971528152486937,2
500030020620015000089000150000609000958040300004020780895000001006100000700850600,517438926623915847489276153372689415958741362164523789895364271246197538731852694,2
000000600103009052704800019400680970008030106300100080631000000840370000007000430,985213647163749852724856319412685973598437126376192584631524798849371265257968431,2
040080000900010380038007106080042010005701200000009500027090001100000070850000432,641983725972615384538427196786542913395761248214839567427398651163254879859176432,2
000890400000005000405031080160004200000002001000910070070108005631057009200060004,713896452896245137425731986167584293389672541542913678974128365631457829258369714,2
504091080008062050020000701040603500080900004009520070000205000000030007701046030,534791682178462953926358741247683519685917324319524876463275198852139467791846235,2
600008204080304605004062000000400000000000021519620003005080000000201906903740000,657198234281374695394562178872413569436859721519627483125986347748231956963745812,2
000010408040783000000000709000000007000500684008060390600058003003209046087000102,762915438149783265835624719496831527371592684258467391624158973513279846987346152,2
230400000000125000000900082090000001073090800500004300020340600000806010350000408,239487165768125934415963782694738521173592846582614379821349657947856213356271498,2
000002051200900607010470080060200009905000072007004016002060090096103005050709060,674382951283915647519476283168257439945631872327894516732568194896143725451729368,2
310005000000000000000700045000009080108027496290380150845030670001000028020008000,317495862459862731682713945576149283138527496294386157845231679761954328923678514,2
600800753059600018830052040000000009000587000007009025003000000925008107000000504,642891753759634218831752946518326479294587361367149825473915682925468137186273594,2
000020950680015000050700000300001009010070600007080013020000000100097520409850100,743628951682915347951734862368541279214379685597286413825163794136497528479852136,2
005400793000839056009025401478960002000200670020574900000050009050092000060100800,285416793147839256639725481478961532591283674326574918712658349854392167963147825,2
000070005840306000010009643760900300000000000104600790000401200390008056000500100,639274815845316972217859643768945321923187564154632798586491237391728456472563189,2
030059010010203000004000802000090000100805600700030094340020000072010900001078000,238459716617283459954761832425697381193845627786132594349526178872314965561978243,2
080001900700965080009040060010093042807020000402700000000050091100030000940180000,684371925721965483359248167516893742837524619492716538263457891178639254945182376,2
403070900605009001791050004100506000004000605000020000810360740000912006000700019,423671958685249371791853264138596427274138695956427183819365742547912836362784519,2
041023000083500000000080000000068007002000860618052003020630008009000000100870420,741923685283516794965487132394168257572394861618752943427639518859241376136875429,2
100520003800100090290863400902000760000002900360400028000046052604000000509031040,147529683836174295295863417952318764478652931361497528783946152614285379529731846,2
810000750000000009905007030060580903500004008000760500050418207170253480080900015,812639754736145829945827631461582973527394168398761542653418297179253486284976315,2
600980100500060000009105040706000000000300000008510700000709300300050864000000009,643982157571463928289175643726894531915327486438516792862749315397251864154638279,2
160000273300700100205810400030080700900302080406100902000000340753000009641930007,168594273394726158275813496532489761917362584486157932829671345753248619641935827,2
200004050740080000090200084000009502000040000030702409003010005600420003002006740,268194357745683921391275684174869532529341876836752419483917265657428193912536748,2
030400000060010002005000900007092000000874610908000000276900543000000861080640200,739425186864719352125368974617592438352874619948136725276981543493257861581643297,2
000000658100006023050000010040200860000000090080061400812030040030050070765002301,293714658174586923658329714941273865326845197587961432812637549439158276765492381,2
060893004080005290050040000230700809009530000000908040097100000300000000500089720,762893514481675293953241687235714869849536172176928345697152438328467951514389726,2
000092750090510008000006900759120060003900501400050000000060005000700302002835000,138492756694517238275386914759128463863974521421653879347269185586741392912835647,2
050004081000000094400000720740001035500040000802005047920080003080012450164030270,659274381278163594431958726746821935593746812812395647925487163387612459164539278,2
090005800400003500056100030140030005069500008000004270010300002980057003003800009,391465827427983516856172934142738695769521348538694271615349782984257163273816459,2
804100020000200000020046700010670039030900000900000080000001000601030205209708300,864197523197253846325846791518672439736984152942315687473521968681439275259768314,2
076000000500000009000007602007260093205009000000100000008092700004710006790036418,876925341523641879941387652187264593235879164469153287618492735354718926792536418,2
801000902039000801250000003003289500000600700000005009000140060400506397000000000,871463952639752841254891673743289516925614738186375429397148265418526397562937184,2
609010000028700000370800900006030051000670309000000600060083417085046293400907805,649312578528794136371865942296438751854671329137259684962583417785146293413927865,2
700040800090035004430008560800000006070000002000963400000506000000307900085090007,756249831198635724432178569849721356673854192521963478917586243264317985385492617,2
100079608089000037004320910800750204000006800000080061790800006316000000000007300,153479628289561437674328915861753294542196873937284561795832146316945782428617359,2
000030850000059170040800320060000780702000005004700060403905008500310007800006000,279134856638259174145867329961543782782691435354782961423975618596318247817426593,2
004509000058000090093000570407905006010004005006700109000087000060250007075090300,124579683758346291693128574437915826912864735586732149341687952869253417275491368,2
009000107213080000807006090380200009000001800025000030000190006078400950900000400,569324187213987564847516293381275649794631825625849731452198376178463952936752418,2
000080010000064098006500700070200100483007902600490380360952400005046809000070005,234789516157364298896521743579238164483617952612495387368952471725146839941873625,2
001736054005010000040000000006003000008071300400050076004000520020045001067008409,981736254675214893342589617756493182298671345413852976134967528829345761567128439,2
000030760360407050050008000400096120503200684600084037900700006000060300136009070,248935761369417258751628493487396125593271684612584937924753816875162349136849572,2
200931756509000231370065009006000005820010003700600104000750012002800007400020098,248931756569478231371265489196342875824517963735689124983754612612893547457126398,2
000000503000709040100000000073801000000976350509030008781004006900083017200107080,647218593325769841198345762473851629812976354569432178781524936954683217236197485,2
006000420080000030020490508090000800000008014807360095034019657070004980000057000,756183429489572136321496578192745863563928714847361295234819657675234981918657342,2
000150200007086049160000308000040010010075000875000000706500021002410060050208000,438159276527386149169724358693842517214975683875631492746593821382417965951268734,2
273605001001300000060120003300910500400002109090006007604257090085400002032860000,273685941541379826869124753327918564456732189198546237614257398785493612932861475,2
038000406407010008601400207172000954009040002345000000980004005003650040510020000,238597416497216538651483297172368954869145372345972681986734125723651849514829763,2
090100050006098000000005000543086000000007030670000004032070015009504200760821903,897142356356798421214365789543986172921457638678213594432679815189534267765821943,2
004800069370605804008000030040003008080041050015980700000390421001000000002170380,124837569379625814568419237247563198983741652615982743756398421831254976492176385,2
400009080000630402980040000040206050260005008050900201800507104000090005000823670,426159387175638492983742516741286953269315748358974261892567134637491825514823679,2
000030004800920000070681000450298010300000400000453620690840102007000580008062000,162537894835924761974681235456298317329176458781453629693845172247319586518762943,2
300004005090506001050203890569432000200001050184650023005708030000029000900305080,318974265792586341456213897569432718237891654184657923625748139843129576971365482,2
090000052000302049002000630800030074004001060900407013406079000009003400300520006,193746852687352149542918637821635974734291568965487213456879321279163485318524796,2
000030905009108263030000700021050008804000100060001000002380506600410000073026090,718632945549178263236945781921754638854263179367891452492387516685419327173526894,2
040720095206005038000390004025000080400900000938500416084057309000034800300860040,843726195296415738517398624725641983461983257938572416184257369659134872372869541,2
000540063002010085006870000300000000901300002000000050700690000060030804093400000,879542163432916785516873429357264918981357642624189357748695231265731894193428576,2
000800090000007000060031040096000802000000907800709000050008020042006000103470059,374865291519247386268931745796514832425683917831729564657198423942356178183472659,2
070205010406090005002070068040800007000024050600050030107600000960510783080700000,879265314416398275352471968245836197731924856698157432127683549964512783583749621,2
000002000190000025030500000009060000800004100000208530500007360014006007060400200,475612893198743625236589741759361482823954176641278539582197364314826957967435218,2
002871300000506000761402050200609001196203574830000690000000009000968700610027480,952871346483596127761432958247659831196283574835714692378145269524968713619327485,2
046000190000609002079500060407900680605004009000005001064093057000087406702056000,546372198831649572279518364427931685615824739398765241164293857953187426782456913,2
700060800000708004000045720083070000000836501046200378000680002832400607900020400,794362815625718934318945726583174269279836541146259378457683192832491657961527483,2
830015670001000098607080001000000030170800000540060109402190003060028014300054000,834915672251476398697283451928541736176839245543762189482197563765328914319654827,2
961072003005910627782050000190200765000800132000000900006703200007629310009040070,961472583345918627782356491198234765674895132523167948416783259857629314239541876,2
800700090300061508105408300000004000250180403006070920600000235008030704003000600,842753196379261548165498372931624857257189463486375921694817235528936714713542689,2
090032007000050010087409260009005000000046009000091452600000025950100700740000091,196832547324657918587419263419285376275346189863791452631974825952168734748523691,2
500490000100000090000008005731082964008160050000009810805001006074906000603807029,567493281182675493349218675731582964928164357456739812895321746274956138613847529,2
000504000008000470039018020000071000093040100001360200320100090080930502007452003,176524938258693471439718625562871349793245186841369257325186794684937512917452863,2
371640800459008600860000400700090000508700091004013000230500140000000080000470002,371642859459138627862957413713895264528764391694213578237589146946321785185476932,2
004100200080304006601200457042000065700010800069000004406082500905000000020500600,594167283287354916631298457842739165753416892169825374476982531915643728328571649,2
001000352200401000386520410004003020109005800530010006002300004400108200900000070,741986352295431768386527419864793521129645837537812946652379184473168295918254673,2
765401280231000654080600000043190500090560300000803000607000000950210003004006015,765431289231789654489625137843192576192567348576843921617358492958214763324976815,2
094800632060120907072096000601008004900402506020000089800201005019000000045780000,194857632368124957572396841651938274983472516427615389836241795719563428245789163,2
070000140900000007010070596000065024200104700400703000040306000503200461000500008,675938142924651837318472596731865924256194783489723615847316259593287461162549378,2
980061537000900800002000000003006905406009023098012004009024050200700049045600000,984261537317945862652837491123476985476589123598312674839124756261758349745693218,2
002050000000009300500001600015078000290500010740090802900807001000902080804600009,432756198167489325589321674315278946298564713746193852923847561651932487874615239,2
050400200004700080003081547020309800400560100301000050005200900002000430900040000,857436291194752386263981547526319874489567123371824659645273918712698435938145762,2
040030060000470003367825000000607409071002500000580170080060700510700000030008010,245139867198476253367825941853617429671942538924583176482361795516794382739258614,2
005923000010060200600400900050000412460250300000304508000100020832006004100002806,785923641914865273623417985357689412468251397291374568546138729832796154179542836,2
000300000010006000206050180170400090890105600004008001607580009348600000951700006,485312967719846253236957184172463598893175642564298371627581439348629715951734826,2
001970500600001000730000040009250800100000056008000927503042000010000030006100785,821974563694531278735628149369257814172489356458316927583742691917865432246193785,2
000001800000700010000000367003180075401900680075200094290007008038640021714800906,657391842342768519189452367963184275421975683875236194296517438538649721714823956,2
960040000851020047400001009190500002035002070200100900000210300010906004040030100,963745218851329647427681539198573462635492871274168953786214395312956784549837126,2
408306210700000000000071009805700000040030070037048056020000094074603020086204000,498356217761429385352871469815762943649135872237948156123587694974613528586294731,2
001002643050030870300010500107000008040081000003000002600000004730800206005306087,871592643952634871364718529197253468246981735583467192628179354739845216415326987,2
043006012000040380000000046030802070800030000200500001080601793300000065900050120,743986512692145387158273946539812674816437259274569831485621793321798465967354128,2
008009010600704800050008090002905060360000000510040000004020180200090600000083000,728359416693714852451268397842935761369172548517846239934627185285491673176583924,2
006009108400030000009100000008002700500800603000760009105000930800910470060020051,356279148481536297729148365698352714574891623213764589145687932832915476967423851,2
700400200080000000026000030002004000501009082638105904200046000803000100409500300,795413268384652791126978435972864513541739682638125974217346859853297146469581327,2
000000180000900062008400750815000900020700000007159030000017000002006073900000000,793625184451978362268431759815362947329784615647159238534217896182596473976843521,2
009015060020096073610327950060004090405009001000500400057043600000002740002008310,739415862524896173618327954861234597475689231293571486157943628386152749942768315,2
000009045076040080000058000050074032287000006400005000000980010000000320912030000,821369745576241983394758261159674832287193456463825197735982614648517329912436578,2
709016000200050960650200700102084037040600100875300000400190600098000004006040000,789416325234857961651239748162984537943675182875321496427198653598763214316542879,2
200098036380050974709030008020307400807000260000000050430900010000081000008070002,254798136381256974769134528125367489847519263693842751436925817972681345518473692,2
590008410010000005300950802102879046600000000080405001020006198001000000000187020,596728413218643975374951862132879546645312789789465231427536198861294357953187624,2
290037000063240000704000302009403020000875000000009840086700030907000060321006478,298537614163248957754691382819463725432875196675129843586714239947382561321956478,2
002000108840000250070080090018003400500004000900000010080000009035060840090070500,352649178849137256671582394718293465563714982924856713187425639235961847496378521,2
000020040003609000002450360060502090000167458500000206175930620036205001200016935,617823549453679812892451367764582193329167458581394276175938624936245781248716935,2
508027030060080002300650840006308200039200000000740000080130400003560781010870023,548927136167483952392651847476398215839215674251746398785132469923564781614879523,2
004080030010002058260300009400020070507000001800090000049270810000006004600010300,754689132913742658268351749436128975597463281821597463349275816172836594685914327,2
870450610000000702063001048080305009700100004901247000040010307000080065300000081,872459613419836752563721948284365179736198524951247836648512397127983465395674281,2
430700690070005430109304005004027300700500020926000007300000000000051060001008000,435712698672895431189364275854927316713586924926143587348679152297451863561238749,2
350000000000502830870094000000007300030408090001035000000009106640150200190806403,354681927916572834872394561489267315735418692261935748523749186648153279197826453,2
002086300348925076560000982054000000700560020200870013000650000100040060680390240,972186354348925176561437982854213697713569428296874513429658731135742869687391245,2
800400007000080015001060389647030002900045100010900000702850031000070000300090740,859413627236789415471562389647138592928645173513927864762854931194376258385291746,2
010700600005390700000015000203040567800059021000000900000073009700001000031002000,318724695425396718967815243293148567874659321156237984682473159749561832531982476,2
000000305002965800004103700091040003000600070020000400045200007208007001000850000,916478325732965814584123769891742653453689172627531498345216987268397541179854236,2
130405800805397600000000005001009037009153200500708400300902780000070003017800900,136425879845397612792681345681249537479153268523768491354912786968574123217836954,2
450061000030007400071035000000009060640073080005000009007056800200700000003000710,452861937836297451971435628718529364649173285325684179197356842264718593583942716,2
007000003000106000200005000023000058800590020100302007006000000092007485740000600,657429813438176592219835764923764158874591326165382947586943271392617485741258639,2
915000064027400030004010802002007001100005070006001920400102300061800000000000010,915238764827456139634719852392687541148925673576341928459162387261873495783594216,2
460000870200800100073000000002704300000600008139000006000089000920060000706000082,461952873295873164873416529682794351547631298139528746354289617928167435716345982,2
105000890090803000740019352000065900319408000500000408053097080000000200900080507,135724896296853741748619352482165973319478625567932418653297184871546239924381567,2
752000406000604700064057002406000570070460000018000064305100000040236180680045293,752981436193624758864357912436812579579463821218579364325198647947236185681745293,2
000000000500000000090470080002045003140308706005690002401003008250000317903800000,814536279527189634396472581682745193149328756735691842471253968258964317963817425,2
006000100020730059509001000691200430000000260402010980900040718040197026007300500,736859142124736859589421673691285437358974261472613985963542718845197326217368594,2
000070000731000608062000000000000900003400080976080014109006000057002890380019500,495678123731924658862531749248163975513497286976285314129856437657342891384719562,2
200035690500000002007002000302090015001657020000301908809000073130009006400013009,248135697513976482697842531362498715981657324754321968829564173135789246476213859,2
690000400003102008008600900504700089000029004000548307000416020080007140041205096,692873451453192678718654932534761289867329514129548367975416823286937145341285796,2
000003702070090034500207891207000008900802140083900000620318470008006200701020386,194683752872195634536247891217534968965872143483961527629318475348756219751429386,2
070603402600840000348000016206450879000080563905007240000008004154030000002000000,579613482621849357348725916236451879417982563985367241763598124154236798892174635,2
300041709041000080607580130100974350000120900090050007000317005004005600500062001,358241769941736582627589134162974358875123946493658217286317495714895623539462871,2
200084000000006000008070904031400500900853040405002083684501200500049608000620405,256984371749316852318275964831467529972853146465192783684531297523749618197628435,2
020801007000204008000053000209400160051320740000500823640100970087002501302070000,523861497176294358498753216239487165851326749764519823645138972987642531312975684,2
000025903030040002061973508000418390000030200600002070340260107006000020002180600,874625913935841762261973548527418396419736285683592471348269157196357824752184639,2
308000000000086204621704500200840901710209045800050000450008006900010750132070480,348521697579386214621794538265843971713269845894157362457938126986412753132675489,2
007015020080073600100006807060300075700609210300040960030000000802760000006930100,697815324285473691143296857968321475754689213321547968439152786812764539576938142,2
153786249007049538849230060486003007031027004902000305390000070024000003600370002,153786249267149538849235761486513927531927684972864315398452176724691853615378492,2
000806571007095340000370080003080700809050020740600005300000600005007238008903050,932846571187295346456371982523189764869754123741632895374528619695417238218963457,2
840900000000000014360000095093800761000001532500700040000009000000186027070540009,841925673925367814367418295293854761784691532516732948138279456459186327672543189,2
028067000045002000600000200000030509080076020900240086807600003000701802210004000,328567194145892637679413258762138549584976321931245786857629413493751862216384975,2
009000008000000409450903006002000000800002560140068000000029041000006970031045000,619254738723681459458973126362597814897412563145368297576829341284136975931745682,2
000000019714300002900800060005200000000193506690754238040601000180900004007438000,836542719714369852952817463375286941428193576691754238549621387183975624267438195,2
300080002000000134092403850200030000950270308070908000036000927000800003007360001,341685792685792134792413856268531479954276318173948265836154927519827643427369581,2
002080000007014600010270008720000094100802700500000000000000050004920071001058402,432689517987514623615273948728365194169842735543197286276431859854926371391758462,2
060098000000160200000402090300054900405907000697813400204500108000080000080200509,562398741749165283831472695328654917415927836697813452274539168956781324183246579,2
020700605609050300004120709000302908003007000000540230530000060900400152000005893,128739645679854321354126789415362978263987514897541236531298467986473152742615893,2
800070590006090080009004007020017009713000000400026100002040058307900401000000000,834671592176295384259834617625417839713589246498326175962143758387952461541768923,2
600072450510004003847050096060000007030400580000315600000041008170506004000030005,693872451512694873847153296465289317231467589789315642356941728178526934924738165,2
026150004001000008950040000092815060000007001080000050500020000804500020203984000,326158794741269538958743612492815367635497281187632459579321846814576923263984175,2
006834001090751060004090500020006350000305294030000000082907040000040000500003809,256834971893751462174692538429186357618375294735429186382917645961548723547263819,2
004080007890070610007030090000060071236197054000003960050304700000000000468709100,614985237893472615527631498945268371236197854781543962159324786372816549468759123,2
800007000070030826000601400000000268367050194208040703640200300100000600783060502,856427931471539826932681475514793268367852194298146753649215387125378649783964512,2
068000104000004700700390000000400000640021530070030042000180259091000400507940010,368275194952814763714396825823459671649721538175638942436187259291563487587942316,2
000000002072000310031062008000700681480106053000008207704000830005830400090600000,948317562672985314531462798259743681487126953316598247764251839125839476893674125,2
004200390510000400693000002000500020006328000800406937000800203000000000208040015,784265391512739486693184572341597628976328154825416937459871263137652849268943715,2
120400009004009000500106040402000006970000032050003900005810097207004108008907005,123485679764239851589176243432591786971648532856723914645812397297354168318967425,2
630000050001004802000000730007803006000012000980006000010005000370428010005007049,638271954791354862254689731147893526563712498982546173416935287379428615825167349,2
090003000000076340100450000200005000609041000034600105080360004900020073000500016,497813652825976341163452987218735469659241738734689125581367294946128573372594816,2
000000003070002009500010700425600000000403570793200864067038005900020100200000930,682579413371842659549316728425687391816493572793251864167938245934725186258164937,2
640280100030060708080005642063092000008000906900008010090040000010800265800020091,645287139231964758789315642163492587458731926927658314592146873314879265876523491,2
200074000000200409400805602820900704900140023103052896602500041000020000704300280,239674158586213479471895632825936714967148523143752896692587341358421967714369285,2
680400000041802650270000009800006032000000804050000007000617040400009000020080000,685493721941872653273561489897146532162735894354928167539617248418259376726384915,2
040050000027804509900760034030078402701002000004000001400013700002000000006027000,143259687627834519958761234539178462761342895284596371495613728372985146816427953,2
350007012070000000206000008000009040691208000405070020003000100007105006120030084,354687912978412365216953478732569841691248753485371629563824197847195236129736584,2
450007208090840105028500076080019002900000010040056700010600920000901800800004600,453167298697842135128593476785419362936728514241356789314685927562971843879234651,2
403000602287409035905013040500000000030007000106305007659034281008000009000800000,413578692287469135965213748572986314834127956196345827659734281328651479741892563,2
000006805009130702000900061030000000040360200506709400200073910090200037300000004,713426895659138742482957361937842156841365279526719483264573918195284637378691524,2
006000983000500400019308000040035000800007024002001600000000000000003015204100009,526714983783529461419368572647235198851697324392841657135982746968473215274156839,2
340600000000074605652009074000106040008507003410300000020053008000000450580001320,347615892891274635652839174273186549968547213415392786124753968736928451589461327,2
100089030852013690970000010085001300001300006340800701407520100006097008010000009,164789235852413697973256814685971342721345986349862751497528163536197428218634579,2
000080000900423805000100009001208603040069058786305402079032580050801030300074901,415987326967423815832156749591248673243769158786315492179632584654891237328574961,2
005700060760410000900060031200940000006000410007806905009104300001305009030079140,315798264762413598984562731253941876896257413147836925629184357471325689538679142,2
004000507000305040780104000060437058058016400400008060806500000042061000070040605,314682597629375841785194236261437958958216473437958162896523714542761389173849625,2
008102030701000000300570910000900420090030007800007190400700581007305240015489370,958162734741893652362574918176958423594231867823647195439726581687315249215489376,2
100790380000034009003085200000360008000200000008050700000006417250479003000003905,165792384872134659493685271524367198917248536638951742389526417251479863746813925,2
400000070900030106630071500000080000200090007040200300008000039007028001000010060,481659273975832146632471598716385924253194687849267315128546739367928451594713862,2
506084072900000008080010053340008510008143006060700380021070000400030800090000005,516384972937526148284917653342698517758143296169752384621875439475239861893461725,2
200938674006204030094060208500003000000080320800409000170000005030000000050102760,215938674786254931394761258527613489941587326863429517172346895639875142458192763,2
007003905000070200804900700502000463076005012300000097000607159000039670709018304,617823945953174286824956731592781463476395812381462597238647159145239678769518324,2
079600030032001070504300008051060020008703019307000040000807004745206080083010060,879645132632981475514372698951468723468723519327159846196837254745296381283514967,2
070800000045260819008040720280700036703400000009002007026100395504000071100020608,972831564345267819618945723281759436753416982469382157826174395534698271197523648,2
006740000010830700050000090060000020005200009100000800000090004630480170840006030,986745213214839756753621498368974521475218369192563847521397684639482175847156932,2
005000301000516000719003000090807200400000000308094000080352406030001875054000932,645789321823516794719423568591867243472135689368294157987352416236941875154678932,2
487000009120700065000000100000980400048051000001007000604072030300010008010004000,487165329123749865596238174765983412248651793931427586654872931379516248812394657,2
005730000001050270000600005052900043004300010060487009500000000400000950098040001,625734198341859276879612435752961843984325617163487529517296384436178952298543761,2
060000205007000000020036908003059100002600040706300859000504000070003001300961020,169487235837295614524136978483759162952618743716342859291574386675823491348961527,2
004100000631052000058040000009006048500000103403000056070320010042907030010000070,794163582631852497258749361129536748567498123483271956976325814842917635315684279,2
002071000001409008309005060000914002004050006007802030005100000016300504038040010,582671349761439258349285761653914872824753196197862435475198623916327584238546917,2
010730000000508107075002003607000351000300000040005008100457000060200700002180034,216734589934568127875912643627849351589321476341675298193457862468293715752186934,2
008015043200300010000040507000450000041023700002001060126000804370080100000000030,768915243254378619913642587897456321641823795532791468126539874379284156485167932,2
259173860000000030400902100600000410000000006007645280800000021030028690000030000,259173864716854932483962175625387419348219756197645283874596321531428697962731548,2
007350410010020053300000070290801345001439000800000700030000180008095000400080560,927358416614927853385614972296871345751439628843562791539246187168795234472183569,2
036018200002030100840920060009007600560001029100609007010503000090172050275000000,736418295952736184841925763389257641567341829124689537418563972693172458275894316,2
000190000300200500047000000000374800402681309000025406100709608600002730730006192,586197243319248567247563981961374825452681379873925416124739658695812734738456192,2
800000500000000008597032010002018005035069000006045000304901207000524083200000009,843196572621457398597832416472318965135769824986245731364981257719524683258673149,2
609004201708900000050020800070080430000000006000051020907108002080067300000002000,639874251728915643154326897271689435895243176463751928947138562582467319316592784,2
003900600020007019010005700001009400490820000002014800100700000060093050209000001,573981642826437519914265783381579426497826135652314897135742968768193254249658371,2
000800900000060010090401030907534128200008004000200009000703041030005600080040090,341852976872369415596471832967534128213698754458217369629783541134925687785146293,2
081900000000086170675040008010807050000100000506032000100300940009710062000690000,481973625932586174675241398213867459847159236596432781168325947359714862724698513,2
105002900296000000308510270407030060009000000060000743050007490781040020900050300,175362984296784531348519276417235869839476152562891743653127498781943625924658317,2
020409067006000839790800020040980350008000670001050900302004000504000000100600080,823419567416725839795863124247986351958341672631257948382594716564178293179632485,2
020081094050034278040720006074000000210008009086040020000403002468000013000010040,627581394159634278843729156974162835215378469386945721791453682468297513532816947,2
000200400006004025502081037000010052010800649004000000608503070450008263000100500,389257416176394825542681937863419752715832649924765381698523174451978263237146598,2
050003001019000020672105003790040000004009107080200090045000038027000509960580000,458723961319864725672195843791348256234659187586217394145972638827436519963581472,2
000580002900000000000002007001009008060130520008250610050001086000360005076800400,617583942932476851845912367521649738764138529398257614453791286289364175176825493,2
000432000302050008000000000800043060004106983620500471001070009008001054050004130,186432597342957618795618342819743265574126983623589471461375829938261754257894136,2
600090081031480000028560000500910600800004100300806704475028910100005042000000007,654793281731482569928561473542917638867234195319856724475328916193675842286149357,2
867000000503260000090018000720893006045000090009506020100000400000000019078400300,867954132513267984294318657721893546645172893389546721152639478436785219978421365,2
123600800000050000065010000090072406500060039000039000000180090059007640017940380,123694875978253164465718923391872456582461739746539218234186597859327641617945382,2
045000071700195200300040000034050700607080053050000006060000090079020008520063007,945238671786195234312746985834651729697482153251379846463817592179524368528963417,2
000008561806207030103000008007060040080702603060901800000306400612070000000089000,279438561856217934143695728927863145481752693365941872598326417612574389734189256,2
405709008000600510070580940743000201096400070000007006580394162060170000000050700,435719628829643517671582943743865291296431875158927436587394162962178354314256789,2
800060579600057008200080060740590680901840000008070094039000040520000910406709300,813264579694357128275981463742593681961842735358176294139625847527438916486719352,2
000010209000402050000005000450300000093020406800140000075201604284060001600754002,538617249167492853942835167451376928793528416826149735375281694284963571619754382,2
084000005100400060030080149900340086240600900360000000800003092096027008023804600,784916325159432867632785149975341286241678953368259714817563492496127538523894671,2
000010007100030090800060030008000041000000003905340200001480305207500800500170000,432915687176238594859764132328659741764821953915347268691482375247593816583176429,2
007002030240030080300180240002000050735200694000574000974850000600023009003960400,897642135241735986356189247482396751735218694169574823974851362618423579523967418,2
005004900100253487473000000309500700510070090762000504600905000007001000851000209,285764931196253487473198652349516728518472396762839514624985173937621845851347269,2
600000000071020004000730100800293060360041000000500000950080600186300709003409805,638914257571628394492735186847293561365841972219576438954187623186352749723469815,2
003006005080501200510000060300008010054002030060730902900165040030020000600000520,273846195486591273519273468392658714754912836861734952928165347135427689647389521,2
503008020070214050201359000004090008000460972902007014300000040000743890400020003,593678421678214359241359786714592638835461972962837514359186247126743895487925163,2
836001074002003801000020600601002000400006000020070000003400960060000500590200013,836951274972643851145728639681392745457816392329574186213485967764139528598267413,2
096310857000070010007250000301090070070000000020701000000002903905080000800000740,296314857453978612187256394341695278579823461628741539714562983935487126862139745,2
604900150003581090005000708000407502050120006300065000090734800000010000030658040,684972153273581694915346728168497532457123986329865417592734861846219375731658249,2
704000006096000230000090407000480070600001002001060500000030100502008069108620750,714253896896147235253896417329485671685371942471962583967534128542718369138629754,2
908020074030000050000018000800402907000000023200090680001080040080040200602130590,958326174136974852427518369863452917579861423214793685391285746785649231642137598,2
160007050250300689900020001800703040739004000500800070401038500000000200602070000,163987452257341689948625731826793145739154826514862973491238567375416298682579314,2
683000040097000521020900836830000450050060100170005008060102004742006015900047000,683521749497683521521974836836219457254768193179435268368152974742896315915347682,2
000103002400970000020046009000030000600400103931620580062300008008000000540000630,896153742453972861127846359284531976675489123931627584762395418318764295549218637,2
000600000080002073720008046360017800008026009004000760005080001000000030607003400,453679128986142573721358946362917854578426319194835762235784691849561237617293485,2
524600008000000690916300020009036200080250070200009086000020563050003800068010942,524691738837542691916387425179836254683254179245179386791428563452963817368715942,2
000000090106090007009307000500080000000009108800461053740000960000005070603000004,237816495186594237459327816571283649364759128892461753745138962928645371613972584,2
254860090073095002000002508005000004020040706700210905307020050000308000501670003,254861397873495162916732548635987214129543786748216935367124859492358671581679423,2
030000000152004090000090350080920403500001600400800529008710000600500700270080000,937158246152364897864297351786925413529431678413876529348712965691543782275689134,2
010008000400035987305070621130240000008000040004800073002080090001062350003500000,719628534426135987385974621137249865658713249294856173542381796971462358863597412,2
000027000520403600000900004200000040107560300080340007002800000800000005400605030,964127853521483679738956124293718546147569382685342917352894761876231495419675238,2
200036000000000400390725006700001609060073200042600000056000020820300500000010960,218436795675189432394725816783241659561973284942658173156894327829367541437512968,2
005000780000509060910000520004900001001050000090230000200008407083000010170400200,645123789732589164918647523824976351361854972597231846256318497483792615179465238,2
087000000000062040406817000000100300013020096604030102040001509109005427075240613,987453261531962748426817935258196374713524896694738152342671589169385427875249613,2
804056007000070503560100080000000006001380000900000820010500400059000070020400050,834956217192874563567123984285719346641382795973645821716598432459231678328467159,2
007604001000025607000001000700408030309002700605900012200006903960200005053019060,827694351134825697596371824712468539349152786685937412271586943968243175453719268,2
200300000001006972080000003000700290900030100500060730020051307105003020037200651,294317586351846972786925413613784295978532164542169738829651347165473829437298651,2
000703100500400308000508000300000800496000530005369010900030600000001084002604090,268793145519426378734518926371245869496187532825369417947832651653971284182654793,2
000107802760004193090600750003905000400380900009000306800040539020800007000069000,534197862768254193192638754683925471471386925259471386816742539925813647347569218,2
108290050972800134060317800020040000000701060506002000000026001054139070000070500,138294657972865134465317829721643985389751462546982713897526341654139278213478596,2
608039002090000030004000080000907004902006300007000029400090258000018096780052143,658139472291874635374265981135927864942586317867341529416793258523418796789652143,2
009042001040000700020716490000020000006094008200650014900500042060001000010400860,679342581341985726825716493194823675756194238283657914937568142468271359512439867,2
600009420000280160041367850090050000124608000030002900462031590005900000000000306,678519423953284167241367859897453612124698735536172984462731598385946271719825346,2
005000300004057090001806000010403570009005020050080060903000810008000000070168900,795214386684357291321896745816423579439675128257981463963542817148739652572168934,2
900640070000000000560070028056980200701050060209006000004500000090021000620004530,912648375847235196563179428456987213731452869289316754174563982395821647628794531,2
120395076073000098090008300700000000000050904000060781980004637300971805007836009,128395476473612598695748312716489253832157964549263781981524637364971825257836149,2
108300060060007020000056000071500940004013006030042180300000008900001600000030491,158329764469187325723456819271568943894713256536942187312694578945871632687235491,2
701000050009015476060709010206400005103050760500060003010000697002800001657091000,721643859839215476465789312296437185183952764574168923318524697942876531657391248,2
000740080498531070000982504000000003650200000801004000300008690200650000780000300,532746189498531276167982534924815763653297418871364925345178692219653847786429351,2
001007296070809000300010007000480600060005010900000540007000000000038002138006000,851347296274869351396512487715483629463925718982671543627194835549738162138256974,2
718000320004020100002380007060030902080007030243000700000403050400960800006805003,718546329354729168692381547567134982981257634243698715879413256435962871126875493,2
050760020060080070001000000039046710000100093600900054005020000100504000800613047,458761329963482175721359486539246718284175693617938254345827961176594832892613547,2
080700100070010308490000760020004009004690807000020400540070000700032900010000570,382746195675219348491385762827154639154693827936827451543971286768532914219468573,2
500003900098500000004907005280400019040051702160000800850000607706000004000760200,572643981398512476614987325287436519943851762165279843859124637726398154431765298,2
300000260000702004052006800000080002109200000005004006004007000090040520621090007,347918265816752934952436871463189752179265348285374196534827619798641523621593487,2
006900040090023000010670902109000408000000206063092510005000074070000300040317685,286951743597423861314678952129765438758134296463892517635289174871546329942317685,2
000985003308007205579203801204076008800021700000000050700050314100000027000010500,421985673368147295579263841294576138835421769617398452782659314156834927943712586,2
480010759070000641600074200000860504894020100200040003906080302107406805008000010,482613759379258641651974238713869524894325167265147983946581372127436895538792416,2
003750000009020340760000000600000583000060900305980400500641700970000104140500008,213754896859126347764893215697412583481365972325987461538641729976238154142579638,2
080940500500007000040060800000000026300004008608500400830450000091700235760209180,287943561516827349943165872154378926329614758678592413832451697491786235765239184,2
408695010000027000000408925000014008084056030100700649000570106016840503007001002,428695317935127864671438925369214758784956231152783649843572196216849573597361482,2
721009080050240906006875031085000007070000009910752000130500002540000703060300500,721639485358241976496875231685493127274186359913752648137564892542918763869327514,2
238105906704263000010908423020300095156009030903051060300892600800000000000010300,238145976794263518615978423427386195156729834983451762341892657869537241572614389,2
005000000740031002019000004308470010900005306002000000000008090003020000500064700,835642971746931852219587634358476219974215386162893547627158493483729165591364728,2
908207000734816000061095080003050204002000050015600009020070400386500000100960020,958237641734816592261495783893751264672349158415682379529178436386524917147963825,2
200000037600001500070080964760005019000000050090803000006900700037060090910050000,258649137649371528371582964763425819182796453495813672526938741837164295914257386,2
007000090943000080280906307008009405470580030002034008000007000800320004004690103,657843291943172586281956347138269475476581932592734618365417829819325764724698153,2
000047006601300005008002900056018000800406150000005060207000040085723010903600200,592147836671389425348562971756218394839476152124935768267891543485723619913654287,2
300084010060302049240000087000000400524006030010450600470000000982500003000290804,359784216867312549241965387698123475524876931713459628475638192982541763136297854,2
640030000001850430200904006804709000900100800120400007560348700000000000000610504,648231975791856432253974186834769251976125843125483697562348719417592368389617524,2
203740010018300724040100038600000207005000060800406009009070000002600370370080000,253748916918365724746192538634951287195827463827436159569273841482619375371584692,2
001640708073500000400007153000000070800006045005400000000234010309060000210090034,521643798973518426486927153164352879892176345735489261658234917349761582217895634,2
083000017700810000005003060079031586058670020632400100820000031000180600501307040,983546217746812395215793864479231586158679423632458179824965731397184652561327948,2
002000000005100200036000090293804070807050000501900400029408051008002064000001003,912683547785149236436725198293814675847256319561937482329468751158372964674591823,2
040680005001050008300701200090006040030800609500020001015000900700200103000007060,249683715671952438358741296892136547134875629567429381415368972786294153923517864,2
480200000000300004256900000300600500002800010890040036700160008600008305008050060,483276951179385624256914873347691582562837419891542736735169248614728395928453167,2
480001369700090050096853002800000620029600710007004000910068040074000000068040900,485271369732496158196853472841937625329685714657124893913568247274319586568742931,2
700340000001850600040000080070000006106274800804090275000431720000700004410000000,768342951321859647549617382972583416156274839834196275695431728283765194417928563,2
090800206081065009700000500000096000004080000869002034005000090000021000008009001,593817246481265379726934518372496185154783962869152734215348697947621853638579421,2
590040010000056007072000509004391085809000070010687904000009058908030702050060001,593742816481956237672813549724391685869524173315687924136279458948135762257468391,2
075003010402810095069572000040701080000650430900030067200100004090080000604300000,875943216432816795169572843346791582721658439958234167287169354593487621614325978,2
008013400900000301020064000009040006005380070702000040200000000081609200450108030,578913462964257381123864795839741526645382179712596843297435618381679254456128937,2
590802040000307090000469080000700150170080030800030000280090500056200800031508600,593812746648357291712469385369724158175986432824135967287693514956241873431578629,2
006090000000800000810036900100080000305000706070360001408009375937400610001070408,746195823593842167812736954164587239385921746279364581428619375937458612651273498,2
600080007080004060000263000109700504540006700720008000006000071051600803000320005,612589347385174269497263158169732584548916732723458916236895471951647823874321695,2
003019000058040090001003002824100700310000420507482001409008010005074280080301000,273819564658247193941653872824136759316795428597482631469528317135974286782361945,2
007020809830000700000708506010906080068300020000002000520800000406109270009043000,657421839831695742942738516215976384768314925394582167523867491486159273179243658,2
000020540004000090590000068706200000230790015450106703300900400000078030000003052,163829547824657391597341268716235984238794615459186723385912476642578139971463852,2
540010370102000000000004609070020080908540706006000094794000000080009007601400900,549618372162397845837254619475926183918543726326781594794835261283169457651472938,2
400800601000970400000004005310000060700001800059200317040180036003009008901463002,497835621165972483238614795314758269726391854859246317542187936673529148981463572,2
003960081500800903008203600000070004072000090005000008050700000080500006000389452,723964581546817923918253647891675234672438195435192768354726819289541376167389452,2
801003005070010080050206000000704090094060578005008003000005000000000061020007009,861473925472519386953286417638754192294361578715928643187695234549832761326147859,2
015000030000319058890006014984001060001900082530608049050004000420100000369000401,215487936746319258893526714984231567671945382532678149158794623427163895369852471,2
620958040009003860008060597005846009800700003000300004000000010010600270000007935,627958341459173862138264597375846129842791653961325784793582416514639278286417935,2
482005070301090050790820040043506920520040000000200405008000094604902701900400080,482365179361794852795821643143576928529148367876239415238617594654982731917453286,2
005000008007300001903080200020008075000040600000100432000010024008462003052000910,245791368867324591913685247624938175531247689789156432376519824198462753452873916,2
720000300403700001000463000568130700070600053030007619600000100057000486800000005,726915348493782561185463297568139724971624853234857619649578132357291486812346975,2
000906072720080060010075380060509207007328096900760805500600901270000650096002700,438916572725483169619275384863549217157328496942761835584637921271894653396152748,2
800057024504390607900084000390001000706009030000000596000006008040908060000415000,863157924514392687972684153395861742726549831481273596259736418147928365638415279,2
000200800720038100509400200390000648068040002004080901000794000007320480000850700,431269857726538194589417263395172648168943572274685931852794316917326485643851729,2
034052079091070300000000000070030080000004093302600700520017000043005027010000008,634152879291478365785396412479531286168724593352689741526817934843965127917243658,2
076900002092340601000007059720093016003502004000170000380019000200000003000700000,476951382592348671831627459725493816163582794948176235384219567217865943659734128,2
030002060526730089019804050890200004000010002200005008950000040080400105104000800,438592761526731489719864253895273614643918572271645938952187346387426195164359827,2
010000200308060509975000000000070005090500327030000100809703002203006040700200800,614935278328467519975182436482371965196548327537629184849713652253896741761254893,2
810930000006000040050701003500306100000002000100080400960008200000200609081050300,817934562396825741452761893574396128638142957129587436963478215745213689281659374,2
006009040040050000090041700600020000900000407004003860530804106700160000001700050,826379541147258693395641782658427319913586427274913865532894176789165234461732958,2
600700930002510007700000008060000003270301009038240000380470010006035070457100090,615784932892513647743692158961857423274361589538249761389476215126935874457128396,2
001090030096008417800001000160009000420003600007100005608010000050007000709800053,571694832396528417842371569163459728425783691987162345638215974254937186719846253,2
090150200000700906000000700176040000902560437004987062035800001760000300000003005,897156243543728916621439758176342589982561437354987162235894671768215394419673825,2
900020700030000050006050040642300519150049006000001008000000004000900007023076100,915624783437198652286753941642387519158249376379561428791835264564912837823476195,2
004023805010098006000000071402600008006080014100450032001045000003800009000906040,674123895315798426829564371492631758536287914187459632961345287743812569258976143,2
005300040300090000070000039800700400946512078000489256000200000180004000420060000,695321847314897562278645139852736491946512378731489256563278914187954623429163785,2
750000200000900047003000910000750023005200480000006009061827004307000060094001750,759418236126935847843672915918754623675293481432186579561827394387549162294361758,2
020405700001706400400200006300940610000500372006300904000604000000853201000002860,623415789891736425475289136352947618149568372786321954218674593967853241534192867,2
072003400000002300090010008700390501801400039009071804045030080080100603316857040,672983415158742396493516278764398521821465739539271864245639187987124653316857942,2
067005300103724000000013000009000820840230006030000540001000000300048050004592000,467985312153724968928613475719456823845231796236879541591367284372148659684592137,2
200400890096003700800090203009004002430051000100000437004370501000040006010065340,273416895596823714841597263689734152437251689125689437964378521358142976712965348,2
007802000605004020203057040021900700509010002068000001800470015004000300900360000,417892563695134827283657149321986754549713682768245931836479215174528396952361478,2
036058000050000307104007080060200001070400060940010003000009042500700039000000100,736158924859624317124937586368275491271493865945816273613589742582741639497362158,2
700302050000050019000060000203190040100200507050706021020000070006500902807420105,789312654632854719415967238273195846164238597958746321521689473346571982897423165,2
070000406030740010402010783080531900014090000590460030900100300003004070040350002,179283456638745219452619783286531947314897625597462138925178364863924571741356892,2
060359000001040002000700605000400500040010000708065904409802100006090208000000040,267359481591648372834721695923487516645913827718265934459872163376194258182536749,2
802954000000000005975800034000405007004700300560000040720000510003000090050208060,832954671146327985975816234398465127214789356567132849729643518683571492451298763,2
610002007004160005082000000000073900073901062100200003050600270200010308000520019,615892437934167825782345196526473981473981562198256743851639274269714358347528619,2
000006070002007804040000000070925100010804003500000090207040000035000080490703200,381456972652197834749382651873925146916874523524631798267548319135269487498713265,2
000950300020010000000700060000031000580200103203590000350020809076000010040000506,768952341429613758135748962697831425584267193213594687351426879976385214842179536,2
020004906000010000507000000050107003032640157000003068090370640040090002001000080,123584976489716325567239814856127493932648157714953268298375641645891732371462589,2
846720509931480020000000048000208360000960015603150900000000600100000893068509071,846721539931485726752396148519278364487963215623154987394817652175642893268539471,2
030800620600400000200096070050207006003008700700000230047900001890503007300000090,431875629679421853285396174158237946923648715764159238547962381892513467316784592,2
900030047300200950007060000070020003093006872008047569030000000059003080002600030,925831647361274958847569321576928413493156872218347569634782195759413286182695734,2
080006400402507008006004170630070210000140007120093000070050040009000003500009020,785916432412537698396284175634875219958142367127693584271358946869421753543769821,2
000643000000080410240500863090250370027090600683174500800000100002035080074860200,158643927736982415249517863491256378527398641683174592865729134912435786374861259,2
000804000004017906870000000300702100010030279007000038630001057709400013000670002,963854721524317986871269345358792164416538279297146538632981457789425613145673892,2
900210030070500940000000170024000085508600010160008420609100000015030860030060090,946217538371586942852943176724391685598624713163758429689172354215439867437865291,2
000070962600059741790060000002087009080000500150003000000100230030005186500002000,845371962623859741791264853462587319387916524159423678976148235234795186518632497,2
038100497960008302014003000000386904680407230000000180000650040176030850000070000,238165497965748312714923568521386974689417235347592186892651743176234859453879621,2
003210000140058300200000651004070020820439016000126405001002060900000000056780000,563217894149658372278394651614875923825439716397126485731942568982563147456781239,2
050600910309000000000000000000931064036040200007080135001020070000708500072060008,258674913319852647764319852825931764136547289497286135981425376643798521572163498,2
002016048008053060040702095000504000300098402000000080610000870000000926020069510,532916748978453261146782395891524637367198452254637189619245873485371926723869514,2
003000090000002800104090703200005007040036000300007080030081600098073200451009308,863754192579312864124698753286145937947836521315927486732581649698473215451269378,2
000703906006000070007649013091005030070090004645000098000360000060500321003024000,214753986936218475587649213891475632372896154645132798728361549469587321153924867,2
000046020500100406300020701206890300978031600000000800017000060450603170000017000,781346925529178436364529781246895317978431652135762894817954263452683179693217548,2
902807305306002800078005060080100000504083020000000738039000500800300019045000000,912867345356412897478935162783129456564783921291546738639271584827354619145698273,2
870000100003040000900007504009671450640530719000000200097260000006700020050014007,874956132523148976961327584239671458648532719715489263197263845486795321352814697,2
090000056200700900010900000001040209402600710050020600003876001000402003046095802,794283156235761948618954327361547289482639715957128634523876491879412563146395872,2
004100900080000700000050600000000002050000340001460000709801000030047210005092000,564178923183926754972354681346785192857219346291463578729831465638547219415692837,2
000021407410000090007000000370010084000009030108704900094800120051600803000140070,835921467412367598967458312379516284546289731128734956694873125751692843283145679,2
071085060000009580095000074050908010000007320700021005004870200000106009080290731,271485963643719582895362174452938617169547328738621495914873256327156849586294731,2
100620407004000250060000080000530000720806009010000805602700900007008012091360070,158623497374189256269475183986534721725816349413297865642751938537948612891362574,2
006400002040000187820005900000910070000007613075000040060200030352060091400001020,716489352549623187823175964634912875298547613175836249961254738352768491487391526,2
058070100006504028200001300000020800002048000001306002000700400890400200004005039,358672194916534728247891356569127843732948561481356972623719485895463217174285639,2
016009400023008000400300000900050078070604902000000000005000380030820010080005206,816579423523468791497312865942153678371684952658297134265941387734826519189735246,2
001600305000080000800904000004002056006059740570000200010000004307041000605090870,491627385763185429852934617934872156126359748578416293219768534387541962645293871,2
005000000041760030000302460003840206000006084008000090009620003010473000000100070,635984721241765839987312465593847216172596384468231597759628143816473952324159678,2
000023758037000000000000004670049230500800000210035007780050090300210046006008500,461923758837564921952781364678149235543872619219635487784356192395217846126498573,2
300109008000700030081000570800001264010500000000078103620300700090800002000200980,376159428549782631281643579857931264413526897962478153628394715195867342734215986,2
000001260000400090274960003090600087010007040347000600056020000029706400031840006,985371264163482795274965813592634187618597342347218659456123978829756431731849526,2
400010000002050000006008017600080500080000000049000003007200800950634001100000030,473912658812756394596348217631489572785123469249567183367291845958634721124875936,2
140700600000000407002300098006000070090010003580000120800934065600185209000200380,148759632935862417762341598316528974294617853587493126821934765673185249459276381,2
000091007000000600209070580004706000000450020050000076063900102100302000040000703,486591237735824619219673584324716958678459321951238476563987142197342865842165793,2
000005007200760300005801906000176000056008210810003000000982700000300000020654100,691235847284769351375841926432176589756498213819523674143982765568317492927654138,2
090000004023700000700006035437590186000637500602001790000400009040060007060003450,196325874523784961784916235437592186918637542652841793371458629845269317269173458,2
604009810807410056020006004380005460072000005000100080003008140008507623006031578,634759812897412356521386794389275461172864935465193287753628149918547623246931578,2
000000070470603080800000500034200050090060008081930206000502807900710300520008000,356821479479653182812479563634287951295164738781935246163542897948716325527398614,2
000030000800620009000098346490050030072300084080070900900063027000940800016000003,769431258834625179125798346491856732572319684683274915948163527357942861216587493,2
000500301605094827700800004040032005008470913900000000000000000079040000006018240,894527361615394827732861594147932685528476913963185472481259736279643158356718249,2
603000401900408536450000709000002004045001670008346000800635000000100050500820000,683597421927418536451263789136752894245981673798346215879635142362174958514829367,2
008504003000009800309068000500040060000702008030056070900431020004090000603005049,168574293745329816329168457571843962496712538832956174987431625254697381613285749,2
209401658840000090000002000900200105000048009007010460600893500093150020050706910,239471658841365297576982341964237185125648739387519462612893574793154826458726913,2
407500000083720600000400000060010430004637820000050006000075901078102500000000270,427596318583721649619483752865219437194637825732854196246375981978142563351968274,2
800495000040700029070162000030500004007800050004010700603900002700000460410200037,821495376546738129379162845138527694967843251254619783683974512792351468415286937,2
870002001502030007000807065093050072006074009050920046000700000005003700047210050,879562431562431987134897265493156872286374519751928346628745193915683724347219658,2
005900000940070060067080459058000700614390085020408000076009140001005900000040500,185964327943572861267183459358216794614397285729458613576839142431625978892741536,2
039241068618030500004568310000010000300806491401027030803090000000082940000670103,539241768618739524724568319986413257372856491451927836843195672167382945295674183,2
000020040001803090700004000000530704097102008000006019602398070070260100835001000,359627841461853297728914356186539724597142638243786519612398475974265183835471962,2
180520403000008000000400009068035000012074500073600840801200790009700300000900050,186529473794368215325417689468135927912874536573692841831256794259741368647983152,2
004003870090000002057010000510780006600050708208000004000830051430001000080005000,124963875896547132357218649519784326643152798278396514762839451435621987981475263,2
000802060000196200206004180394200608062007013010603900103769000000500000075000000,931852467748196235256374189394215678862947513517683942123769854489531726675428391,2
000000780029500016006090005080009302090050048602400590314005800958000103260310000,531246789829537416746891235485169372193752648672483591314925867958674123267318954,2
156400907843000001020001006081704602402000800370800000610205000000048000008010500,156423987843976251927581346581734692462159873379862415614295738735648129298317564,2
060580307500900480000030059000005100100000092000003064000750021901346875807000640,469582317532971486718634259674295138183467592295813764346758921921346875857129643,2
000015070000800020002730005081300540059000000643500098005003600800601000020950003,368215974597864321412739865281396547759148236643572198975483612834621759126957483,2
900000002080510000001064000720000600600000450040306000000270906000600208002103004,956837142483512769271964385725481693638729451149356827514278936397645218862193574,2
450390106300000805600805300000000560004009080700083401000060030576034908802000654,458392176329716845617845392183427569264159783795683421941568237576234918832971654,2
060040000090002008028900170000080600030070209270590001700000000050600000002350910,367841592591762438428935176149283657835176249276594381713429865954618723682357914,2
000378050389400206007600803070100004006007001008200700703000000512000607060000002,621378459389415276457692813275163984946857321138249765793526148512984637864731592,2
008004900019056000007020580063008000001240000820360040080401020002600000104590600,658734912219856734347129586463918257791245863825367149986471325572683491134592678,2
670049000520000400008276095000000000000360948984005630217000800395000700840050329,671549283529813467438276195163498572752361948984725631217934856395682714846157329,2
085007000090030500600052090030001000209000800064000003000586240008700635040329000,485967312792138564613452798837291456259643871164875923371586249928714635546329187,2
300100004240073000807509002070205086060010030003006000002800603004000801780060000,356128794249673518817549362471235986968417235523986147192854673634792851785361429,2
000805740050064008000010000000058400798640035010392067405009670900000080070086020,169835742257964318843217956632758491798641235514392867485129673926573184371486529,2
050004308430060957007503200070050000504002879100000030009005680006007120820130090,251974368438261957697583241973658412564312879182749536719425683346897125825136794,2
309081000005600000217000006020046050050108009030050400100205004496003020580704603,369481572845627391217539846928346157654178239731952468173265984496813725582794613,2
700061500800024016060500702001000004500007230070000900020900050900050007030400009,742361598859724316163589742291835674584697231376142985427916853918253467635478129,2
032940817400001062107062005800007500000050000010490000300706150060004093001000624,632945817458371962197862345824617539976253481513498276349726158265184793781539624,2
906007000030000005000008900600304080000000607008700140007080006069470002150060790,986157234731942865245638971672314589413895627598726143327589416869471352154263798,2
400130080208749000903008007100650078830004501750801203090005800500000700002307000,475136982268749315913528647129653478836274591754891263397415826581962734642387159,2
280001000105000300006520001800000706000386400060200938700002003624000180090708000,289431675145867329376529841832194756957386412461275938718642593624953187593718264,2
209003506064000001000080920940260130036105402050340690415820060090000050000000000,289713546364952781571486923947268135836195472152347698415829367798631254623574819,2
029403000300000090010007400903801640000300570070056000500008004030002108000510006,729463815346185297815927463953871642682349571174256389561738924437692158298514736,2
000108000000307600703069080618903254900524006004806307100702000802600005300085000,296148573481357629753269481618973254937524816524816397165732948842691735379485162,2
200090300000034008000025000027000480058007600001080002080002070672908034000400026,215896347796134258843725961327619485958247613461583792184362579672958134539471826,2
090084003000003400380002950400006500500410209908300040020601005005000107000850020,291584673657193482384762951432976518576418239918325746723641895845239167169857324,2
215000379376509180900173005091460000400930800803015000680301500109006038004000006,215684379376529184948173625791468253452937861863215947687341592129756438534892716,2
300060002070500001000300080900005060700200105500070023207400830143020007009003000,395861472678542391412397586924135768736289145581674923257416839143928657869753214,2
000000930050030204319620800070000001004900020000460703000080009700190400002045000,427518936856739214319624875973852641164973528285461793541287369738196452692345187,2
001600048040291500500480000000700000002500000879004005000002900004800037203906054,921657348348291576567483192156729483432568719879134625785342961694815237213976854,2
082005076041600050003000028015000002694023010000150090009700060020000000100260039,982345176741682953563971428315497682694823517278156394439718265826539741157264839,2
530240090047985200100006005000000000009560021456000078000007000700400100384000007,538241796647985213192736845213874569879563421456129378921357684765498132384612957,2
000007000045080092010000508600050980053200000008006005286704000130000004500060000,869527341345681792712349568621453987953278416478916235286734159137895624594162873,2
009013075041507080750200019100080002082001300300006800008000127000800030000000540,829413675641597283753268419165384792982751364374926851498635127517842936236179548,2
500030148403517000100890750000405070700063000030070020200000000007001604946000000,579632148483517962162894753621485379794263815835179426218346597357921684946758231,2
053001480091540000706080000005108000008070045000405078000904010034000000120806700,253761489891542637746389521475128963918673245362495178687954312534217896129836754,2
000000000700002453000047816620004000010060508009001604572030109901825040034100005,143658972786912453295347816628594731417263598359781624572436189961825347834179265,2
500000064389006005476000002001082000650001020900000001004000703067304000235197600,512879364389246175476513892741982536658431927923765481194628753867354219235197648,2
300000008051038000867000020904003000500000000023890000000040501740186230006952780,392675148451238976867419325974563812518724693623891457289347561745186239136952784,2
070000000009080470065070108040008060053429781018006203090000810180597000004800600,871643952239185476465972138742318569653429781918756243397264815186597324524831697,2
000000509104050083006000000300900050080040000027305916003067140000000300710000625,832714569174659283956238471361972854589146732427385916293567148645821397718493625,2
007003100801020063000050700579012000200008000106947002002105006000200015605034007,427683159851729463963451728579312684234568971186947532392175846748296315615834297,2
002439080008026349000817260000004010400700026006291008827005030000308600030002000,562439781718526349943817265279684513481753926356291478827965134194378652635142897,2
002000984001004302450800070347080100000600030010370400000008000504230710030590000,762153984891764352453829671347985126925641837618372495279418563584236719136597248,2
000080050103000008000000170060007405014060790000800001000008020908431500050002003,247189356193576248685243179362917485814365792579824631731658924928431567456792813,2
008430007000710090600200000000002780000580640090304251100923000349000000260000000,918436527524718396673259814451692783732581649896374251187923465349865172265147938,2
000000260082000100304500798290000603608907000541000079400003580000708300020045007,715839264982476135364521798297184653638957421541362879479213586156798342823645917,2
915040700300750000000821000000400000030170009407002000500610004201508070870204030,915346782382759461764821593129483657638175249457962318593617824241538976876294135,2
470896000650040000031070600000010050184000920000400007000600000903020784048900105,472896531659341278831572649796218453184753926325469817517684392963125784248937165,2
694020830002000500050000060080760209500090080400008000005070000071900400940210000,694521837312687594758349162183765249567492381429138675235874916871956423946213758,2
519002000070000000603104090038045269006800001000601300005000800040050020000003945,519382674472596138683174592138745269726839451954621387295467813341958726867213945,2
001520000060100000000809700056070430308006070000401080007090148015080026004012000,471523869869147253523869714156978432348256971792431685237695148915784326684312597,2
150007083709038000843065702005010300380500916900083050000801030438900120000000000,156297483729438561843165792265719348387524916914683257572841639438976125691352874,2
403005209000090000095200006500600300700540681000003000060000940040100800800020000,483765219276391458195284736524618397739542681618973524361857942942136875857429163,2
068000059103000000007006300901630200005002016024080090030100000052060870706450000,268743159143895627597216348971634285385972416624581793839127564452369871716458932,2
310080020900700000004003070200051740700600900001000000070045092059260407400190860,317584629985726314624913578293851746748632951561479283876345192159268437432197865,2
300950004000004309009368051040009000000540010086700002060030190000095270002001003,318957624675124389429368751741289536293546817586713942867432195134695278952871463,2
029015436036094718407306029240070085090000004605030200060800103000050040004103800,829715436536294718417386529243971685198562374675438291762849153381657942954123867,2
001000020350001000967000000000004005200897000096513007000006051600058302009002406,841679523352481769967325148178264935235897614496513287723946851614758392589132476,2
500290800040070009007800000009012050760000030800700602000407500004000020300900480,513296874248175369697843215439612758762584931851739642186427593974358126325961487,2
093000020200850030000700000140000200720900005000000000012090460050010980904003150,593146728271859634486732519145378296728961345639425871812597463357614982964283157,2
630824175800000064750096300400000510328001000190000000000000420081400657000000003,639824175812375964754196382467283519328951746195647238973568421281439657546712893,2
890036140014000650500040800451000000009015470700000305020780000040000060000402080,892536147314827659567149823451378296239615478786294315625781934148953762973462581,2
405000700010798005008605003009010006600000507070000000000800350803109600950370081,465231798312798465798645123239517846684923517571486932147862359823159674956374281,2
060800070503417080000206050740000035000603800836500020300040000690008000407300290,164859372523417986978236154749182635251673849836594721382941567695728413417365298,2
040070205001502300060000789020900600006050000030026007000040870850700030000000901,348679215791582364265134789527913648986457123134826597619345872852791436473268951,2
008000300200530081653107920985000670000070008760908500000700006000009850000001209,178492365294536781653187924985314672432675198761928543829753416316249857547861239,2
610080900092613870470205160004007518380000640050040739700509080000408090800130007,613784925592613874478295163924367518387951642156842739731529486265478391849136257,2
000007045150600000230009068000000380046800092000000600000080000000092810890300506,689137245154628937237459168971265384546813792328974651713586429465792813892341576,2
006300005723800900090047003000203700000006090000401630500130400801900060209060010,486329175723815946195647823618293754354786291972451638567132489831974562249568317,2
607040009304002178258917060006084003070035400043709005000400000785000041430071000,617843529394562178258917364526184793971635482843729615162458937785396241439271856,2
030000070904020618017540009060070900080635047400089000000802006091050800000000700,236918475954723618817546329365274981189635247472189563743892156691457832528361794,2
030080400075090000040231067700040900090072030410000602007800005380700000050019700,632587491175496823849231567726143958598672134413958672967824315381765249254319786,2
260500080005003109010290060000038072002400890083025000004000200800002000500049700,269514387475683129318297465641938572752461893983725614194376258837152946526849731,2
508000603000100007071300500310870090000930000689001700000412009000080352862500001,548729613236158947971364528315876294427935186689241735753412869194687352862593471,2
008600509347005120069010003874100200206000001000000060492001000050290000683754910,128673549347985126569412873874169235236548791915327468492831657751296384683754912,2
700800010018009600050007400000000049080000520002630100843700000000020064025098701,734856912218349657956217483567182349381974526492635178843761295179523864625498731,2
642300100009201000000005200090003600700906005000014030403580090860430001920067008,642378159579241863381695274194753682738926415256814937413582796867439521925167348,2
304185027001300048080000000010830405750400000840021073030000059600208000400000100,364185927971362548582749361216837495753496812849521673138674259695218734427953186,2
963040780000007100000800096000054020091060800205000001012000000506400009000000518,963241785854697132127835496678154923491362857235978641712589364586413279349726518,2
000080540040659000000104060074961800020000003000305400039817256002096370600203080,163782549748659132295134768374961825521478693986325417439817256812596374657243981,2
000004802000000004070023001006070200010058000004062000203501408000000020089200100,695714832321685794478923651836479215712358946954162387263591478147836529589247163,2
700804100002000500341050800408000007526487090009020050003070904090040000800960705,765894132982731546341652879438519267526487391179326458653278914297145683814963725,2
020690074076240810300008020580410260004080100700006090057062900090000702000000006,825691374976243815341758629589417263264389157713526498457862931698135742132974586,2
268045103040000005735091600500400017403020008000506349054070902070050000002304750,268745193149632875735891624596483217413927568827516349654178932371259486982364751,2
827541039500000428439682017700050200085000063296310000314060050008020000072005000,827541639561973428439682517743856291185294763296317845314768952658129374972435186,2
002800060003100809500006000098000027030000000270080030041009080000465010657308090,912874365763152849584936271198543627436297158275681934341729586829465713657318492,2
320000000041060029007002010253079061006024538100653702070000100000080904410700000,329518647541367829867942315253879461796124538184653792972435186635281974418796253,2
000001726003000000200050009008003200009072000000090031020060980000209640400530072,954381726613927458287456319568143297139872564742695831321764985875219643496538172,2
060001003000000600205930010300650001040009206010082500000768040800090005009005308,967541823431827659285936417392654781548179236716382594153768942874293165629415378,2
105000024080502007042003800007008090019725000500904000704090030200400700091050400,175689324683542917942173865427368591819725643536914278754896132268431759391257486,2
120000506009006027004000098000675200070004069040310070610703002800000000400000003,128497536359186427764532198983675241571824369246319875615743982832961754497258613,2
390050070654007030007000190010000003260400800005001000002086000006700082500002460,391258674654917238827643195419865723263479851785321946942586317136794582578132469,2
001026300000900000206370098010200000000037000000640035000409283003802001020003450,981526347537984612246371598318295764654137829792648135175469283463852971829713456,2
080905070070840295100003460600000002000010034000000000850430106000080000400072080,284965371376841295195723468618394752529617834743258619857439126932186547461572983,2
000503010053172008100000003380700002264010009000406800400000120720001080006084000,849563217653172498172849563381795642264318759597426831438957126725631984916284375,2
000010960600240105001900234000506400400090007209000306034002000006000743000004502,342715968698243175751968234873526491465391827219487356534172689126859743987634512,2
400070208000000340098003560740001605600702030001000074860300000007004090000060003,453976218276158349198423567749831625685742931321695874864319752537284196912567483,2
000604800000003042700080000650301000003008706849000003095000321008000590000009008,932614875586973142714285639657321984123498756849756213495867321368142597271539468,2
064200300082006500300000700296040050035000000800109000000008201000560900600020400,764215398982736514351984726296843157135672849847159632573498261428561973619327485,2
000006327092380604063050800000030209000005080300000076609010032010973060030028015,548196327192387654763452891856731249974265183321849576689514732215973468437628915,2
090051000106000000000300010800100004614530792037000100900800205725019006000205901,398651427146792583572384619859127364614538792237946158961873245725419836483265971,2
610200903400005682020063000060300010500001007103000046300802700000006029246917005,615248973437195682829763451962374518584621397173589246391852764758436129246917835,2
000000006001009725006002140007200300059030002103870950000658400000003507030007008,295741836481369725376582149647295381859134672123876954712658493968423517534917268,2
068329000032000879004080000010460900000000140020000503600000204049007386000000001,768329415132654879954781632815463927396572148427198563671835294549217386283946751,2
700040002016020700300000060060930071050010608170800043247093006030007000091006430,785641392416329785329578164864932571953714628172865943247193856638457219591286437,2
268390015000080900003100002912000654034006108006400007000800000049000070300905200,268394715157682943493157862912738654734526198586419327625871439849263571371945286,2
004280900050030200800710300900807040081000030040001000010500000000903001493172850,364285917157639284829714365936857142781426539245391678612548793578963421493172856,2
631905800000001000257308000000000009590016000000289560100603004025000030004000070,631925847489761352257348916816537429592416783743289561178653294925174638364892175,2
010004008003800260709200350001035080000002605305900002650090003004020000032006540,216354798543879261789261354421635987978142635365987412657498123194523876832716549,2
630000108052800060940000000060100824000400090820003000703046005400000680010008030,637529148152834769948761253369175824571482396824693571783246915495317682216958437,2
007824165000005093065913700301059078050086309609030010096040000023000000570002001,937824165214765893865913724341259678752186349689437512196348257423571986578692431,2
073050802402700036000030700590000360001060405008003020010004003926308000000125000,673459812452781936189236754594812367231967485768543129815694273926378541347125698,2
050084010080900500010570900000100280000040030063790450040000092630807100520019003,952684317786931524314572968475163289891245736263798451147356892639827145528419673,2
980700600400090000360502940024908301670301459100450000790100500006005000040000010,981743625452896137367512948524968371678321459139457286793184562816235794245679813,2
694000005280943000010000480007000140001000590950000702070012003009007264000030801,694781325285943617713526489367295148421378596958164732876412953139857264542639871,2
907008003803000000000070029070200000009000008250300160000000080000001935402000700,927518643863942571514673829671285394349167258258394167195736482786421935432859716,2
060180370000000106008630509071000000600710008002059007410908705080501030295000001,964185372357294186128637549571846293639712458842359617413968725786521934295473861,2
970360008430078000080041700200050070590400083816003005004030000000080054700504010,971365428432978561685241739243859176597416283816723945154632897329187654768594312,2
087400012000001000162003000008340906400050120256009043000008000004900300003164270,387496512945281637162573894718342956439657128256819743521738469674925381893164275,2
004006000080000700790150084549000070600070420800000095107009003008630010000021047,214786539385492761796153284549218376631975428872364195127849653458637912963521847,2
007000030653000009040001000000400371000073000030120084075010000020947000300508042,217659438653784219948231567582496371164873925739125684475312896826947153391568742,2
912006070380090000006103092608300709571609000439805210107040503800007000000060000,912456378384792165756183492628314759571629834439875216167948523895237641243561987,2
800003045903000128000040700510432000000876051000009070054690800080501004000004000,872913645943765128165248739517432986439876251628159473354697812786521394291384567,2
000297060802150000000438520060720054700000002500000010207963140006840900904501000,435297861872156493691438527168729354749315682523684719257963148316842975984571236,2
080000005064502300000080670431007500075360000900000703600048137040010056000605049,183476925764592381592183674431927568875361492926854713659248137348719256217635849,2
205000006030050804001300092020637401317004000500002780000805000050109248000023160,275498316639251874481376592928637451317584629546912783162845937753169248894723165,2
000060904900078000060902000850000400200040500003000201602030048300080006000007390,528361974931478652467952813859216437216743589743895261672539148395184726184627395,2
209063750000502030050017009008300010160709000430006200080035100001048905040000300,219463758874592631653817429798324516162759843435186297987235164321648975546971382,2
759603000030572960682910700006408500975036040008000690007809000000000209000060004,759683421431572968682914735326498517975136842148725693217849356864351279593267184,2
103800460000147023970632080000084030500700010040000008001000050800001040052960071,123859467685147923974632185719284536538796214246315798391478652867521349452963871,2
065000031300090700407006000903400600786000000000608009100200000604085092000060073,265847931318592746497316258923451687786923514541678329179234865634785192852169473,2
003890000006027100070003000100700069030100002009006005002430050080000003350901280,513894627496527138278613594145782369637159842829346715762438951981265473354971286,2
000162308601380759830000000300708492408020070000003080060007824080200905209800107,975162348621384759834579216316758492498621573752493681563917824187246935249835167,2
631700025807005930059300170904100003500079000000003000008067012792001000065000709,631798425827415936459326178974182653583679241216543897348967512792851364165234789,2
000007106006004700107600308810002409079000801600091000700000084593008000028060900,952387146386214795147659328815732469279546831634891257761923584593478612428165973,2
698004715457009003000007040000098050081250070705601080573000090064000000129800000,698324715457189263312567849246798351981253476735641982573412698864935127129876534,2
007030800320165040940000103006910700103007080070300010002001470061700008700620351,617439825328165947945278163856912734193547682274386519532891476461753298789624351,2
234000500800046007697000040000927105000051302100608079003170004021000030070003000,234789516815346927697215843348927165769451382152638479583172694921564738476893251,2
650270091000080200000000050900400005080907310001008009027349000540000973090056040,654273891719685234238194657962431785485927316371568429127349568546812973893756142,2
507680290980000000006905004705009400301400500000050309000090867800000932000803140,547681293983247651216935784725369418391478526468152379132594867854716932679823145,2
000200985000073400029005300002607800176000200005004007200401000600030702084060000,713246985568973421429185376342617859176598234895324167237451698651839742984762513,2
007000500000300060800710000600400905309050070020009800001000000200091480080074002,137926548592348761864715293618437925349852176725169834471283659253691487986574312,2
001360020080214007002000341050193074200748563730002100000020000000001030097036410,941367825385214697672985341856193274219748563734652189163429758428571936597836412,2
059008200200901830003200007005802790000070605970010300730180029020507063000003070,659738214247951836183264957365842791412379685978615342734186529821597463596423178,2
045076003930400000607000004060000900070193605010650207300804700104000050000500460,845976123931482576627315894563247981278193645419658237356824719184769352792531468,2
000000050000090076768250031004123705003578600587069103300007008070000300006000047,931786452245391876768254931694123785123578694587469123359647218472815369816932547,2
000490000047060209895102046000749000008010460200006000009000010010024005002651000,623497158147568239895132746561749823938215467274386591459873612716924385382651974,2
140200780807100000026700009032014000080902640090630120200000900000096000070420800,149263785857149362326785419632814597781952643495637128264578931518396274973421856,2
700503041000007230000400000005364000098051473003009605060040302040930000059600004,786523941514897236932416758175364829698251473423789615867145392241938567359672184,2
125004000000007020000001845790856203261009008583102000050040071007010000900003004,125684397438597126679321845794856213261439758583172469356248971847915632912763584,2
040007065000300070000000392608010740409270610007004000070009080980060000300050020,243197865895326471716548392628915743459273618137684259572439186981762534364851927,2
523740900091805700874690205300016400010004080040287100200009300000008000169000800,523741968691825743874693215382516497716934582945287136258469371437158629169372854,2
400000006008106045670320900200040603000761400060253000040000800002030564830000090,413589726928176345675324918251948673389761452764253189547692831192837564836415297,2
030007010000400200504103900009205067000090020100670509070000000000718000210500708,932867415761459283584123976349285167657391824128674539875932641496718352213546798,2
197006020302570461600810730200040080800100500000208000023000000078000090460090000,197436825382579461654812739215943687839167542746258913923784156578621394461395278,2
080506304706000290030000500600052080000004023042930000098000005561000032307065901,289576314756413298134298567673152489915684723842937156498321675561749832327865941,2
000005000501609070300208000708000340050000098290000005904570000800003051030000000,682745139541639872379218564718952346453167298296384715924571683867423951135896427,2
902051608065200010100900000007000001000607000400105702206310540570409000000000000,942751638765283419138964275657842391321697854489135762296318547573429186814576923,2
490300002000820006108096375001040003000183000300670410200000058010060700064008001,496357182753821946128496375671549823942183567385672419237914658819265734564738291,2
590000000080902030000061809160094000204080091050000060000009087940270613370610000,596843172781952436423761859167394528234586791859127364615439287948275613372618945,2
050000200100702300207506800000000032039620410000300000014000025800200103000017900,653189274198742356247536891781954632539628417462371589914863725876295143325417968,2
002700008816300705000500010048100007000870406790000000060400300000002079003007800,452761938816329745379584612648193257231875496795246183967458321184632579523917864,2
006501070000007000000000935001000003530700840704600001005004680908256010060080020,896531472453927168172468935621845793539712846784693251215374689948256317367189524,2
090005472020100800600000109070010300200068097306907200060003700000820000032076940,193685472427139865658742139975214386214368597386957214561493728749821653832576941,2
005001302096040180124037060810400679500700008007018503450129730200074001000080200,785691342396245187124837965812453679539762418647918523458129736263574891971386254,2
650071840009050000082369000001000500200037190090020376000700001130080000020010007,653271849719458263482369715371946528265837194894125376548792631137684952926513487,2
542000080708050310300080005080013040090070003000000008804095600957400000600700094,542139786768254319319687425286513947495872163173946258824395671957461832631728594,2
800100050000004000600058029010930800006480002050000000000047030402010085107503000,893162457725394618641758329214935876376481592958276143569847231432619785187523964,2
008602301004019005013000020300080100080000200700930000040000803806470002007800560,578642391624319785913758426369284157481567239752931648245196873836475912197823564,2
000930040040500000007000012204009000090100720001003600018000000009600000320708109,152937846846521937937486512264879351593164728781253694618392475479615283325748169,2
904705020370008000002903107047000013000672049096431275508007000720304000400806002,914765328375128964682943157247589613153672849896431275568297431729314586431856792,2
481050720020407005560802403605000800908300000000500004730001950106930000890705000,481653729329417685567892413645179832918324576273586194734261958156938247892745361,2
098205071035700008000400030600540000072380460043062000004003706000070054900600800,498235671235716948761498235689547312572381469143962587854123796326879154917654823,2
000060001907040806008000204800900710100000060570000008001400029400001385083592047,245368971917245836368719254836954712194827563572136498751483629429671385683592147,2
000000326007001095600390000042760001000000234130200708063128079000970003908000602,491587326327641895685392147842763951756819234139254768563128479214976583978435612,2
400200070300805902082007630001600000850320090000051863000476309000908056000500000,465293178317865942982147635731689524856324791249751863528476319174938256693512487,2
508102046069800100020060078093050000057000001000046000800020053002600000700008000,578192346369874125124563978693251784457389261281746539816927453942635817735418692,2
001049003040007000037010204004060900003000020769120000000970501000050800005480032,251849673648237195937615284824563917513798426769124358386972541472351869195486732,2
045201000012070000609008000000096010060010000070325004050000400000000132000700065,745261983812973546639548721524896317963417258178325694356182479487659132291734865,2
659100400800643095034597062060934000005000203000205046500009000002400009906321700,659182437827643195134597862261934578495768213378215946543879621712456389986321754,2
000250000000007060400080009040809036071340892080000070200000601704008003306020700,869254317125937468437186259542879136671345892983612574258793641714568923396421785,2
730600100005170000000800007004082690800006201600090875000048069900007000000015300,739624158485173926162859437514782693897536241623491875351248769948367512276915384,2
800010002650020084300500070106000000530070810000000000090047000008639240000200000,879416532651723984342598671186354729534972816927861453295147368718639245463285197,2
006200000283000096540068020804050261100032000000800300605007000010000600300020504,796243815283571496541968723834759261157632948962814357625487139418395672379126584,2
000002000613040500000030008104907382009000045030020600300000801020500934490073056,875612493613849527942735168164957382289361745537428619356294871721586934498173256,2
092016050000000100510704009005040000906358200320690000050400002030105004000072006,492816357763529148518734629875241963946358271321697485659483712237165894184972536,2
001009053900052000060000807050206900000005708092810035009300580520000070030021460,471689253983752146265143897358276914614935728792814635149367582526498371837521469,2
030008900000030100079000030010400800002090003804000507103060085607000002000783060,431278956268539174579614238316457829752891643894326517143962785687145392925783461,2
803010500209700008041895020670000009105000200028040000000480700007100480482057901,863214597259736148741895326674523819195678234328941675916482753537169482482357961,2
706030504500600030310409076059700000843005000070300020060000001000010200000907300,786132594594678132312459876259761483843295617671384925968523741437816259125947368,2
000000062420000801810602000000060428007001500098005600083900245060040070000200000,375184962426397851819652734531769428647821593298435617783916245162548379954273186,2
070580000200000807003200050700300501009170020150420000007090215020700090000050704,974586132215934867863217459782369541439175628156428973647893215528741396391652784,2
008710000205000000030000904600509300000261009000000006872006005000400010010970860,948713652265894731137625984621549378783261549459387126872136495396458217514972863,2
001000020085000900070059180500001008809500001010004090003870400090005813400090206,941738625285416937376259184534921768829567341617384592163872459792645813458193276,2
100479068006108040984600000020090000607300480500060930470000090000907051000080004,132479568756138249984625173823794615697351482541862937475213896268947351319586724,2
901030000540900102680010090730402500060050009150090400807009000490003800005800960,971235648543986172682714395739462581264158739158397426817649253496523817325871964,2
000700006724600000103000740008003500002860309300010068205000080030050904000004000,589741236724635891163928745618493527452867319397512468245179683831256974976384152,2
002705360000003280300080047130000050249500100705000900001450000004300892683900010,812745369457693281396182547138279654249536178765814923921458736574361892683927415,2
000004010418070003032000090500180020000090000000006041207009180340000000980010005,695234817418975263732861594564183729123497658879526341257349186341658972986712435,2
058073040001040005067000000000015000000084900040029358013000500070100003090008270,958273146321846795467951832789315624532684917146729358213467589875192463694538271,2
008923000423500090000000320640007000310080046987406031090010000006095000250300079,578923164423561897169874325642137958315289746987456231794612583836795412251348679,2
070005064040932005000040300100009450000057000590180600069570041010000020408091006,973815264641932785852746319186329457324657198597184632269573841715468923438291576,2
090000874802007500070800120007000300000005087100083402005090731700560000008070200,591632874832417569674859123287946315349125687156783492465298731723561948918374256,2
000008100501000763700060085672100050498000006030000240850020630000603000060805070,346578192581492763729361485672134859498257316135986247854729631917643528263815974,2
306790008089300760070050030067083059890070300003000807005001673700009000010007492,356794128489312765271658934167483259892175346543926817925841673734269581618537492,2
006000010070910006000000200700034002010002803000100040090040025061270400045809371,956423718472918536138657294789534162614792853523186947897341625361275489245869371,2
000805367305040000000000504530060820860500073001903400090001008003008000000700005,942815367375649281186372594534167829869524173721983456497251638653498712218736945,2
000628073070000900005007200050000000020580014841030052002045080509001007008000005,194628573276153948385497261657214839923586714841739652712945386539861427468372195,2
900000027200000004054000000000060473300074850406000090008096045000158630005000008,963845127217639584854712369582961473391274856476583291128396745749158632635427918,2
983216057005000032024035890008000043047003209319042000000001000000900064076004900,983216457765498132124735896258179643647853219319642785492561378831927564576384921,2
000109300000000860000080049400000600860002050950000417000090104743060200010004000,678149325394725861125386749431957682867412953952638417586293174743561298219874536,2
531000006680300021207400000005000000760038000000604000900007380400800079000200145,531782496684395721297416538345921867769538214128674953956147382412853679873269145,2
092400000460002093008590060020070100000003000871000009000021030907008001203705900,792436815465182793138597462326879154549213678871654329684921537957368241213745986,2
000900140087501092104000078026000000300600205045300060008020053203060009000403000,532987146687541392194236578726815934319674285845392761478129653253768419961453827,2
007630042094825000000470800521708090080013700000900008000000034246380050030004087,857631942694825371312479865521768493489513726763942518978156234246387159135294687,2
710905300500400006030000000050000008407000000008300100001803507000076049000090801,714965382529438716836712495153647928497281653268359174941823567385176249672594831,2
314008006090304001008009240002090300070000060003200004007980000020500030605040000,314728596296354871758619243142896357879435162563271984437982615921567438685143729,2
007620030060593020032081965010207500900150000005000200250000300380405002006832050,597624831168593427432781965814267593923158746675349218251976384389415672746832159,2
000000923030052001000001008300500000072006040006029850250708000700000280000060090,615487923837952461924631578398574612572816349146329857259748136763195284481263795,2
901020000800503160000010050300251600027900001096387005635000020014600003089000010,951726438872543169463819752348251697527964381196387245635178924214695873789432516,2
090103405000000000000765000320510900900400013015037260002600341170340050400000700,698123475753894126241765839324516987967482513815937264582679341179348652436251798,2
030600050080700061605008700820593070300800025056000000000950640590006000068070002,237619854984735261615248739821593476349867125756124983173952648592486317468371592,2
061400038500010900004000600097000801000180004003270000000800050705061000819045000,961452738578613942234798615497536821652189374183274596346827159725961483819345267,2
064000090500382060081000035400100000050040007807000051700000609615900803000001002,364715298579382164281496735423157986156849327897263451742538619615924873938671542,2
089000452400000708500400160005004006062087000840000020050241380008005604304800205,689173452431652798527498163175924836962387541843516927756241389298735614314869275,2
057008000060304050024060300500400900001000500080051000492000080000945030035002649,357218496169374852824569371576423918241897563983651724492736185618945237735182649,2
000010040000000020410390500504003600630840750970056400009030001850900000160087090,325718946798564123416392587584273619631849752972156438249635871857921364163487295,2
005080640004000300800000900000200080020070139008039502070006000081020050902001800,395182647264597318817364925739215486526478139148639572473856291681923754952741863,2
006020010302806009089001300037100005460000030050300170005280000800007001000005080,546923718312876459789541326237194865461758932958362174175289643824637591693415287,2
001037580800060003340008960123090000080100090490000000000084107600050040004009006,261937584859461723347528961123896475786145392495372618932684157618753249574219836,2
010040800904005310000910000173000485000108700000400060030000924741090008089000600,617342859924865317358917246173629485462158793895473162536781924741296538289534671,2
207806010340075608600030000100982750805010000900063041403008160010000300700301009,297846513341275698658139274134982756865417932972563841423798165519624387786351429,2
000800700004090001000001000700030400032145670010060900809570103000384560503610200,691853724284796351375421896756938412932145678418267935869572143127384569543619287,2
600000200080100009090027160008060901740030082010205604000070010000800796000600003,651398247287146359493527168528764931746931582319285674962473815134852796875619423,2
270030180000180507000527000096350000050041600400000050967205800500900016010060005,275634189634189527189527463896352741753841692421796358967215834548973216312468975,2
056070032270000000800065100009300080060000000728610053000400009030780000007003820,456871932271934568893265147519347286364528791728619453182456379935782614647193825,2
030000000060517000175903062800009020000000746000430000080360900000791008010805004,439682517268517493175943862846179325391258746527436189782364951654791238913825674,2
070060003006020800041790060000005300700802000000903572620000001000257000007106920,278564193596321847341798265912675384735842619864913572623489751189257436457136928,2
040060002260009100130005746023004071071036000000000080010000800000400900000601007,748163592265749138139825746523984671871536429496217385917352864652478913384691257,2
704803010000500003060012004280150007000007200000230040508071026020000090640020108,754863912812549673963712854289154367435697281176238549598371426321486795647925138,2
049000730080473000006900004000039045000600000001000072003060497200004006067000500,149256738582473169376981254728139645954627813631845972813562497295714386467398521,2
014000000560012940002740060300000090006954030000203050000030016430001029680009470,714396285563812947892745361345178692126954738978263154259437816437681529681529473,2
897120000103400207426000000270854060384009072569200004718502430902000000635040100,897123645153486297426975381271854963384619572569237814718592436942361758635748129,2
007043000380750249100000000500060038803210000064080000700439006408006091600000000,297643185386751249145892673512964738873215964964387512751439826428576391639128457,2
954002300620030090030049005360000721005207000740016000280960100500000806000000000,954672318628531497137849265369458721815297643742316589283965174591724836476183952,2
600340170010067000300090000090000001460903820000452600000000980700004036046839010,652348179918267453374591268295786341467913825831452697123675984789124536546839712,2
009063724000900053360070009000007001600418972700005040080050006500006210006740005,819563724472981653365274189948327561653418972721695348287159436594836217136742895,2
000030760000607000006020059060050907000403020000719400009104675600070803805306000,128935764593647218746821359461258937987463521352719486239184675614572893875396142,2
800030400000800059450200030000009600000500324000040501000000000601000280500308900,876935412132864759459271836345129678917586324268743591783692145691457283524318967,2
700603001903280075080500032015000409300005100020004003000070000400050090009308004,752693841943281675186547932815736429394825167627914583261479358438152796579368214,2
000000598809000000005870006540063800902040050003008049004080000098007000730195480,327614598869532714415879236541963827982741653673258149254386971198427365736195482,2
002000003600095100100300900270000500950274000803100240000010860006000009300960005,492781653637495128185326974274638591951274386863159247749513862516842739328967415,2
001249000700051000090008000030090428000000030946830010200900080460000091800023054,651249873784351962392768145537196428128475639946832517275914386463587291819623754,2
510207034000000090090068000401650300059730201073000000080006900034000006902070010,518297634246513798397468125421659387859734261673182549185346972734921856962875413,2
038502000000004300090130000006000740059846032040729586060083050004210003003400800,638572914215694378497138265826351749759846132341729586162983457584217693973465821,2
460020570080000603020600000806070900000503006310809257100004008090006300040300102,463928571789451623521637489856172934972543816314869257135294768298716345647385192,2
800009000000581000000000075048690300003205080702000500300850410006904752004170000,825769143437581269691423875548697321913245687762318594379852416186934752254176938,2
050060480067508000800047000004601800000280574020070000006009000740026009900010700,153962487467538291892147635574691823619283574328475916236759148741826359985314762,2
080207305700015000905030702870000004004080100103500807097806201206073000300000476,481297365732615948965438712879321654654789123123564897597846231246173589318952476,2
010000007080007005003150294000009040006084020049200100400090862000842009098005001,514926387982437615763158294325619748176584923849273156457391862631842579298765431,2
000750600010043000097000030020007003009002708731408200073186502100000080058030000,384759621215643879697821435826517943549362718731498256473186592162975384958234167,2
000002070249037000735608900090000006603009080002060000007086024300401000100070009,861942573249537861735618942498753216673129485512864397957386124326491758184275639,2
501600047007540038904007000000000060400002050000814200019056000300070600006430000,581623947267549138934187526172395864498762351653814279719256483345978612826431795,2
000800034200700001005901008704009200650000000130080407400090050500000906093500102,917826534248753691365941728784639215652417389139285467476192853521378946893564172,2
006700900008206040005090012000030000200980701000502000609000238040000000007300060,126745983938216547475893612594137826263984751781562394659471238342658179817329465,2
520800030000042000096010000038509270005000890000080005050000000089637510601058903,524876139317942658896315427138569274765423891942781365253194786489637512671258943,2
087402500090100000050070004040501070030000091620009005500040008004007256060205000,187492563496153827253678914849561372735824691621739485572946138914387256368215749,2
000130700100000803370086010020800000601020040948000507007009082400008000000200475,289135764164792853375486219723854691651927348948361527537649182412578936896213475,2
300018002070039406000607050926700000731004009450061230010000305600000091003100000,364518972175239486289647153926753814731824569458961237817496325642385791593172648,2
080013020029704000415820370000070900590480100040000007200008064000100000960200518,786913425329754681415826379638571942597482136142639857251398764874165293963247518,2
000304680078090000060005003257030000090540000400008007105002000000013500680759014,521374689378196425964285173257931846896547231413628957135462798749813562682759314,2
000006008701280000034910000070000390108329000029060000003872640900601005007000000,295746138761283954834915726476158392158329467329467581513872649942631875687594213,2
025009000100200640974001508400700900090400001050090473510304000700500006802900050,625849317183275649974631528461723985397458261258196473516384792749512836832967154,2
080000500703052004520000600896100000105070200072000106200030470930000801000900352,481769523763852914529413687896124735145376298372598146258631479937245861614987352,2
000100030000630008050007100002710580701000306004086070020040090000001200090302005,649158732217639458358427169962713584781594326534286971123845697875961243496372815,2
091006300600034000400290016014050000970360004306000190000020400040613925100040867,791586342625134789483297516214859673978361254356472198569728431847613925132945867,2
000840702040000800100500000700083009023000070005070200486030150037100004200050300,359846712642317895178529643714283569823695471965471238486932157537168924291754386,2
500000016098016000200400008400730500000000200000820000109000003000040000740005009,574382916398516742261497358426739581837651294915824637159278463682943175743165829,2
028690100300200000001037600040500917860019040907020056004970000000105009000086004,728694135396251478451837692243568917865719243917423856584972361632145789179386524,2
009300402000040800001750030195003000700000580800005020050017064017036000602000000,589361472376942815241758639195823746723694581864175923958217364417536298632489157,2
000700005460000000080010930700056000020407080090800507109200003800001720000075800,913784265462539178587612934748156392325497681691823547179268453856341729234975816,2
007300910005000000000008270709410300410000000200000840002005000000900420034000009,627354918895127634341698275789412356416583792253769841972845163568931427134276589,2
709000024048900605006400080800003790901000436000690002090070000004829500000365040,719586324348912675256437189865243791921758436437691852593174268674829513182365947,2
207060090004008210090500007073000980900000050046009000000096008700203046000007009,287361495654978213391542867173625984928734651546819372435196728719283546862457139,2
000961504504372100003400000800710450001050060350800012085600020100500000030007840,278961534564372189913485276826719453491253768357846912785694321142538697639127845,2
860092000001640000072300060739005140604000293120900700000479000980000000000003619,865192374391647582472358961739265148654781293128934756216479835983516427547823619,2
090000365502003470300050008800490710020000050000518040907030000050820607000000000,798241365562983471314756928835492716421367859679518243947635182153824697286179534,2
000185739730020000500000402076004005102050690040600000000001900090247006000008201,264185739739426518518379462376894125182753694945612873423561987891247356657938241,2
010038649040006080830490501107040006492803015000100000000009004601004050900650002,215738649749516283836492571187945326492863715563127498358279164621384957974651832,2
500000104020019800108504306005201963380056000600000700007105600050030000000902000,593867124426319875178524396745281963389756412612493758237145689951638247864972531,2
200904800070506014500000900000008040064230500852040600009400200700000400005800030,236914875978526314541387926397658142164239587852741693689473251723195468415862739,2
400009000030460900000281300620700100040916002009000036567000000000504009890000001,481359267235467918976281345628735194743916852159842736567198423312574689894623571,2
040085960180000002205000800501069000900042010076138509004020005653400008090053040,347285961189674352265391874521769483938542617476138529814926735653417298792853146,2
160030084000048500000700913702000600059006000601007350096081000010000000000950002,167539284923148576845762913732895641459316728681427359596281437214673895378954162,2
000030040008059070630801905000300002071006009400090706310724500800060100065910000,592637841148259673637841925986375412271486359453192786319724568824563197765918234,2
060001000032000060000000483000180020005000134010307806008075009100900300020013600,467831952832549761951762483693184527785296134214357896348675219176928345529413678,2
080679203053180600000032018005203084192000000000005000000750809009008300000000040,481679253253184697967532418675213984192847536834965172346751829719428365528396741,2
030802654008000000000005020600090140007008000050020800000250300000106009900080005,739812654528964713461375928682593147197648532354721896846259371275136489913487265,2
002198000050607010900000207006004700800906003130700005600400009000000800000875030,762198354453627918981543267596314782827956143134782695678431529345269871219875436,2
090560720000000050005002901084097210902156043010020000000005002458000300100000480,391568724247931658865742931584397216972156843613824579736485192458219367129673485,2
705800000081204006040950801530080200008095613019030080004020050053047908000508000,795861432381274596246953871537186249428795613619432785864329157153647928972518364,2
000016590601094070090300081300000800002070900040000002160000409000705008000149300,723816594681594273495327681379452816812673945546981732167238459934765128258149367,2
060050070020809000008002040007403060000280090000007203006000000170000008850906310,964351872721849536538762941287493165613285497495617283346128759179534628852976314,2
605800001120500407807000305002400008000000100908107600000000846060009210000040700,635874921129563487847912365312496578476358192958127634791235846564789213283641759,2
012090370006080049430060800603001000005900018080600035058000703094700500060010004,812495376576382149439167852623851497745923618981674235158249763294736581367518924,2
090080000802000000406903028009000300600000000384000619105800032903701054200340000,597182463832564971416973528729618345651439287384257619145896732963721854278345196,2
000100628200650194046008305603000000000312946010060000360700480000005060900006502,539174628287653194146298375693487251758312946412569837365721489821945763974836512,2
075009200300204070018500409000001583031000000080340700000000358000005600800400007,475689231396214875218573469742961583631758942589342716964127358127835694853496127,2
010506000005027100709400006070000060000742013103689007004100002801263040260000000,318596274645827139729431856472315968986742513153689427534178692891263745267954381,2
005600427700050800600081593300040080020800730000035000406000059000104308000509000,185693427793452816642781593351947682924816735867235941416378259579124368238569174,2
630009000200408006470056900000010700007065230020000060892041673100007508000080190,635129487219478356478356912586213749947865231321794865892541673164937528753682194,2
190025470000000512000001860680230090030164000002090006860070000070452600020810000,198625473346789512257341869684237195539164728712598346861973254973452681425816937,2
023000040700008630090400102009500200060700051500890000430089000000107004917345006,123976548754218639896453172349561287268734951571892463432689715685127394917345826,2
100070206370542090902010400000090300000001000001000004008000000010024670067130549,145879236376542891982316457824697315639451782751283964498765123513924678267138549,2
720910000905080004400006700090000000140009260060100070604001030300007000070063001,726914358935782614481536792297645183148379265563128479654291837312857946879463521,2
490302175005009630007500000704035018009028300382641700000050923000003500053007461,498362175125879634637514892764935218519728346382641759871456923246193587953287461,2
401052000500860420000407059680001207040070060010086004200000600000000000104000780,431952876579863421826417359685341297342579168917286534258794613763128945194635782,2
607043080051708040894010750200000090009604100000970000003000005000300006062100439,627543981351798642894216753246851397579634128138972564983467215415329876762185439,2
100020600562030870900000010400300086030460052600051090000000000394010560000005438,178529643562134879943786215451392786839467152627851394785643921394218567216975438,2
080007000300540009010080700704800001200000507961075084000160020005000000023900608,589617432376542819412389756754836291238491567961275384847163925695728143123954678,2
007000300000706080089130000000080035850341920001270400060000001170463000000800040,647528319315796284289134756724689135856341927931275468463952871178463592592817643,2
900800001640000708138024900509400000300502806060130000200085604400670000006200350,927856431645913728138724965589467213314592876762138549271385694453679182896241357,2
000006307920004000607020900003008500000050043040930001090080270082700100006210080,814596327925374618637821954173648592269157843548932761391485276482769135756213489,2
000400016080090000000010090403120060290000030060000254009050007530060000006002385,952473816381596472647218593473125968295684731168739254829351647534867129716942385,2
701093864060080020089602700000800100047300008050009030810036900036700040000020080,721593864364187529589642713693874152247315698158269437812436975936758241475921386,2
002061000010028700480709010007100000005006000008205040064597103739012400000000290,572461938916328754483759612647183529325946871198275346264597183739812465851634297,2
000895020070002000026073100030080040000004000008009360702040008600000504090000012,341895726975162483826473159139687245267354891458219367712546938683921574594738612,2
010042507004800000050700900000030200100097068008600095000175830031000450080000009,619342587274859613853761924967538241145297368328614795492175836731986452586423179,2
602480000039000801075100200004807100700342500283051604027018406050024010000000000,612483957439275861875196243594867132761342589283951674327518496956724318148639725,2
010003000000720100426000030890057613500030009060090570040060380000300901109802005,917483256358726194426519837894257613571638429263194578745961382682375941139842765,2
600079500700005300000400002000200000000007620257936400103708250074610900902540107,628379541741825396395461872816254739439187625257936418163798254574612983982543167,2
900004070706901020000020000000890610094000730670430000509000060000070003100050090,925364871746981325318725946253897614894516732671432589539148267482679153167253498,2
001000000000703195000008000809000031134509006200400008320007000090015002000000500,571962843682743195943158267859276431134589726267431958325897614498615372716324589,2
700200108006090503085160009001020300000800007070006000409000800832049001500001200,793254168146798523285163749951427386624835917378916452419672835832549671567381294,2
600004070010907000009000800720000093031206050586040700300002000260001007105083069,653824971812967345479135826724518693931276458586349712397652184268491537145783269,2
031000052000000800002804090060000000940000030005900701009200080006198304000406019,831769452594312876672854193163527948947681235285943761419235687756198324328476519,2
700010009005200870306000002219005087400800020600001090874953000931062008502087930,728314569145296873396578142219645387457839621683721495874953216931462758562187934,2
031000206005010007009000104007005300000300780400180062300070620000200908902008010,731854296245916837689723154827695341156342789493187562318479625564231978972568413,2
000005981608940000001003605036090007800006090510004200003009800900050106000100400,342675981658941723791823645436298517827516394519734268173469852984352176265187439,2
086041070071002000050870000032790000409318007000000963700204081600100029025080700,986541372371962845254873196532796418469318257817425963793254681648137529125689734,2
860751493005003670740896502629000104400010800038000700280004900090108040074960081,862751493915423678743896512629387154457219836138645729281534967396178245574962381,2
002500034080270065300000008010060080900000340038407090800700000190800053043915070,672581934489273165351694728714369582926158347538427691865732419197846253243915876,2
300060090290013070076000130703648519000271000681350207067020300000900020042030901,318567492294813675576492138723648519459271863681359247967125384135984726842736951,2
108500070090003008003847000201080603300025800080300207009051082806000430070400000,128596374794213568653847921241789653367125849985364217439651782816972435572438196,2
000072386060030070005960104409000001500196003000020790008049607000007910700010000,914572386862431579375968124439785261527196843681324795158249637243657918796813452,2
000400000008561020090870050080610400026050710000087695060005040012040500400738061,275493186348561927691872354587619432926354718134287695763125849812946573459738261,2
105009806602010900830600501704251080510000007003086015356907100087105600090800700,145379826672518934839642571764251389518493267923786415356927148487135692291864753,2
000309065007001340003080071000010084400206007000048130004093010050000008600000003,142379865587621349963485271235917684418236957796548132824793516359164728671852493,2
000000600700061054040805000075310000000000506000706100307148205150070000060500080,581437692732961854946825317675314928413289576829756143397148265158672439264593781,2
000340500605082000080600020000008260008703950500096037001007090056030072093004018,127349586635182749984675123379518264468723951512496837241867395856931472793254618,2
000000020010609500000080001000005203024000700953000000692578100741290865000010000,389154627217639548465782391176945283824361759953827416692578134741293865538416972,2
142007000067950241935000780090060024200090005000324000010500402520409100400010003,142687359867953241935142786391765824274891635658324917716538492523479168489216573,2
096040013410200089800000004300800000084052390100030006042085000700920008038070002,296548713413267589857391624379816245684752391125439876942685137761923458538174962,2
096000350071060000080043700100230407003090010208410930004709100000000500035000000,496872351371965248582143796159236487743598612268417935824759163617384529935621874,2
600020010090407206842601705200000000000340801000100500430000000120500049006910008,657829413391457286842631795213785964965342871784196532439268157128573649576914328,2
300280009006007320420050006000000037040000052087005104500072903702000008030900075,371286549856497321429153786215649837943718652687325194564872913792531468138964275,2
000600540002900006304000000230090450049000100050807930100000080890065700076001090,987612543512934876364758219238196457749523168651847932125379684893465721476281395,2
506010403800260090000508200000001647100070308000802009080000156700600930005020800,526719483813264795479538261298351647154976328637842519382497156741685932965123874,2
809000004200903007310040200030620408008004062600000000520436079086092000093570001,879261534264953187315847296137629458958314762642785913521436879786192345493578621,2
546071300000406000970000002000000600060009740400637090000860020600905870008000930,546271389823496157971358462789542613362189745415637298197863524634925871258714936,2
007010069040060857009250031800706500704000080020008700008420375075600002400075000,357814269241369857689257431813796524794532186526148793968421375175683942432975618,2
001500080870400500005109304052090407907240000000703090506378001010000000003600050,431567289879432516625189374352891467987246135164753892546378921718925643293614758,2
075000900300509000906701800020176300030090002000000041000900508000013407008040000,175284936382569174946731825524176389631498752897352641463927518259813467718645293,2
301008009508102000049700008903000800400600000605009420100006004004500003000940102,361458279578192346249763518913274865427685931685319427152836794794521683836947152,2
100370020375080400094001000040009007000027006000100800403700090058200004060405003,186374925375982461294651378641839257839527146527146839413768592758293614962415783,2
832000746000076002004280500300010004001000008040008050000030091900620070003007620,832159746195476382674283519387915264561742938249368157726534891958621473413897625,2
000530000053694810008001305009006080026010000810350604000100930302005700000003000,261538479753694812948271365539426187426817593817359624675142938382965741194783256,2
000021570000800901013095600080700050056080030300000009001000004600910020070050000,894621573265873941713495682189732456456189237327546819531268794648917325972354168,2
710900500205760010830200906520004090000520041647009008000400060460001000108090405,716943582295768314834215976521874693983526741647139258352487169469351827178692435,2
004800305380415906000003000000000059093074028056029430408030591700000802009000700,974862315382415976561793284247386159193574628856129437428637591735941862619258743,2
010003408000694000900000630030001006075800200000060800000016009300000062000750380,716523498583694127942187635238471956675839214194265873827316549351948762469752381,2
000000602807002100000040085200905003500030216030100000000208401080000020104090360,345781692897652134612349785261975843579834216438126957953268471786413529124597368,2
831520004009481030040006000000900087360000001090108063000000000400809306783005000,831527694679481532542396718154963287368274951297158463916732845425819376783645129,2
000004052052708000109002000060103400200000080900020570415000007000600000300040005,783914652652738194149562738568173429271495386934826571415389267827651943396247815,2
039841265520970081600350004045100002960084050800030000450600000000000000090000640,739841265524976381618352974345167892961284753872539416457628139186493527293715648,2
200000800008012500013845200006970000001200078000400002342000710085000400097120000,254697831768312594913845267526978143431256978879431652342589716185763429697124385,2
050000000010708302080593000100904005000036009900820030005001097800257640746009001,357412968419768352682593714163974285528136479974825136235641897891257643746389521,2
000007000010050070060429000036572009001046200082900700048160000620083014000000068,854317692219658473367429851436572189791846235582931746948165327625783914173294568,2
108060024000000800296080000000000600000520003002401007020013769870609015609000430,158967324734152896296384571341798652987526143562431987425813769873649215619275438,2
000000305306205000020138070063900000007600001018050760680504000000000500000026900,841769325376245198925138674463917852597682431218453769689574213732891546154326987,2
304200910270090000908005706000050672600000000000760401800030057736000004009870003,364287915275196348918345726481953672627418539593762481842639157736521894159874263,2
317860004005310006208090000920000500000000162006000008532004000700500000609000200,317862954495317826268495713924681537853749162176253498532974681781526349649138275,2
000000064060200870749080201206040009085920000000060040600009107900410000000070003,528731964163294875749586231216345789485927316397168542634859127972413658851672493,2
406020089900700002820006070504000000089604000310800004050003708793100006040200013,476521389931748652825936471564319827289674135317852964152463798793185246648297513,2
400006500102500060600010803000207000000340000307680090036700002500164007000823650,483976521172538964695412873961257438258349716347681295836795142529164387714823659,2
950812064030050008000000029709000001000009057005001086090125000000000140208073090,957812364632954718184367529749586231861239457325741986496125873573698142218473695,2
005730008700046030000981000087400002001060004042017306009024503004100060106070409,915732648728546931463981275687493152391265784542817396879624513234159867156378429,2
003010500400000000075038020507390004000500007600174200040250906300040070850761002,283417569416925738975638421527396814134582697698174253741253986362849175859761342,2
092370000060200374070408290080700620647000000230080000000009700006503009900800156,492375861568291374371468295189754623647932518235186947854619732716523489923847156,2
043005010000340500070001000400816000000003020700054090214069780800007240057482009,643725918921348576578691432492816357185973624736254891214569783869137245357482169,2
046175300003082460900400721801200000007010090000300008089060040000000800310820000,246175389173982465958436721861249537537618294492357618789563142624791853315824976,2
000900070009530642063000009080703000070060400000294000308000050100475900000080000,245916378819537642763842519684753291972168435531294867398621754126475983457389126,2
073090201090000006060013089016050807085000963020000100109085000008061300002007010,873694251591728436264513789316459827485172963927836145149385672758261394632947518,2
304910000078006301000000400800040003100600070205009010700000142000205007000104058,324918765978456321516327489867541293193682574245739816759863142481295637632174958,2
064020803000603050000100020009010560010350004400906008000091080905008641800465000,164529873287643159593187426739814562618352794452976318346791285975238641821465937,2
040380160071045000000010407290160000800000020007000803000000500080702001030050900,942387165671945238358216497293168754815473629467529813129834576586792341734651982,2
050620000000000006032057000100700902200003501040000700904300020705408000016002008,451629837897134256632857194163785942278943561549216783984371625725468319316592478,2
001000060006123050750640000000975000020000300000230915400002090082091600000004280,231857469946123758758649132613975824529418376874236915467382591382591647195764283,2
030009007000000200107400300520900700740060000610070020065090432300002000074536089,432619857986753241157428396523981764748265913619374528865197432391842675274536189,2
807000103503001007210735046000100570020000300001504008056000001702409035000608000,847296153563841297219735846498163572625987314371524968956372481782419635134658729,2
000027840050000070000500260549703682200000000001264539900470328427005190600000400,196327845852641973374589261549713682263958714781264539915476328427835196638192457,2
050600240000700090006010803030000702005402008800000005318005607002087100500260304,753698241481723596296514873934856712165472938827139465318945627642387159579261384,2
620048000734962080908017200810230500000800010000074308005003071000001600000029800,621548937734962185958317264817236549342895716569174328295683471483751692176429853,2
904200000030970000500010000000700005001549608009020001090050704120400069706108203,914286537238975146567314982482761395371549628659823471893652714125437869746198253,2
010060000700035040903010620000600090020000800001000073000006009004100000600049058,215964387786235941943817625537681294429573816861492573158726439394158762672349158,2
001060004090432001420000060034050108000020005060000040010040073852970010340510900,581769234796432851423185769934657128178324695265891347619248573852973416347516982,2
204150309300902071019000000060010040108700000000030000920608000037421908040590002,274156389386942571519387426763219845158764293492835617925678134637421958841593762,2
000302000002480700081900000317000000065800100800003000608029040503700019090038027,456372981932481756781956234317295468265847193849613572678129345523764819194538627,2
630050709107940060508700200076030042050007080013000000785096001060570000000000057,634258719127943865598761234976835142452617983813429576785396421261574398349182657,2
002350000040960000030027500005600009080040002003002006208400000170000003050200601,892354167547961328631827594725638419986145732413792856268413975179586243354279681,2
600314000003090000040060830802000007000000300000920010260000094738000150400650003,689314572523798641147562839852431967914876325376925418265183794738249156491657283,2
609130500207008000800002074100006300004000610060009207900064800000900003005200069,649137582257498136831652974128746395794523618563819247972364851416985723385271469,2
100360900080000342300208005800400020920006034403027060009650078500000006068192400,142365987685719342397248615876431529921586734453927861239654178514873296768192453,2
000429000090807610000006040180060704400083100309001020020000003706098400000002900,615429387294837615873516249182965734457283196369741528921654873736198452548372961,2
100240078080001400420000013000050600000029050500407001200305060070004002639700040,153246978987531426426978513742153689361829754598467231214395867875614392639782145,2
025030010000405030000106295090000000708002001000010003500600000600200070480073020,825739614961425837347186295196354782738962451254817963572691348613248579489573126,2
310000900800064003004000802200105030080000001143280500001032409000009126400608375,316827954852964713974351862297145638685793241143286597761532489538479126429618375,2
041020300060400010000109706070001000006000000183002070410050000007600150600814000,941726385768435912352189746274961538596378421183542679419257863827693154635814297,2
015000008200780030380020009907006041800400056000008000153090000690845017478000000,715639428269784135384521769927356841831472956546918273153297684692845317478163592,2
020000160100900007009000040000800403000073690030050000900530200840002576500708931,427385169186924357359617842795861423218473695634259718971536284843192576562748931,2
900270004700890100000035000890050000250000006130782049070300200320509001509000030,983271654745896123612435987897654312254913876136782549471368295328549761569127438,2
000014756604007080100005049000470000709052400340096507200500030000029600036040100,893214756654937281127685349561473892789152463342896517278561934415329678936748125,2
050060000034008609600093070900820700100030000000100800007600008090000406803902000,759461283234578619618293574945826731182734965376159842427615398591387426863942157,2
206000030180207900459000020048000000091426850000005071005000000907132500804750016,276594138183267945459813627548371269791426853632985471315648792967132584824759316,2
020800300000700000000030247009000450640050700057020003000406125596007000400003600,724865391931742568865139247289371456643958712157624983378496125596217834412583679,2
360900700010260803708015000800796300000000000906020000294803600607140530050679284,365984712419267853728315496841796325572431968936528147294853671687142539153679284,2
040007908890160007020080000960000500400090630300600004059000120104920705080010009,546237918893165247721489356968342571415798632372651894659874123134926785287513469,2
000408607014000085800001004630007802070604009900380700090020000100000900003100428,529438617314976285867251394631597842278614539945382761496825173182743956753169428,2
004002065200605000095000008500170400700000000000509030008006100052080040400000890,374812965281695374695734218529173486713468529846529731938246157152987643467351892,2
000000030000240008058000027000510900475009200000402003020054060800300750560001000,942678135713245698658193427236517984475839216189462573321754869894326751567981342,2
100000509002300000604108007017080000820403000400702030070034860900006105000001003,138267549792345681654198327317689254829453716465712938571934862943826175286571493,2
010004000000060570200830000036520049002001000108070030000903080000000002961000450,615794328389162574274835916736528149592341867148679235427953681853416792961287453,2
007009080000000000010030452682901000900008100000040000790013000000295070100006090,547129683236584917819637452682951734974368125351742869795813246468295371123476598,2
607450000040003760003020080034000000050000038000000017079038600000045072000167049,687459123942813765513726984834571296751692438296384517479238651168945372325167849,2
501300040000000000209000000302906005807053216450020800005200064000040100964530008,581392647673814592249765381312986475897453216456127839135278964728649153964531728,2
000040000408010796103906004000000020002007300901000647040600002000705403360000005,796548231458213796123976854674391528582467319931852647845639172219785463367124985,2
240070509900600742000090000300069257000007000001300006070020008400038605005016000,246873519938651742157492863384169257569287431721345986673524198412938675895716324,2
080700210200098007000100009090081065405030002800000000920003006037010508050070030,589764213241398657376125849793281465415936782862547391924853176637419528158672934,2
072000000000506030308700010806003000750000020231067000000402309920008047400005000,572831496194526738368749215846253971759184623231967854615472389923618547487395162,2
000312005012000460000604012026070040000000001000805627007000504960050000004700030,649312785312587469785694312526971843478236951193845627237168594961453278854729136,2
160005090004010007007400006000000000006090140400300600030000001000500300019670850,162735498984216537357489216823164975576892143491357682635948721748521369219673854,2
402005736037010080598007401001060098005071600060308100806000010000706050009040060,412895736637412589598637421371564298285971643964328175846259317123786954759143862,2
360008200000700030001030600800020061902176050100850000008000002013092504020001970,367918245259764138481235697835429761942176853176853429698547312713692584524381976,2
706090000040006029902300806000000002070604000204039000320900451600082007007000208,786291534543876129912345876139758642875624913264139785328967451651482397497513268,2
009082000001697082000530010030910000006740000090003007900000070067009003000405800,649182735351697482872534916734916528526748391198253647985361274467829153213475869,2
008009050045001060921500003503010008000307910007060000036090007050070006800600021,768439152345721869921586743593214678682357914417968235236195487154872396879643521,2
130706020000042017000005603803279000010008209200000800008001702060807390009030000,134796528685342917972185643853279461417658239296413875348961752561827394729534186,2
050130000430850901000000035564907008008005000090028650985000000200500780000083092,652139847437852961819764235564917328328645179791328654985276413243591786176483592,2
600104000030027000007690034050000003001000058403000102300780201040000007700406380,689134725534827916127695834856271493271943658493568172365789241948312567712456389,2
005700046000004983804300017080003090040206070003901408020895000501040000008030000,395718246712564983864329517687453192149286375253971468426895731531647829978132654,2
000050100000012000000873462005700000400560098010090600130205004000040010008130250,372456189684912537591873462965728341423561798817394625136285974259647813748139256,2
000483000900050847000900300200094653035000090040502000400305020100049500050620009,567483912913256847824917365281794653735168294649532781496375128172849536358621479,2
302501007000006040870020100584003071230000006600908000050700463003600510000030700,342591687195876342876324195584263971239417856617958234951782463723649518468135729,2
943007801000900350000400600098000006702006908004080003070003189320004765800000000,943657821687921354251438697198372546732546918564189273475263189329814765816795432,2
040010020006203000072006401030000008001050370700000000913564782087900060020000009,849715623156243897372896451435679218291458376768321945913564782587932164624187539,2
100000683005000090000087102030700008008050020000839415406000070800005009003000000,127594683385261794649387152534712968918456327762839415456923871871645239293178546,2
000138000000090000209005378000870500850300000031900002004082630000700010095000007,567138924483297156219645378942871563856324791731956842174582639328769415695413287,2
008501002002040080000286040090024035804600107003000020070010000010090073080060214,948531762562947381731286549697124835824653197153879426476312958215498673389765214,2
000300104005080002000000980700000090060140320030052007800070000000403000003060509,687329154915684732342715986721836495569147328438952617894571263256493871173268549,2
000050000009072456050300012000506920000700580400090007000065200093007000080003700,824651379319872456657349812178536924962714583435298167741965238293187645586423791,2
300009154540070003218304000000040002000037840804000300002000600690008005480060901,376289154549671283218354769731846592925137846864925317152493678693718425487562931,2
206000140087001320100230000400570910070002008509008400000807204700056800890300000,236785149987461325154239786468573912371942568529618437613897254742156893895324671,2
003000000050060000400070508300002006586000213901003405040008100600004009039000054,193845627857269341462371598374152986586497213921683475745938162618524739239716854,2
500010708046800000817500030005908000700001600009600020400200370003084050050009000,532416798946873215817592436365928147724351689189647523498265371673184952251739864,2
001069020600008004040102370000007000400290800827004000000076400000000003700800062,371469528652738194948152376593687241416293857827514639289376415164925783735841962,2
000208100602000004009560030020000000007030050940000000270000090304007801090800070,735248169612379584489561237521986743867134952943752618278415396354697821196823475,2
302000060800930450000280007050610034103020000420009105009100040010000500560890700,392745861871936452645281397957618234183524976426379185239157648718463529564892713,2
002700001100000030530000200800300740003027000000960003600000009028596000300280006,962738451184652937537149268896315742413827695275964183651473829728596314349281576,2
010038000900000000060001028005000030601307042083064500032900600800000300076800009,214738965958426173367591428425189736691357842783264591132975684849612357576843219,2
740000000630081002800500600406000020000860005051409068574200190100000000060015200,749326851635981742812547639486153927397862415251479368574238196128694573963715284,2
096002040500400007700500000000900100160054200005210700009003020802600970603029008,396872541521436897784591362238967154167354289945218736479183625812645973653729418,2
203000000000004260746800900000470000000200000524010009000007615050043702017020090,293761854185394267746852931361479528978235146524618379432987615659143782817526493,2
050040000800006002067805410002900000600700030093001078326507800100009706000600301,951243687834176592267895413472938165618752934593461278326517849145389726789624351,2
843200195700000006060019000005008000000900780600021500000500902000090000290030800,843276195719853426562419378935748261124965783687321549376584912458192637291637854,2
070000900305000087400008000003067850007140009040003170020800000836409010004000020,178235946395614287462798531213967854587142369649583172721856493836429715954371628,2
150072098260819050000000000009021300025000100041060070816007204092104000430200000,153672498264819753978345621689721345725493186341568972816957234592134867437286519,2
000010000240086003000304000000027306027030540030100008062401859579060030410953600,693512487245786913781394265154827396827639541936145728362471859579268134418953672,2
095600800100879006078305900080000000961080400000492000310004700800010000050000310,295641837143879256678325941482136579961587423537492168316954782824713695759268314,2
340019000061005007205000930034070000020190000500000610406080009000400008002000070,347219586961835247285647931134576892628194753579328614456781329793452168812963475,2
041300906500000300003014008005900610006050004408020000054000000009561407010409800,741385926582697341963214578275948613196753284438126795354872169829561437617439852,2
001000000800106309036050700080000020302019500010400000158000200900001000600380901,591738462847126359236954718489573126362819547715462893158697234973241685624385971,2
000200108782591063900000000078002000040050870530048000094300507000070009000009200,465237198782591463913684752178962345249153876536748921894326517321475689657819234,2
090070300008034215030100000046703052300500600050460037420000800080041503000089020,291875364768934215534126789846713952317592648952468137423657891689241573175389426,2
000064970000090028040020600000008192095600000002700004574000000036001009810200340,328164975651397428947825631763548192495612783182739564574983216236471859819256347,2
000016450486000700005000302000009080090000003000602070768090100050400800300080600,923716458486325791175948362547139286692874513831652974768293145259461837314587629,2
000970502800003100070018609050000003082000905940080001400620050008100000006800000,134976582869253174275418639651794823782361945943582761417629358528137496396845217,2
000000000000000700870610205900140026068000530240800109020350498084200600000406002,516724983492538761873619245937145826168972534245863179621357498384291657759486312,2
681007000000200000503091480108040300040000000357160020714006000000029100000814760,681437259479285631523691487198542376246973518357168924714356892865729143932814765,2
000638210000000000000070980600004870000002603039056421140509708086023000900007102,597638214268941357314275986621394875475812693839756421142569738786123549953487162,2
600037009580000200040000500008100390000080700900726010003402050070009000000315000,612537489589641237347298561768154392251983746934726815193472658475869123826315974,2
046900180080000020100480000000007200074300050690050040410298060360004010950100400,746923185583761924129485736835647291274319658691852347417298563362574819958136472,2
060003005300501000009007000030009000006050189901708063000976852207135906005020031,768293415324581697519467328832619574476352189951748263143976852287135946695824731,2
087260000000734008400005000000000900620170045045608100032040000000009480000000073,987261354251734698463985712718452936629173845345698127132847569576329481894516273,2
070500000005600800089007516200170000060204709000860001940702000700001300008000002,672518493415693827389427516294175638861234759537869241943782165726951384158346972,2
238041000700000004000970052000700018170608400050000360500060043000450080406307020,238541976795286134641973852964735218173628495852194367519862743327459681486317529,2
000047901570102604000005000700300096841060023036270010000918067007400000100700240,362847951578192634419635872725381496841569723936274518254918367697423185183756249,2
400000090980501060006080415000456030800270000500008609200000070000760200600800903,451637892982541367736982415129456738863279154574318629248193576395764281617825943,2
028004000946875301570090486030000010710000000009127000690008234080002060207346198,128634975946875321573291486835469712712583649469127853691758234384912567257346198,2
500800001001050780806100009409080000130007590627500030060310000010005628080000010,592876341341952786876134259459283167138467592627591834264318975913745628785629413,2
800100050500000093000050400203005070600901200400076900768004510910600000340510800,829143756574862193136759428293485671657931284481276935768394512915628347342517869,2
460000800800001502750489160100004000000058710000006000240003007900005438080047001,461532879839761542752489163126374985394258716578196324245813697917625438683947251,2
750209003900584000400006000030000008047090005009850346560000000300000801000400600,756219483923584167481376592635142978847693215219857346568921734394765821172438659,2
080001002005342001020000093000004000204738000100600070037100920000203810012080360,386591742975342681421867593758914236264738159193625478837156924649273815512489367,2
060005043400200600900003000050020300700040050213006078300100025080000034009030860,862975143435218697971463582654827319798341256213596478346189725187652934529734861,2
032140000040000032080060090400781003800930540000000081000090265950000410008010300,732149856649875132581263794495781623816932547327456981174398265953627418268514379,2
104028709080194005900350400000010002028740000300002000805070903030900204000036850,154628739783194625962357418476519382528743196319862547845271963631985274297436851,2
102030000000690027008700000000000490910007000020063005087120600050870000400059078,172435986543698127698712534736581492915247863824963715387124659259876341461359278,2
570932680200050000003040000080070260060004805050061097100500046008000000600007008,574932681216758439893146572981375264367294815452861397129583746748629153635417928,2
805000009000501000970008250106070090093016500408000760002359070300000015000180020,865742139234591687971638254126475893793816542458923761612359478387264915549187326,2
700000000000400057010080306000010502050040610301200000902100004400908200176020800,743596128628431957519782346894613572257849613361257489982165734435978261176324895,2
001703050000004006640002030090010005408000060500000120160000300004305610830071502,281763459953184276647952831392416785418527963576839124165248397724395618839671542,2
042000001000063005300000200720410306000006020860900007030520908210080003008300070,542879631981263745376145289725418396193756824864932517437521968219687453658394172,2
348069710062400900000083406000357090005020100400906200179000500000702000000000000,348269715562471938791583426216357894935824167487916253179638542654792381823145679,2
001000900297501003060040502020300046350000000000209805004128650000090000000056000,541832967297561483863947512129385746358674291476219835734128659685793124912456378,2
070010002000428607208007010010642709690083050000001000004000008000004070320070004,976315842135428697248967315513642789692783451487591236754136928869254173321879564,2
007520080092001000000908000000050409003400000004000705230070090000000610080006200,367524981892731546541968372718652439653497128924813765236175894475289613189346257,2
070030510160000038083710600010040000009856040006170000007500029008004167000000000,974638512162495738583712694815243976739856241426179853647581329358924167291367485,2
648000025005842316031569000007000009300000000480900060800295700524370008900004001,648137925795842316231569874167428539359716482482953167816295743524371698973684251,2
062000089008200016051800700029071034010008000500903100600000901005084067000060000,362417589978235416451896723829571634713648295546923178687352941295184367134769852,2
000800042008960005059003700020004500035079000000015000703006200002501004004008300,361857942478962135259143786926384517135679428847215693783496251692531874514728369,2
089010007003057008157400300001903080000000490000000063000000674302704001400000200,689312547243657918157498326561943782738126495924875163815239674392764851476581239,2
100020003000500600080007100420973000765081039010650000040700200501002300632100070,156429783397518642284367195428973516765281439913654827849736251571892364632145978,2
006034700010000860508700040009100002000005000480090100903010000060000900140950076,296834751714529863538761249359147682621385497487692135973416528865273914142958376,2
041008900200900400086430007008200009000080064600147802100850000027000000060014208,741528936253976481986431527478265319512389764639147852194852673827693145365714298,2
000000001500600049900050307008090003100780000006002000070000534020009100031560070,382947651517623849964851327258496713143785296796132485679218534425379168831564972,2
090000000431006820058401306062005400389100000040309010800000052000008674005904183,296837541431596827758421396162785439389142765547369218874613952913258674625974183,2
800490731001003000930070200128040590600000010000050020000960842500024079090008000,865492731271583964934176285128647593657239418349851627713965842586324179492718356,2
037050040002473190054000732061005800000120060528004007200000001000209450005340200,137952648682473195954816732461735829379128564528694317243567981716289453895341276,2
400980035000000470090000180008400000004008001570000843036040520700800390049053000,417986235683125479295374186368417952924538761571692843136749528752861394849253617,2
003061408601805200080073019064190000700050060300400000000608300006009040000704100,273961458691845237485273619564197823718352964329486571147628395836519742952734186,2
056000000700503206320000807200040000019872043600000100000700080060038000007105309,856217934794583216321964857273641598519872643648359172132796485965438721487125369,2
060700040300100000705894361670085900008020074002070603006019000090038000000247090,861753249349162758725894361674385912138926574952471683286519437497638125513247896,2
503000000740008326000003400300207000600039005001060040006500002800024607020306500,513642789749158326268793451354217968682439175971865243496571832835924617127386594,2
042100700105700003800090000750810300200000079068230100000004000009071040000920610,342158796195762483876493521754819362213546879968237154521684937689371245437925618,2
210040000309000510000500004900854001002936040864020903506003000020690730700200000,215348679349762518687519324973854261152936847864127953596473182428691735731285496,2
354601708690478005700053046000007061006502079970000200500000080009025010100040090,354691728692478135781253946235987461416532879978164253547319682869725314123846597,2
700020048008070000060890207600957002000240170072100300000700000090012060024009001,719325648248671593563894217631957482985243176472186359156738924397412865824569731,2
230000000071028003000071602640037020050096874000005060000760210300904000700082030,236459187471628593895371642648137925153296874927845361584763219362914758719582436,2
800002000500083217300050640080970500000205860000000971600120030040307000103500000,874612395569483217312759648486971523791235864235846971657128439948367152123594786,2
010000892840327005502900437000400300200090000680501200700205980420100600000000004,317654892849327165562918437971462358254893716683571249736245981425189673198736524,2
513602894900003000008100250001060320000001760006005409000010600040906502630007041,513672894924853176768149253491768325352491768876325419289514637147936582635287941,2
000083004009000050603010000000030008724050006030600700045000000006005907097800020,152983674489276153673514289961732548724158396538649712245397861816425937397861425,2
260007043000001900000035200087000030640010005509000100820000000000094000954160000,261987543375421968498635217187542639642319785539876124826753491713294856954168372,2
002000957704300201000000030100038500000217000027009300001053028065800743230006195,382164957794385261516792834149638572653217489827549316471953628965821743238476195,2
703400908506070020080030570000200009000000000091087030000700602902001000657004801,723456918516978324489132576875243169364519287291687435138795642942861753657324891,2
002000079051700030073008600080930040514870063300104008705000302600483507100000096,462315879851769234973248651287936145514872963396154728745691382629483517138527496,2
001409503703800000490050000140000250309710068006024000004100000010500074935047000,261479583753861942498253716147386259329715468586924137874132695612598374935647821,2
700010000000003064340572180000050070072006503050000040000000320107020006009001807,798614235215983764346572189463158972872496513951237648584769321137825496629341857,2
063704000429000000085000300604015780508070061017000504002036400046027058070000603,163784295429653817785291346694315782538472961217869534852136479346927158971548623,2
001300000826000930370090100080000020002840091049000008000725069900630002267980003,591368247826417935374592186685179324732846591149253678413725869958634712267981453,2
000300000802645907050000300506080000040106070700500400000857000100000058480901023,674319582832645917951278346516784239349126875728593461263857194197432658485961723,2
020004000408520090090078002009003000614005083382610900801006009000050000900002038,723964851468521397195378462579483216614295783382617945841736529236859174957142638,2
038001000010400000005002017300000692020310008064020153703000004002500000100003975,638751429217498536495632817371845692529316748864927153753169284982574361146283975,2
405000090007400358000035010006050007200047003070609041029000000300010000700308000,435871692917426358682935714146253987298147563573689241829764135364512879751398426,2
097600058000079630000001200950010743030708901006000000029060007000940380060007502,397624158182579634645831279958216743234758961716493825829365417571942386463187592,2
000059000470200500050178000000002090000937200900815400000021003127380040603004172,316459728478263519259178364735642891841937256962815437594721683127386945683594172,2
000006420605300089490018603000879500700160030500030000046000900030591046000600300,813956427675324189492718653324879561789165234561432798146283975237591846958647312,2
000020610206300090018000047490030020183000400650009030730204086060100900000067004,945728613276341895318695247497836521183572469652419738739254186564183972821967354,2
245018070608009050007300000000481030006000005370200800900030040700000000854197020,245618379638749152197352468529481736486973215371265894912836547763524981854197623,2
003405000000008021080003400000000003008000060231674800070200100006907542902080007,123465978654798321789123456467859213598312764231674895375246189816937542942581637,2
270058030005000008810024000030005600001486000000030020590600700060802000000000302,279158436345967218816324957738295641921486573654731829592613784463872195187549362,2
430500000012000400060030070004050000609203000180040200000480020500312708020705006,438527619712968435965134872274851963659273184183649257397486521546312798821795346,2
000450020000009500000032600096000037740503108800200005000007392010304050003085000,368451729274869513159732684596148237742593168831276945485617392917324856623985471,2
006020059071539040000600700060080000000360890500002400100097004002050000009206300,436728159871539246925641738367984512214365897598172463153897624682453971749216385,2
501492387000003006000070050030780005010020840080600020056200008072908034900000000,561492387724853196893176452239784615617325849485619723356241978172968534948537261,2
640000200020010036000009000780000501000086700056071000302060090060090000070008002,641853279925417836837629145783942561194586723256371984312765498568294317479138652,2
700093000065070008900800700500007002000000164040620007030080241150000003400030050,781593426365274918924816735516947382297358164843621597639785241152469873478132659,2
010360000590008203300000010071294300640003000950001007205410680080006002000020130,417362958596178243328549716871294365642753891953681427235417689184936572769825134,2
003207005052004000000005028200000090690023407430009086000040000100508000008630109,813267945952384761764195328287416593695823417431759286376941852129578634548632179,2
300109002200000700046270008090017000003056009601900870000304980000000400500790020,375189642218645793946273158492817536783456219651932874127364985839521467564798321,2
580020047026073500709450006002980715105300089048507260007096004000740050094005000,581629347426873591739451826362984715175362489948517263857296134613748952294135678,2
006500307070100600040076002437600000000003940900001760090410036300000470064027809,216584397579132684843976512437698125621753948985241763798415236352869471164327859,2
306009082075680140200050000729034015000020030003000208007040026062500090800000000,346719582975682143281453967729834615658127439413965278597341826162578394834296751,2
007800002430602100000010600004351000000000431321004050758000000906027300000100000,167843592435692178892715643684351927579268431321974856758436219916527384243189765,2
300500208908304510005080000090005800004600025000708003700400000001950000639800004,367591248928374516145286379293145867874639125516728493752463981481957632639812754,2
100400000020057000000006000060870509000000000080925031970018204510740000030060807,157483962629157483843296175361874529295631748784925631976318254518742396432569817,2
045700090970040000026500340009005702450007000760200059617054008594801003038070500,845732196973146285126598347389415762452967831761283459617354928594821673238679514,2
801092300002015480060078092000500000000180700004000000080003000000801206506020900,871492365932615487465378192198547623623189754754236819287963541349851276516724938,2
900005480035064000040030500500006030300087000070050146003008070657000000080672309,926715483735864912148239567519426738364187295872953146293548671657391824481672359,2
091003702600008039030090400700006000080004007004785090000050361350600974006000500,891463752645278139237591486729136845583924617164785293472859361358612974916347528,2
005002706906080200000605000000040509009510480458200000690050804004963000070000960,845132796936487251217695348761348529329516487458279613692751834584963172173824965,2
030041080006002095285600147062900070500020000000000006003200508801060004000009700,937541682146782395285693147462935871578126439319478256793214568851367924624859713,2
001900063080400200675020004809040300100002000000601087510200000320019600700054120,241978563983465271675123894869547312137892456452631987514286739328719645796354128,2
920503000300048002000700000012675000000000001605300070200850390500409187400007000,927513846356948712184762953812675439739284561645391278271856394563429187498137625,2
602780004000000098584000000000062000000009230000030805035400000400000103200098050,692785314713624598584913762348562971157849236926137845835471629479256183261398457,2
000500200000900006900007000006800003500010400304000560800035092005179304003008150,647581239158923746932647815716854923529316478384792561871435692265179384493268157,2
000070050007203406000080903005000620068007509000005084503800061084730000079000040,341679852897253416256481973915348627468127539732965184523894761184736295679512348,2
000496000020000003001000000030000400050640000200801096080300610400000020003204900,378496251924518763561723849136975482859642137247831596782359614495167328613284975,2
800000650605000900079200030097001500008705419500000003000060000006340000040079080,834917652625483971179256834497631528368725419512894763953168247786342195241579386,2
130067000508310002002805041907000400080000000300059000009601703600083200000502060,134267985598314672762895341957128436281436597346759128829641753675983214413572869,2
000301006060700018100056009000040900024900000050000002000010003203678500080593060,972381456465729318138456729617842935324965187859137642596214873243678591781593264,2
100000740600030200000600038308750902900013070760420003010000860000040001050000000,132985746687134259594672138348756912925813674761429583413297865276548391859361427,2
000004007070360400400795060094000000600003015010050740040518300000070594052000081,369824157875361429421795863594187236687243915213956748946518372138672594752439681,2
150089020800000009079405000000040008001700000930100040003000504014006093008004016,156389427842617359379425861625943178481762935937158642763291584514876293298534716,2
000090008100000350050800090001000000002705041003618205000100026010080004020007510,247593168189462357356871492571924683862735941493618275734159826915286734628347519,2
086400000903001600000890013000605470001300862640000500002003007000500094000000000,186437925973251648524896713238615479751349862649728531462983157817562394395174286,2
167430850009502031000010900000050600010004570530000000000070089200900015000120460,167439852849562731325817946794351628618294573532786194451673289276948315983125467,2
719028560002004018040710390307100040400009000691030000070001006000503000150900400,719328564532694718846715392387152649425869137691437285973241856264583971158976423,2
000020800001460030007050401160093000478010290039000100800002510013540608000086000,694321875581467932327958461165293784478615293239874156846732519713549628952186347,2
009004000800500000050930084003057090005028371417093805500060008048010600070840130,139284567824576913756931284283157496965428371417693825591362748348719652672845139,2
309000001065008029070006300850003100006104800000500003020001980010209435094000200,389427561465318729271956348852693174936174852147582693523741986718269435694835217,2
000410000000052703000069401704006300200037040380000090007000028000000000842005130,678413952419852763523769481794286315251937846386541297167394528935128674842675139,2
000000200031000650064920010146500302050102400000640071695200834002050000003000120,579361248231784659864925713146578392957132486328649571695217834412853967783496125,2
000000070000910002701002005000000010920030400300470809000040290007021008000600000,239854176856917342741362985674289513928135467315476829563748291497521638182693754,2
008014060400000000170200304057048032300670598806000100000800400700400003580023010,238714965469385271175296384957148632341672598826539147613857429792461853584923716,2
760004500204067013000030070020001009005000301100490020600700040080000100000009000,763184592294567813518932674827351469945276381136498725652713948489625137371849256,2
003007010001046050400010070000600701675900304104070600010428000000735000207169000,853297416791846253462513879329654781675981324184372695516428937948735162237169548,2
900507203400062000000300506008200700000001020532000000000005012804100000005970060,986517243453862179271394586618259734749631825532748691367485912894126357125973468,2
000000490200003756065700000400827000500460000000300004048000560152638947300500820,873156492214983756965742138439827615527461389681395274748219563152638947396574821,2
000007030702060900046080007097050040000040801100600000825000100000005080000900003,958217634712364958346589217297851346563742891184693725825436179639175482471928563,2
080000073069340005100805200710000060635000004092001007340706008800009000000580000,584912673269347815173865249718493562635278194492651387341726958857139426926584731,2
000090000007080340100500700070009401000000070310460059004673910000942000703100004,236794185957281346148536792875329461469815273312467859524673918681942537793158624,2
000540671300000020670002403120300080000915062000007000400050000090400800002630000,289543671354176928671892453125364789847915362963287145438759216596421837712638594,2
005076024010020030004008060403000000180000000709080345296800000501700000070650000,835176924617429538924538167453967812182345679769281345296814753541793286378652491,2
010300200357006400026840000000082000070691080000000007008010900095460802030000070,814379256357126498926845713541782369273691584689534127768213945195467832432958671,2
000009140560001300170802006045380901300000050910005030000000209000000005450208760,823659147569471328174832596245386971387914652916725834638547219792163485451298763,2
000208400000010050051030087600400700915300000740000500060000098109000005083020674,397258461826714953451639287632485719915367842748192536264573198179846325583921674,2
600007000005010304000504070014200800700005000000000040000000000021406038453071069,649327581275618394138594672314269857786145923592783146867932415921456738453871269,2
010000905400005870507920004946001200002090001050800090004200000000050043600039100,813764925429315876567928314946571238782693451351842697134287569298156743675439182,2
070564390000900007806070040000000400300000080008600701009710200081036970003490000,172564398435981627896372145917853462364127589258649731649718253581236974723495816,2
000358940091042000040091700000485029000900560000210300900003006004109050076020090,762358941891742635543691782637485129218937564459216378925873416384169257176524893,2
008000024004208006035600987020000000600052098009037002070001000902063870300000200,768395124194278356235614987427986513613452798859137642576821439942563871381749265,2
038090200900000050012003009480507001020901540100400027050010402200600005041000090,638195274974286153512743689489527361327961548165438927756819432293674815841352796,2
809000073600900800000000059287100000950040200400000005060892507000060000790315008,849526173675931824321478659287159346953647281416283795164892537538764912792315468,2
502409108140000307087030040274000005010950780800000001708500010050600873003780006,532479168149268357687135249274816935316952784895347621768593412951624873423781596,2
000000496601000030000000501000300607360080900000050810053896740000010005402700069,735128496691574238824963571518349627367281954249657813153896742976412385482735169,2
001000480083500002900120070000005034300002800508309001800403200009007500060050000,721936485683574192954128376192685734346712859578349621815493267439267518267851943,2
000600000470000051093010048041500200200009104000000870920008016185960400030051080,518647329472893651693215748841576293257389164369124875924738516185962437736451982,2
904837500180490730000120000675080040009000000048750069050000000003500081001002600,964837512182495736537126498675289143219643875348751269456918327723564981891372654,2
240607050000019008001040070006805400800100005459076200900000000064980520080453000,248637159537219648691548372176825493823194765459376281915762834364981527782453916,2
001005900500900834003800001000092340200000006004080295005406082670009400000000079,841235967526917834793864521157692348289543716364781295935476182678129453412358679,2
004013005020560000500700006900001520005600003030205860010070450050009030007052090,764913285128564379593728146976831524285647913431295867819376452652489731347152698,2
027300610000270000403619270062000091890003000701092046200700400045026030009000000,927385614516274983483619275362547891894163527751892346238751469145926738679438152,2
081700052962005800075628090724013906000900400000000003800000040200350700017480000,381794652962135874475628391724513986538962417196847523853276149249351768617489235,2
090302000400005000006087000082700010500906080064008200009000042607050900040000008,195362874478195326236487159982743615513926487764518293859631742627854931341279568,2
730152400010086007600004001005090010100027050006500070401270680000800100003000005,739152468514986237682734591275698314148327956396541872451273689927865143863419725,2
020000600900760050050009108605007840082054007000000010070013900200070080060490701,721845639938761254456329178695137842182654397347982516874213965219576483563498721,2
920100040500008000183049057230010005800450370600800001350000000002091738791300520,926175843547238169183649257234917685819456372675823491358762914462591738791384526,2
007600004090500708504731090470310860625000000000000400000000000003040089800150000,217698354396524718584731296479312865625487931138965427961873542753246189842159673,2
708100000002005010000004080084600000206008009073450260000047000401026057607000034,758163492342985716169274385584692173216738549973451268895347621431826957627519834,2
009002470007900012400170030000000700001000826603020001500801060192000000000040009,819362475357984612426175938285619743941537826673428591534891267192756384768243159,2
064103080030280040005074000000016000008020450002009700020031864080062005006900073,264193587731285649895674312473516928918327456652849731529731864387462195146958273,2
390007406000900003706230100004000630867503902032009040400000001020006078000302004,398157426215964783746238159954821637867543912132679845483795261529416378671382594,2
000008100001007080607105020000506200075000096000970500510060030420001058006050400,952348167341627985687195324194586273275413896863972541518264739429731658736859412,2
032000000857940020406700009093508001705013008000000002004005006070080005560007010,932851467857946123416732589293568741745213698681479352324195876179684235568327914,2
507060000020040003043508602070800005000201467000400000090050300100923048030000509,517362984628749153943518672471836295385291467269475831894157326156923748732684519,2
470000020600007409200469000006900070000004060503601002908700050052090741004502090,479135628635287419281469537126958374897324165543671982918743256352896741764512893,2
310002960000050070078000000000900400030008796460070203152000030003006000000105007,315782964246359178978614352827963415531428796469571283152847639783296541694135827,2
268900134090000000000630080450809000986000005312564090005093861001000900639180040,268957134593418672174632589457829316986371425312564798745293861821746953639185247,2
008000140100500290020074050810000005060910704000000010030058000906002501007690008,578329146143586297629174853814267935362915784795843612231758469986432571457691328,2
010586032002710084060034510036057240007000800000061000003090006601000090090000120,714586932352719684968234517136857249547923861289461375873192456621345798495678123,2
410050800002010000000000096000800064300007000000160387601089000003200010020001039,419653872762918543538724196175832964386497251294165387641389725953276418827541639,2
000064002003702000690050000050000060800000200000096503341079025000020030500000910,175964382483712659692358147759231468836547291214896573341679825968125734527483916,2
002009000073251040090000217080500194060400008000810002000000075000160009036970400,612749853873251946495638217387526194261497538954813762129384675748165329536972481,2
100500700008000060503908000080010600200409000300807950000082000801790020090004010,124536789978241365563978241489315672257469138316827954635182497841793526792654813,2
000043016008060937000700425070400003009000061800050040900602108182005670050004000,795243816428561937316789425271496583549328761863157249934672158182935674657814392,2
037400125052000040490050003500327091920000074706000030060200007000071300000805006,637498125152763948498152763584327691923516874716984532861239457245671389379845216,2
001320867007050000293007004030014006000803090000062043419708052000190400000240971,541329867687451329293687514932514786164873295875962143419738652726195438358246971,2
400508000105370000080041050700010200051080730840000001000007005697153800004829603,473598162165372489289641357736915248951284736842736591328467915697153824514829673,2
000804070538607094000100200070350000000700900900000087092548000405076003007010409,129834576538627194746195238874359612263781945951462387392548761415976823687213459,2
000200000430000690000046820071060000506000081000012030068020300010058060200003010,685239174432187695197546823371865249526394781849712536968421357713958462254673918,2
379200040184000006000814090006102070910078060003065008028000000490500080000080402,379256841184397256265814793856132974912478365743965128628741539491523687537689412,2
000200670000010820000000001207508403003174290500902708009000000760389100000645000,918253674375416829426897531297568413683174295541932768859721346764389152132645987,2
090280351020905800380000040600091000040872600200000000067000004900040000402507000,796284351124935867385716942673491285549872613218653479867129534951348726432567198,2
900050040000109502002000010470010903010003070050907400120806050690040200080005090,961258347847139562532674819476512983219483675358967421123896754695741238784325196,2
060750000000000609000689150874502010000468005650017008026805090010076804048291060,169753482587124639432689157874532916291468375653917248326845791915376824748291563,2
020604700048790051073010480190350000005000120467021000200500000004032900039000010,521684793648793251973215486192358674385467129467921835216579348854132967739846512,2
826019050040030100090200000030860500400105730000020001000582009000040000080300245,826719453547638192193254876931867524462195738758423961374582619215946387689371245,2
400001908308790041000805300102000000500087000030004005007509000003008207060000000,475231968328796541619845372182653794594187623736924185247519836953468217861372459,2
740905102216700030093206040000829000060503000000000700034000578600050200025000003,748935162216748935593216847471829356869573421352164789134692578687351294925487613,2
080700000000650018600010920000030002030127009200409000002906000400285076008041005,381792654927654318654813927149538762836127549275469831512976483493285176768341295,2
000300024063502080000000001270000000090107040416290805000038007600010090731926450,957381624163542789842679531275864913398157246416293875529438167684715392731926458,2
036004000592180740148600030000009060900016380023005100000001003050000408460700020,736294851592183746148657239814329567975416382623875194289541673357962418461738925,2
010300690900014308030506001009001000200080460500000000100207000420809130690100200,715328694962714358834596721349671582271985463586432917153267849427859136698143275,2
008000000040070000700890036000700800602050017000001390580006209000000050204005000,958613724346572981721894536413729865692358417875461392587136249139247658264985173,2
000009074000217053057080010105000008020061000900008001510790006080140020403000000,261359874894217653357684912145932768728461539936578241512793486689145327473826195,2
406589030503042680092000005000210008601405090025000001008004720000900800004800903,476589132513742689892361475349217568681435297725698341938154726167923854254876913,2
000070000900043012003102004436028007059400000200006400024701500008030740000080003,142879635967543812583162974436928157859417326271356489324791568698235741715684293,2
300625000050090010400100005900014060020060003560009174002006081000000630000001009,319625748257498316486173295973514862124867953568239174792346581841952637635781429,2
102030968000200150700056040800000370974005002030060019007620000000500024001070506,152437968643289157789156243816942375974315682235768419597624831368591724421873596,2
951030470873000000004790000210000634006021908000369000360004097000013000040000000,951638472873142569624795813219587634736421958485369721368254197597813246142976385,2
815000607020000000967000840700005308050401090000020000000008900500019200090560003,815942637423876519967153842741695328352481796689327451174238965536719284298564173,2
001060780900407000000800004304070615002008003700300800620080501010530007075190300,541963782938427156267815934384279615192658473756341829623784591819536247475192368,2
008040370000981000165302000080605100000817040071230800810709200650003710702000690,298546371347981562165372489483695127526817943971234856814769235659423718732158694,2
098700450020005009500080026200800100700590640900200030309658200106032000850000000,698721453427365819513984726235846197781593642964217538349658271176432985852179364,2
300200109002001000509608007004100320000046050006002478071500004005000703000710002,348275169762491835519638247954187326287346951136952478871523694425869713693714582,2
084000100000040007009063000050000070720005300010730020030800410090407560540300080,284579136365148297179263854453621978726985341918734625637852419892417563541396782,2
060030819000240000300000240008000364000683000020490080006970400089060071030020098,462735819891246753357819246978152364145683927623497185516978432289364571734521698,2
027600105000020360800010972060187020080009000079062030031070000000000000004800700,327694185915728364846513972463187529182359647579462831631275498758946213294831756,2
305916000100402009000837501000074000014280970000001204200040097039765108768020403,345916782187452369692837541923674815514283976876591234251348697439765128768129453,2
803005006006000000042000000620000004300470000100000570250007090030062007069510028,813725946576394812942681735627159384395478261184236579251847693438962157769513428,2
905016000400000000080005310150000007000879050070052000862030500000200830001500006,925316748413728695687495312159643287246879153378152469862931574594267831731584926,2
002859670000004002000070001080002056045700830900000007000100068078945013000608740,132859674867314592459276381783492156245761839916583427524137968678945213391628745,2
206597001109000760040361002000050927600739400000004600000905070904073000570846000,286597341139482765745361892413658927652739418897214653368925174924173586571846239,2
095300100400500203023010000000080500004900000130000409906235870540800010082007906,695372148471598263823614795269481537754923681138756429916235874547869312382147956,2
001800509070000800002000001087320000609000000200400090006902100020100065004603207,461837529975241836832596471587329614649718352213465798756982143328174965194653287,2
200514030400790006080200000090005400308002197700000000006409300570000000034000600,267514938413798526985236714692175483358642197741983265826459371579361842134827659,2
103900087009000001084001500602100900001090300090000056000013892000009010015482000,163945287259837641784261539632158974541796328897324156476513892328679415915482763,2
010000970600971500000300602000196008946008037000700206400689721002410360000200040,315862974624971583798354612237196458946528137581743296453689721872415369169237845,2
080076200400008005201005000000000000700003680600010049006040000908031000030000070,385176294497328165261495738813964527749253681652817349526749813978631452134582976,2
006051370105879046020030105040000000002406500050927004000060000010540608000002001,486251379135879246729634185648315927972486513351927864594168732217543698863792451,2
000048930000200000000509000060010024020907015100320060290050148301000000700681090,572148936439276581618539472963815724824967315157324869296753148381492657745681293,2
006005108012000050000080609059620810600008000020003005000359002003801570580070000,946735128812964357375182649459627813637518294128493765761359482293841576584276931,2
200801706100470000000020901020700000080010592405030070841060000070980400900000000,253891746198476325764523981629758134387614592415239678841367259576982413932145867,2
000509304400000008050600007000400009002007651970000000563900800000250936001060005,127589364436712598859643127618435279342897651975126483563974812784251936291368745,2
090000560600400000010060002543070010000900250200050007001200094926700300070003006,492137568638425971715869432543672819167948253289351647351286794926714385874593126,2
500700000064302070201008340750000034009037160180400050610900080002800796800000000,538741629964352871271698345756189234429537168183426957615973482342815796897264513,2
009010068030064000400090050700039501508600904003080672007100000602950010080020040,279513468835764129416892357764239581528671934193485672357148296642957813981326745,2
070020000209703000040560200030100052000350480502000009103005600006018020900030005,675821943219743568348569271834196752791352486562487139183275694456918327927634815,2
000100509039420000700000040005340800390061005600000000900602053000019002200000060,846173529539428617712956348125347896394861275687295134971682453463519782258734961,2
100000086080010247002000013000090071010870000006001020620700050851000030074150062,137425986985613247462987513548392671213876495796541328629738154851264739374159862,2
000042007620030900407000000503006400009020070241900008000060590000810700000209841,398542617625731984417698253573186429869423175241975368184367592952814736736259841,2
030000010900851032000293400680470000020030860000908020000304200540729000890006040,238647915974851632156293478685472391429135867317968524761384259543729186892516743,2
005000061000570080710806530574960108060250070003704600040000310000180005000430806,485329761632571984719846532574963128961258473823714659248695317396187245157432896,2
000700050080000310109080072047050000200000090005130020006840000000090080370015009,463721958782569314159384672847952163231476895695138427926847531514293786378615249,2
379005621000000905006000070000974068000200000800350000024000836008003450605042100,379485621241736985586129374153974268497268513862351749924517836718693452635842197,2
586000700400076000007500004000150073130087950005003000953060000600040390042008065,586439721421876539397512684269154873134687952875923416953761248618245397742398165,2
000050234059284670006007589060030000007009000000060017970008103030000090080593046,718956234359284671246317589461735928827149365593862417974628153635471892182593746,2
304070500000000800080100073063507000010060000002009600150020780230000050400850026,324678591791435862685192473963517248817264935542389617156923784238746159479851326,2
900700000003602980024010000490870030501030000000090008070420500040301070000907203,965783421713642985824519367496875132581236794237194658379428516642351879158967243,2
098070000400190005000008940004200500000007000609000030006900008205003709003765000,598472613432196875167358942374219586851637294629584137746921358215843769983765421,2
000200400020105830080060209006008740740053100200700508000009080000502000000010900,963287451427195836581364279156928743748653192239741568612479385894532617375816924,2
097605008000820090003019060010504000750200004000060009931070800480000003072000000,297645138165823497843719265618594372759238614324167589931472856486951723572386941,2
230000005010403002000900004007000200002601008040009006000700030608105000400208000,234867195719453682586912374967584213352671948841329756125746839698135427473298561,2
090000048020050070000903206007000001000500739059007060216400000000619020000000015,593726148624158973871943256367294581482561739159837462216485397735619824948372615,2
060300090000670200003000016230910058051480672708526031314200000000064320000705104,167342895589671243423859716236917458951483672748526931314298567875164329692735184,2
134800075000900061050000302507090040096500700000607150900046000462000000380709004,134862975728935461659471382517398246296514738843627159975246813462183597381759624,2
900820000070015000500004010100008407060740329400590000010000095000009001059100670,941827563678315942523964718192638457865741329437592186314276895786459231259183674,2
040203801621000034083060000100009073076305018000700405400102080008600002010900300,549273861621598734783461529154829673976345218832716495465132987398657142217984356,2
500001700100980340036000000704000003000700609002000417070100008081075034000498072,548321796127986345936547281714269853853714629692853417479132568281675934365498172,2
070600300050400080008100020503008002000031000004002000081390006946000130020000079,472685391159423687638179524513748962267931845894562713781394256946257138325816479,2
008000540005300000000000006600730090030902001070004200090003602286001357703080010,328617549165349728947825136612738495534962871879154263491573682286491357753286914,2
300504020407908503820300960508030006000600000000400105784293051002045000003076040,391564728467928513825317964548731296139652487276489135784293651612845379953176842,2
000010590016409000790205000900000600865000070400596803000320000000761248680000000,248613597516479382793285164931847625865132479427596813174328956359761248682954731,2
002400500090700400040006003070300256231060870008270000813050040405007300020840000,382491567596732481147586923974318256231965874658274139813659742465127398729843615,2
052000307000090050900000600075920000000001005010703980593670200000009036160235800,452186397681397452937542618875924163349861725216753984593678241728419536164235879,2
090800002000003000640250080008630017060072803000008000310005000089000001074106358,195867432827943165643251789458639217961572843732418596316785924589324671274196358,2
410090078050040906968073000084120000500780010091054000000200090140000060000460103,413692578257841936968573241384126759526789314791354682635218497142937865879465123,2
000000020207405068450090103602000009700050600305800004000000001920500080040007290,169378425237415968458692173612743859784951632395826714876239541921564387543187296,2
302680100050000869000000000010043620000706900000100708004000580090500072600200000,372689154451327869869415237917843625248756913536192748724931586193568472685274391,2
000007596900081070000640018092065040000000000507003002600400005300050060001096000,418327596926581473735649218192865347863274951547913682679438125384152769251796834,2
000000280040120009039008060005700040020004300004090701780000000453080012000000000,571649283648123579239578164315762948927814356864395721786231495453987612192456837,2
040903000980070304032100900001720400000010698500000720000000000010036000003200060,146983275985672314732145986861729453327514698594368721658497132219836547473251869,2
631000000080501000020300000042680503000209740090030126054100070900004000006050410,631972854489561237527348961142687593365219748798435126854196372913724685276853419,2
403200000000006000206090010019820560000000427000000801100040970950078130007910005,493281756581736249276495318719824563835169427624357891168543972952678134347912685,2
190806000003007000860000000080100073309000826000000900000030090000049062052000030,194826357523917684867354219486192573319475826275683941641238795738549162952761438,2
506000000907340100040079302100020630000058000475000820603095070000007080004600000,536812947927346158841579362198724635362958714475163829683295471219437586754681293,2
700010200005029300960000005300905040804037509070000030001300008400000050050091403,783516294145829367962473185316985742824637519579142836291354678437268951658791423,2
000100057001720309020053160200305786560080900007640520000000031300001472170830695,438196257651728349729453168294315786563287914817649523946572831385961472172834695,2
160090000000000002784602590020460010509000870601908400400020000300700250206380047,162895734935174682784632591823467915549213876671958423497521368318746259256389147,2
040007089050300106000020050870204005000000068500708902003000504480070001010000837,341657289258349176967821453879264315124935768536718942793186524482573691615492837,2
803700005500389002000460730200904300438070009090802000080003010900040000002000090,863721945574389162129465738217954386438176259695832471786293514951647823342518697,2
006108000120500906047300050475200600000850021000603040080036017600700090091480360,956128473123547986847369152475291638369854721218673549584936217632715894791482365,2
546090800070000090829000000004903000703056009090780003010635247207149605000800900,546397812371268594829514376154923768783456129692781453918635247237149685465872931,2
000780400670020100008060027086100005007502003352800701090200000800074000725018004,239781456674325189518469327986137245147592863352846791491253678863974512725618934,2
300562104501000370406713000010874960087000003050000080030200600160930007000000039,378562194521489376496713528213874965987625413654391782839247651165938247742156839,2
350408020020037000600590073204083050583721000000000000036870040800000010000019680,357468129928137564641592873264983751583721496719654238136875942895246317472319685,2
301290060000037000090860003400700002000000140900142005102379080539620000600510020,381295764256437918794861253415783692823956147967142835142379586539628471678514329,2
503000200890352000002406080000760042900030061000048030010000000085020000000084600,563817294894352176172496583358761942947235861621948735416579328785623419239184657,2
170030020000200700302000900015407000000801040020090000000160008001080200080005094,178539426459216783362748915615427839793851642824693571947162358531984267286375194,2
090010000100005000230700901357409080000080703600003092000200809800060017073000000,798612345164935278235748961357429186942186753681573492416257839829364517573891624,2
206000009709050010003000005000007064600000300402009500004000038500006040908043000,256138479749652813813974625391587264685421397472369581164295738537816942928743156,2
000305008102087000000902700098000320403000500520000080907003002806200050014500800,749365218162487935385912746698154327473628591521739684957843162836271459214596873,2
180005040030000000205006800802900614000260089006108207060500470020040105000610900,189725346634891752275436891852973614317264589496158237961582473728349165543617928,2
096025400005006020308704609260030507009200010040000090082000700007480000610000000,196825473475396821328714659261938547859247316743651298582169734937482165614573982,2
020503761500016302013290050000000639006978000401030000189700020005180906060309100,928543761574816392613297854857421639236978415491635287189764523345182976762359148,2
050040007800700001010862000680007030000000602000306908038000000706004000509601703,952143867863795241417862395681927534395418672274356918138279456726534189549681723,2
008000090069000032000900700000100985030059026905604000004092300023746000090310000,478235691169487532352961748246173985731859426985624173814592367523746819697318254,2
907000000000370004052900078004106000000040005003709100018000490300000600270000580,937485261861372954452961378724156839196843725583729146618537492345298617279614583,2
070000004030750100000034007100003000850000019300481700500000490006300200000210006,675128934439756128218934657167593842854672319392481765521867493986345271743219586,2
205000001000800005007540060108306020090010000002050003000000400870030152420090086,285963741614827935937541268148376529593218674762459813356182497879634152421795386,2
010000200205003901370200000000030500500078300030650018700390000896000100040060009,419586237265743981378219645681934572524178396937652418752391864896427153143865729,2
019007060004890000070100439040080510080001007150904082090000020000419050000235800,319547268624893175578126439947682513286351947153974682495768321832419756761235894,2
080750901003000420001200003000620049005009070029400800007502604356000002102090000,284753961573961428961248753718625349435189276629437815897512634356874192142396587,2
457213009090600001106090000004321596600750083500000000000130020000000305070042000,457213869398674251126895734784321596612759483539468172845136927261987345973542618,2
701005004040210008600400000070080312000520007004000000800067403407359080310802090,781935264943216578652478139579684312168523947234791856895167423427359681316842795,2
000040060000200050893610200010020006050380090008000700089032017005000800231708609,527849163146273958893615274914527386752386491368194725689432517475961832231758649,2
817000003000000090029405107208093005034000010000054300000700002050000060900502001,817926543345817296629435187268193475534278619791654328483761952152389764976542831,2
030200500002000048080030020700805003620010007008060400090050000105309680260004900,937248516512976348486531729741895263629413857358762491894657132175329684263184975,2
000206007050090460600840010004300006060000103000060052000609720017480090900000080,498216537152793468673845219584321976269578143731964852845639721317482695926157384,2
000073042400000810057004900000000021000020685082060000060040150005090200009008064,918673542436952817257184936694835721371429685582761493863247159145396278729518364,2
024080065510300000000100304081003607060070003700090020150460000000030000000205780,324789165517346892896152374981523647265874913743691528158467239672938451439215786,2
100003200402015000000007410970050820205308740841000539754000100600070300300100000,187643295432915678596287413973451826265398741841726539754839162619572384328164957,2
000004800010605970503070600057000028006050094800000100000390007064080209001000000,672914853418635972593872641157469328326158794849723165285396417764581239931247586,2
000007906360000700080000004090205000800170069000009120600002000970564200512390007,254837916369451782781926354196245873825173469437689125643712598978564231512398647,2
082394001400000709060700420910602000800070012000841030001000297070029108098100340,782394651435216789169785423913652874846973512527841936651438297374529168298167345,2
030000126800001007000005080000150672650007310070860090420580700083710000907000001,735948126849621537216375984398154672654297318172863495421589763583716249967432851,2
079400108403005760105600039910502000840001025032840000054080200700004080290000004,679423158483195762125678439916532847847961325532847691354789216761254983298316574,2
000000018000300000204500730402005070001780023730600104108903007000800300350260000,573426918816379452294518736482135679961784523735692184148953267627841395359267841,2
003400000495080000872000000000745090540029078029800154050018940081004005004070010,163492587495387621872651439318745296546129378729863154657218943281934765934576812,2
234068000005701000007500000000643000003090240069850100090400003000079060306205800,234968715685721394917534682172643958853197246469852137791486523528379461346215879,2
437500800000003007950070032790014000500060010060900300300080100609100000802639005,437526891281493657956871432798314526523768914164952378345287169679145283812639745,2
360804090409352000005000040041006800690020000000103000000000300584000607000700054,367814592419352768825697143241976835693528471758143926172465389584239617936781254,2
000003820009680450000500100000009016980301000761200098090700000130024000005000000,657413829319682457428597163543879216982361574761245398294758631136924785875136942,2
000050701620070000300401000500098002010500080802004900190200008038165000205009010,984652731621973854357481629543798162719526483862314975196237548438165297275849316,2
070230061910080007200791500080050002105002600000000050020608100050309000860405700,578234961913586427246791538684957312135842679792163854329678145457319286861425793,2
400806050080030042005000608901003800000104307003080104004300200060040031030760000,427816953186935742395427618941673825258194367673582194814359276769248531532761489,2
400208009059010000300050140805000396032005071000090200003004000184500963000930000,461278539259413687378659142815742396932865471746391258693184725184527963527936814,2
090360000700902015000857060850003000300006498009070030500000600041030800900780000,495361287786942315132857964854193726317526498629478531578219643241635879963784152,2
082000000037001090459003100000309020008120000096000000871530069000002801000618500,182495736637281495459763182715349628348126957296857314871534269563972841924618573,2
804020010975084302102350804009501607047800200510000003201005009790008000056970008,834726915975184362162359874329541687647893251518267493281635749793418526456972138,2
001600379800300054000090800500160000400085120008400905034579080000201400000846000,241658379897312654356794812529163748473985126168427935634579281985231467712846593,2
172003408900600020300040050040030000001050234030000005719000000420009070800000301,172593468954678123386241759548932617691857234237416985719365842423189576865724391,2
002000000390760042070002000900600000100000054000004761000050006850006410026081590,612948375398765142574132689945617238167823954283594761731459826859276413426381597,2
060000002240160385031028700080003000600200030100094620008906100010052896000840200,865437912247169385931528764482613579679285431153794628528976143714352896396841257,2
090000017014000600070109230009030000100204073480970060000300000600002095002008000,298653417314827659576149238729536184165284973483971562841395726637412895952768341,2
090054800138090000060781030070925680900030750800400003513072000609000007700009000,297354861138296475465781239371925684946138752852467193513672948629843517784519326,2
704800162280001304100234970000500210010000587500007493000000009000002001840100005,734895162289761354165234978973548216416923587528617493351486729697352841842179635,2
000003800007041500063500400000065009000200000000307000072059308030100007904000205,415923876897641532263578491341865729759214683628397154172459368536182947984736215,2
600790015500613800009580763000009001300800900001200380060020140024008009900007000,638792415547613892219584763872439651356871924491256387763925148124368579985147236,2
005000080000008300800007194510082030000060840000904020102805000769040000300000410,435619782971428365826357194514782936293561847687934521142895673769143258358276419,2
500010920000000030004823050060041090000300006309208140001002869082006310603189000,537614928826975431194823657268541793415397286379268145751432869982756314643189572,2
645208000390050000002400069200089150800004020950000430020000745000005090000840603,645298371391657284782431569264389157813574926957126438128963745436715892579842613,2
042070013600010254005000709003740000068109070000005040300894000090000407204607901,942576813687913254135482769513748692468129375729365148371894526896251437254637981,2
860010000000009000007008134070106900001000000090280470250007613006002800030061002,863714259514329768927658134372146985481975326695283471258497613146532897739861542,2
510000002026050140400260070804172005000000080100830600240510030000403719030086050,518347962726958143493261578864172395372695481159834627247519836685423719931786254,2
480021700205037100000000000040070000790005460028100007007012000000368000050000600,489621735265837149371459826146973258793285461528146397637512984914368572852794613,2
360501040704000005000700030006000070500940026070130950047000200003070010900402080,369581742714623895285794631196258473538947126472136958847315269623879514951462387,2
000103804007004021100800030701030600930001050050240010070390000060010200000080063,695123874387964521124857936741538692932671458856249317278396145463715289519482763,2
000362000670000503800475961000207106000836450500900200080000090009008015700601002,951362847674189523832475961498257136217836459563914278186523794329748615745691382,2
060800310120500409000106000070600004006000580500004001000700193810050206039002750,764829315128537469395146827271685934946371582583294671452768193817953246639412758,2
000000904649005013007000600004310200200000090350000000500120067001600020000007000,125863974649275813837491652794316285218754396356982741583129467471638529962547138,2
300050007900000103702900046409008300600070009001005070506000418090540702007806935,314652897965487123782931546479268351653174289821395674536729418198543762247816935,2
000000005510070009623100000780053910900800073100700058097000001250080730360007590,879342165514678329623195847786453912945821673132769458497536281251984736368217594,2
028005310003090060400360507306500900105000000042600700004201006007840153830756204,628475319753192468419368527386527941175984632942613785594231876267849153831756294,2
470000060300040010650039420028065090900800000010904000090450280240001059805007041,479128563382546917651739428728365194934812675516974832197453286243681759865297341,2
080005301001000700600410000010030958963000000008070604000000200092108070175320000,289765341431289765657413892714632958963854127528971634846597213392148576175326489,2
000076324803004001000030009008650093030100700000002006900005030760900050050700002,195876324823594671647231589418657293236189745579342816982465137761923458354718962,2
003009400854000030200800100700060800482000005006008970008590000000087091000306048,163759482854612739297834156739165824482973615516248973348591267625487391971326548,2
040380000950100200283090001005009004804000902792004150070410009020008300009703400,147382695956147283283695741615279834834561972792834156378416529421958367569723418,2
004520000008039750902600030610083000000104000003206100020300806006090000401060305,374528961168439752952617438617983524295174683843256179729345816536891247481762395,2
903280050004001700000947000000000200026409030000002906008190670600030410107605093,973286154284351769561947328419563287826479531735812946358194672692738415147625893,2
600000500041600000900304000036000000000030802070865910080046090004280000060700080,623971548741658329958324176836192754195437862472865913387546291514289637269713485,2
100000000048070650002009300403006005090010800801050060200430096009100530004965080,135642978948371652762589341423896715596714823871253469257438196689127534314965287,2
380000960405000080000080547800123750503008106009500034700009018008030600001804200,387415962425796381196382547864123759573948126219567834732659418948231675651874293,2
900030008010025400400008320020080040090700000305400007548200760701000090000050004,972134658813625479456978321127583946694712835385469217548291763731846592269357184,2
700000008000000000002104370080400003005020960200590000093806020800005000004010700,741632598368759412952184376189467253475328961236591847593876124817245639624913785,2
700800003000009500020013940004000318102000400000090002500600000480120000006904051,749856123613249587825713946974562318162387495358491762591638274487125639236974851,2
000070320930000700240018000803700000700900483000836079000064000012500030609080542,561479328938625714247318965893742651726951483154836279385264197412597836679183542,2
060700001042050003081002005120300050000400100003000027007010008030080010810009042,569743281742851693381962475126378954978425136453196827297514368634287519815639742,2
000038401316042500408601320009007010061203045000090006003010800670000000184000650,257938461316742589498651327539467218761283945842195736923516874675824193184379652,2
036900000000670080000320000910800040000469007067200000058102076029080405004000028,736918254592674381841325769915837642283469517467251893358142976129786435674593128,2
501986000000100000308540060000800400140005809280030650010050000805270130732018000,571986342964123785328547961657892413143765829289431657416359278895274136732618594,2
908000020020905000753042090000007060136098405875164902087406010019003007300000000,948671523621935784753842196492357861136298475875164932587426319219583647364719258,2
053000008004038010000000000000004050100080297000600301030800500070006900085200000,753491628264538719819762435327914856146385297598627341631849572472156983985273164,2
600007000209080000500000090092030010006029084030040060345000900007006005900300400,613957842279184653584263791492638517156729384738541269345812976827496135961375428,2
000046708000180000087305210821400000700851920090000080108004079000963050950000000,519246738632187495487395216821439567746851923395672184168524379274963851953718642,2
100000800093078006060020001900805004001042600000069000800501062000200008007000390,124956873593178426768423951976815234351742689482369517849531762635297148217684395,2
820006090961000200000000000000408100100307080000015062008002006093054010006001924,825146793961573248347289651639428175152367489784915362418792536293654817576831924,2
060005928000090670200060305070510086600000050030008700743980562920000037056000090,364175928518392674297864315479513286682749153135628749743981562921456837856237491,2
000400291520891000004273580000000004670149000345020009050034600000517900930602040,783465291526891473194273586219358764678149352345726819851934627462517938937682145,2
080070024000394810000050370640200007000569000000740200056900003070000002932480750,385671924267394815491852376649218537723569148518743269156927483874135692932486751,2
000309705052860149970500000400905001800470000500000002000200000200730090098006204,186349725352867149974512863467925381821473956539681472643298517215734698798156234,2
976002183003080500080007060000500300460803000700049820094000608357008091000000000,976452183143986572582137964829571346465823719731649825294715638357268491618394257,2
008000000003008507574100000952003000007900080000600059030090025005020800000050406,268574931193268547574139268952783614647915382381642759436897125715426893829351476,2
008050000000000004702010089007004018901000000000130006400070052189260400000009000,698457123513928674742613589367594218921786345854132796436871952189265437275349861,2
700002643005000081000060000690000400002003700304600908000096127020007394900004000,789152643465739281213468579691875432852943716374621958548396127126587394937214865,2
800050000764190008010784000008300010140500307070461080020805030081230040430010002,893652471764193528215784693658379214149528367372461985927845136581236749436917852,2
000003807480000500600008014902061008360080000814900056008040090100000270000610080,521493867489176532673258914952361748367584129814927356238745691146839275795612483,2
702600000100000380006000007813059764000870903967300052041500670008700031070060208,732618495195427386486935127813259764254876913967341852341582679628794531579163248,2
078019000905007300000020000060500800209000045003072006302700500006000007000038260,478319652925687314631425978167594823289163745543872196312746589896251437754938261,2
310006000452070360009053002200500000708629410001000000105000708900010003003004051,317296584452178369689453172296541837738629415541387296165932748974815623823764951,2
005070000001000080470000905052300000709040050000000002520031708897402013310785620,265879134931654287478123965152398476789246351643517892526931748897462513314785629,2
040500700000007984070040130030102056005076300061300427080900001596000003010000500,349581762152637984678249135437192856825476319961358427783925641596814273214763598,2
000000007300004500070158093105000400000520008200409075060240009820090050009007320,951632847382974561476158293195786432647523918238419675763245189824391756519867324,2
000000906002003400005000000030027080020006000000094031004600010080900000100078305,317482956692153478845769123931527684428316597756894231274635819583941762169278345,2
008001409140600000020080701080400010509010004304968005000000002230006000400237100,678321459145679823923584761782453916569712384314968275897145632231896547456237198,2
690370204000002010702005308504020870000000540006043020100800060060000005205010400,691378254358492617742165398514926873923781546876543921139854762467239185285617439,2
090273008000500000850019007534802091000001000010497830005980200000004500070020900,491273658367548129852619347534862791789351462216497835145986273928734516673125984,2
000649100200000003000003700042006305080130207001005000008060090057000000039500000,573649128294871653816253749742986315985134267361725984428367591157492836639518472,2
029601000300900086650783920000016300083000609206409058030100800000590000000304295,829641537371925486654783921597816342483257619216439758935162874742598163168374295,2
706105942100000860000000037650900480074060500009504076900700004061403000407650019,786135942143279865295846137652917483874362591319584276938721654561493728427658319,2
000900207600400003300201840100000630062500084030020750900700406006000008250000300,541983267628457913379261845195874632762539184834126759983715426416392578257648391,2
309000000020100894000009302008601705005740080010250903004010007000874600070905008,349582176526137894781469352238691745965743281417258963894316527152874639673925418,2
812650700600007100007200500200500004509060017000002050050798462420006900090400801,812659743635847129947213586273581694589364217164972358351798462428136975796425831,2
020740060830000400004060000000680000600053904053100028702090005009500040000000091,521748369836912457974365182297684513618253974453179628762491835189537246345826791,2
001097000004026000000053849006570030273009154158200007000310900010000763009008000,581497326934826571762153849496571238273689154158234697647315982815942763329768415,2
000705006063000290090600080000004803280531060000000000605070402900046100438050000,821795346563418297794623581157964823289531764346287915615879432972346158438152679,2
001000003098200610003054289600820000084005020070000060007006190036000070102089506,521968743498237615763154289619823457384675921275491368857346192936512874142789536,2
007300000500001040410900020000000914300010000104867003000008030206104700800050060,627345891589721346413986527768532914352419678194867253945678132236194785871253469,2
000030691001049000030000000570400920060820005004596703090071802006080050800054000,487235691651749238239168574578413926963827415124596783395671842746382159812954367,2
102060007095008000678050039307000042210800060040000100004000370720934000850000000,132469857495378216678251439387196542219845763546723198964582371721934685853617924,2
800400260060002000000630890001504008204800005586720914907368002020150006010040089,859471263163982547472635891731594628294816735586723914947368152328159476615247389,2
090300000803005020046129070030800165000050002105030040400593000008704200069018500,291387456873645921546129873934872165687451392125936748412593687358764219769218534,2
023046097000150003000070406000000640049280000100005000480000530300024009900000000,523846197764159283891372456258793641649281375137465928486917532375624819912538764,2
006800030040600000090104205000009720600208049200050010300000107067000000000000050,526897431143625978798134265485319726631278549279456813354962187867541392912783654,2
000124690047090028960570040004800009030009000609005482003600015000000970070950004,385124697147396528962578341524861739738249156619735482493687215856412973271953864,2
000400672704096080001000004086000359000650000590080206608975400270040008040002000,953418672724596183861237594486721359312659847597384216638975421275143968149862735,2
704000208201000000008200040000768004009500023400030080802100405000609802306800097,764391258251486379938257641523768914689514723417932586892173465175649832346825197,2
039007010001080000450060902000420000048000300965000020080690000390000260716042800,839257416621984537457163982173429658248516379965738124582691743394875261716342895,2
030480000200009043041000807002001080304658901008090700000060000800000070507830190,735486219286719543941523867692371485374658921158294736429167358813945672567832194,2
560300072802607000070020810003005794400270061000400008200930100930700040700000209,569318472812647953374529816123865794498273561657491328245936187931782645786154239,2
205000090960000000000093000500014020040902503300085049002030610090851230010620900,235146798964278351781593462579314826148962573326785149852439617697851234413627985,2
040802000015000203080010007800300100309001024751008300000000708000057030072083019,647832951915764283283915467824396175369571824751248396536129748198457632472683519,2
250004170180700000074132000000006000002040907098500001349000605000050004760000280,256984173183765492974132856417396528532841967698527341349278615821659734765413289,2
079000030000002008000013650900050306000300000305960004817000040654070800203400007,579846231136592478482713659948157326761324985325968714817639542654271893293485167,2
000000000502068000000015630000082003000040810080301006003007460200000500094020070,641973258532468197978215634715682943326749815489351726153897462267134589894526371,2
000007502097002000000064070620780401080040700000019000002095310000070020068020907,846137592397852164251964873629783451185246739734519286472695318913478625568321947,2
921700400780106000500000000000260038062500040300008620400000907250090304697001000,921735486784126593536984271145269738862573149379418625413852967258697314697341852,2
042005001000400000050100600008000900000210008700058010100946083435800100900030040,842765391671493825359182674218374956564219738793658412127946583435827169986531247,2
809172034035094200200503800003700400000200370527000609400905000002410006950000043,869172534735894261241563897683759412194286375527341689416935728372418956958627143,2
000620107301904060050000809800006004004050023605400081080007400000000506562109378,498625137371984265256371849837216954914758623625493781183567492749832516562149378,2
800057900070090082900840100000082650658310709702000800580620010010008000004500000,831257946475196382926843175193782654658314729742965831587629413219438567364571298,2
400160000901030700000000640003000902000809304090500100000900570029300000800000030,472165893961438725385297641543671982617829354298543167134982576729356418856714239,2
700060203000000000052039784000000070000005800007610405500320000301978652080000300,718564293934287561652139784425893176163745829897612435576321948341978652289456317,2
360000090700001000091000080000304970003175604075060018849513260602907800030020049,364758192728691453591432786216384975983175624475269318849513267652947831137826549,2
000460009050700062007509400084190003900000107003007090370900080002604730800370900,218463579459718362637529418784195623925836147163247895376951284592684731841372956,2
900510006210600090600209030000960000080700600009001002004350820700090041000004900,943517286215638794678249135327965418481723659569481372194356827736892541852174963,2
200000008058000019009208375000420090700035000400009006974000831000003050000100002,237591468658374219149268375581426793796835124423719586974652831812943657365187942,2
000070039800690240901005007003800000179060020004019050090006000340050070015900300,456278139837691245921435867563824791179563428284719653792386514348152976615947382,2
830500020000000306610307009058000400300009600907000010000080130100900068086013004,839564721725198346614327589258631497341879652967452813492786135173945268586213974,2
040070800005803600800060020000102000072306500008709400003000180400000059090000207,649275831725813694831964725564182973972346518318759462253497186487621359196538247,2
200407000057001002308200007132005098000010320094002605000000000001074039080109400,269457183457381962318296547132645798576918324894732615945863271621574839783129456,2
600400003030760890079800050307004500000200600080005047090017062002000980100000300,618459723235761894479823156327694518541278639986135247893517462752346981164982375,2
000300500508064000693000012000200001080009650906700080100840006800005070702000000,471392568528164937693578412345286791287419653916753284159847326834625179762931845,2
030000084000008905500300600004002009019070300003510000300091070000263000041085003,132956784476128935598347612754832169219674358863519427325491876987263541641785293,2
008100420030700100040095007460300519001006082800000064200000001000004070750001240,978163425635742198142895637467328519591476382823519764284637951319254876756981243,2
760020048058030009140008025080000012502600700014000000801300407096000850005800293,763925148258134679149768325687543912532691784914287536821359467396472851475816293,2
050830006000096008096201040000403160540600089000900472000140037300700051080300004,752834916413596728896271543279483165541627389638915472965148237324769851187352694,2
203009100705213080090000000000520000028000905530100268050000004009700536400030000,283469157745213689691857423964528371128376945537194268352681794819742536476935812,2
090500480807006050450008973021704000604210000079063000010600000068401305700080010,192537486837946251456128973321794568684215739579863124913652847268471395745389612,2
009500004000001020005490060526040300984000000073800905600010800000350092000070000,869527134437681529215493768526149387984735216173862945652914873741358692398276451,2
500000010739800006000007008000092005600000900800000600008050007956700040007180060,584269713739841256261537498473692185615478932892315674148956327956723841327184569,2
010260870900040000000003005530026700601074502709301608000537080090010056000000200,413265879956748123278193465534826791681974532729351648162537984897412356345689217,2
000100702700000500080005160500900004094030010012406075040302050000804001035600000,459163782761298543283745169576921834894537216312486975948312657627854391135679428,2
080904500105230000024780006800073060430500082001000040009008000203047009748000000,386914527175236498924785316892473165437561982651892743519328674263147859748659231,2
008700000901002060720009148819405020070980000000000000000000006003001504050038091,368714952941852367725369148819475623276983415534126789192547836683291574457638291,2
