043000102009407080278530904004006030000010000000308250007060500850190000000000003,543689172619427385278531964924756831385912746761348259137264598856193427492875613,4
405006209080952074960840150039280000000000890250060030510600020090000000607300000,475136289381952674962847153739281465146573892258469731514698327893724516627315948,4
607019003100000790000005201015086070080500000769001450001072005000900100000008037,647219583152863794893745261215486379384597612769321458931672845578934126426158937,4
290350070010678000037009010100530900500000040000162000000000001000026850600713000,296351478415678329837249615172534986563897142984162537329485761741926853658713294,4
000420009200035007000807002100506408060002075004008000015700020920600754007204000,783421569246935817591867342172596438869342175354178296415789623928613754637254981,4
080007000504120090070500360700200000035749206029631700008010070050400120002870040,283967451564123897971584362716258934835749216429631785648312579357496128192875643,4
000250300500300120090107060420718000739000001681003050050892600000601594900400200,168254379547369128293187465425718936739526841681943752354892617872631594916475283,4
570100000140270800000093057000906000001082000602050000007001409005020300906040502,573168924149275836268493157754916283391782645682354791827531469415629378936847512,4
325107604800090003409020085130000070058070030700600000080005001500009060240013057,325187694861594723479326185132958476658471239794632518987265341513749862246813957,4
312600008900043010074120300008500000020000080030481000060857040140269803859314006,312695478986743215574128369698572134421936587735481692263857941147269853859314726,4
500740920091800000342095000000004607820000450634580100900000010070961340410000209,586743921791826534342195876159234687827619453634587192963452718278961345415378269,4
001070800760020190295003600100000980030400050026080301000000000500146009070000400,341679825768524193295813674154362987837491256926785341419237568582146739673958412,4
030540060800300005060080003600401307703008042040000106000905630300700204020000000,231547869897362415465189723682491357713658942549273186174925638358716294926834571,4
070000509001059002500000730000000265000501090450096100045083900009007004603040000,276314589831759642594862731917438265362571498458296173745183926189627354623945817,4
790060000051080904038000100500300400010020005003005021040670008806090010000500000,794163852651782934238459176582317469417926385963845721345671298876294513129538647,4
060090000000180060040700190924000501078200049135948270000000610200010700710860900,361495827597182463842736195924673581678251349135948276459327618286519734713864952,4
002700103009003025300000800120407600008312900903650007207930580590801300800506700,452789163789163425361245879125497638678312954943658217217934586596871342834526791,4
600830704052000001078045009000008000805090207060050008000960100006001405009500370,691832754452679831378145629924718563835496217167253948543967182786321495219584376,4
000900083050700000006000004700308900089065001504109032007000090120090300940030017,471926583253784169896513724712348956389265471564179832637451298128697345945832617,4
080000509003051008051806200576004002240007350008029040010205900800003724002068030,687342519923751468451896273576134892249687351138529647314275986865913724792468135,4
700010003010090057005726009500200000020009010940000002293145768108630200600080531,769518423812394657435726189581273946327469815946851372293145768158637294674982531,4
080300164000941000710608095030200000000000509500809000420786053803094210690132807,289357164356941728714628395938265471162473589547819632421786953873594216695132847,4
290658700800041000010000005020019030000703002000405100009080000502096840108037096,294658713857341269316972485725819634481763952963425178679584321532196847148237596,4
600000507000000090501470068057920400900530800030100900480701605000000001005860000,648319527723658194591472368857926413916534872234187956482791635369245781175863249,4
031002000820400037006300102002790504017004003009020086003050460008000020000030901,731562849825419637496378152682793514517684293349125786973251468168947325254836971,4
000060005000930240006080000600090010900000502730420908050318020003040001109057300,392164875871935246546782193628593417914876532735421968457318629283649751169257384,4
270004006100307000000601002529800140006000807830145209300018670700060000680030000,275984316168327495943651782529876143416293857837145269392518674751462938684739521,4
000072900800001240372094000020000390135000070940306500060900050519700008200060009,451872963896531247372694815628457391135289476947316582763928154519743628284165739,4
200089000000006000048105730130000080700031920069270003010950078900007301800013090,257389164391746852648125739132694587784531926569278413413952678925867341876413295,4
010083000308006000007154028030017209784629103129400870000308060690042700070900030,215783694348296517967154328536817249784629153129435876451378962693542781872961435,4
913702600620080000078000000000063020302140790400000061749820103001000000806000042,913752684624981537578634219197563428362148795485279361749826153231495876856317942,4
400000035000654028508073000050740300043805200607030084106002003004007009090080100,469128735731654928528973461852741396943865217617239584176592843284317659395486172,4
009300604600050000138004790003007408807500910401600000014030050000070040306400107,579381624642759831138264795253917468867543912491628573714836259985172346326495187,4
120007903006000700400030200540080000802070000090200087064023005705008024081045300,128457963356892741479631258547389612812576439693214587964123875735968124281745396,4
000905020018006000250800700385690170000107000070003050800000030003060000921000005,736915428418726593259834761385692174694157382172483956867541239543269817921378645,4
005007000400009726700000153163805000502400600807060030070006001018704900350900400,635217894481359726729648153163895247592473618847162539974526381218734965356981472,4
700083900394621805010749360401800700270164530008097400000000000900006103140000050,726583914394621875815749362431852796279164538568397421683915247952476183147238659,4
005006000809000306000905804900800642000000709206309500100590003094768125000003000,435186297819247356627935814973851642581624739246379581168592473394768125752413968,4
246003009000025008008000062384070090617009204509400780000000907892067010005001800,246183579973625148158794362384572691617839254529416783461258937892367415735941826,4
100004000070020108000000009740300805803597604051000003400031000300285000008469700,189654327674923158235178469746312895823597614951846273492731586367285941518469732,4
700390405300020007020074003210006038045083712090217604000002309070000086036040270,768391425354628197129574863217456938645983712893217654581762349472139586936845271,4
000100400000079001009030005000207016812960300005304800300001060000000970900840100,276158439538479621149632785493287516812965347765314892354791268681523974927846153,4
800200196000040000067000050700400260090162730000000500300701002008000910010003075,854237196931546827267819354783495261495162738126378549349751682578624913612983475,4
083006020094010603070003084360082009840061030000045060730120006002670000000009070,583496127294817653671253984365782419847961235129345768738124596952678341416539872,4
050000492002009005008000006060200000000091060029756380004083900213904008986010740,651837492432169875798425136367248519845391267129756384574683921213974658986512743,4
090000207500900043300000108803000400200700030050302061070050024905200386002890710,496138257581927643327465198863519472214786539759342861178653924945271386632894715,4
800000001700512800205000007940071605007305004000604790300740000080000000009108302,896437251734512869215986437943871625627395184158624793362749518481253976579168342,4
203000004090020050000093010307860025000070000480100036700200503620030000038700000,253618974196427358874593612317869425562374189489152736741286593625931847938745261,4
007900003010080600823000900000639007400008000070100060000293108030405790901800430,647951283519382674823746915182639547496578321375124869764293158238415796951867432,4
600023000300069080094000306006300045000248000003950008530600491260500830079030602,685423719312769584794185326826317945957248163143956278538672491261594837479831652,4
000100060300070090000500700000410020012060400046007105609081300008203007007000080,785149263364872591291536748973415826512368479846927135629781354458293617137654982,4
700819003000000701401006500027084015040030200000000847106072904000401008000908002,765819423892543761431726589927684315548137296613295847186372954279451638354968172,4
004610500000000700001000062045070000200304100300520080000008050600030021918000300,734612598862945713591783462145876239286394175379521684423168957657439821918257346,4
080000100360000000020504830400000003008010940005002018000053000000040026940028001,584379162367281594129564837416895273238716945795432618672153489851947326943628751,4
320040800064038000001057634000090050610074008050381400040003980970400203100829540,327146895564938172891257634483692751619574328752381469245713986978465213136829547,4
560040070490002000270801950900000728800000600700100435602005040300006500150000069,561349872498752316273861954915634728834527691726198435682975143349216587157483269,4
000080027008300951090001048406020070910700206200010403000008704070005010000207069,134589627768342951592671348486923175913754286257816493625198734379465812841237569,4
201906400539801720086000000090300204000000090000408030000260007004580000067000800,271956483539841726486723915698315274143672598752498631815269347324587169967134852,4
000801096175209000896040170013085009700024050004006000030090020050000800008400910,342871596175269438896543172613785249789324651524916387431698725957132864268457913,4
010700980806934000000020000000000030000002107409003800600071309108259706700006010,314765982826934571957128463281597634563482197479613825642871359138259746795346218,4
000030000803070060000080300709000000018300405204108003900000207127009000080002690,462935718893471562571286349739524186618397425254168973946813257127659834385742691,4
001000058700050039090003200460380021009000300000049000100608000000002805902475103,631294758724851639598763214465387921819526347273149586157638492346912875982475163,4
000200301960480705072065000480021000009000602600308000010900000890540000206810430,548279361961483725372165948487621593139754682625398174714932856893546217256817439,4
536009071071600000809200306052961704090300002000020030167030890000090027900000400,536849271271653948849217356352961784794385612618724539167432895483596127925178463,4
000300004040001762000002300030004200900136045010200000650000913080903070003050420,725369184349581762861742359536874291972136845418295637657428913284913576193657428,4
000050000700268350004190000005300642673800090942500007009400080400620013300001405,238754169791268354564193728815379642673842591942516837159437286487625913326981475,4
083409700070800690001070040018900000000085000340000500097604305104008070000700008,283469751475831692961572843518946237729385164346127589897614325134258976652793418,4
100460200200109600960000003309027500040301020070005030020056001000003708600700002,135468279287139645964572813319627584546381927872945136723856491451293768698714352,4
800276000140050026000000803008009000020501000000680040317090080080000000050030001,835276194149358726672914853468729315723541968591683247317495682284167539956832471,4
600014795020800040000000008097503016000001807010000950839162000070308000104750000,683214795925837641741695328297583416456921837318476952839162574572348169164759283,4
860251000040968201010304080030005470900000010470020800720539068000406900600000045,863251794547968231219374586138695472952847613476123859724539168385416927691782345,4
410006020003000061060008430684035172000000083009180650306001740502609310071400290,418396527953247861267518439684935172125764983739182654396821745542679318871453296,4
009037040500084900307000825005003702032971008700025000100002503200000000058319070,829537641561284937347196825985463712632971458714825369196742583273658194458319276,4
300451670017869435046002890159046007000100500083500004001085000924613050860004000,398451672217869435546372891159246387472138569683597124731985246924613758865724913,4
685090003000003506040000097008402930410500002003906000000004009000300160530009028,685791243927843516341625897768412935419538672253976481176284359892357164534169728,4
702000513000009270035002608043000006810403005000100340001370002000080057000005830,792846513168539274435712698943257186816493725257168349581374962329681457674925831,4
063040918005000040000000360650380009097006100008700603800400000000900406009003827,763245918985631742214897365651384279397526184428719653836472591172958436549163827,4
507000003100006004040307010870102400301048057465970000258000301714805009000400078,587214693193586724642397815879152436321648957465973182258769341714835269936421578,4
709000020800007003032500000060240000407010000358600210000068100170002098004000036,719386425845127963632594871961245387427813659358679214593768142176432598284951736,4
037805402240067000006000000600900200400580306002000084004258710020000805005030609,137895462249367158586421937658943271471582396392176584964258713723619845815734629,4
017000300450100080203070010600083200000210900072900005000000008004300007008020040,817694352456132789293875416649583271385217964172946835731459628524368197968721543,4
540026910067009824090408076000000640000002098026080705002803469689201057400690000,548726913367519824291438576813975642754362198926184735172853469689241357435697281,4
053000608400300000807260900504190002008702090002040506700600000281000000005920300,953471628426389751817265943574196832368752194192843576739614285281537469645928317,4
075000800068000743030000060800135004349267108016800300000010900090300210150000080,475693821968521743231784569827135694349267158516849372782416935694358217153972486,4
080070600020900038030800900009023000050600790200490080700080300000030050043009070,981372645427956138635841927879523416354618792216497583792185364168734259543269871,4
800600001130070590920150060010027000008900100640530200500280000060009004480760020,854692371136478592927153468315827649278946135649531287593284716762319854481765923,4
070504000005198207090002410054680700080059000902400000530000021009020006400010300,271534689645198237398762415154683792783259164962471853537846921819327546426915378,4
020700400050034060083006025300012600002908000860300002005000000600403200200050307,926785413157234869483196725349512678572968134861347592735821946698473251214659387,4
000040700042100500700930800584601307020007000030000201265000000490000070073002950,359248716842176539716935824584621397621397485937854261265789143498513672173462958,4
073600052010002003052008091041090060789061300060830010400080079100070500500006030,873619452914752683652348791341297865789561324265834917436185279128973546597426138,4
003000081640021300001438000002107054064080100810040067020004000000613700006270018,273596481648721395951438276392167854764985123815342967127854639589613742436279518,4
719400002030906005056310009140000500500001007097002080405008090371000050000050400,719485632834926715256317849148769523523841967697532184465278391371694258982153476,4
007000000800090603900003010093416850100205430080730000000008002400060300059040086,317624598845197623962853714293416857176285439584739261631578942428961375759342186,4
003080054080500076000004000401000500379805600025000037508030000032000400647900200,793286154284519376156374892461793528379825641825641937518432769932167485647958213,4
630002900021090003000003071000586000009031000576240030207050310800017002160300890,634172985721895463958463271312586749489731526576249138297658314843917652165324897,4
000008512000541900300600800013080704069034185740105203080000020430000600006000001,694378512872541936351629847513286794269734185748195263185467329437912658926853471,4
000003090603700000409600007708094006004000000590200300307002800902860713016037040,175423698623789451489651237738594126264318975591276384357142869942865713816937542,4
650008300209063150000509200726000800914830502835000614000087030308605701000001068,651278349289463157473519286726154893914836572835792614162987435398645721547321968,4
357008061210007080080610000030240710400000692100700005062500149740000300590004807,357428961216937584984615273635249718478351692129786435862573149741892356593164827,4
000406100020080007010090005800204000076000480490030700260140003000060074740009010,937456128524381967618792345851274639376915482492638751265147893189563274743829516,4
000040050071080900500719030690070205010200076027006410730004100004800093000100000,986342751371685924542719638693471285415298376827536419738954162164827593259163847,4
957008146010906785400070293200000560680052410175000000800005904520000800794800602,957238146312946785468571293243187569689352417175469328831625974526794831794813652,4
080002000090504060000093005962007004105600020800025000000201046000048302429000870,581762493293584167674193285962817534145639728837425619358271946716948352429356871,4
410820070005003210020070004200060000097000002000250400801000305046005827030000060,419826573785943216623571984254169738197438652368257491871692345946315827532784169,4
800320010130000000706510203001830005080040000023970108060001300004000706000000090,859324617132687549746519283691832475587146932423975168968751324314298756275463891,4
460007100007300060000680007653009014802400576700000003030000000240030759000800041,465927138987341265321685497653279814892413576714568923139754682248136759576892341,4
090065030810000062050301000008130040020690800030008007385700200900200400200509370,792865134813974562456321789678132945524697813139458627385746291967213458241589376,4
354091006001060004968734050002900080015086020000302007000020043003800700006073098,354291876271568934968734251632917485715486329849352617587629143193845762426173598,4
000043000001090354080501000000365080090080000800004105560009028209050600470000001,956743812721698354384521976147365289695182437832974165563419728219857643478236591,4
470080000800460002516237008000050007003600001000724060000016024000843009040000013,472189536839465172516237498264351987753698241981724365398516724127843659645972813,4
600003000000006901008045032700002090004807316006419270067031800030004000249578160,692183754453726981178945632715362498924857316386419275567231849831694527249578163,4
090370060726015040400268079907040002012890050040021090501400900009006021274000086,198374265726915843453268179987543612612897354345621798561482937839756421274139586,4
005830041048071950031054728010900087300000009000040302053487090000000105207090030,725839641648271953931654728416923587372518469589746312153487296894362175267195834,4
600200840000306000780051090809102306060975410410000020508000709940000200000029000,651297843294386175783451692879142356362975418415863927528614739947538261136729584,4
304000060068005003019000500130294806402560009090007000020040000001003040045970031,354829167768415923219736584137294856482561379596387412623148795971653248845972631,4
008641093041000200760000000096218030810000005027903080080000040000000072975400000,258641793341897256769325814596218437813764925427953681182576349634189572975432168,4
040003007000600020000150090600500700000060081700008045030001870014000003000205006,142983567395647128867152394681524739453769281729318645536491872214876953978235416,4
578012904940500001023049608004000390300490580890300017231904875480100000009200043,578612934946583721123749658764851392312497586895326417231964875487135269659278143,4
050010064004020300670450210005060070060180090000500136030045029506230000407001580,352817964184926357679453218915364872763182495248579136831745629596238741427691583,4
700000000006185004008000209200708900809000450071900006000070603400006105090010780,743692518926185374518347269254768931869231457371954826182579643437826195695413782,4
765218000231000600849300000000080715050031004907452386082093007004005000190074000,765218493231549678849367251423986715658731924917452386582693147374125869196874532,4
508020000400500238720803900070600100906000003080730040650001000007008406804000020,538429761469517238721863954375694182946182573182735649653241897297358416814976325,4
010005802036700040208000057600007000850039476009650001402573908000000703000106000,917465832536728149248391657624817395851239476379654281462573918185942763793186524,4
000908000802010450090020006000431000000867000307250001420100090081602004500004120,765948213832716459194523786658431972219867345347259861423185697981672534576394128,4
200605000500407032036290040000064000003109458408002000047980026060023900052740381,274635819589417632136298745715864293623179458498352167347981526861523974952746381,4
030050140800000030050300060015000020008062000020030090083100600040093285570008304,937256148862914537451387962615879423398462751724531896283145679146793285579628314,4
004000002896040000000960400050834007713200004248000060005000001480720000067003500,134578692896342175572961483659834217713296854248157369325689741481725936967413528,4
395060407400509030000000900010800049009040000002300706900600000007005098200983670,395168427426579831178234965713856249869742513542391786984617352637425198251983674,4
503001084400509003000000506010790652607850000002000000705000429006020130100070800,573261984461589273289347516318794652647852391952136748735618429896425137124973865,4
870006000025380007006100200002090041947018630008460705501900326004000500700600000,879256413125384967436179258652793841947518632318462795581947326264831579793625184,4
001000200450700809003180640000010028042000003080200000030050900798001000000004070,871946235456732819923185647367419528142568793589273164234657981798321456615894372,4
060380090954027386380060100408050970039710005000408030800206400023000009006009000,162384597954127386387965124418653972639712845275498631891276453523841769746539218,4
010752400420000060075400020100340879040127000507098200056810302000036000081200050,618752493423981567975463128162345879849127635537698214756819342294536781381274956,4
400700002018000400602004830050809000020103008800670020080000190900400080041980005,493768512518392476672514839156829743729143658834675921387256194965431287241987365,4
680300092250006070079014685000700003030129840097008250003081720805072039702903500,681357492254896371379214685428765913536129847197438256963581724845672139712943568,4
040060000832104657560073408304000016675900023018000700480310000050406071006700380,749568132832194657561273498394827516675941823218635749487312965953486271126759384,4
900100020010005600004000180091208735000009200073510008400060079100700000006004002,967183524318425697524697183691248735845379261273516948452861379189732456736954812,4
600412709000608500890007046006020000020503060030900007701000008080000000200079000,653412789174698532892357146916724853427583961538961427741235698389146275265879314,4
261400978530280100009601235708560002600700480004098007006027500900806701002905803,261453978537289146849671235798564312615732489324198657186327594953846721472915863,4
060500092700209603040003500084000035000095026090000000010000300500600708030010050,368571492751249683942863571684127935173495826295386147817952364529634718436718259,4
020300907579004006600090408060000000857012004092070065006008009740905001085000003,428361957579284136631597428364859712857612394192473865216738549743925681985146273,4
207005030004001290530049007970006851006000020800590476009100048105000763708050912,297865134684371295531249687972436851456718329813592476369127548125984763748653912,4
002380000009006010500040370060593000950400601027000054001000020075030049200100800,742381596839756412516249378164593287958427631327618954481965723675832149293174865,4
095201030600900012801007600007020300300000006280103040002016954000030128000090060,495261837673958412821347695547629381319584276286173549732816954964735128158492763,4
068040000100007026200810040001700052000005010700109004009600200312508067047231098,968342175134957826275816943491783652823465719756129384589674231312598467647231598,4
054000079306897001109430006905068702400500100001900005040000017000050060500000280,854621379326897451179435826935168742462573198781942635643289517218754963597316284,4
020000690008540721001000003007034010103098002800700030289050000516020300700080050,425371698368549721971862543697234815153698472842715936289453167516927384734186259,4
053006029012430000600025000394000578100007342270540901001269085000081000009000006,453176829912438657687925134394612578165897342278543961731269485546781293829354716,4
610200003004000085000019206100000500025400010800102000000000067360000950987501002,618245793294637185573819246146378529725496318839152674451923867362784951987561432,4
754600002001008940800302000100005060405063200603970050060007419300090600900086000,754619382231758946896342175189425763475863291623971854568237419317594628942186537,4
108092507209060410070018392810900030050004000006170050000709000062830005090200083,148392567239567418675418392817925634953684271426173859384759126762831945591246783,4
000027040020000867300080002000002570050003200000006013698034000001098000702561000,819627345425319867376485192163842579954173286287956413698234751531798624742561938,4
060700023059001006000400500006580200800100060290000000001800350640050918080000070,468795123759231486312468597176583249834129765295647831921876354647352918583914672,4
300080205000346007070015300007053000020001000160800073010000720034000900092070600,346987215251346897879215346987453162423761589165892473618539724734628951592174638,4
710028000098100070003070080007003051000702604500010020804000010902030000105000009,716328945498165273253479186627943851381752694549816327834697512972531468165284739,4
590080470000000000821000690640921030009005064050600809204030900007500000365090040,596382471473169582821457693648921735139875264752643819214736958987514326365298147,4
009000804803074060000500000008010090100900400302040000071230008200756901930080720,719362854853174269426598173548617392167923485392845617671239548284756931935481726,4
020107063058460027300209000805020700000500006000008205000870051087002000030005000,924187563158463927376259148815624739792531486463798215249876351587312694631945872,4
489605070000304500350708000025007000798230400634009000540901026817560034962800100,489625371271394568356718249125487693798236415634159782543971826817562934962843157,4
406020090180040600002800401001070080840010070000000109200060043018200000704300015,436521798189743652572896431921675384843912576657438129295167843318254967764389215,4
001004000706010000042307500329005071000000000568071090010706209095080700207000060,951624837736518924842397516329865471174239658568471392413756289695182743287943165,4
906100002280600000470002018000400300600000009320800070040300090500001807060790020,936148752281657934475932618857429361614573289329816475742385196593261847168794523,4
054030600900000000006057310009080200802000009405009000020000005003760400548200761,754132698931846527286957314379581246862374159415629873627418935193765482548293761,4
054030001701520800803710405035068790187492600000357100940280307510000040070040500,254836971791524836863719425435168792187492653629357184946285317518673249372941568,4
908003501031085002540007000100008720020000000600310805090004217007230050200706080,968423571731985462542167938159648723823579146674312895396854217487231659215796384,4
072006000100008020009257006504003000023071600700400350010780043030904005490600000,372146598156398427849257136564823719923571684781469352615782943237914865498635271,4
030040700800103000400600030078035419500709300003080570004000900705000820089357100,136542798892173645457698231678235419541769382923481576314826957765914823289357164,4
006030048300060007014050360005000409000040070403500680002683704801007596047195000,526731948389264157714958362275816439168349275493572681952683714831427596647195823,4
007008329000603780020179065019732850240905003300810602030006940000000016006091000,167548329954623781823179465619732854248965173375814692731256948492387516586491237,4
400901003600007408900040050206530807007004539503170624809000300020000900060700185,452981763631257498978346251246539817187624539593178624819465372725813946364792185,4
500781900908200070210000000050017008080460000730002000620004803300608500004030026,543781962968245371217396485456917238182463759739852614625174893391628547874539126,4
008034050046000070300006408602000034810000900000010000480500006561382709070600003,928734651146958372357126498692875134815463927734219865483597216561382749279641583,4
367459200502160030410283000900871300001900800806020010000600100000005020108000060,367459281582167934419283675924871356751936842836524719275648193693715428148392567,4
000056000080410000001970050000300010012060045308000200057600000003204001090587003,429856137785413962631972854546329718912768345378145296257631489863294571194587623,4
000020085000784060480501090542000300790400218001002000009010000000643957000800000,137926485925784163486531792542198376793465218861372549659217834218643957374859621,4
020186503008000040100500209705309008000460950006000432500034060001950324000000000,429186573358297146167543289745329618283461957916875432592734861671958324834612795,4
001007908700689000060213450403761005000390000006542703200005006600100030000806020,321457968745689312968213457493761285572398641816542793284935176657124839139876524,4
900005308800009000435860007008973000060500900107420005004090063601004709320600401,916745328872319546435862197548973612263581974197426835754198263681234759329657481,4
008100600013460500064805300805300200006709150041256009400600020602500900057900060,578193642913462587264875391895314276326789154741256839489631725632547918157928463,4
080000009470129050900483002032040008504001000700602501010200307040018600820360000,281576439473129856956483712132745968564891273798632541619254387347918625825367194,4
060809000914500082200010000000740000401006890000058001129080740046197508580400319,763829154914573682258614937895741263471236895632958471129385746346197528587462319,4
000360000040000000230890010420008350008020060010070820082705006560200703073009002,851362974649157238237894615426918357798523461315476829982735146564281793173649582,4
800435100350890204609020030590000682060002051000000040004000009080250400210049000,872435196351896274649721835593174682467982351128563947734618529986257413215349768,4
703682009001005370925003006010037050009000601000216090100700005007020030402300000,743682519861495372925173846216937458379854621584216793138749265697528134452361987,4
030000070700590010010020935090035080050769000470200000100000508080902460005048020,539814276726593814814627935691435782258769143473281659142376598387952461965148327,4
001040250200800409000003001309001000507420008002008190008304010940005082005602000,871946253253817469694253871389561724517429638462738195728394516946175382135682947,4
950032761000007000206004000040205300700400009000010040607320050020000003000008210,954832761318657492276194538149265387765483129832719645687321954521946873493578216,4
000000005300041600000670001032060079090030084800050026187000000400700000253480900,621398745375241698948675231532864179796132584814957326187529463469713852253486917,4
000403196800020347010960025000000500050800670067005930049708203628004750705092400,572483196896521347314967825983276514451839672267145938149758263628314759735692481,4
509010036000009075030780012067008140005000080300600500000050000002800060086070354,579214836821369475634785912267538149145927683398641527713456298452893761986172354,4
001300574804050006005040801206000710193872045500906302400023060700490000010000000,921368574834157926675249831286534719193872645547916382459723168768491253312685497,4
020000001085070490004000020400050076007900510590007034000085369000409007051030002,329564781685271493174398625413852976267943518598617234742185369836429157951736842,4
920000780000000015000800009154307060230156807000049300380090076705600008600008500,923561784478932615516874239154387962239156847867249351382495176795613428641728593,4
004316000106708040208594000002000100800000000000403260071030800503007900600100407,794316528156728349238594671362975184845261793917483265471639852523847916689152437,4
700005600000207350000001002362508010051000800040300029506100208000000160000070905,728435691619287354435961782362598417951724836847316529596143278274859163183672945,4
070108000800070200103006700080000029495800000630090001904001302010250000058030104,576128493849375216123946785781463529495812637632597841964781352317254968258639174,4
410096200900057000002340609039180004680739102570604000000003500000060400325400900,413896275968257341752341689239185764684739152571624893846913527197562438325478916,4
920567300000134269003000000002700000008340006500800470217600800300000900059070630,921567384785134269643928751432756198178349526596812473217693845364285917859471632,4
000763200009000600503009004000080070080607902276910583000008007007201869800406051,418763295729145638563829714934582176185637942276914583651398427347251869892476351,4
000000000804703600300900080647500000080100040000807900400070500230000410700314809,962485371814723695375961284647592138589136742123847956491278563238659417756314829,4
000000090930601047700500026657080009090005638301946070020408001800000050006253084,265874193938621547714539826657382419492715638381946275523498761849167352176253984,4
823000000000005000009003804080000306005000429006927508500002080300054007000100645,823469751641875932759213864982541376175386429436927518564792183318654297297138645,4
901057620008190000005802910190674205026935700074210390600000100409700800012500000,941357628238196574765842913193674285826935741574218396687423159459761832312589467,4
060000108010020750005080003400000900080094002906003584049000060620900005807601420,264375198318429756795186243432568971581794632976213584149852367623947815857631429,4
400600275052014903370902000046200000007060420520007600000029000000400000095130800,419683275652714983378952164846291357937865421521347698184529736263478519795136842,4
080200346006003005000476290002040510100002684640051000970004852210030069064009000,789215346426983175531476298392648517157392684648751923973164852215837469864529731,4
047010000156030800908000054000007040003100005019050000000063000302000007060004509,247815693156439872938672154685297341723146985419358726574963218392581467861724539,4
500090000240050890000004032470000080908402170060870249010503026300720010000100000,531298764246357891789614532472931685958462173163875249817543926395726418624189357,4
000100069060000000409856000502400306300905801000630754000004180624501000013207000,785123469261749538439856217572418396346975821198632754957364182624581973813297645,4
700009041325740080004006070479200510080004000003910000530090160000105092010000000,768359241325741689194826375479283516281564937653917824537492168846135792912678453,4
900015070000620100142009056350060000091380640670000903810290000020106030060008009,936415872587623194142879356354962781291387645678541923813294567729156438465738219,4
430006029006390008500008030700905000905612003040000950800060090000089317000500060,438756129126394578579128634763945281985612743241837956817263495652489317394571862,4
000176400019000520400500070045017093030490015100302764870000042904000600000004950,582176439719843526463529178245617893637498215198352764871965342954231687326784951,4
400987352000420609920061870094708236100009700600004000809006421060140900040092500,416987352785423619923561874594718236132659748678234195859376421267145983341892567,4
040000350603205740850000019501090030008061005000530000205106000006008070000300162,142789356693215748857643219561892437378461925924537681235176894416928573789354162,4
000010500000450012504060900051007000600021085027006104182035000735000200000000853,263719548978453612514268937851947326649321785327586194182635479735894261496172853,4
053260100172008500094510020001920080008000009009040000305000060080000002406100008,853264197172398546694517823761923485548671239239845671315782964987456312426139758,4
280001600009070208000000050157809036060150709902000100820040007005930000300708502,283591674549376218716284953157829436468153729932467185821645397675932841394718562,4
501309760020800094009000350680000041013008025950002800400000037008907010175030080,541329768327865194869174352682753941713498625954612873496581237238947516175236489,4
068709500100040006703060000800530007030070400007002301501396874070028610004000039,268719543195243786743865192816534927932671458457982361521396874379428615684157239,4
051300462007040500006029000010003046700000000260000900070630850640007103030051079,951378462327146598486529317518293746794865231263714985179632854645987123832451679,4
002000070000804060000070802043716500905082013871050600050240907700531206320060000,482693175517824369639175842243716598965482713871359624156248937794531286328967451,4
050083001806450003000762054700010400030279010019648000003000080002834100980020000,457983261826451973391762854768315429534279618219648537143596782672834195985127346,4
470230698090006100106009005510090006902000051860503209701380000200007000609025080,475231698398756124126849735513492876942678351867513249751384962284967513639125487,4
109260785002095400570804000051642000704030561083571920295100640300000000468000000,149263785832795416576814239951642378724938561683571924295187643317456892468329157,4
026307080803016000400805360008500020209400700600100003310082070080604201900750000,526347189893216547471895362138579426259463718647128953314982675785634291962751834,4
096000400008001092507000160210035006630098240800000010051280039402300801000000020,196872453348561792527943168214735986635198247879426315751284639462359871983617524,4
205987040140265030700004080850731006300600050000450100402103560000540300003090000,235987641148265739769314285854731926317629854926458173492173568681542397573896412,4
029003605734560200650280030268035070007096023900000000106052407005918000002600051,829743615734561298651289734268435179547196823913827546196352487475918362382674951,4
020190503307005090910243786203004007704000100050072900072030609409701000100009400,628197543347685291915243786263914857794856132851372964572438619489761325136529478,4
000007010378000000010980730807032094260809500090000026000210060000000001120003080,549327618378156942612984735857632194261849573493571826984215367736498251125763489,4
037090001081006000602010007700560019060004000000030840294050108803040050500020093,437295681981376524652418937748562319369184275125937846294753168813649752576821493,4
009700002360521790000000006436000950905007240020945300190203675003674109000059403,549736812368521794217498536436812957985367241721945368194283675853674129672159483,4
600030005280406007590020030000602700006000000070590000005013600700000300310269500,641937285283456917597128436134682759956371842872594163425713698769845321318269574,4
009218306020743980080900200061005009040090003795030628204189000050002000010564800,479218356526743981183956247361825479842697513795431628234189765658372194917564832,4
000648905190030067000907000000560002912403008500000300759180006040300701230790504,327648915194235867865917423483569172912473658576821349759184236648352791231796584,4
009530000520790000103062000000085046802900730496070802230050090004029010005300007,679531284528794163143862579317285946852946731496173852231457698784629315965318427,4
602500080003604000008002400000006040000800209021000000215003807000900150097000320,642571983953684712178392465789236541364815279521749638215463897836927154497158326,4
000040006000005400203600000308410050401008003750390000810950070904700008530800200,175249386689135427243687195398416752421578963756392841812953674964721538537864219,4
080100304300428000070936001003700006000304002827010003030047100000500200612800070,286175394391428657574936821453782916169354782827619543935247168748561239612893475,4
601300004080509613000000800100250708806901300072040001004000200038710406000008100,621387594487529613359164872193256748846971325572843961714635289938712456265498137,4
630120059000060007040008136420006908090400000068209000900600400070090600086540003,637124859819365247245978136423756918791483562568219374952637481374891625186542793,4
002800030000072040800000000060508209450007068208093010020704600610980003080010050,742869135591372846836451792163548279459127368278693514925734681617985423384216957,4
000060048096050270000700065029070601140030089003000027070800304908005000304900000,751263948896154273432789165529478631147632589683591427275816394968345712314927856,4
058000001900087000010903208803002000090000050040318092100009005469005007700041029,358426971924187536617953248873592614291764853546318792132879465469235187785641329,4
072536010304091070006847000005000700008170040731020905600019804000002090000350000,872536419354291678916847532465983721298175346731624985623719854587462193149358267,4
005608070287000605400001820500004000001290000000076000004912060032060007009040100,315628479287439615496751823523184796671293584948576231754912368132865947869347152,4
068037052735820006000600803651382700007006038000570260000003010300008600200940305,168437952735829146942615873651382794427196538893574261589263417314758629276941385,4
010000009000071408300240006003000001080900503760002890892050000036000005040006382,614835279259671438378249156923584761481967523765312894892453617136728945547196382,4
100000700057000360390001020964210500780000014520743006070000953030007040005304000,142635789857429361396871425964218537783956214521743896478162953639587142215394678,4
030521809000307005050890200580030000073000950006058020700013002060280041008075000,437521869892367415651894237584932176273146958916758324749613582365289741128475693,4
008900100000004860400080900000500710030070409700000058054700001900250680602009007,568927143297314865413685972849532716135876429726491358354768291971253684682149537,4
008003471060000953039175620700000530690047080580009706816700390305900067970030010,258693471167284953439175628724861539693547182581329746816752394345918267972436815,4
029008100783400050614500009802140093036000021950200840390600000008904000200013068,529368174783491256614527389872145693436879521951236847397682415168954732245713968,4
000039070931672580000801369009200000000793000402518030510000600097006000040080107,658439271931672584724851369389264715165793842472518936513947628897126453246385197,4
000106030013000062800320901090000080456007100782400690048200000129030800537000000,274196538913758462865324971391562784456987123782413695648271359129635847537849216,4
892100070743000081000470000269710040150804920000900000320080009081090034905002100,892163475743259681516478392269715843157834926438926517324681759681597234975342168,4
045679030600001004010000600000916340038020060060085200573000020086052000090060070,845679132629531784317248659752916348938427561164385297573194826486752913291863475,4
002008100071000809500079300480062050100047603006000000000096007060700200007204016,692438175371625849548179362483962751159847623726513498214396587965781234837254916,4
006081795001000800078902000013527000007000250025000067060040078082005040700009102,236481795591376824478952613613527489947638251825194367169243578382715946754869132,4
004107020020584019751020406000005000019308207402006500048000900070400000200000640,984167325623584719751923486867295134519348267432716598348652971176439852295871643,4
009400006007080010005090300006045800018369745004027103001050030653010008080034650,129473586437586912865291374376145829218369745594827163941658237653712498782934651,4
000800090001037068800291000000450007004309000008100309410000506056010024082600900,237864195941537268865291473693452817174389652528176349419723586356918724782645931,4
000000039004030057000860042700094510096302700053000096001000405005713908920540300,817425639264931857539867142782694513196352784453178296371289465645713928928546371,4
090001500400050390070900108000005200040000730257000609900007800001540020705208000,693481572418752396572936148389675214146829735257314689924167853861543927735298461,4
143805090006001582082609304600930008418000003300000060004190850000004000701080000,143825796976341582582679314625937148418562973397418265264193857839754621751286439,4
905006003080500407130400260421078530000200040056000000070002080004000050010300609,945726813682531497137489265421978536893265741756143928579612384364897152218354679,4
000060007760130580540000106001008000800423900250070060000510200020000001137090050,918265437762134589543789126391658742876423915254971368489516273625347891137892654,4
096410005008950000050608092870324010005009007260000089500086000900740068680000700,396412875128957643754638192879324516415869327263571489547286931931745268682193754,4
408760093020403016005091240000000002009000700600080100000019375156007004090548600,418762593927453816365891247831975462549126738672384159284619375156237984793548621,4
938617024751920038246003197415209863007000045080040002000001250090062001102400300,938617524751924638246853197415279863627138945389546712874391256593762481162485379,4
000500010024700069000960500867350102452617308003000607000190080008400905096070400,689542713524731869371968524867359142452617398913284657745193286138426975296875431,4
000312004005006302200000900000007080800030047004820130000009063010060008068700420,796312854485976312231548976123497685859631247674825139542189763317264598968753421,4
006002000001004350900500062010075028082010700000003601090000046060040503043006087,536192874821764359974538162319675428682419735457823691795381246268947513143256987,4
700000900046009005830000421002930010010208000090004000070090062900800107000073500,751342986246189375839567421582936714417258693693714258375491862964825137128673549,4
800001002001060000000950030503602000000370800020840600210000970070004008000090000,895431762431267589762958134583612497146379825927845613214583976679124358358796241,4
719040620008060010000000037900006340082430000130007086070310502003600074500070800,719543628348762915265189437957826341682431759134957286476318592823695174591274863,4
610504390080003706239706084002801000003040800840000920000000005050032000904007130,617584392485923716239716584592871463763249851841365927376198245158432679924657138,4
049003000200501408580200730020010085300800600800030007052370804760000203900108000,649783152273591468581264739426917385397845621815632947152376894768459213934128576,4
001065000009043100067102030000001750200400013003080600700000000034910075002007060,341865927529743186867192534486231759295476813173589642758624391634918275912357468,4
001000002000102480580040000003001000170400000060203070038000069017620500050319720,341857692796132485582946317823761954179485236465293871238574169917628543654319728,4
900701860003900000800506390009800000150000420306090001030100046000200008680000700,924731865563984217817526394249815673158673429376492581732158946495267138681349752,4
000000900070050318920300054406070193000634800357098200003920080060010030809000500,538741962674259318921386754486572193192634875357198246743925681265817439819463527,4
801000000605307081004000503463802057200010060009674208006209015050401002000000000,831925674625347981974186523463892157287513469519674238746239815358461792192758346,4
697130854000670091012400370104960705006004908029000063300097140070040030005000080,697132854483675291512489376134968725756324918829751463368597142271846539945213687,4
050000702010200400702640030870000394500490008009000005200061540065000800108300627,654139782913287456782645931871526394526493178349718265237861549465972813198354627,4
180000000657000020003000008030024009408005000509600042060570200840061700072490000,184752936657389421293146578736824159428915367519637842961573284845261793372498615,4
000038100005906020040710080073020950500093810008500002409000070000450098050009000,796238145815946723342715689173824956524693817968571432489362571631457298257189364,4
300400000057000930400000002000602000670010009018090657106205003500930010000060205,362459178857126934491783562945672381673518429218394657186245793524937816739861245,4
000030560406702008000000070074000080008409003500180007017054000009260315030000000,792831564456792138381645972974523681168479253523186497617354829849267315235918746,4
210800009000000480000007006172000940058900001090000002037461008826700100540083090,213846759769512483485397216172638945658924371394175862937461528826759134541283697,4
002001058004502700350768100806090400010080930020000870098376541000000200000000683,762941358184532769359768124876293415415687932923415876298376541631854297547129683,4
043715809289630170501089406402571008030946200006020904027463500304007602060000703,643715829289634175571289436492571368138946257756328914927463581314857692865192743,4
800010650000006003096035010587000400019004072300100060234901005000000000051040036,873412659125796843496835217587623491619584372342179568234961785968357124751248936,4
350000040009074385460538000000000000913000500600000020006090472000700610071400008,358912746129674385467538291742156839913287564685349127536891472894725613271463958,4
000483600000900020090215003703541800009000500150098000400050000576800030001360200,217483695345976128698215743723541869869732514154698372432157986576829431981364257,4
006438020340052608050010309704800051500200460100040907003080090000600000000020500,976438125341952678258716349734869251589271463162543987623185794415697832897324516,4
030802000000030070800760503008040000003287940460150028004070000200590300080020000,537812694691435872842769513728946135153287946469153728314678259276594381985321467,4
960017028080054900070908005008042006000106800056090040090701560500260700007480019,965317428382654971471928635738542196249176853156893247894731562513269784627485319,4
700000040902004860005060000000000970080070052300005480500020008013750090620009010,768932541932514867145867329256148973489673152371295486597421638813756294624389715,4
040300160002000058100754900000030000025007000038060000200009501850600004400503076,549328167372196458186754932714835629625947813938261745263479581857612394491583276,4
030000080700008005528600000070560308052080079003007002207800540980000003041700800,136254987794138265528679134479562318652381479813947652267893541985416723341725896,4
000032071300009004079600200004000020002340509500280400846000000210008000000470800,465832971328719654179654283634195728782346519591287436846523197217968345953471862,4
008600021540300009006000504600000048780200095390000017060001450100435006400860172,938654721547312869216978534625197348781243695394586217869721453172435986453869172,4
080306150004108930510200640057914200009000003100007090700003820000005060090001075,982346157674158932513279648357914286849562713126837594765493821231785469498621375,4
010300085080004703000708610460070000020683040800000067000049030900800150650231900,217396485586124793349758612463975821721683549895412367178549236932867154654231978,4
009405008380100752050002960040718000000620470700000080091000000073269000460381000,629475318384196752157832964946718523518623479732954681291547836873269145465381297,4
000900300080002040050364008001020753070001400900003860200000090098047632036295084,427958316683712945159364278861429753375681429942573861214836597598147632736295184,4
003090760900076000750802100560010000100260005000000004010000890020003070400001006,243195768981476253756832149564318927197264385832759614315647892629583471478921536,4
000100803600070000901000075006057090598040007340060001754980002000010700010020046,475192863632578419981634275126857394598341627347269581754986132269413758813725946,4
803020560490000000057096000005008020080000954140000000004250600000014300031060072,813427569496185237257396841765948123382671954149532786974253618628714395531869472,4
430080010075009060020060750610800003200073040390600800063508000100407030009036007,436785219875129364921364758614852973258973641397641825763518492182497536549236187,4
400009000012053460730041298100000050008000014000512070300274500200008006000905000,486729135912853467735641298173486952528397614694512873361274589259138746847965321,4
931207600002000000500039000200700140306005208047082003700006800028000007010970000,931247685872561439564839721285793146396415278147682953759326814628154397413978562,4
407350080200000706000000504900000017075030008000700040708900051020816403600573000,467359182253148796891267534942685317175432968386791245738924651529816473614573829,4
063008050259006004748900600502089000004001005086004900001860092890050046605490108,163748259259316784748925613512689437974231865386574921431867592897152346625493178,4
700491000004000006200300700970043080000920405002007930607010009001000000093600004,768491523354782196219356748975143682136928475482567931627814359541239867893675214,4
064900038750000009103008072019200000040600013320000706400006000080193600070040300,264975138758321469193468572619237854847659213325814796431786925582193647976542381,4
001294030000000041028031090049005002100900500075000903097800406012049000300150029,761294835953687241428531697849365172136972584275418963597823416612749358384156729,4
860000004002000136007605020300040200580102060029800000005090002070000593290008000,861923754952487136437615928316549287584172369729836415645391872178264593293758641,4
070040800000100403000068000240890530590004086086300749004080005050600100300050020,971543862862179453435268917247896531593714286186325749624981375758632194319457628,4
000208090020360700087915003709530004058649017400000900362851400070090002000700100,143278596925364781687915243719532864258649317436187925362851479871493652594726138,4
800000560407009001000683407600100000109072053070300900020000000004050300350040070,832714569467529831591683427643195782189472653275368914926837145714256398358941276,4
001000300300417800200390560014600290008509000003700600000104906430056702006900480,981265374365417829247398561714683295628549137593721648872134956439856712156972483,4
304000500007800060060701300840007005009100800010000037020910058508072010401500003,384629571157843269962751384846237195739165842215498637623914758598372416471586923,4
005031020009000300803650094600200000002000468091008270900840000580000701030000609,465931827129784356873652194648275913752193468391468275917846532586329741234517689,4
304100008768009100000004005080900000230000840400000610570003081002500300013407090,354172968768359124921864735187946253236715849495238617579623481842591376613487592,4
830795000690200800000608003403057010529103007167400500050070092270509308008320050,832795164694231875715648923483957216529163487167482539351874692276519348948326751,4
000002003410000005600008419200000000041060050096000800160300004520609008070100020,859412763417936285632578419285794631741863952396251847168327594523649178974185326,4
609130400008000003300000012403050089500026030091000000100200895000000601000800007,629135478718492563345687912463751289587926134291348756174263895832579641956814327,4
567910000903800700000000009004608071059201000001005040475100000100009600800072400,567913824913824756248567139324698571759241368681735942475186293132459687896372415,4
008507900040002800092080070907300045401000300000050008074800259563009080029470030,618547923745932816392681574987326145451798362236154798174863259563219487829475631,4
390250468000009005006003097050324001103005604040006000800000002062038000030502070,397251468481769235526843197659324781173985624248176953815697342762438519934512876,4
900730001607000503030519000090000400040085910800007000029003080370802000500000029,985736241617428593432519876793261458246385917851947632129653784374892165568174329,4
001000000000200050006900032140000008020009060060700400010507629900610047672890015,251473986397286154486951732149365278728149563563728491814537629935612847672894315,4
060301089000050004050407013170240030046000128023608007005000060000100090017500302,764321589381956274259487613178245936546793128923618457495832761632174895817569342,4
070304520302095470549827010921470650000060000080532000100059000290000060003206090,876314529312695478549827316921478653435961287687532941164759832298143765753286194,4
709600050306458002004000000060000003007806005045027600102709036600040009493065080,729631854316458792584972361861594273237816945945327618152789436678143529493265187,4
041267080806004709003000641705000004008002090094003000300400078400720050007009000,941267583856314729273985641725196834638542197194873265362451978419728356587639412,4
000800070001000060700015820002081543000302006800070900026508007000060098090024050,265839174981247365734615829672981543419352786853476912126598437547163298398724651,4
003190700080340610001870420100784590900260040200003186009427800000010004060500000,423196758785342619691875423136784592958261347247953186319427865572618934864539271,4
002738500005046000007209030870000900209005701000060082941073820520000009008500100,492738516385146297617259438876321954239485761154967382941673825523814679768592143,4
300500407005300189000600325800050001106000052030001908470005096260490000000100000,319528467625374189784619325847952631196843752532761948471235896268497513953186274,4
000023007000074190000000004604018050038060002100300000006089471097046030400000060,941623587283574196765891324624918753538467912179352648356289471897146235412735869,4
940736508000000009705000240100082300093070000800010960000000000079061400300059687,942736518681524739735198246156982374493675821827413965568347192279861453314259687,4
063005900008690000070032500100060204800001635006020001030080100004009050000250006,263845917518697342479132568157368294842971635396524781735486129624719853981253476,4
305000907200580000001003025428000000500704000037210500800900013000031056103000498,385162947274589631691473825428356179516794382937218564862945713749831256153627498,4
800006407604701200107004036540009180093000040010003700000030870405060300001800000,859326417634791258127584936546279183793618542218453769962135874485967321371842695,4
580000006360500914219046053730000000056470000100805607490050060001000509020600070,584319726367528914219746853738962145956471382142835697493157268671284539825693471,4
000007060600459200020003800060100000079036050800900020010000049502000106400001500,951827364638459217724613895265148973179236458843975621316582749582794136497361582,4
000360007050072690700900045600800100010000002008090054420100000501200006000046001,849365217153472698762918345675824139914753862238691754426189573591237486387546921,4
050012800300050271000400965809235006063000700020090003038020007000060040605300129,756912834394658271182473965879235416563841792421796583938124657217569348645387129,4
800140000051307400000600000004901000010803240738062905300008070902006304000000080,827149563651327498493685721264951837519873246738462915346598172982716354175234689,4
078090060620001000950042830705260003209800005030007000386000000190470308007000001,478593162623781549951642837715269483269834715834157926386915274192476358547328691,4
018700600007900001000810030904080000061000000002300560170003806803060900490008350,518732694637954281249816735954687123361529478782341569175293846823465917496178352,4
860009040290007500010002030040006728900000050001500000100040602678005013002671895,863159247294367581517482936345916728926738154781524369159843672678295413432671895,4
170900068900000400203050907005003820000600005302000079409107250800000093500000000,174932568958761432263854917695473821781629345342518679439187256816245793527396184,4
039107080006095703010020090062059400000004076070080000020900040640800059307500860,439167285286495713715328694162759438853214976974683521528936147641872359397541862,4
000080700090040050803570104000000000002369018010850003200790300907600040008005067,541982736796143852823576194385214679472369518619857423264791385957638241138425967,4
470108005000090010600030807901000006702000100046819500000600000007901300000354060,473168295825497613619235847951723486782546139346819572134672958567981324298354761,4
251804037000030500083070020620000380500000060370400059900010870030549010160783405,251864937796231548483975621629157384514398762378426159945612873837549216162783495,4
000520000000031900503908010006002580000790000000005374100064095069850000005309200,491526837687431952523978416376142589854793621912685374138264795269857143745319268,4
860004000010502000025013400740030800009200700050040060000005040200070009590301080,863794512417582396925613478746139825189256734352847961678925143231478659594361287,4
068002040104600700302904865807120050041007080206840100603258497425000610700400032,968572341154683729372914865837126954541397286296845173613258497425739618789461532,4
300084200900005010000000000508003026000008001104020507415000000200047008060090040,356184279982375614741962853578413926629758431134629587415836792293547168867291345,4
000050003036002071500006024200000039000000702000203050405071206720040000018905340,142857963836492571579136824251784639384569712967213458495371286723648195618925347,4
200060000006320000137480200002000045040207960680004700000576000028943000000810003,254769381896321574137485296972638145341257968685194732413576829528943617769812453,4
000204000000030640400508730541000000000020316000070058050600070000197003076050904,937264185815739642462518739541386297798425316623971458359642871284197563176853924,4
009007001608914020070080509765000900300740800000005007000301608980076200000000304,239567481658914723174283569765138942391742856842695137427351698983476215516829374,4
000006000198043026000020308000052001901470200280001040503000900820000004070065000,732816459198543726654927318347652891961478235285391647513784962826139574479265183,4
004580020853001490720940000070805130500030000008702000030408010080007964207009800,964583721853271496721946385476895132592134678318762549639458217185327964247619853,4
007080060003071850590000000039050108001000000006913040000005000080720014070000090,217589463643271859598364271439657128751842936826913547364195782985726314172438695,4
146000790009065084300907000000700800010029600500036070400000027091000536600090018,146382795279165384358947261963751842714829653582436179435618927891274536627593418,4
000198560005306002600052009006215700502040806009800050950620048028000605004580000,247198563195376482683452179836215794512749836479863251951627348728934615364581927,4
108000500390000100706800039914706008800030000603080001207495816000000020080000003,148973562395642187726851439914726358852139674673584291237495816469318725581267943,4
800005900635007000000410006050700080403009100067004005978006000541072008006500000,814625973635897421792413856259761384483259167167384295978136542541972638326548719,4
502370180000901020010850300000400871901087000470200030000725610026000003150000240,592374186783961524614852397265493871931587462478216935349725618826149753157638249,4
600071040900840001410060580020758400004020350051604000000006107000007805070300060,682571943935842671417963582329758416764129358851634729543286197296417835178395264,4
400000900070009008009807246003208419041000075080010302810000690004060580096081020,468132957572649138139857246653278419241396875987415362815724693724963581396581724,4
006000700008700020704000365003410906067309000509670200302007601000090000070136802,236541789958763124714982365823415976167329458549678213392857641681294537475136892,4
920607003408050100603102409367900018000000020800000007000806200186200734200000600,921647853478359162653182479367924518594718326812563947745836291186295734239471685,4
036000501500306009100907000295400087600085902070201056460038095350679000700504600,936842571547316829128957364295463187614785932873291456462138795351679248789524613,4
120060087030008500908570000879200034013000000562904801000600028394825010200017005,125463987637198542948572163879251634413786259562934871751649328394825716286317495,4
137200000045039210890057000916780004054900000320400001001390870500608143080500000,137246589645839217892157436916782354754913628328465791261394875579628143483571962,4
607010908280000610015000700501308046840000305700000000100000407000460002000180030,637214958284759613915836724591378246842691375763542891158923467379465182426187539,4
210004030000008001038001097900100500520000083086295170000000000149030008052006000,217964835495378261638521497974183526521647983386295174863459712149732658752816349,4
009460000000008010005000900058201000300080200020009800047900003060000190201300648,189465732632798415475123986958271364316584279724639851847916523563842197291357648,4
408609370006030000090000000700392540640178902230004807900250160000000700500006090,428619375156837429397425681781392546645178932239564817974253168862941753513786294,4
250001003100502048009430150700008020018023670005000839500200300940005287300009516,254891763137562948869437152793658421418923675625174839571286394946315287382749516,4
053006072941000050000008190700601300120300005036002080200760039000023006360810000,853196472941237658672548193798651324124389765536472981215764839487923516369815247,4
900367000300401060002580004140702000097050001830600000003008097789035410020976583,914367825358421769672589134146792358297853641835614972563148297789235416421976583,4
700306000200090000100740608400500000007480001801003400070004006302900080906008053,789356142264891537135742698423517869657489321891623475578234916312965784946178253,4
000060915000019002000008403075006800000840027820731600087100046500604200600080000,238467915456319782791528463175296834369845127824731659987152346513674298642983571,4
005409100408700006302000400637010800004680001000074630570000308000000050206050900,765429183498731526312568497637215849954683271821974635579142368143896752286357914,4
000070500790010403500000017076340905005760002080950100000080230820100050007004000,162473598798615423534829617276341985915768342483952176641587239829136754357294861,4
400931200300025060002080340043500170081073005005000083000047010000050000850160000,468931257379425861512786349643598172281673495795214683926347518134859726857162934,4
000632005075000163900500000890000000504070030010420070002001050460700020309200410,148632795275894163936517284897163542524978631613425879782341956461759328359286417,4
009000620680320795700695084905030070802000000060002540008009430203054007406203850,359478621684321795721695384945136278832547916167982543518769432293854167476213859,4
100400208300962001097508000000040006000000900000397145700030609809720300030600700,156473298348962571297518463973145826514286937682397145725834619869721354431659782,4
700104600800000403460090050080400035090270004007030209634028000000300006000000320,753184692819652473462793851281469735396275184547831269634528917928317546175946328,4
200005140000000258800000073000780000069350400020610030680400090093001800000900300,237895146946137258815246973354789621169352487728614539681423795493571862572968314,4
700640000060100703008073000057000000600300080030260005106405809089036001020000460,713642958562198743948573612257814396691357284834269175176425839489736521325981467,4
507900200008760003263000097600050804002009000030800000000040302000100700400000908,547931286198762453263584197619253874852479631734816529985647312326198745471325968,4
074250000000001045000038200007000003010005080600307104008002070061000008509800410,874256931236791845195438267987124653413965782652387194348612579761549328529873416,4
360400097007000051010080000053100000621804075908050104196000542280001736734502910,362415897847329651519687423453176289621894375978253164196738542285941736734562918,4
050903802391700000000500103049001706230007519000000040400139057073002980000000020,654913872391728465827546193549281736238467519716395248482139657173652984965874321,4
207050008304060000680020000000532670006008000502700800003270050715684093000300086,297453168354861927681927345148532679976148532532796814863279451715684293429315786,4
760010003005000001004302706010006370000093218903107640001005037500231000000900000,762814593835769421194352786418526379657493218923187645281645937579231864346978152,4
018705002000102840000080000096000000075900080000007509681000003200300758050098001,318745692967132845524689137196853274475921386832467519681574923249316758753298461,4
086900140003000609090006700000000000600003900349507060504269380102378400038000200,786925143453781629291436758817692534625843917349517862574269381162378495938154276,4
040762000270008000000050000000800047081020930000637000007081659000590073906304012,345762198279148365168953724623819547781425936594637281437281659812596473956374812,4
500000206004000589002409173040081000065790320879300400000002600000500010420070000,597813246314267589682459173243681957165794328879325461758132694936548712421976835,4
000205803010300050060400000402600080850739240090804006000500002000100730005003010,947215863218376954563498127472651389856739241391824576134587692689142735725963418,4
003160900000200080607908002008009024415000809000840701000000018006000500194305000,823164975941257386657938142378519624415672839269843751532796418786421593194385267,4
370000004280500000004072800010700900600240080007009060700900108940050020032060009,375698214289514637164372895418736952693245781527189463756923148941857326832461579,4
050006012416700900832015007008107043000063809693850070300020590005040008200570000,759486312416732985832915467528197643147263859693854271371628594965341728284579136,4
430658007200017004870092351000520040083746120002189036120905863308200070000000000,431658297295317684876492351617523948983746125542189736124975863358261479769834512,4
000500007060387094780004030820456300043208000156000428300600000008900203590800040,431592867265387194789164532827456319943218756156739428374621985618945273592873641,4
080530007400080001593207864124700000058406710036090000209071000810900300000002000,681534297472689531593217864124753986958426713736198425249371658817965342365842179,4
000000032002006050507080461925013007016200095003790106200360509000804203008000600,864571932192436758537982461925613847716248395483795126241367589679854213358129674,4
000400800109800002080020030520080000000030007706509000800316020302004018004000370,263471859159863742487925136521687493948132567736549281875316924392754618614298375,4
800000009367010028049000603030008000001060092908501304000000006000706040610840030,852637419367419528149285673436928751571364892928571364794153286283796145615842937,4
058090412270080690619200000040000100030019500006007300465902000980165207021043000,358796412274581693619234785547328169832619574196457328465972831983165247721843956,4
070064010451983627680102950005000000962000700138050200820700030090000070000600400,279564813451983627683172954745296381962831745138457269824719536596348172317625498,4
000031090920450070100009000019024060060100930580000200040310709205000308031002006,874631592926458173153279684319524867462187935587963241648315729295746318731892456,4
061700003700090600500360010005007148087041002000009060030805006800020001102070080,261754893743198625598362714925637148687541932314289567439815276876923451152476389,4
003000000504603090602801300000720500700040000406539871005000003000362715030000986,893254167514673298672891354381726549759148632426539871165987423948362715237415986,4
200189000300002071158040926009000160820016007060003280040090602907260038082031700,276189453394652871158347926739825164825416397461973285543798612917264538682531749,4
500200000028000040000070009001008050002103687080002030000420001210930400005801000,579284316628319745134576829361748952452193687987652134893427561216935478745861293,4
310000050460008000890030040503900427249075601070284593004800000700006038020050900,317649852465128379892537146583961427249375681176284593934812765751496238628753914,4
001639000078020309000000620080400507407000000000857000802003054300008070704000090,521639748678524319943781625186492537457316982239857461862973154395148276714265893,4
000307000060108050000000002509006030000079021006000000340900507000045800958000010,291357486764128359835694172529416738483579621176832945342981567617245893958763214,4
145820007320000049900006521761090480439000000502001090090305014000904008000072930,145829367326517849978436521761293485439658172582741693697385214213964758854172936,4
501024307370058492002079000000030274034007159057000608100700000009000000045010000,591624387376158492482379561918536274634287159257941638163792845829465713745813926,4
800400590050000010000165004273500009000020005005078000004016000918004607000789100,861437592457892316392165784273541869189623475645978231734216958918354627526789143,4
000000810007030690008100305800019043400008002050020078081040200030290080006000050,345962817127835694968174325872619543413758962659423178781546239534291786296387451,4
805000401070000580000080020010209006000600075504137802057000000902063010030002000,895726431276314589143985627718259346329648175564137892457891263982563714631472958,4
000070308400103000723508006076001090000047000314905000042706010930012004060009203,691274358458163729723598146576381492289647531314925867842736915935812674167459283,4
000503027065700800000810000403006751270300048006000009600008500940605000008070400,814563927365729814792814365483296751279351648156487239621948573947635182538172496,4
431080905070104000600000000004001000300020740000007308903000584852400100140900206,431286975275194863698375412724831659386529741519647328963712584852463197147958236,4
861354720000902003900076000000209004210000306078600000634000907792400030100000602,861354729547982163923176485356219874219847356478635291634528917792461538185793642,4
023090000491850200060000000070620501010405038000910002349261057107040320200087010,723194685491856273865732194978623541612475938534918762349261857187549326256387419,4
080026034520000000041390020015640380468230010090801000209400800176980200800002070,987526134523714698641398527715649382468235719392871456239457861176983245854162973,4
090000100700010000030068005513000000900070000004050610000300020327100580080090341,298537164756419238431268975513624897962871453874953612149385726327146589685792341,4
028006039006800025300100080980560070000000050007000016035609040462007590000400200,528746139176893425349152687984561372613278954257934816835629741462317598791485263,4
681000902000006800002038506019000080800097351005840609090502400408009200527000000,681475932953126847742938516219653784864297351375841629196582473438719265527364198,4
040050200020007500506008970000016040075000000060500030657090082002605490300000056,743159268928367514516248973239716845475983621861524739657491382182635497394872156,4
008000970007009016090701048003100090000006830580003002706010309920308057030907620,218645973347829516695731248463182795172596834589473162756214389921368457834957621,4
006001005805640010000325000000403070100086400304000198500000904740009001689050237,236891745895647312471325689928413576157986423364572198512738964743269851689154237,4
940005700000893060000000080020050900086309004709480020004900206690030000015640300,948265713157893462263174589421756938586329174739481625374918256692537841815642397,4
005034167030100940100005208000007004948006710500001602320489570000000029050710380,895234167237168945164975238612397854948526713573841692326489571781653429459712386,4
065890013093150060100000000308000706006080059950300021780010904041900000039000100,265897413893154267174263598318529746426781359957346821782615934541938672639472185,4
804000003032001008010080096080004070000930004500000609008040005056013000473200000,864579213932461758715382496389654172621937584547128639198746325256813947473295861,4
519308670008059003024061890000000400401000000900800710000083000700090500895017230,519348672678259143324761895287136459461975328953824716142583967736492581895617234,4
608402301501089000020000008085020060967130042342700000000500100000000430000001980,698472351531689274724315698185924763967138542342756819879543126216897435453261987,4
009504000004960801080703509003270010005406790870100430057600000301807000008350100,719584326534962871682713549493278615125436798876195432957641283361827954248359167,4
004100600000000894065090200570000140000270000600401052036000000000048000841000509,984127635127653894365894217572986143413275986698431752736519428259748361841362579,4
000500240205000900410372500950000000674100009021950004040790005030000097098035012,387569241265814973419372586953647128674128359821953764142796835536281497798435612,4
000015420100000600000702019000000300297100500000240076704050001860427935000300060,983615427172894653645732819416578392297163548358249176734956281861427935529381764,4
900000000521907004073564092000100089008000070050800023000390200240708050380000000,964281735521937864873564192632175489498623571157849623715396248249718356386452917,4
108400205602305079090280400000000194050001080900800702071009000009130500500708900,138497265642315879795286413387652194254971386916843752471529638869134527523768941,4
096003000180067053020000000500029000917000200000371005671900002008750160259006374,796543821184267953325198647543629718917485236862371495671934582438752169259816374,4
009050010000900000380601529700004950010300840008005760061400007000030000023710090,679258314152943678384671529736824951915367842248195763561489237497532186823716495,4
005769030006300004230040007060074021000020470720006390047238600000610040000407203,485769132176352984239841567963574821851923476724186395547238619392615748618497253,4
000315000160007004050040300000072000539000470280000010301824060005000000046053000,492315687163987254758246391614572839539168472287439516371824965825691743946753128,4
000950070900000045304607200200090518000400002000520960078239056509040020000800090,862954371917382645354617289246793518195468732783521964478239156539146827621875493,4
000400109090080030000001072326758010900020580084000020030100008048000200600072300,862437159197285436453961872326758914971624583584319627235146798748593261619872345,4
543006078007050046008470000210609350070030800000700002000010030030590701000063009,543926178127358946968471523214689357675132894389745612496817235832594761751263489,4
076003000201060903050020061340500086000670024000000009007006290620050037504000000,976183542281465973453927861342519786195678324768234159817346295629851437534792618,4
000000001450600000020700006900067312536028004000390000800205040090400067000900823,679852431451639278328741956984567312536128794217394685863275149192483567745916823,4
090000028035080000012049000200760004050210000470008000020000340300007016069000802,694375128735182469812649753281763594953214687476958231127896345348527916569431872,4
020801950000009200054670000000008670702000000000700591090060300005200009206500184,327841956681359247954672813519438672762915438843726591498167325135284769276593184,4
080001740320070150070000280000005800010403090008960000067010930802300400109008000,685231749324879156971654283793125864216483597548967312467512938852396471139748625,4
201080000000109000309000810028010763010800000504600080875326094090008052600951370,261587439487139526359264817928415763716893245534672981875326194193748652642951378,4
500000032028350070000802549600500700005000064080070095856001920940680000173095006,591467832428359671367812549639524718715938264284176395856741923942683157173295486,4
207001006000760028080000407504170800001050040000309170010090053009030701753800000,297481536145763928386925417534172869971658342862349175418297653629534781753816294,4
201805670307200180000170000125387946400000307700650000010498702800700591002510804,291845673347269185658173429125387946486921357739654218513498762864732591972516834,4
002901000194003078305080102703000800600002059509000240000300621000408030030020080,872951364194263578365784192723549816648132759519876243487395621256418937931627485,4
030000000000040950060095107810502094029004000000109608302000801500600270000000345,935271486781346952264895137813562794629784513457139628392457861548613279176928345,4
300014002001005004000090000760001089010070236000300000500162090000038075039540021,378614952291785364654293718763421589415879236982356147547162893126938475839547621,4
371450002905820107008031000060003290090085000100004600430000580709508004050302000,371459862945826137628731945564173298293685471187294653432917586719568324856342719,4
000206700070130508098470000000000070062008009513790000980600050004000920020000486,435286791276139548198475632849361275762548319513792864987624153654813927321957486,4
000507900700100400030082167000006203246730850310005600600274000123000040004008506,861547932792163485435982167587496213246731859319825674658274391123659748974318526,4
963010000250309000074600593000000702010460005005901068000000100300150800040090020,963514287258379641174682593496835712812467935735921468687243159329156874541798326,4
034507000080900740270600389061000028700028500850004901000000100010009007500000000,934587612186932745275641389361795428749128536852364971698273154413859267527416893,4
580720430000500800000803026050408010001050083928000000630901075800345109100070048,586729431213564897749813526357498612461257983928136754634981275872345169195672348,4
009340000003080045060000000000013060500060734006207010098000100040700600000000423,259341876713986245864572391987413562521869734436257918398624157142735689675198423,4
920380010400900003013050809091806300080000600564290078009010030135000900040730000,926387415458961723713452869291876354387145692564293178879514236135628947642739581,4
600030052010008079000009060000365004806904205000002090100526040260000001049083620,694731852312658479785249163921365784836974215457812396173526948268497531549183627,4
800504003540000070070006400000068047008700002000000060104850600062490010900010000,826574193549381276371926485253168947618749352497235861134857629762493518985612734,4
000000300000040000036000742090012087040900036782005190004008003209000050008000421,425876319917243865836591742693412587541987236782365194154628973279134658368759421,4
520700019006109204400028576000500060908000100050903082001437620004000790000000000,523746819786159234419328576342581967968274153157963482891437625234615798675892341,4
000008709908000040403090680004000000000019320029060804300004070001070000040600102,612548739958736241473291685734852916865419327129367854396124578281975463547683192,4
902070800081409003040058000004007030000000084005000107008002070429006051056001000,962173845581429763347658912814267539273915684695834127138592476429786351756341298,4
001043602000700003000006070000000001054030890210000004080025300007019268632870915,971543682468792153325186479893467521754231896216958734189625347547319268632874915,4
002978010000200307876030000035800062187600009000510000003001006601080273708062000,352978614419256387876134925935847162187623459264519738523791846691485273748362591,4
067031090193000028200900600340007050670025300000403000905000107002000000000800032,867231594193564728254978613349687251678125349521493876985342167432716985716859432,4
030900001002000000170035000000508064800070100001240007514806079397104608206390015,435962781962781543178435296723518964849673152651249837514826379397154628286397415,4
301008090200605007567090810010000058800009003900057020009002370005370089000001000,341728596298615437567493812714236958852149763936857124489562371125374689673981245,4
004036051000004200000010740450028960290060418080003572108009600030640007006081090,724936851819754236365812749457128963293567418681493572148379625932645187576281394,4
463010270809000100210009008184500700930780500002400000547138002008900010301624007,463815279879246135215379468184593726936782541752461983547138692628957314391624857,4
906005120007001000410600300003064915090003402045197800000030580500400260068000700,936845127857321694412679358783264915691583472245197836124736589579418263368952741,4
974500018830010005105080400006020070080107004300000900700450000600000040241070009,974562318832914765165783492416829573589137624327645981798451236653298147241376859,4
805329070009700008007684300080000050700165000002000700496003020218006000000090004,845329671369751248127684395981237456734165982652948713496513827218476539573892164,4
004920570000530006205476389400000900090150067600090100000369004040812000038000010,364928571789531426215476389421687935893154267657293148172369854546812793938745612,4
000050300500100070021700000106420908050070000403081027000003790785000410310507800,647952381538164279921738654176425938852379146493681527264813795785296413319547862,4
000090007000270000009800420090708005700059042012406900008040710007003280600000000,264391857835274691179865423493728165786159342512436978358642719947513286621987534,4
060039000300000080000041009700002000100096805090080407008307600050004000472000900,561839742349275186827641539786452391134796825295183467918327654653914278472568913,4
000065070705023809314908652090702504470010983000804020007001400048000000030200008,289465371765123849314978652891732564472516983653894127927681435148357296536249718,4
700003400000405001090600230059004010002007540107530006520380000600000350900702600,716823495283495761495671238359264817862917543147538926524386179678149352931752684,4
070861500306250000058700010103605040005107008807302065000008074000000030002003900,274861593316259487958734216123685749465197328897342165531928674749516832682473951,4
300008000054716093008200000700002540580470000020035080007000254040957068835600917,379548126254716893618293475793862541581479632426135789967381254142957368835624917,4
000584102092310500541020800709040201126000000005002709200490007003200418014000900,367584192892317546541926873739648251126759384485132769258491637973265418614873925,4
000150000590002104000078305038605901906820500000903000000780009270000000009234600,384159762597362184162478395738645921916827543425913876643781259271596438859234617,4
006003084200008070890000500000080740300200600080005903020800000005069002000040300,576913284243658179891427536952386741317294658684175923729831465435769812168542397,4
000804270174003980302096450000040160040061002906000308758000019000000020000050004,695814273174523986382796451523948167847361592916275348758432619431689725269157834,4
000600985040000070500200003400006020010340800000500130097001050004003796850069001,271634985349185672586297413438916527715342869962578134697421358124853796853769241,4
900070408300500000087000205650003170708609000090000800570000082860092750234000690,915276438326548917487931265652483179748619523193725846579164382861392754234857691,4
830000050005030072060009300057362090090070460080014000006080000108000200509040087,834721956915436872762859341457362198291578463683914725346287519178695234529143687,4
307560020500809001008374000041093850030005000075648210403980062000056130000000000,397561428564829371128374695241793856836215947975648213413987562782456139659132784,4
000000906509380040307400800210070003003010000950000107600100009085000604092006301,841725936569381742327469815216578493473912568958634127634157289185293674792846351,4
002804100809730040000005090290000030143000007700210080904000060000050400507000800,672894153859731246431625798298467531143589627765213984984172365316958472527346819,4
400007102000008370007010006100070030600145900070009001710802040348001200000534018,436957182951628374827413596194276835683145927572389461715892643348761259269534718,4
062907134009000082073420690604700000380269040005040006916300050008612370230000401,562987134149536782873421695624758913381269547795143826916374258458612379237895461,4
307000060800310020961075408000650097080407250000000601003580000090000002610000004,327948165845316729961275438234651897186497253759823641473582916598164372612739584,4
007000020928014000004070009001563000080002105035081064000809340049036700003027001,617395428928614573354278619491563287786942135235781964172859346849136752563427891,4
850103006006589000000076000060200501000600000200958460521300070008715004004060015,859123746746589132132476859963247581485631297217958463521394678698715324374862915,4
000102000820650400305009001010000037600030000502001040059000700280300000103094600,794182365821653479365749281918426537647835192532971846459268713286317954173594628,4
824600090006004230091700000000060800000807060018300070000006005409002780035400026,824653197576194238391728654947265813253817469618349572182976345469532781735481926,4
400586007056009002980032040700090201208000094093000000179004003062013400034000016,421586937356479182987132645745398261218765394693241758179654823562813479834927516,4
085000000217400000004000002423007069076504230009326804360015000508740300040003000,685231497217459683934678152423187569876594231159326874362915748598742316741863925,4
320006040100400000054000608510000300097000004000000001905040870278003416000072050,329586147186437295754129638512764389697318524843295761935641872278953416461872953,4
100500002070930060300006705001052000200100950003400206039004081000800600000000429,196547832572938164348216795981652347264173958753489216639724581425891673817365429,4
070538000860100000310000950003802604901070000046050000008006010024000060690301500,479538126865129743312467958753812694981674235246953871538296417124785369697341582,4
890000450006040007000005820910637508780409263460080170050200000200100095170000080,897326451526841937341795826912637548785419263463582179659278314238164795174953682,4
650100200809502061302609800000090000700006002031070506000020658000461700060750004,654187239879532461312649875426895317785316942931274586147923658598461723263758194,4
000048000430961008986000040070016000608003071012007090254000000800070300000104005,125348769437961258986752143579416832648293571312587496254839617891675324763124985,4
000004000047006300900370580000007860600000050800020143000200000512000408400153720,358914276247586391961372584135497862624831957879625143793248615512769438486153729,4
049076080307058600080010200070639000034000020000740003400807052090020100003000008,249376581317258649685914237872639415934185726156742893461897352798523164523461978,4
000204000070000200060098300003150648518469030000870500900020000187345906020000003,359214867871536294462798351793152648518469732246873519934627185187345926625981473,4
070400900900016008300500000001640059500179040090250710007900605059800000060005090,675482931924316578318597462781643259532179846496258713247931685159864327863725194,4
402600158071058003805400007000001930109830005063500000006304500380075200000000084,432697158671258493895413627548721936129836745763549812216384579384975261957162384,4
006008109000060432000009508280706000040280607617934005801600000003800700002050890,536428179798561432124379568285716943349285617617934285851697324963842751472153896,4
000136004203008169006000300601082940000400001009001032094600028062004503005907416,987136254243578169516249387671382945328495671459761832194653728762814593835927416,4
027538100500201300000000925000984060090070000460010590214800700600150482000400601,927538146546291378183746925751984263392675814468312597214863759639157482875429631,4
000297510002006800930105040003000497890003000050020300075000000009050702060700050,486297513512346879937185246623518497891473625754629381275964138349851762168732954,4
003097050070000000862000001701000530050078200000300007210040768608750003037680000,143897652579216384862534971781429536356178249924365817215943768698751423437682195,4
050706190006002450021900003090001004005204000000500026000020070507360241040050908,458736192936812457721945683892671534365284719174593826619428375587369241243157968,4
000024130040970205030018040090105023374860019000039064003400600760381490010050008,987524136146973285532618947698145723374862519251739864823497651765381492419256378,4
003010060060000037000003508040307891009051700000096305000008000078942003304005002,853714269162589437497263518546327891239851746781496325925138674678942153314675982,4
030860014100050768060100025012538400890714050570000831000305087050680000306001000,235867914149253768768149325612538479893714256574926831421395687957682143386471592,4
700060050400700800600590240007100600016080000983005000009041702100306009060000503,798264351425713896631598247547139628216487935983625174359841762172356489864972513,4
070092160600017245020040007006008000900760000000000706530604070007000600460073008,874592163693817245125346897756138429942765381318429756531684972287951634469273518,4
700080060358070429296000001020060008100058206000120070000002390810090602002000817,741289563358671429296435781425967138179358246683124975567812394814793652932546817,4
578920006400305097920607850050260700200050619004000008000046085000002000005090062,578924136461385297923617854159268743287453619634179528312746985896532471745891362,4
500030400080020360000900050700058009253079800801200075008397026020005703370002910,512736498489521367637984152764158239253679841891243675148397526926415783375862914,4
200000007500020436003768000100000000306050000094000050000002764040071003002006085,269435817587129436413768529175293648326854971894617352951382764648571293732946185,4
049000053000035402200740006021090608690108075578460021080004030000300060403000200,849216753716835492235749816321597648694128375578463921182674539957382164463951287,4
800030570000006132306700840000060900961004700030100080653002018080003295290018067,829431576475896132316725849548367921961284753732159684653972418187643295294518367,4
000900030403810950060300000005060200730002500680730009000609105006580007500073090,851924736473816952269357841195468273734192568682735419327649185946581327518273694,4
700594680009006410560000000400051078050037924000800561040000059901005200000012007,713594682289376415564128793496251378158637924327849561842763159971485236635912847,4
395064207010507690060000004003008120800910300100453806080040960000706450004090002,395164287412587693768239514543678129876912345129453876287345961931726458654891732,4
500100800702008109006000207608002010017000002004800600409051708000006090001974305,593127846742568139186493257658732914317649582924815673439251768275386491861974325,4
000048716860001329700069004405000000000093040090670030506007200000800405982430070,259348716864751329713269854435182967627593148198674532546917283371826495982435671,4
702400160630080045009607803003020000005000400870100900000870251000000608020900300,782435169631289745459617823193724586265398417874156932946873251317542698528961374,4
000700405030050700754310280500000341070845002009103800006932508000500690000470000,691728435832654719754319286568297341173845962249163857416932578327581694985476123,4
100930647094060020067400900030090070086250030000000006523649018640003002809020364,158932647394567821267418953432896175786251439915374286523649718641783592879125364,4
600080000009070060070000020560400010147028600900103405706002103008706090400900000,635281947219374568874659321563497812147528639982163475796842153358716294421935786,4
064000890000630402200000000915063000002509601600701530020058964000940100400010008,364172895879635412251894376915463287732589641648721539127358964586947123493216758,4
003000000009687030000020791008270043437806012900004000004590080090300000601742000,743915628219687435856423791168279543437856912925134867374591286592368174681742359,4
040090002070100600913207504000020400020041000004670001000006037080700060730500100,645893712278154693913267584169325478827941356354678921592416837481739265736582149,4
370080014400009072025700008612090050040605001758300946000000407204010830800400100,379286514486159372125743698612894753943675281758321946531968427264517839897432165,4
002030100009500367370490805090700008050240000000008250004600000020380000600070980,562837149489512367371496825296751438158243796743968251814629573927385614635174982,4
000023006300800410004050008030000000087009001160002084090300020740015000001008700,918423576375896412624751938532184697487639251169572384896347125743215869251968743,4
483502700209407300000983040300028006000096407690050108906045870835009210700000000,483562791269417385571983642347128956158396427692754138916245873835679214724831569,4
030040000102000003400907010006204007700000000041800000010080002064000001283000940,639142758172658493458937216896214537725396184341875629517489362964523871283761945,4
120078600608920471073064020000450310416390000530001040702035000340010890800000003,124578639658923471973164528289457316416392785537681942792835164345216897861749253,4
913628007000400020000005003201000080040000215805200749004090000100700002050012964,913628457576439128482175693291547386647983215835261749324896571169754832758312964,4
401800053003050900000090748060000071004501069300009500030000000752048000040700000,491827653873456912625193748569384271284571369317269584938615427752948136146732895,4
080900100001270085020010603090000060058000039300509001000730910700040026240690050,684953172931276485527418693192384567458167239376529841865732914719845326243691758,4
400820006270000000603097200364000009700160035000934867100640983046080700030009600,491823576278516394653497218364758129789162435512934867127645983946381752835279641,4
000100940500900002000023056009802000182304090300010020800005209923041680005098030,268157943534986172791423856459872361182364597376519428847635219923741685615298734,4
000200853800003490543008210720001630100006020690020001309000184400810002280030500,916247853872153496543968217725491638134786925698325741369572184457819362281634579,4
000301496090000007006000081047082600350600708861030940600008004000270063078003009,785321496193846527426957381947182635352694718861735942639518274514279863278463159,4
020000500130509070000003209008060157001050000500901000000478030080290041009030020,927684513136529478854713269498362157261857394573941682612478935385296741749135826,4
010090058000008021030621097000950000070400000850130002142860000000300004305200010,214793658796548321538621497423957186671482935859136742142869573987315264365274819,4
201750063700200050054010000402501008075800000008000500527063000839405071106087035,291754863783296154654318927462531798975842316318679542527163489839425671146987235,4
034700010050000407000800020380076140109304605700000398010028000060197284800000001,234759816958261437671843529385976142129384675746512398417628953563197284892435761,4
030908004804030007000704060070203509050070236321500700090000400007002300240000071,732968154864135927519724863476283519958471236321596748695317482187642395243859671,4
003640070501083490064000008046390010000010962000060800030070080157000629090020307,823649571571283496964751238246398715385417962719562843632975184157834629498126357,4
000730005071600000030040080604589027008103009000000000050020108003810970082090064,946738215871652493235941786614589327528173649397264851759426138463815972182397564,4
010590684900008030508031927000059000009300002300700459624800195030000040090024300,213597684967248531548631927172459863459386712386712459624873195731965248895124376,4
900081060000000005706002108640530280000100000503048090300000410400300050095000302,952481763184763925736952148649537281278196534513248697367825419421379856895614372,4
000400017000082030005001006700009021002018400004203090400100372000820000006390040,628435917971682534345971286763549821592718463814263795489156372137824659256397148,4
000000108807069042100830050081000509730200804400008200078050000004300791310004605,963542178857169342142837956281473569736295814495618237678951423524386791319724685,4
080509000000006003903718600430100800200065000006047219009204500740001090500000004,684539721175426983923718645437192856291865437856347219319274568748651392562983174,4
000437000003250780075008002007009000000762000906045810230004190509020374000003060,182437659493256781675918432347189526851762943926345817238674195569821374714593268,4
904000070060700904073000610340065000000900860610000040436572189780390420290080307,954613278162758934873249615348165792527934861619827543436572189785391426291486357,4
261070398000100507307000000100300900090450000630819274500040009010906000923705046,261574398489123567357698421142367985798452613635819274576241839814936752923785146,4
006200000700050000983010050000000090470560002008100003805000004200305900600981700,156237849742859631983614257321478596479563182568192473895726314217345968634981725,4
500036749400000006000000301700250064006184070004079008600300217070062400040700605,512836749437915826968427351789253164356184972124679538695348217871562493243791685,4
691342780023008100580670329438006007200009000000400862002800004000060208800724630,691342785723958146584671329438216957276589413915437862162893574347165298859724631,4
005030000040002060030600108000043000006018400010560009700006001092485036000009004,685731942941852367237694158879243615526918473413567289754326891192485736368179524,4
590003400804002060010070030006900003709030000003817046920041678378009000001008000,597683421834192567612574839146925783789436215253817946925341678378269154461758392,4
300090501000670000050000900000000002080356700063210850000780005900060207010930640,326498571891675423754123986175849362289356714463217859632784195948561237517932648,4
040300700000060850089100203020706000004000609006201008002037000108029030030000000,541382796273964851689175243825796314714853629396241578962437185158629437437518962,4
100000600340060920006001403900702300000050207000016000200004109003109804010600002,192437685347865921856291473985742316631958247724316598268574139573129864419683752,4
043020806780103002201000907000800700000019020070005100600070080014000070090300004,943527816786193542251486937139842765568719423472635198625974381314258679897361254,4
900380215050002600100509000001007069095000001604900800409005106010090087006100000,967384215358712694142569378831427569295638741674951823429875136513296487786143952,4
080000300060500408004360015000051060057009030200600040095036000106084003000100007,581942376362517498974368215439851762657429831218673549795236184126784953843195627,4
000003026320700489008064753500370041071000308800610570250107000003020000400006200,745893126326751489198264753562378941971542368834619572259187634613425897487936215,4
009807156531940080670501000100000005096070300457300800960200710000000040300060000,249837156531946287678521934123689475896475321457312869964258713785193642312764598,4
042700030006000070000603820073096000080070290490850060508000740020000580730080010,842715936356928174917643825273196458685374291491852367568231749129467583734589612,4
600170083039000702700203009008000175317485000050002000002600900100020007093007600,624179583539864712781253469248396175317485296956712834472631958165928347893547621,4
500004000140580007003017504004800975300000000020000860076001029000760408430000000,587324691149586237263917584614832975398675142725149863876451329952763418431298756,4
006902340104086000002340108200400000000000700090007014089051000301004509065830000,856912347134786925972345168217498653548163792693527814789251436321674589465839271,4
600208900050007068708030025100000680000085090900746500569803001020060700310429800,631258974452917368798634125145392687276185493983746512569873241824561739317429856,4
000058030900701200001460000700100903008079010009003705010004000564327000890015300,472958136956731248381462579725146983638579412149283765213894657564327891897615324,4
000405002302916540005802603009320081004008000803007450290040007008009204407280000,986435172372916548145872693659324781714658329823197456291543867538769214467281935,4
050316020391520080726400010900060100482050009105903000607090042000630000509000800,854316927391527486726489315973862154482751639165943278637198542248635791519274863,4
050700340020040060407000008640513000010080400003270600000000900091000024200100073,156728349928345167437691258649513782712986435583274691875432916391867524264159873,4
006708051509013600000052900057000864048070010100006005360120080000004506000007130,436798251529413678871652943257931864648275319193846725365129487712384596984567132,4
000000605708163040100092700907200850005600000210305000082931074093057000570020300,329748615758163942164592738937214856845679123216385497682931574493857261571426389,4
950064102416200050807500306004908007000000504079600030700009003090100405001000709,953864172416237958827591346134958267268713594579642831785429613392176485641385729,4
007000000290510047100006200000840736042360905700159804600005481000070560400081370,567423198293518647184796253951842736842367915736159824679235481318974562425681379,4
060090827100020600000400000000001704541070300700950000408000500650007000000532086,364195827189723645275486931892361754541278369736954218428619573653847192917532486,4
830500100005010008064300002450001820026005400381200005700053080000060000608090540,839527164275614398164389752457931826926875431381246975742153689593468217618792543,4
000040173000302000074080000007008390291736854000014000700090502080007430940020706,628549173159372648374681925467258391291736854835914267716493582582167439943825716,4
083010000701002304020050000007200900052000740300000026000001030005036412036429070,583614297761892354429357861617243985952168743348975126274581639895736412136429578,4
000900501000561080000000049700395800000604750050820000920053108408070065500206030,673948521249561387185732649764395812892614753351827496926453178438179265517286934,4
008040100301009008960800020039782000200600080100050230000020060013406702050008940,528347196341269578967815324439782615275631489186954237794523861813496752652178943,4
015000268920018070060200410001040092002801000600020000400000607000309100108065000,715934268924618375863257419381746592542891736697523841439182657256379184178465923,4
003901650000000001010080030098070516007865040062049087350098070870500000920704000,743921658689453721215687439498372516137865942562149387356298174874516293921734865,4
000561300931087502075002100050300728700804005060025490526009040000203056000058200,248561379931487562675932184459316728712894635863725491526179843187243956394658217,4
180400060942000080703250409021074000490060020000120000010002040070601502204980601,185493267942716385763258419821374956497865123536129874619532748378641592254987631,4
900050004053000000002097000080200095010430007490080100009800002030000001028004500,961358274753642918842197356386271495215439867497586123579813642634925781128764539,4
000000180800040720030702000100600908000407001050010040673804215508070000290005000,725369184869541723431782596142653978986427351357918642673894215518276439294135867,4
000500729090076308000030000307825190900360082002001007073092810080703200520418070,631584729294176358758239641347825196915367482862941537473692815189753264526418973,4
510070000060008000090050370030805260024360005006000013609507100070240090200900050,512673849763498521498152376937815264124369785856724913649587132375241698281936457,4
008000000650000090090500720004050086060200504080640209027004000900003060000900802,378492651652317498491586723214759386769238514583641279827164935945823167136975842,4
050102630080743005103005000472090001819007260000020007241078000508609740097200000,754182639986743125123965478472896351819537264365421987241378596538619742697254813,4
120074900650380020004096005000010000900400003245030000030008200002900180400000036,123574968659381724874296315386715492917462853245839671731658249562943187498127536,4
007890000060015700503000019006050804010070020009000631600002000000530000005007100,127893546964215783583764219236159874418376925759428631671942358892531467345687192,4
600300805000597002100000003040006920005000631960000000010030006070024019000080004,697312845384597162152468793843156927725849631961273458419735286578624319236981574,4
000672000000090207972501603450038972300720000027045800703000500540207308200009704,834672195615493287972581643456138972398726451127945836763814529549267318281359764,4
000207000100430700060091305000740000370000050091302078080574030005100297013600000,439257861158436729267891345826745913374918652591362478982574136645183297713629584,4
208007900300009804096800710800006379003005100600030400007090601000003290002070000,218347956375619824496852713851426379743985162629731485537298641184563297962174538,4
006754289870210054204380710502000008618005030793000020085002001901070042027100500,136754289879216354254389716542637198618925437793841625385462971961573842427198563,4
090805000004090003806402090953200407700050120600000050005900036000380945000000810,391865274524197683876432591953218467748653129612749358185924736267381945439576812,4
009000000015900002800310070000030000900008051582079003007890046000560208008240597,329756184715984632846312975671435829934628751582179463257891346493567218168243597,4
100000003035801720082369401051600302007012000008400010870204000500006204000183070,194527863635841729782369451451678392367912548928435617879254136513796284246183975,4
020040080005000000893205000578004130000010900009702060950000306002100854001400709,627941583415368297893275641578694132246513978139782465954827316762139854381456729,4
071029004000010006203050900980460000002001498104002607420000805007100300310000000,671329584859714236243658971985467123762531498134892657426973815597186342318245769,4
400001006000060805005098004100254098560900002924080300010805000050049280000000017,483521976291467835675398124137254698568913742924786351312875469756149283849632517,4
000002000004056018600001704801209000000000090047360000000500102008000500503610040,719842365234756918685931724861279453352184697947365281476598132198423576523617849,4
000504000070628400000700020001000280204009630698030501300000962000946070006300000,823594716175628493469713825731465289254189637698237541347851962512946378986372154,4
000004003400630017090700054000000000900005270246000500809070402567040098304090060,678154923452639817193728654785962341931485276246317589819576432567243198324891765,4
008020360007963000064081000083040705200079400400158032805032000030600240002807003,918524367527963814364781529183246795256379481479158632895432176731695248642817953,4
600302001000900600028000300000410050000080003006005008497020000201607004000094730,659342871314978625728561349983416257542789163176235498497823516231657984865194732,4
005000000230450109900020040000380000040009000060100200650031487004590006083604900,475916823238457169916823745591382674842769531367145298659231487724598316183674952,4
100006453603000020400090081304002095000000100008900000006007810042318060800649370,197286453683154927425793681314862795269475138578931246936527814742318569851649372,4
025310040761004920394070008010903007080000090400720160170405030003807000008132000,825319746761584923394276518216953487587641392439728165172465839643897251958132674,4
309500400002300000400012700040850067000000320000003001504160070107000800008095100,369587412712349685485612793243851967951476328876923541534168279197234856628795134,4
000050820500006309030200100000001402000300500012000698900030000280407053003980006,691753824528146379437298165759861432864329517312574698945632781286417953173985246,4
000104200007006001000000083003000015609010300010003900964080050070509034500200190,386154279297836541451972683723698415649715328815423967964381752172569834538247196,4
000002500050040000017580002800000050901020603560713800000000278030008004008100300,489372516352641987617589432823964751971825643564713829195436278736258194248197365,4
064005000900200740050030106200500400340090021806100307608350004000001000537004000,164975832983216745752438196271563489345897621896142357618359274429781563537624918,4
050027003130560098029013000700095020000438500005072069000200000200701480078340000,856927143137564298429813657781695324962438571345172869614289735293751486578346912,4
007390000800160270000000000208010507405006980073050001001600000040938710000000040,127394658834165279956287134298413567415726983673859421781642395542938716369571842,4
400370006300026741706491023000709002007060084000010000060900008904000205821050039,412378956389526741756491823648739512197265384235814697563942178974183265821657439,4
603175840007080000000600003900001530008402100010308070165000020080007005700006400,693175842457283619821649753942761538378452196516398274165834927284917365739526481,4
407000920001402067050007100000008473080704690000090802040019736020043518000805040,437186925891452367256937184912568473385724691674391852548219736729643518163875249,4
170000802000105004504820000801400560000008003000706000700080300008000719300940620,179364852286175934534829176821493567657218493943756281792681345468532719315947628,4
018306497736019050029507003005630900090000000000894020600108009000003010183000600,518326497736419258429587163875632941294751386361894725642178539957263814183945672,4
608300500005017600000000038000973040800200000403086050907000020000000076040709000,698342517235817694714695238561973842879254361423186759987561423152438976346729185,4
012003607897506300000070090008490230004607000056020740749030860300769412600004973,512943687897516324463278591178495236234687159956321748749132865385769412621854973,4
630000400010560702250703906340006807006200143072030000700609000400000200065800070,637192458914568732258743916341956827596287143872431695723619584489375261165824379,4
000000006700006510500004090065090000003805002904073800000468030600537104007209600,382951476749326518516784293865192347173845962924673851251468739698537124437219685,4
007005046100470500345800070810507062704016005526983704000791000000024107001608400,987135246162479583345862971819547362734216895526983714453791628698324157271658439,4
000148050040076210136925400007010004093500108600000030000000605300409000020000093,972148356548376219136925487257813964493562178681794532819237645365489721724651893,4
234500900006000270007020030680000103012600097703908050470000010301460080060000005,234571968856394271197826534689752143512643897743918652475289316321465789968137425,4
208007345019034276030056098700400030320000400084020000803701000072003981040082003,268197345519834276437256198756419832321678459984325617893761524672543981145982763,4
040020003096000042350004000079050030800940250230761498500470019900836705007000384,748125963196387542352694871479258136861943257235761498583472619914836725627519384,4
084095000090002003000040759002001400067089315815400090649507030000000970370900004,784395261596712843123846759932651487467289315815473692649527138258134976371968524,4
000679534300004090400053000000040163000001700005000809008000957700005306569087010,281679534357214698496853271972548163843961725615732849138426957724195386569387412,4
204006537007400160160070400703000900800052000006009350000860295000004700000000800,284196537937485162165273489753648921819352674426719358341867295698524713572931846,4
500200604640001020003060005400080002097000006802090513004900068005020001080103000,518237694649851327723469185451386972397512846862794513134975268975628431286143759,4
542900670900054382003026940010002804008341050054687000000003000001870093030060018,542938671976154382183726945617592834298341756354687129829413567461875293735269418,4
603107000008036020000508000025304600901800200004260980580402730200003800006009000,693127458458936127172548369825394671961875243734261985589412736217653894346789512,4
007093085000001024001084709060752400052436801000009000000008900310907000289145007,647293185893571624521684739168752493952436871734819256475368912316927548289145367,4
010206847074198005680504129100850004000009000050000980706085410090000500520460098,915236847274198635683574129169852374847319256352647981736985412498721563521463798,4
050000004000860705198000203704250000519000000320904500000100050930408126061520040,657312894243869715198745263784251639519637482326984571472196358935478126861523947,4
000540060200068030008100040300085670046007000590200483420601798079030200685000304,731549862254768931968123547312485679846397125597216483423651798179834256685972314,4
036050810028301645014200000005420173003000020291637500007040058300008000000100000,936754812728391645514286739685429173473815926291637584167942358349578261852163497,4
000054068840000050950087302500070600204510800301008075000062500009705080605840000,712354968843629157956187342598273614274516893361498275487962531129735486635841729,4
008130405530964000600005103980400051060001000000300008350040010800013506016209030,298137465531964782674825193982476351763581924145392678357648219829713546416259837,4
000000913004800702790002000308906075600048090905070800050700039070009504009005020,862457913534891762791362458348916275627548391915273846256784139173629584489135627,4
905600400270500006100297000010702309000049007000130020500000701001000640600000290,985613472273584916164297853416752389352849167897136524529468731731925648648371295,4
300040010470050008000006704780003109002004000150080030500809601000001040003460900,395748216476152398821396754784523169632914875159687432547839621968271543213465987,4
085000040000304009093806010918725400000103978306009501030600000049502160621900300,785291643162374859493856712918725436254163978376489521537618294849532167621947385,4
030410650004005010910000000700000061500671200301524907000150400403208070070046005,837419652624835719915762348742983561598671234361524987286157493453298176179346825,4
840305960905400103200091054307900000080657030496100005700004001500009300619003240,841325967975486123263791854357948612182657439496132785738264591524819376619573248,4
007200800002000305100803060704061002000980071210500030000008103051400028000005049,937256814682714395145893267794361582563982471218547936479628153351479628826135749,4
900501470000407060076030020040108007030072500009000010000010002010206780204700600,982561473351427968476839125645198237138672594729354816867915342513246789294783651,4
400008030062400000001000094918030005004800169000040380280369450050700006600052070,495618237762493518831527694918236745324875169576941382287369451153784926649152873,4
070080010926100800815002406260743085004000000058291760500008607007000100130007048,473586219926174853815932476261743985794865321358291764542318697687459132139627548,4
053700100000000000716042030500000400304800000972304080027089300408150702690273804,253768149849531267716942538581697423364825971972314685127489356438156792695273814,4
070100600834000051106050020020003900009020076700049010000085060602407000000206590,275138649834962751196754823521673984489521376763849215917385462652497138348216597,4
050014837047238000039765420000802750000300010025076008500483009000000000790621500,256914837147238965839765421913842756678359214425176398562483179381597642794621583,4
904001800010000700000400009020300000000040080401009070300010950106900320040537608,934751862618293745572468139825376491793145286461829573387612954156984327249537618,4
518000003200310800439000007351900000000030516070054230700206301020000400000073902,518427693267319854439685127351962748942738516876154239795246381623891475184573962,4
000040250900006734074000860000000470208637095100025000630000500001500020005010900,816743259952186734374952861563891472248637195197425683639274518481569327725318946,4
007000800002009070689374002074236900200807000968000030096743120000960040043501000,317652894452189376689374512174236958235897461968415237896743125521968743743521689,4
400005093109280006700009810500900108380001057070000002200000381003807029090030760,468715293159283476732469815526974138384621957971358642247596381613847529895132764,4
067280140080060050150000800000640000200008090000000008600390504000057300030026780,967285143382164957154973862813649275245738691796512438678391524429857316531426789,4
730200060960400000008567009000610020501000006000050400100300200003000000040090700,734289165965431872218567349489613527521874936376952481157346298893725614642198753,4
000400802028061504030008000206089000005600980000104206680300401450000300302040700,961453872728961534534728619276589143145632987893174256687395421459217368312846795,4
000900020000085706800001030005109000031070200000600107400002003310800900020003070,563947821142385796879261435785129364631574289294638157458792613317856942926413578,4
205906001400030872000004000000802097687009050002000086008050610000048000704090020,275986341469531872831724965153862497687419253942375186398257614526148739714693528,4
060080700380700060010926000030510020640002030500600040400200381150000296003100004,965483712382751469714926853839514627641872935527639148476295381158347296293168574,4
700000080105062370003058164009270010007630420002080000008906000600027090971800000,746391582185462379293758164359274618817639425462185937528916743634527891971843256,4
010006300003500200074083050007800102102000830048020700520740013000305000401062080,215496378863571249974283651657834192192657834348129765526748913789315426431962587,4
900000100380600025600080004800070050500402091100000000718300509495006073006759000,954237186387641925621985734849173652573462891162598347718324569495816273236759418,4
000000004402090080073004090148000973609030050057409600000307509730901860004580007,896175234412693785573824196148256973629738451357419628281367549735941862964582317,4
530108006602009108078000090900020730700301800000900002090014025203000010005090600,539178246642539178178462593954826731726341859381957462897614325263785914415293687,4
950000360010002009203090070800053006030006018709281450000000024190300080502800031,958147362617532849243698175821453796435976218769281453386719524194325687572864931,4
200000400000209010080030607021706038678090102503802006000005274052000080807300000,265178493734269815189534627421756938678493152593812746316985274952647381847321569,4
300054870806000000075800000069085020507200604000600580058420030600070452204090000,312954876846713295975862143469185327587239614123647589758426931691378452234591768,4
009700000602980500000250000306049000080100304524003019705000002090007056043002007,859734621672981543431256798316849275987125364524673819765498132298317456143562987,4
000050020200041095530629800690185730308070000100000000400500009050068000810390040,981753426267841395534629871692185734348976152175234968423517689759468213816392547,4
040000006607540080080060300001020060300070920009605140020007600003050090890400570,142938756637541289985762314451329867368174925279685143524897631713256498896413572,4
530470000000000003081030002605083000314650800800004000008900000006345090000027561,539472186462198753781536942625783419314659827897214635258961374176345298943827561,4
008000350300605000500370904402710890080050001000000000030007419015294000007136520,768941352394625187521378964452713896689452731173869245236587419815294673947136528,4
000834010900170300030006050060407030071500698250000700705002100302641000000700000,527834916946175382138296457869417235471523698253968741795382164382641579614759823,4
020057001900001070001049006207483005014576029500000040632914580009020014008005000,426857931985631472371249856297483165814576329563192748632914587759328614148765293,4
203408160010030590049571820800000240000300710004720009000003008000000001570000002,253498167718632594649571823837916245925384716164725389492153678386247951571869432,4
000080020640093050087502000000005170060470003000208400000000040100600890805000000,519786324642193758387542916498365172261479583753218469936851247124637895875924631,4
470920001023000006000000520000001902704300810210068703850000230307200008602000004,475926381123785496986134527538471962764392815219568743851647239347219658692853174,4
530002000007040530000000070000701600602590003008060000300400850705000490140057320,534972168267148539891635274953781642612594783478263915326419857785326491149857326,4
304900802620080900009042060093058016580004003000030000030060709060390000908401635,314976852627583941859142367793258416586714293142639578431865729265397184978421635,4
800095042000002705705040301000500000463900020000000104018200070050009210000400053,831795642946132785725648391172564938463981527589327164618253479354879216297416853,4
003000780000106040470300010000781030319000670007090005625000091701062000930800067,153249786298176543476358912562781439319524678847693125625437891781962354934815267,4
005020006329010050810954000157003200030200040002180503000562000593000002061039000,475328916329716854816954327157643298638295741942187563784562139593471682261839475,4
032010074000007532947003006025090083008050400409008720850000040094080200200400308,532816974186947532947523816725694183318752469469138725853279641694381257271465398,4
800000354000040070700300000963287005071430089008000007680750001052001040097820560,816972354239145876745368192963287415571436289428519637684753921352691748197824563,4
900130000730600180061005370090200010310009007000360095009420031873000900142000068,984137256735642189261985374598274613316859427427361895659428731873516942142793568,4
600083257070002010000607038980031700000000000010070863061390000003006009009005080,694183257378952614125647938986431725537268491412579863861394572753826149249715386,4
534700890708514026000839000002000605400000102380260070120047560840002703000000049,534726891798514326261839457912478635476395182385261974123947568849652713657183249,4
410380000570600138000700020253970041064008375107043000000107002800005700700829560,419382657572694138638751924253976841964218375187543296395167482826435719741829563,4
092000607700260500600008000179625438000104709340080120007000004000396000830701000,492513687781269543653478912179625438268134759345987126917852364524396871836741295,4
053001004690050100000009000960037005015200836308516702000008640009065078000900250,253781964694352187871649523962837415715294836348516792537128649129465378486973251,4
603000940040901286200800700460000379031090408800403600300027090070049800020300000,683752941547931286219864735462185379731296458895473612358627194176549823924318567,4
010390620600000030349000500000000009890610003031000062150008306003560740004003200,715394628628751934349286517476832159892615473531947862157428396283569741964173285,4
850903040124650700369001852705080900000540000600700020000190000432860179900000400,857923641124658793369471852745382916291546387683719524576194238432865179918237465,4
000000007000054083405300960060020801231600470900000000000800610010539004020001000,183296547692754183475318962764923851231685479958147236349872615816539724527461398,4
084701000020009010000030000130208000270093001008007390090070008050086130060002475,584721963327869514916534287139248756275693841648157392491375628752486139863912475,4
004008039020400078890073420180050903409300500050904061000040050007030094048290006,764528139325419678891673425186752943479361582253984761932146857617835294548297316,4
704020006809005040000401900007030200382006000061090803048600090973014000006970000,714329586829765341635481972597138264382546719461297853248653197973814625156972438,4
000030240008400706430060800060000003010357008503000021080270000700019000005084000,697138245158492736432765819864921573219357468573846921981273654746519382325684197,4
700400192050000700906003485340690071670148000819030000008324907004000230037000000,783456192451289763926713485345692871672148359819537624568324917194875236237961548,4
800405961000178000000000750000000000500802007700900086680200430049003600307040805,873425961956178324412396758298761543564832197731954286685217439149583672327649815,4
030040068005000000806070050008000030004003209010050400640000013183760090052008607,731245968495386721826971354268497135574613289319852476647529813183764592952138647,4
000580140027030090500000603700043980002005000090100700901806070078050000005001800,369582147127634598584917623756243981812795436493168752941826375678359214235471869,4
060080020150230006290605003010040008300000000004009702029000040030492005805100009,463981527157234986298675413912746358376528194584319762729853641631492875845167239,4
067845320804001000000900000000490600043000080780000200000024170476510092230080540,967845321854231769312967458125498637643172985789356214598624173476513892231789546,4
006800009008647300030000804109400070000950046042000035001320007390070602000096000,416835729928647351537219864159463278783952146642781935861324597394578612275196483,4
000002083000003290050180060400800600000000008002600317038500100027318905040000800,719462583864753291253189764471835629396271458582694317938546172627318945145927836,4
469780053000004978780902416347206580692805034500340000006500040120060000904108060,469781253251634978783952416347296581692815734518347629836579142125463897974128365,4
000038000008504600594610080030061800050800010010400906205709003040006578003100069,671938425328574691594612387937261854456893712812457936265789143149326578783145269,4
000000064903004007408000095094261508806090700010008906080000000000915480100307650,251739864963854217478126395794261538826593741315478926589642173637915482142387659,4
207004000300080500809003020003659000000070950095030010010020637030100840070300002,257964381341782569869513724123659478486271953795438216914825637632197845578346192,4
500000309900008051040690002050460008090050000604807005007004000800006043400030097,582741369976328451341695782753469128198253674624817935237984516819576243465132897,4
300005900589030006142600005430010070020308014890007600058000000714903000060851400,376485921589132746142679385435216879627398514891547632958724163714963258263851497,4
070813040003600020914570003030200450000008030260400978496020385107300296000006710,672813549583649127914572863839267451745198632261435978496721385157384296328956714,4
070025034600000200204700109700030060000400090003086020000100006306007002080600570,178925634659314287234768159715239468862471395493586721527193846346857912981642573,4
647010020208370000009006000000198000901000000070000910034960275102050090005083400,647815329218379654359426187523198746981647532476532918834961275162754893795283461,4
208000014000930000005128670307000040089000030040306090006503080000090760100800003,298675314761934528435128679317259846689741235542386197976513482853492761124867953,4
324059106075000300908003405002930817890000050700508932000026043400395000030007590,324859176175642389968713425652934817893271654741568932589126743417395268236487591,4
600980402009020005040060098000800034093504801008016529920030147000000953310709200,631985472789423615542167398156892734293574861478316529925638147867241953314759286,4
006000900070230080010900520004802300003069070680307000041603792000004650060790004,236548917975231486418976523754812369123469875689357241541683792397124658862795134,4
010040830050003907200000000000000500007039000560170203090062005082000060000900004,916745832854623917273891456349286571127539648568174293791462385482357169635918724,4
002039806090000412746180530009725000017908200400306000070800000061294307200670004,152439876893567412746182539689725143317948265425316798974853621561294387238671954,4
920000008645200000030900000050018700096040000400000651503709046200006130060030000,921475368645283917738961425352618794196547283487392651513729846274856139869134572,4
000200809300000000100090706000759640491360050675002000010830062903020170056970083,567214839329687514148593726832759641491368257675142398714835962983426175256971483,4
671409000090705004005602390500090400000020000087500026000050049100200538008003000,671439852293785164845612397526897413914326785387541926732158649169274538458963271,4
002040830400800102810009000000780300009032671001065080278694000005208040100000900,952146837463857192817329465624781359589432671731965284278694513395218746146573928,4
480010369091460000000908040053102480807306002020000000500600004000700120000520830,485217369391465278276938541653192487847356912129874653532681794968743125714529836,4
002480070000507062070621400000014600100056204000802000230148000904060328008239100,692483571341597862875621493529314687187956234463872915236148759914765328758239146,4
954000200302006091010000400020830004048005020003074610470008102800000070000507046,954381267382746591617952483126839754748165329593274618475698132861423975239517846,4
007900130290070000410086200005600002006000300920800001380090500040060800060030027,657942138298371654413586279835617942176429385924853761382794516741265893569138427,4
019008054200500690000004310000005801000002009106003507490820105850007006760059200,319268754274531698685794312927645831538172469146983527493826175852317946761459283,4
039850412018602900500000060000018090107503000003420157341090006000100000000070500,639857412718642935524931768452718693197563284863429157341295876275186349986374521,4
001400020700019406046027931890000103060000049003006200009000605082650090000008300,931465827728319456546827931895742163267183549413596278179234685382651794654978312,4
030600000000078060270005001587030612320050800000810700860200007002567008000104006,938621475154378269276945381587439612321756894649812753865293147412567938793184526,4
076019000000200006340065020401000650000600008657420193024900500803574210005002864,276819345519243786348765921481397652932651478657428193124986537863574219795132864,4
006302540431050009520000103094003000052900306370001904000100490210040735000295608,986312547431758269527469183694573821152984376378621954865137492219846735743295618,4
100080702090000050002070409520041906604708523089206140270010098001800374000007210,145689732796423851832175469527341986614798523389256147273514698951862374468937215,4
039070014400009758070400003810090007007000586306087049100040092600050001790012000,239578614461329758578461923814695237927134586356287149185746392642953871793812465,4
002300090000019503930020840300062710009001060100903204703000050060030978820000100,412358697687419523935627841348562719279841365156973284793186452561234978824795136,4
207300601003009007051078042020004070805092400300000200400000700000080100008001065,287345691643219857951678342126834579875192436394567218412956783569783124738421965,4
000600007087050064030427000000104709900000100100270035050716000000002001000003570,594638217287951364631427958325164789976385142148279635859716423763542891412893576,4
000004001900000400000310000170900063380020704006000508430060020059230047702000080,523694871961857432847312659174985263385126794296473518438761925659238147712549386,4
384106009095743108710000340030605401540000086169874053000030000450001807021587030,384156729295743168716928345832695471547312986169874253678439512453261897921587634,4
760000080100600070008000600003000050970004000000870109206430097094005006300106248,765341982139682475428957631683219754971564823542873169216438597894725316357196248,4
802600075009000080715843900070306540604000007000000216000760300000134658040590000,832619475469275183715843962178326549624951837953487216581762394297134658346598721,4
000009004910504860020300700009605070070000405001702000700901000000060302063008900,635879124917524863824316759389645271276183495451792638742931586598467312163258947,4
008004700765000901001005000437000010002000409510340080103507800000419270000030100,328194756765283941941675328437968512682751439519342687193527864856419273274836195,4
008000502010648000307520040600002079900476851000000326174063080030000104050200007,468397512512648793397521648685132479923476851741859326174963285239785164856214937,4
009200060000908000000000304005703408040600000020500900001062500400000201003007000,139245867764938152582176394615793428948621735327584916891462573476359281253817649,4
042810500000000000900046800400500070350097020200400000020180600094302701001070208,642813597187259463935746812419528376358697124276431985723185649894362751561974238,4
020700851500028097090010234050076412216500780000001005005092176160807040900160520,624739851531428697897615234358976412216543789749281365485392176162857943973164528,4
860000294074000185000082600390070406000030000500600007407108000009007300002043068,863715294274396185915482673398571426726834519541629837437168952689257341152943768,4
053008700000001680000730051500000120010570008090006000070004000000010000009860207,153648792742951683986732451567483129214579368398126574671294835825317946439865217,4
070460001002007050100003927001070060020058000653001740264000070000000004009005000,975462831382197456146583927891374562427658319653921748264839175538716294719245683,4
030540260267800405095027038000000980906104000000200706504060000070400600600900004,138549267267831495495627138742356981986174352351298746524763819879415623613982574,4
930608002200000000007209003429300000370196020001000800090802056603500090150907000,935618472216473985847259613429385761378196524561724839794832156683541297152967348,4
004000500300450000002700030126080740000194860480207300968040170013070408740031006,674923581391458627852716934126385749537194862489267315968542173213679458745831296,4
700403605000000010004010008570021900016700030000905000035000200289576040000100850,791483625823659417654217398578321964916748532342965781135894276289576143467132859,4
071500090859213006026904000205400807104307000697820030710000020048032005062709003,471586392859213746326974518235491867184367259697825431713658924948132675562749183,4
263049800095608004007301900030050700008037096006800000009083107050700609000060032,263549871195678324847321965932156748418237596576894213629483157354712689781965432,4
810509300305082901000700040027000493030020070046970080093200700052000609081090000,814569327375482961269731845127658493938124576546973182693245718452817639781396254,4
600030290053009104892100753007300410260000070015670982000000021009000040508010009,641735298753829164892146753987352416264981375315674982476593821139268547528417639,4
458000090000480320030001008004800073086902051300054609003140060960328010000000030,458273196671489325239561748594816273786932451312754689823145967967328514145697832,4
900800000605000102400000069008300695002618700070405000064903008209086400010000006,921864357685739142437251869148372695592618734376495281764923518259186473813547926,4
000951000180004903090038500400520178907180405510640030700000600000000300800310050,372951846185764923694238517436529178927183465518647239753492681261875394849316752,4
000005640006700900032900017300004000040257386078301000704009061091000030000402700,987125643516743928432968517325684179149257386678391452754839261291576834863412795,4
009026103401070089050000600603002015508030020097000000805040000006800070134200500,789426153461375289352198647643782915518639724297514836875941362926853471134267598,4
385600001629001005007002000800000150050700600140020000031289070704053090290406513,385697241629841735417532968872364159953718624146925387531289476764153892298476513,4
950700820730824609820905130012078060648090015309050000007010002103000070205000091,956731824731824659824965137512478963648293715379156248467319582193582476285647391,4
000020435300950762045703000056007000480030670003080000001300548030000900500418307,697821435318954762245763891956247183482135679173689254721396548834572916569418327,4
000800025003090008278600109016020093800013070307500800080050236100000900605370000,961847325543192768278635149416728593852913674397564812789451236134286957625379481,4
407000000020009300000570010972100480008090062003804001030001900000740000000005807,487213659521469378369578214972156483148397562653824791734681925895742136216935847,4
000302070097050012000078009700029604620013000053640120300060791000000000000700240,416392875897456312235178469781529634624813957953647128348265791172934586569781243,4
004801753307000020852000000039500200000400065508002309705036002183004000900100000,694821753317645928852379416439568271271493865568712349745936182183254697926187534,4
042000030708130640003002008000087300435210890897054006309000400024091000080403260,142768935758139642963542718216987354435216897897354126379625481624891573581473269,4
980510000154970000063002109800209460390000200000031987400007500609005370000000001,982516734154973826763842159871259463396784215245631987438167592619425378527398641,4
100000604605001032402009057040030000003000700009604803071982465028540070004000208,197325684685471932432869157846237519253198746719654823371982465928546371564713298,4
030016804004000000000940031408007309000803700070400000703280010851609020642000900,239716854184325697567948231428157369915863742376492185793284516851679423642531978,4
080320040030079002000810060800057200014063005000200630006090300059000070000030000,681325947435679812972814563863157294214963785597248631746591328359482176128736459,4
030500907000007060700030851324160700090004526000000100010090375960700010475000090,236581947581947263749632851324165789198374526657829134812496375963758412475213698,4
071960005039508670050003019007302000020740008903000000000020000092800100318057090,271964385439518672856273419187392564625741938943685721764129853592836147318457296,4
862000900014075826070286001023700500007520003098010002030000089756092014009100200,862341957314975826975286431123769548647528193598413672231654789756892314489137265,4
000078000000003270043900008106000703000050900098060005061090000000030007905000060,512478639689513274743926158156849723437152986298367415361795842824631597975284361,4
214005080500203490083001070090006048000070006000002000000308000001000300052007000,214795683567283491983461572795136248428579136136842957649328715871654329352917864,4
930480702470005000800700341740000510600000007083657904017020460200070009300100000,931486752472315698856792341749238516625941837183657924517829463264573189398164275,4
104827030020060000005100470009700005070000000803092704006070001052010607010050900,194827536327465198685139472249781365571643829863592714436978251952314687718256943,4
875164020030000005902370040003680400106007300007903060760500204000738006050006780,875164923634892175912375648293681457186457392547923861768519234429738516351246789,4
000007289070008005000040016004050070607094053500800004085000001009080027700300060,456137289271968435938542716894653172617294853523871694385726941169485327742319568,4
800601020729380000010094780000800016280000509061900208175400802690500040008029601,834671925729385164516294783957832416283146579461957238175463892692518347348729651,4
147050602062701090590600417916005000400290175720100006834510000671080250209007001,147958632362741598598623417916875324483296175725134986834512769671489253259367841,4
020617093096584007000009865030800900009320148000970350007492631960108704042763589,528617493396584217714239865235841976679325148481976352857492631963158724142763589,4
000019700715206904090750080071832050050071093204690000009500302020040500503000040,486319725715286934392754681971832456658471293234695817149568372827143569563927148,4
004530807709006201008927540000000123007205609000093000000300910000150702190070008,624531897759846231318927546965784123437215689281693475572368914843159762196472358,4
015000400020008307000610000650400000000001960000703050009030142030046870004079000,815327496426958317397614528651492783273581964948763251769835142532146879184279635,4
800751364003004209010000070000080040005102007000900800501400000004090050000513000,829751364753864219416239578697385142385142697142976835561427983234698751978513426,4
084100002060300058720800000070000010000900006100070009030690100610085090402013060,384159672961327458725864931879236514253941786146578329538692147617485293492713865,4
000005006005900183490810000500098012980050300100000800009300500007080001310500060,831725946725964183496813257573498612982156374164237895649371528257689431318542769,4
832014607971006248040820000000400305060030029300002010007000403009103072403000190,832914657971356248546827931728491365164735829395682714217569483689143572453278196,4
700009008306204010000360274003080120010032907000091080090810342401900006008040791,742159638386274519159368274973486125814532967265791483697815342431927856528643791,4
520900006410000823000000090005301007906048350800090002300100509004600208000007034,527983146419576823683412795245361987976248351831795462368124579754639218192857634,4
405001000000000000080650017014000003230008674700030000806000001027180400053200060,495721386671893542382654917514967823239518674768432159846375291927186435153249768,4
952301876700000053306075090000000502500007060000580030601754309003019600005030710,952341876718962453346875291867193542539427168124586937681754329473219685295638714,4
500300007370590040800001605050007100060120300180030056005409003030000000790600020,546382917371596248829741635453867192967125384182934756215479863634218579798653421,4
700502800009004062010039005300000090608040003090003708900010500000006907500397001,743562819859174362216839475325781694678945123491623758937218546182456937564397281,4
652901038700008025008050100007000000000000500080560073020090001890020347170004009,652941738714638925938257164567413892349872516281569473423795681895126347176384259,4
902006017387000096500000028023000760060000004100867000079032805431008002050670009,942386517387521496516749328823495761765213984194867253679132845431958672258674139,4
000000000050694000037502409073040080001070900940000070514203807086957004792008005,469731258258694713137582469673149582821375946945826371514263897386957124792418635,4
090427000600000420420056800852670094369014007710092503000030700200005000000760050,598427631637189425421356879852673194369514287714892563985231746276945318143768952,4
010000030900573081320091754009010570200309008080020093001007300070004010503000000,715482639964573281328691754439816572257349168186725493891257346672934815543168927,4
023001006000300801090000234000036718001095460306007950000050049000600000405910080,823741596564329871197568234259436718781295463346187952672853149918674325435912687,4
047051900000000400259080010700090800003608070820010049000000700901024503402560008,647351982318972456259486317764295831193648275825713649586139724971824563432567198,4
547000609020050003063900000000005836200009105005380097100890000000010928009502000,547238619921756483863941752794125836238679145615384297172893564356417928489562371,4
520600001000095000308100509000000000053086094200503060600007082932000400070400006,529638741417295638368174529786942153153786294294513867641357982932861475875429316,4
400187000810356000500900130040029060000600910006000804004000081783260050001400600,432187596819356742567942138145829367328674915976513824694735281783261459251498673,4
004500907000030020092080010913005070056001090240390001065070030008003060370000008,634512987581937426792684315913265874856741293247398651465879132128453769379126548,4
210039600700005090800060043000001964100000000008340051001000429600150807487023016,214839675763415298859762143375281964146597382928346751531678429692154837487923516,4
000200048000008500000010273046190080000806020080574016928700100000000807010480030,193257648762348591854619273346192785571836429289574316928763154435921867617485932,4
080016003000350007000000190910005842020040730038020905001500020004700018000200674,789416253162359487345872196917635842526948731438127965671584329294763518853291674,4
302007509060030201400920703050009312030000096296310475500000028009003650600500934,382147569967835241415926783854769312731452896296318475573694128149283657628571934,4
001500203820640050570002004980000460107896000206004809000000000318027540700060900,461578293823649751579132684985213467147896325236754819694385172318927546752461938,4
000050064002090300450030902207300090103540020500827040975680230001903400000210070,398152764712496385456738912247361598183549627569827143975684231821973456634215879,4
000097020907820001804000900409053786700006100006010003048502009275060408091000000,153697824967824351824135967419253786732486195586719243348572619275961438691348572,4
040005701070000349913600800030800070704020900809007200090000020080900000526000007,248395761675281349913674852132869574754123986869547213391756428487912635526438197,4
060300590800769000300002007470200860600050009980006024006830050500000008008000740,764381592852769413319542687471293865623458179985176324246837951597614238138925746,4
920000000300089017001300904000008006407620000060013048000807090700000302000230475,925174863346589217871362954153498726487625139269713548532847691714956382698231475,4
400000801865170000000080500792846305000001900500090004000000000054000630183060247,439625871865173492271984563792846315348751926516392784627438159954217638183569247,4
020080415600070200000003900006009302070050064200860000730048029804090100002000008,327986415649571283518423976486719352971352864253864791735148629864295137192637548,4
801000000970308510520710000058102040000603000010490308700000009193060200480000160,831259674976348512524716893358172946249683751617495328765821439193564287482937165,4
030604800000507401070802006010046079207050068600200140700920510120085000350461080,935614827862597431471832956518346279247159368693278145786923514124785693359461782,4
000008974000302851000040620800010760026800000005000000030001200200460000058200046,312658974467392851589147623843915762726834519195726438634581297271469385958273146,4
500042800000179500470000090100627005037480010000000007000000000706804000348050609,519342876862179534473568291194627385637485912285913467951236748726894153348751629,4
084000000009000500120000007036000000001025040850106739047000806010090020005460100,584679312769231584123854967436987251971325648852146739347512896618793425295468173,4
400963500030500001068217904050000042080020700000300680000100000800000095300000417,412963578937548261568217934653789142189426753274351689795134826841672395326895417,4
004072009000800000300000400000943005043105906020000041000007000207090084096080053,184372569659814237372659418761943825843125976925768341518437692237596184496281753,4
000809040009040006043061080076508000500002000100030070320106000010093200000425001,261859743859347126743261589476518932538972614192634875325186497614793258987425361,4
500004900407810305300207084700601408206003007840075000184706000605090803900540016,528364971467819325391257684759621438216483597843975162184736259675192843932548716,4
000000603205013000163009257004000720006100584500400309009024006600031805001760900,948275613275613498163849257894356721736192584512487369389524176627931845451768932,4
004200100000060030360901008801005000570630819009108300000006542010500000050000601,984253167125867934367941258831795426572634819649128375798316542416582793253479681,4
015900040090714520000080030004023009000097080000000200582670310900040007040050690,215936748398714526476285931754823169621597483839461275582679314963142857147358692,4
000000400270800000080400006000050690058600741600007508400213000023069054060000030,536971482274836915981425376742158693358692741619347528495213867823769154167584239,4
000075069400000000360020007003006074007500600600047095030750920510802703702600058,128475369479163582365928417953216874247589631681347295834751926516892743792634158,4
700046001000851700100270083004003600091600400060090005030900050450030006900000002,785346291329851764146279583874513629591682437263497815637924158452138976918765342,4
063070854007860390000005761090300040000600507000540000015000470274100680000750210,163972854457861392928435761596327148842619537731548926315286479274193685689754213,4
020809070058300006930200000006500039300180062502936780105703608009008003800090207,624859371758341926931267845486572139397184562512936784145723698279618453863495217,4
500000903108000670067010000806040009209036405450890007781403096002670800605001000,524768913138259674967314258816547329279136485453892167781423596392675841645981732,4
072400008900270600060938020627380500800050236050010080236107045514806000000543060,172465398983271654465938721627384519841759236359612487236197845514826973798543162,4
570600200000750908090000375650408129080007400004062057010000000000000040309076501,573689214421753968896124375657438129982517436134962857718345692265891743349276581,4
000600000000009006930070000070052400000003509310000070491006000683097000052008004,527641938148239756936875241879152463264783519315964872491526387683497125752318694,4
750103092806000400300084000609300020243500060005600300000835006430000205060401930,754163892816259473392784651689317524243598167175642389921835746438976215567421938,4
000050000000000508645007000010000026000009074400273000801000407200000000506034219,189452763723916548645387192917548326352169874468273951891625437234791685576834219,4
750001020800005907040002300270003010001250003538040000105706000090008600607024005,753491826812365947946872351279683514461259783538147269125736498394518672687924135,4
092410576000000009050307000007020150001000600400001098046080000800002005715030082,392418576174256839658397241967823154581749623423561798246985317839172465715634982,4
203584971000009085000731020070300200325400607006000000000002109050140060081960000,263584971714629385598731426879316254325498617146275893637852149952143768481967532,4
000030700004607010300010026803000650206001903000300284031040009090000500000593000,615234798924687315387915426873429651246851973159376284531742869492168537768593142,4
800010002020083005000204381040030500008570690500006003004307000003028450087001000,839615742421783965675294381746139528318572694592846173254367819163928457987451236,4
100070000008021040002600810014000000875310400030004571080100020007205086001900300,153478692968521743742693815614759238875312469239864571586137924397245186421986357,4
000003000100920060500160007008005009060400830020009654209540080006007103010806000,692753418174928365583164927348615279965472831721389654239541786856297143417836592,4
000087002000005097037000086703402860010008043060001209075910000296800105080000070,649387512128645397537129486753492861912568743864731259475913628296874135381256974,4
050000904400500060006047503078009300301760000020300175000850209030006450800000000,257631984493528761186947523578219346341765892629384175764853219932176458815492637,4
403206081160089007098301000000030069300002005920060400009000800814700096600500040,473256981162489357598371624741835269386942715925167438259614873814723596637598142,4
063508009050000728089000035500000086000109050900000471025394017400000200001082090,763528149154936728289417635517243986846179352932865471625394817498751263371682594,4
010050709900827060060301080009470000308519640100003500530180900000945003491732850,813654729945827361267391485659478132328519647174263598532186974786945213491732856,4
000002900907008426026000030003745000240980300080013000018000090000850002000690810,831462957957138426426579138163745289245986371789213645618327594394851762572694813,4
000001057091070608700842900030008000940006003500400060004010800010580300007060005,823691457491375628765842931136728594942156783578439162654213879219587346387964215,4
000007600000080035000000207097000100540003062080004009009032410003400006104708503,935247681472681935618395247397826154541973862286154379769532418853419726124768593,4
092150000304008600800000010530200087000000000006004090020006134100497060000300000,692153748314978652857642913531269487948715326276834591729586134183497265465321879,4
012000070604207050507106420068013204000009185109008036305601800000005360040000510,912354678634287951587196423768513294423769185159428736395671842271845369846932517,4
490200100100645098600009407030000002002008040905724030506893004240070000381002970,493287165127645398658319427834961752712538649965724831576893214249176583381452976,4
006100000970004051300500080853420007067000040040603520000705900790000004600048275,526187493978234651314596782853429167267851349149673528482715936795362814631948275,4
000000745030079060060040093050617000000000070871000900305000204700803510082054600,298361745134579862567248193459617328623985471871432956315796284746823519982154637,4
000300914306000852000285060000500100900460300000009000605090438740803601003640000,852376914376914852194285763437528196921467385568139247615792438749853621283641579,4
400020030000705102150009740060000000840000003309208070000100097083000250700002300,476821935938745162152639748265374819847916523319258476524183697683497251791562384,4
006081000190300000200000103002040000000100650807935001001094305380207400000603802,436581729198372564275469183512746938943128657867935241621894375389257416754613892,4
768050300320618500000020860050040003036090050290075008500902030002137000903564280,768459321329618574145723869857246913436891752291375648574982136682137495913564287,4
000040021240000800081027000003050740450609082198000060704501230005000400810060007,379846521246915873581327694623158749457639182198274365764591238935782416812463957,4
907010600130006090060000100078200000001054300000100000489000500500078914700090238,957812643132546897864937125378269451691754382245183769489321576523678914716495238,4
130478206020000010400500080040705009580001600200680000758046102314020065960050408,135478296827369514496512783641735829583291647279684351758946132314827965962153478,4
270000904189270360060030728000009030918003476050040289000090000030006092090300657,273658914189274365465931728742869531918523476356147289621795843537486192894312657,4
073850004006940003004706210039000700628000000000123080000000009960070050402019060,273851694816942573594736218139684725628597431745123986387265149961478352452319867,4
800060530012008000930004800069045023301200008000030947083000206005080090190426300,874962531512378469936514872769845123341297658258631947483759216625183794197426385,4
730060902560003400010500368050207000043005071000031024090350000080400200625700140,734168952568923417912574368156247839243895671879631524491352786387416295625789143,4
806000709372800004091702608600320900020084000510000340700200000080009007000008200,856413729372896154491752638647325981923184576518967342739241865285639417164578293,4
000001407980000100007060080600800010812600000470000608300050060060420501501006070,236981457984735126157264983695843712812679345473512698348157269769428531521396874,4
000000375603900012007010896700000230000070059006004000309740120070290540542031960,291468375683957412457312896715689234824173659936524781369745128178296543542831967,4
080900050020531080100608092001069548052810006869457301000300009018090030000105060,786942153924531687135678492371269548452813976869457321547326819618794235293185764,4
002050109013008000000010280030005000009302007270640005086297500007000028020004070,842756139913428756765913284634175892159382467278649315386297541497531628521864973,4
068020103210000000740001006130804579076905000000030060000059000090248600320006080,968427153215693748743581296132864579876915324459732861687359412591248637324176985,4
094071002520000100708090600000907300000006905000023080140700500076009210000600034,694371852523864179718295643285947361437186925961523487142738596376459218859612734,4
005000098700538260380009005006001000430205100500060402000080500100020600063004809,615472398749538261382619745826341957437295186591867432974186523158923674263754819,4
008300074040801900500009103030100020000008060050600001005014890781020430400080000,918365274243871956576249183634197528127458369859632741365714892781926435492583617,4
240006100001320060500001070003700020000010700710003086000030040400007095359802000,248976153971325864536481972693758421825614739714293586167539248482167395359842617,4
000001900061000080590002010204190008900700000810304500407500100009208700025047063,742831956361459287598672314274195638953786421816324579487563192639218745125947863,4
064000700800000000050003060700405002036700005290080000900130570040276300070809000,364528791829617453157943268718465932436792815295381647982134576541276389673859124,4
080001700027060000904800106000204005560187042402600000203708060046000907700046008,685431729127569483934872156318294675569187342472653891293718564846325917751946238,4
570010000900852000200003004085300279000000000030500000050204910300180506027905483,573416892964852731218793654685341279791628345432579168856234917349187526127965483,4
805000401637050200940200050000300006000590100203010594018035000006004010372009045,825973461637451289941268753159342876784596132263817594418635927596724318372189645,4
000904200500300609008167500810035974005040008000000156071002435480500762050400800,163954287547328619928167543816235974795641328234789156671892435489513762352476891,4
003000000060401000954006300000008750000125008080340016090083125018500073735010849,173859462862431597954276381321968754647125938589347216496783125218594673735612849,4
050007160000050000000040020007410000400705031601002004105079340920004610743621950,354287169279156483816943725537418296492765831681392574165879342928534617743621958,4
200004009108000000350020840000682354005900210000005098004530000090001582001090070,276854139148369725359127846917682354865943217432715698724538961693471582581296473,4
080007050560001003042000100156800900000005040070690005600003009704100060800450000,981237654567941283342568197156874932298315746473692815615783429734129568829456371,4
500003060974680000000105870000409150000000004090006700009061000150930608230007041,518793462974682315623145879382479156765318294491526783849261537157934628236857941,4
003718000089006000004003002050304000730100094000005073805040360402031050000089400,523718946189426735674953182956374218738162594241895673815247369492631857367589421,4
643000598001000700090035001006257014008016000015300672080021005109060020062540000,643172598521984736897635241936257814278416359415398672384721965159863427762549183,4
200140500070500402050600930907200080008014607000807000080000000703405000512796803,239148576876539412451672938967253184328914657145867329684321795793485261512796843,4
200860503510204906000100007000000090060410802000092004692000435031920060805346000,247869513513274986986153247724538691369417852158692374692781435431925768875346129,4
500002007020070001900084030805200900090030520340000000000040309034790085009020170,568312497423679851971584632815267943796431528342958716287145369134796285659823174,4
200070000007520300160090007400052030080000210900380050730240690508009000020015040,253176984897524361164893527416952738385467219972381456731248695548639172629715843,4
104002060080000002302081004020000410008160270001420386005010000010094008046507920,194352867587946132362781594629873415438165279751429386975218643213694758846537921,4
000100009002406010000030600004600070010208064050340200920760000507013026000529800,685172439392486715471935682234691578719258364856347291928764153547813926163529847,4
000302710000005840093000000607009000000420090000608005008906050006014000002000964,584362719261795843793841526627159438835427691419638275348976152956214387172583964,4
601030000800004091970000640089026007064800500107000862300670054006040283450003106,641935728825764391973182645589326417264817539137459862312678954796541283458293176,4
060400000000005780874000610010700030000003000036210850002000047009002308087000000,561487293923165784874329615215798436498653172736214859652831947149572368387946521,4
200900500140500200035024860000040003080001706007385400860409000450032078703050040,276918534148563297935724861512647983384291756697385412861479325459132678723856149,4
169030870450701930302060514090207000501806000720050008080040200000672001010583000,169435872458721936372968514893217645541896327726354198687149253935672481214583769,4
106003000340000000000000608030580026080007054560010000803900040092004800004028019,126893475348765291975241638437589126281637954569412387813976542792154863654328719,4
007020008000037694000650327274010006006302700103700040702001000098400060340000079,637924158825137694419658327274815936986342715153769842762591483598473261341286579,4
060004100142675000098010500610308007800107005004902800050009008006500030007000001,365894172142675389798213546619358427823147695574962813451739268986521734237486951,4
000200005305810400812050903076900804000506017100700096000402009008305600700000020,647293185395817462812654973276931854489526317153748296561482739928375641734169528,4
315802400784000209209401580020003190000050078000000052050080000892500700003000845,315892467784635219269471583528763194641259378937148652456387921892514736173926845,4
000080400240300081080174020008000002001000007000403009154230098060950204809001305,916582473247369581385174926538697142491825637672413859154236798763958214829741365,4
810007000005083006026054080300800050150040830200700901002471098081390470900000000,813627549495183726726954183367819254159246837248735961532471698681392475974568312,4
200470018083020000076000520600000004918004065504060100052600000800000600000015007,295476318183529476476381529627158934918234765534967182752643891841792653369815247,4
900708042080100700205046091802010000061839200530000918028975406000620589609483120,916758342483192765275346891892514673761839254534267918128975436347621589659483127,4
000275300970800215025109800100920783000500000800004602000007030600002090083001000,418275369976843215325169874154926783762538941839714652291487536647352198583691427,4
009047000030082479104600000000903004302450910095706200840060790020070530600000000,289347165536182479174695328718923654362458917495716283843561792921874536657239841,4
160830004080100260500000800000301090640000710950070300439508000076400000000796080,162837954384159267597264831728341695643985712951672348439528176876413529215796483,4
493200001700001630010307002630809207207000809900720060524000000070030496069070020,493265781752981634816347952635819247247653819981724563524196378178532496369478125,4
007120080002074930401008720058403290070081654200795810720000108605842300004310502,537129486862574931491638725158463297379281654246795813723956148615842379984317562,4
462000390798020160010607020007080201681000970050000846074000500130072600000004710,462158397798423165315697428947386251681245973253719846874961532139572684526834719,4
038041000005007600090300000160030000053014009000205008406000083300000005071003920,738641592215897634694352871162938457853714269947265318426579183389126745571483926,4
079500040360000000005900073000002354493800100000341006020000030546000700100000068,279536841364178592815924673681792354493865127752341986928617435546283719137459268,4
004000370080070204307002060805007040471095000006004005002050007000031000100029486,524968371689173254317542968835217649471695823296384715942856137768431592153729486,4
200000000000008070300006190004000021600010759710059480000005910090207045500901268,275194836169328574348576192954783621683412759712659483426835917891267345537941268,4
050010004030082010901000030407521080000406120005390007000849652090107040806000701,658913274734682519921754836467521983389476125215398467173849652592167348846235791,4
130069008048100700000082051000028034804030090003004820002005000050090006900300500,135769248248153769796482351579628134824531697613974825462815973351297486987346512,4
080204000052000900100095080623408000500020006000000270001000000800002390340006500,986214735752863914134795682623478159579321846418659273291537468865142397347986521,4
010270900040600305800300700085000009109800500032004010051080402308456190000000000,513278946247619385896345721485167239169832574732594618951783462328456197674921853,4
000200074005000100370810000000570000050080621008002750060008500700030010030420800,816259374295743186374816295623571948957384621148962753462198537789635412531427869,4
060015040280000060005000700700261400154009002608540190876153024002970006039426007,367815249281794365945632781793261458154389672628547193876153924412978536539426817,4
000600001078000406000032900013756002400000057080400600507004008096200000024005009,259647381378519426641832975913756842462983157785421693537194268196278534824365719,4
206004090900028000080500004800765030603249050502013009125907300708001920009602001,256174893914328567387596214891765432673249158542813679125987346768431925439652781,4
230007090000580063609034017753960140800300009004020080500400031140000000007006004,235617498471589263689234517753968142826341759914725386568472931142893675397156824,4
005002680000030000000150200800590040050704001071300900700205000024000560090000402,315472689249836715687159234862591347953764821471328956736245198124987563598613472,4
036020041419056000572010069043201050000400306008000024601072400000000000000605017,836729541419856732572314869743261958125498376968537124651972483287143695394685217,4
582000000049070500000010048908000030000003000630009817050000360307040080890031050,582964173149378526763512948978156432421783695635429817254897361317645289896231754,4
501083470700050301030107006350090000207300100010000600609004510040000030870009204,561283479784956321932147856356491782297368145418725693629834517145672938873519264,4
000500600002016090000000008907001030531029000400070109089100570003250941000060382,394582617852716493716493258927641835531829764468375129289134576673258941145967382,4
206000708495370000300020005701000806032080179869000024027015003083700090050003000,216594738495378612378621945741239856532486179869157324927815463683742591154963287,4
006805040508241006001060820000070300015400600023900457387000004650020078102000000,236895741578241936491763825964578312715432689823916457387159264659324178142687593,4
000947020007020000000600009015008230040050061300170095000006070620000304008234900,861947523497523618253681749915468237742359861386172495534896172629715384178234956,4
000300000009700054082004700700019020000600800190500600004008070001405000907231085,475396218619782354382154769746819523253647891198523647534968172821475936967231485,4
423817000060300047005906003000080300200039080000200019192000000380072051650000200,423817596961325847875946123749581362216739485538264719192453678384672951657198234,4
015038000800047000900005300006004080000000506780510402060400000050000020290070850,615938247823147965974265318536724189142389576789516432368452791457891623291673854,4
900000007080047250605000401038401060400800020000000740009003000150000384000014000,924156837381947256675238491738421569496875123512369748249783615157692384863514972,4
073060000950004031400000028100400200800500000000019004017280003580000060000096805,273861549958724631461953728196438257834572916725619384617285493589347162342196875,4
080190050002600430607438209700000020469000073235000000000080701970060002020709060,384192657192657438657438219718346925469825173235971846546283791971564382823719564,4
094810600002000708000209500001000070020073000807120300253490007100002045089700003,594817632312654798768239514931548276625973481847126359253491867176382945489765123,4
030008460002016070064723008090340287470209600100087094007800009006034720000170006,731598462582416973964723158695341287478259631123687594247865319816934725359172846,4
090054201082600504500070900000007820016002057007000090201000609670400005030006700,793854261182693574564271938945167823316982457827345196251738649678429315439516782,4
007000480082001000006038009400512060200080907308000000710093004090000038820004100,537269481982451376146738259479512863251386947368947512715893624694125738823674195,4
070008510056030700000056900089004200160000040407300008030280690000003070500607020,973428516256931784841756932389514267165872349427369158734285691692143875518697423,4
500684900394710206600003040165900804037040000400007001003106050000009700706408000,572684913394715286618293547165932874237841695489567321923176458841359762756428139,4
000042306800056709520703080000000830008000000003400007040081600001070203070629410,719842356834156729526793184497265831168937542253418967942381675681574293375629418,4
200109506003007000900000007602090001000001602710562309325916400497230160100470000,274189536853627914961354827642893751539741682718562349325916478497238165186475293,4
100300040000800590005794000007100205002060079030570008003050820006240050000607004,198325647724816593365794182847139265512468379639572418473951826986243751251687934,4
000690700709041002000070630000203900008050001092000003604000300020000005057004200,235698714769341852481572639546213978378956421192487563614825397823769145957134286,4
001005026605020470800000100063274000000000007250010000300091000486000310000603000,731945826695128473824367195963274581148539267257816934372491658486752319519683742,4
012080437380750000640100090400001200826095000000460500068200000090007008004508900,512986437389754612647123895453871269826395741971462583768239154195647328234518976,4
080002734000781000000003200000009850940050000006128470064000080050000100007004002,681592734423781695795463218172349856948657321536128479364215987259876143817934562,4
800600502030000007620005300001060005500801906290004000358016004064000000100430600,817643592435192867629785341781269435543871926296354718358916274964527183172438659,4
080053900070080004002007081001842000030000008000005700560004190043600007007000020,486153972179286534352497681791842365635971248824365719568724193243619857917538426,4
005900040890000760130200008050700003908002050003000000010809620000401000080007004,725968341894513762136274598251796483978342156643185279417839625569421837382657914,4
053000007000360510006075003029040100008600070060190025040901302931000700602030001,853214697274369518196875243529748136318652479467193825745981362931526784682437951,4
090001000607080120012050907721598046546132008080406510100867009060319070970045000,893721465657984123412653987721598346546132798389476512134867259265319874978245631,4
200071006000950040000042900708000001010020650065100008000015007090060005570000060,249371586136958742857642913728596431314827659965134278682415397491763825573289164,4
000003096000845000030009700600070408000000639008000170400001007087030060361007840,824713596976845213135269784693172458712458639548396172459681327287534961361927845,4
300000296605089403201306750900020000100000509400950060030805042060000900012090030,348517296675289413291346758953621874186473529427958361739865142564132987812794635,4
901006000000008250000000109000020003438651027000309000004500308060807000825003070,951236784743198256682475139596724813438651927217389465174562398369817542825943671,4
098200040502801006060500782000004010700000050003150600035007260007900031019030070,398276145572841396164593782956724813721368954483159627835417269647982531219635478,4
013700406800009005052630070000407092000326000200000700008900547000000020009060300,913752486876149235452638971365487192197326854284591763628913547531874629749265318,4
006190002910700600804030001001069000500087416000041020000000003009870504000003100,756194832913728645824635971341269758592387416687541329475916283139872564268453197,4
450000070036017000970806400200105000700630904060720000003501002548003000007004305,451392678836417259972856413289145736715638924364729581693571842548263197127984365,4
070800040094710350062904800006105008100070060000040020018020900000000600007490005,571863249894712356362954817426135798159278463783649521618527934945381672237496185,4
070864090004975006090021080530008400040000903069413000900000008807500002006107000,372864591184975236695321784531298467248756913769413825953642178817539642426187359,4
654700083970523000002846759105360000000400030000002016080000007503004090009000320,654791283978523641312846759145368972296417835837952416481239567523674198769185324,4
000000020700465008300002450037640502400803697096050014004000003000074200071936045,645381729729465138318792456137649582452813697896257314564128973983574261271936845,4
400100050005090000601305000063000080958703400720060003090000100000240905000931862,439172658285496371671385294163524789958713426724869513392658147816247935547931862,4
200000400007814200000926010104005087805001640072008500546783100000050074000000350,261537498957814263483926715134265987895371642672498531546783129319652874728149356,4
005000007002000100090200500003800000804912005500300809750106483206085000010709602,145698327682573194397241568973854216864912735521367849759126483236485971418739652,4
000530070000084195205019060050000026000065300130820040710058600000300910000601450,891536274673284195245719863958143726427965381136827549719458632564372918382691457,4
056239000000001005908005000802050090041090726600102084000000603003040050000007809,456239178327481965918765432872654391541893726639172584794528613183946257265317849,4
400560082102004065006009074060903050789615040530000091925370008040000020000050730,473561982192784365856239174261943857789615243534827691925376418347198526618452739,4
000000603701300204090700581013090047000210009570800020020000000430060010005409700,842951673751386294396742581213695847684217359579834126928173465437568912165429738,4
790005423000000060560000007804000006906008000350000080085010904609007200037890600,798165423142783569563924817824571396976238145351649782285316974619457238437892651,4
408037962000680001000400085507009640080050097900006158070960010039700000600008309,458137962792685431361492785527819643186354297943276158275963814839741526614528379,4
400060800009107304026000015032000780860090500005800290004000000000630000070001009,413965827589127364726483915932514786867392541145876293694758132251639478378241659,4
004800030009003000302000005096031008001008654008467913863009001040706000000300006,654872139189653247372194865496531728731928654528467913863249571945716382217385496,4
200016040030400197140030020010950630000800015005160900981005000000600009762394850,297516348536428197148739526814957632629843715375162984981275463453681279762394851,4
028070610004600000603800904860000293241903857307582000009000000106035029400008500,928374615714659382653821974865147293241963857397582146579216438186435729432798561,4
078045129024000657100000040407620080080517000500000060000100270700000006203760510,678345129324981657159276843417623985986517432532498761865139274741852396293764518,4
015000000900070012072003009200360150106950743053040000000021437007634000001080000,315296874964875312872413569249367158186952743753148296698521437527634981431789625,4
040000016007060830369410005005000302401380090030700081500890003003004050092050000,248537916157269834369418725875941362421386597936725481514892673683174259792653148,4
800100603000506748040078020200000500000007230736045800092683075000012086468009000,827194653319526748645378129284931567951867234736245891192683475573412986468759312,4
870020600910000037306070000038057010200000753000000046003089000080205360060030928,874123695912568437356974182638457219241896753597312846123689574789245361465731928,4
570809006020703004004521900007038060005000800080600007038402001916300040002106009,571849236829763514364521978197238465645917823283654197738492651916385742452176389,4
001000004009814000480600200302401968098002040540300720000140300810290050204500100,631925874729814635485673219372451968198762543546389721957146382813297456264538197,4
073108520450020300820000004000413000102680400704902000000800200000000603010009040,673148529459726318821395764586413972192687435734952186967834251248571693315269847,4
950000007006700000070528609509000701807000406400670290000860012632100070000000900,958346127246791583371528649569482731827913456413675298795864312632159874184237965,4
096020018050061430201800056423009870000213005000048020000082104030100007002476000,396524718758961432241837956423659871987213645165748329579382164634195287812476593,4
609000007810007060705008320300006145050003200200540090900000010060274000500189000,639412587812357469745968321398726145451893276276541893984635712163274958527189634,4
100000020080001905450000000300460100000000057000085034800000090510098702900674010,173549826286731945459826371325467189648913257791285634867152493514398762932674518,4
400600000052007900730950040100000060305470000029500403014260380083704156576108200,491682735652347918738951642147823569365479821829516473914265387283794156576138294,4
815967034030128079029534060103052007000071000260480305900010700071093002382040000,815967234436128579729534168193652847548371926267489315954216783671893452382745691,4
026000003900034027003960080008000042270640310004020050007290860069008201000010070,526187493981534627743962185618375942275649318394821756157293864469758231832416579,4
940000810300095000082000950450082001020001794100047285764050009000000000039200070,945726813371895462682413957457982631826531794193647285764158329218379546539264178,4
076209300020000070400067502840000015600072040007040260030020458068400920054900000,576219384923854176481367592842693715695172843317548269139726458768435921254981637,4
902000650000036982060920074000001236607392805230000001741080029820000010503017408,972148653154736982368925174489571236617392845235864791741683529826459317593217468,4
060102070200000000010300200950820000600940057473015080700200590026050708095080021,864192375237564819519378264951827643682943157473615982748231596126459738395786421,4
006002100700603050000010060000846301360271008071350004000004015500007036100500200,456792183712683459983415762295846371364271598871359624627934815548127936139568247,4
086400020400800650510600070002060089890024105060900402070008500000000048008009300,786415923429873651513692874342561789897324165165987432274138596931756248658249317,4
090001746800004519046507000000003800000079000000200037002008004050710200678430090,295381746837624519146597328769143852523879461481265937312958674954716283678432195,4
001368000800450701254097036020914050009586270005700100908605000070039005063241000,791368524836452791254197836327914658419586273685723149948675312172839465563241987,4
142000500806500070753080000030254010000007048060000025000000807000109600300860201,142736589896542173753981462938254716521697348467318925619423857285179634374865291,4
803004000046080103017090500462005800100472300035968041001029408004001002000743600,853214976946587123217396584462135897189472365735968241371629458694851732528743619,4
704086000010900400300200800060029000578301040201450600947000260605792100182600090,724186359816935427359274816463829571578361942291457638947518263635792184182643795,4
003004006490060213060100040170306400000007060036000178607000900021079850084020607,713294586495768213862135749178356492249817365536942178657483921321679854984521637,4
062090304039000020008030009047020800500807201000060040000006580000082000876009002,762198354439675128158234679647921835593847261281563947924716583315482796876359412,4
130000095245971608006005000900057000050400070000000153009084300710506980008000060,137862495245971638896345721983157246651423879472698153569284317714536982328719564,4
038040971412709050957016340000003180090081063301090425009370004003100690170000238,638542971412739856957816342726453189594281763381697425269378514843125697175964238,4
207040900000007012851062034300004000070650000086030040000810490040000001010025078,237541986469387512851962734392174865174658329586239147725816493648793251913425678,4
018029763970008040002007080007090800100680927869000300094000200001004090000905430,418529763973168542652347189237491856145683927869752314594836271381274695726915438,4
900000008005706000010803009001000307040500090002031000100008004230000710460072850,973214568825796431614853279581629347346587192792431685157368924238945716469172853,4
305098100928010753001073008050002000004705090890040005089120507500007209000000004,375298146928416753461573928756932481134785692892641375689124537543867219217359864,4
348560070006800420021900508000059007007203100190000000015300000600008200000005030,348562971956871423721934568832159647567243189194786352415327896673498215289615734,4
090000050005901048081000692043000809170090065200800074900080530036000427000073900,794268153625931748381547692543726819178394265269815374917482536836159427452673981,4
030650080006801000058300416510006000600000201800017569900004000081793052002060094,134652987796841325258379416519236748647985231823417569965124873481793652372568194,4
070300009900075100215040000300004560060050000450706010149063008530402001020090405,674318259983275146215649873391824567762951384458736912149563728537482691826197435,4
010860402008102003620003010406000907180000000730680004200700000000000708000056320,913865472548172693627493815456321987189547236732689154261738549395214768874956321,4
538000010426000000700804650245100060600002104107643028304921705800067031070000240,538276419426519873719834652245198367683752194197643528364921785852467931971385246,4
000060800816052090970081400300048010000000280100000906700130009030006070091507040,243769851816452793975381462329648517567913284184275936758134629432896175691527348,4
530040070864500000079008540016804050043905006050006009390050867620083000087601030,532149678864537921179268543916874352243915786758326419391452867625783194487691235,4
803106094007040316604900028175804060080060170006010480061490030008650040009080051,823176594957248316614935728175824963482369175396517482561492837738651249249783651,4
000006040000003075037410928009534712000291856052807430300608294026000380900002060,295786143418923675637415928869534712743291856152867439371658294526149387984372561,4
103000542000025001020400890710000400002103005000500070060957200070000600008260000,183796542496825731527431896715689423842173965639542178361957284274318659958264317,4
073451092004038576098706000049000020015000703036500080000640008961080000000005007,673451892124938576598726431749813625815269743236574189357642918961387254482195367,4
000100098280090050090050000050820010010560040003009005020600001008205000506900083,635142798287396154491758632954827316812563947763419825329684571178235469546971283,4
900802371200031040381000090630587904400013200000000036004370009016050020093108460,945862371267931548381745692632587914479613285158294736824376159716459823593128467,4
501000300070004200090006070034500007010980500280400063050000032600070001007200680,561728349378194256492356178934562817716983524285417963859641732623875491147239685,4
000041790000070008870000603960100300180539000003704009000917800700028061210000930,635841792492673518871295643967182354184539276523764189346917825759328461218456937,4
300700540010040670748010200057090314006000905000001002000000050500374800004008003,362789541915243678748615239257896314136427985489531762893162457521374896674958123,4
209000000100609702405082006620041087900000000507006010391760000706024001842003000,269417358138659742475382196623941587914578263587236419391765824756824931842193675,4
800017050050400190003000007000200405004063982320840670001000003080004509000108064,842917356657432198193586247768291435514763982329845671471659823286374519935128764,4
700490300004230079030005000001529040000080590090043060200907100367004020000002400,726491358154238679839675214681529743473186592592743861248957136367814925915362487,4
196830700580692000400001000020000004000548027005000000004105038000063070070480200,196834752587692143432751896723916584619548327845327619264175938958263471371489265,4
000700050002600890930240170403089720827356941000427008084000500051004300000513402,648791253172635894935248176463189725827356941519427638384962517251874369796513482,4
020053800000204000400806025100507436240001507030648912050469178004005069900080050,627953841518274693493816725189527436246391587735648912352469178874135269961782354,4
802500904705300100619000030000040200060275390200810640020008000300000400976134800,832561974745389126619427538153946287468275391297813645524698713381752469976134852,4
890400053100030080000018962009020830732009001608000279064800300583201490971000020,896472153125936784347518962419725836732689541658143279264897315583261497971354628,4
005000030000009206294003581000030008589016000000485190068000015007050860100000700,675821934813549276294673581741932658589716423326485197468297315937154862152368749,4
000001004702300080650800020006002300308100690901000050105600000000020916000009000,839251764712364589654897123576982341328145697941736258195678432487523916263419875,4
006001007400569103001004650073006895009003000560000030010030509300607008002000364,856321947427569183931784652273416895149853726568972431614238579395647218782195364,4
000500618000709500030800000017350006300900001006470050600005007785043900092680340,279534618861729534534816729417358296358962471926471853643295187785143962192687345,4
009000840002004650070960230001040905006200003000089010007000304940057060013406500,169532847832174659574968231781643925496215783325789416657821394948357162213496578,4
001600003805700600060010095048002000700009310003006050609007000000000276000400530,291685743835794621467213895548132967726549318913876452659327184384951276172468539,4
900400001040761080000500003064009007020000900530200006018040350000000000000120704,975483621243761589681592473164859237827634915539217846718946352492375168356128794,4
209007008800000972000028065320500007190874003500003090070080004001000059030100000,269457138854631972713928465328519647196874523547263891975386214681742359432195786,4
300050001801060570060000309106208000957000280020000030009403000200090000603705000,374952861891364572562187349136248957957631284428579136789413625245896713613725498,4
040781020370000008062004100000300040005040030030200980600002710900003000020860350,549781623371526498862934175218397546795648231436215987683452719954173862127869354,4
070060408024000590008000700703296000056037809000080673005021900002009041900000080,571962438324718596698354712783296154156437829249185673435821967862579341917643285,4
089030205230054090000928300703005920020397000695240000800009000952000800010482009,489136275231754698576928314743865921128397456695241783864579132952613847317482569,4
040580009725009008900000000000900001001007903039005876560200100092740360310650097,146582739725369418983174652478936521651827943239415876567293184892741365314658297,4
007010260040000891001059340003200006802000904004000000256090400109084500078500609,987413265345726891621859347793245186862371954514968723256197438139684572478532619,4
413500620000346190680270504000100003002800470700403802070004200900002700046000080,413598627527346198689271534864127953132859476795463812371984265958632741246715389,4
000000006610080040300079100100940500234508019005731000509000607023800401060050000,958124376617385942342679185176942538234568719895731264589413627723896451461257893,4
150003270300600054006400003000156000000040308607208019080000020401020605000501430,154893276398672154726415893839156742215947368647238519583764921471329685962581437,4
317000050500002100289041000005700061000009005760000040000000500978005003401000070,317896452546372198289541637895724361134689725762153849623917584978465213451238976,4
300978102701004003000060800050400207010050036200030500034015000120003050008200061,365978142781524693492361875853496217917852436246137589634715928129683754578249361,4
000569127260840030005200604830605000050000300012038065000400801140796050020300006,384569127261847539975213684839675412756124398412938765693452871148796253527381946,4
060400209400070050020600007043000062000940030815002000094026080682534900050890006,567483219439271658128659347943715862276948135815362794794126583682534971351897426,4
060308009000951600509240000300009705680003104005060200040090001950030470006714950,462378519873951642519246837324189765687523194195467283748695321951832476236714958,4
080400000009380200005060948230176500008250010000000723100020096802000050900000800,681492375479385261325761948234176589798253614516948723153827496842639157967514832,4
049000063083000040000040009050020000700861325320500600800009214002410000401600950,249158763583976142617243589156327498794861325328594671865739214972415836431682957,4
271000030003104562654392800030021600000469000906005127309040010000203040060910003,271586439893174562654392871538721694712469358946835127329648715187253946465917283,4
800046009100070200506002070007000060004015307600807002050380604328764000060259000,872146539193578246546932178917423865284615397635897412759381624328764951461259783,4
021000000507028609048001070704852100085690007093000000070080030359007000006040720,921765384537428619648931572764852193185693247293174856472586931359217468816349725,4
900006000004030090008070001100900200060020970090300006086000057051748609029003140,972416835614835792538279461145967283863521974297384516486192357351748629729653148,4
005096000100340602806000090000530006000010200000008040509000004208009061010062000,325896417197345682846271593982534176654917238731628945569183724278459361413762859,4
000500207900000806001600059028900400704000901005410028547008063800700000000050000,683549217952371846471682359128963475764825931395417628547298163816734592239156784,4
043005071708001903195007406000700500807019304600000200910000732082074000506932048,243695871768421953195387426421763589857219364639548217914856732382174695576932148,4
600001070021000340507093602360007500008005400004009037000000900000730000030986000,643251879921678345587493612369147528718325496254869137476512983895734261132986754,4
098300400003200950750000800420050300005042710076900024367020000000160090210004600,698315472143287956752496831421758369935642718876931524367829145584163297219574683,4
093100000650008000710030904020857003030409008080203590000005409009320800040971006,293146785654798132718532964921857643536419278487263591372685419169324857845971326,4
074000501103705004500004000710000400306008700040071203009800106087310952601240807,874963521193725684562184379715632498326498715948571263239857146487316952651249837,4
000308000800247350305160000400083010008506090156002800074805009903004580582900000,267358941891247356345169728429783615738516294156492873674825139913674582582931467,4
050703940400500700086000300605040012240008009010050003007900004524800090000400280,152783946439516728786294351675349812243178569918652473867925134524831697391467285,4
000000015007200090200015807070093000000170058090600723648901070013006080920007600,384769215157248396269315847572893164436172958891654723648931572713526489925487631,4
680950400003610070000080069500800010000321540300506080079105028035208794026009050,681957432943612875257483169562874913798321546314596287479135628135268794826749351,4
400060801690080040000040050070900485954001203008004100507028900049007520000000030,425763891691582347783149652172936485954871263368254179537628914849317526216495738,4
000041020920086043640950187060800014004065702000020006010008005700014200458200060,587341629921786543643952187265879314834165792179423856312698475796514238458237961,4
093500000671004053408030000809061532315042760762000040130000005004005000020378190,293587416671294853458136279849761532315942768762853941137429685984615327526378194,4
407600080500780100020004050060031005254000010001040006670008090000000607002960530,417653982593782164826194753769231845254876319381549276675328491938415627142967538,4
305601070090043001601070000000068503000059002500000018070095126000024007000016430,345681279297543681681972354719268543834159762562437918473895126156324897928716435,4
000000700408009050900450080002906070700040100003708000006530017084000539300891000,625183794438679251971452683842916375769345128513728946296534817184267539357891462,4
009780615457163892080000430294850160000639200630010009060300904970046081000000026,329784615457163892186295437294857163715639248638412759561328974972546381843971526,4
009070050754080000106200300000000275067000000908700006072690014095004703301007689,239476851754381962186259347413968275567132498928745136872693514695814723341527689,4
700000002090004180001020000908000700000800429400500006162000000549138007873000905,754381692296754183381629574928463751635817429417592836162975348549138267873246915,4
300040820600392074021087630000200006900408050000071002103000060095000000006704500,379146825658392174421587639817235946932468751564971382143859267795623418286714593,4
003000004024000100098001506036875000040030005057090360000009740070004059409750010,613527984524968137798341526136875492942136875857492361285619743371284659469753218,4
700305060060000015000060700006518027875200196140697038000100000050706901081050672,714325869368479215529861743936518427875234196142697538697182354253746981481953672,4
070802090050090340060473800100040900200907400094030002729300508010780000040025079,473852691852196347961473825137248956285967413694531782729314568516789234348625179,4
960300804000071062000406300453000000000000009080000451690000000070000000100257906,967325814348971562521486397453192678716548239289763451695814723872639145134257986,4
780012030000006851650300027840600005000020084160000000370000009008750300000003570,784512936293476851651389427849637215537921684162845793375268149918754362426193578,4
120730690005894020090610807500003070400008236030107005000281060200070000000309702,128735694765894321394612857582463179471958236639127485947281563213576948856349712,4
001000007260000104900010020010008000408670312000100895730590000026384070800702401,341256987267839154985417623513928746498675312672143895734591268126384579859762431,4
026005000010200008097000201031800600000410057450607000070040026040001000080720140,826175439314269578597384261731852694269413857458697312173548926642931785985726143,4
426000370000060918000500400580006731760801000100039800000605027670042500205307604,426918375357264918891573462589426731763851249142739856934685127678142593215397684,4
796020030310074005004963172037010050860209700005307000009000317000790000070001920,796125438312874695584963172437618259861259743925347861259486317143792586678531924,4
010070000300028090720035041005200003000004100290300400053701200100800030600000010,519476382346128597728935641465219873837654129291387456953741268174862935682593714,4
070805000504007000060004050000398520020750903000026071652003489087000215000500600,273865194594217368168934752741398526826751943935426871652173489387649215419582637,4
007004001265000704010500286002053060693080040058000020009008010300200400406005873,837624591265891734914537286742153968693782145158469327579348612381276459426915873,4
004670029010009000000000037965704010000060040341900200400890301000206004000010080,534678129217539468698142537965724813872361945341985276426897351183256794759413682,4
038295000729614305010783009067059004041870050005000871072500090000047502900021000,638295417729614385514783629867159234341872956295436871472568193183947562956321748,4
000304600003005079401870000504006000700083501130000000040000000302090000619030725,975324618283165479461879253594716832726983541138542967847251396352697184619438725,4
700890510000705400050600072910002350043008107500000004200040001035200749408070200,726894513391725486854631972917462358643958127582317694279543861135286749468179235,4
300090087000080300658327000200000030543079000070000200005168042060032058082904670,324691587917485326658327419291846735543279861876513294735168942469732158182954673,4
510860240006004091000700086680030070000087600792050038908070300105000800200098000,517869243836524791429713586684231975351987624792456138948675312175342869263198457,4
984351000000600510000000000300209000009870602000400093430180000090002007256030100,984351276723694518165728439348269751519873642672415893437186925891542367256937184,4
960310250012500076000007009000903060000000090050140030200800643040000980386409000,967314258412598376538627419174983562823765194659142837295871643741236985386459721,4
060490000070102060408306009900615048000000000005809001001900056054007010090001402,562498137379152864418376529937615248186724395245839671821943756654287913793561482,4
260491087000007409090850200005000748040180300000700050008003104074200035300008000,263491587581327469497856213135962748746185392829734651958673124674219835312548976,4
002700030700003002506204800004300250900000070300685109000800700075000300800400021,492718536781563492536294817614379258958142673327685149249831765175926384863457921,4
480005000009000008200840950061530792097001004542900316000180025100069800030050109,486795231759312468213846957861534792397621584542978316974183625125469873638257149,4
000098500209731806400060103006002309020109600005376402060500900500080701087600200,631498527259731846478265193716842359324159678895376412163527984542983761987614235,4
020580300007630400300007086960000058000950630000760904000800203200195060800300041,426581379187639425395247186962413758714958632538762914651874293243195867879326541,4
487900010000000248052008700673210054000860907090000163700004082000086000805320091,487932516936751248152648739673219854514863927298475163761594382329186475845327691,4
005430702000000050840500006469020500280005603031600000000090030000001470700004260,615439782972168354843572196469823517287915643531647928124796835356281479798354261,4
056030001080051040307800502804095600095070000063428000000504100030982470649000258,456237981982651347317849562874195623295376814163428795728564139531982476649713258,4
003000508070105026004207003000000000391000004062090001006513890120948630039000105,213469578978135426654287913487351269391826754562794381746513892125948637839672145,4
006009000590071200000384956000000004000260080005000602380700009007812035150906807,846529371593671248271384956628153794419267583735498612382745169967812435154936827,4
800403010307020600059600200504100006780204590020058070100702060000000002208506000,862473915317925684459681237534197826781264593926358471195742368643819752278536149,4
060007005900800000002060000280409057305000204007000009034016070819700002700000301,168397425953824716472165893281439657395671284647582139534216978819743562726958341,4
600091005009500040000600090007000901928006000000049260091060000300900050205730000,684391725139527846752684193467253981928176534513849267891465372376912458245738619,4
350000004000700980908004600000080000000405390005270806500007109709132048042900000,351896274624713985978524631296381457817465392435279816583647129769132548142958763,4
890002057000053000200780940500000001367100500010000079000800705005004038128000090,893462157741953682256781943589247361367198524412536879634829715975614238128375496,4
853764002100092000000000000482907310305081974001040285230009051590410700010005409,853764192147592863629138547482957316365281974971346285234879651596413728718625439,4
053000180020090000400500090000080000002050408070400001000060804015040030700920000,953274186128396547467518392541689723392751468876432951239165874615847239784923615,4
067209000008000000054076809000051400000730900700000016081520607672900005000460080,367289154198345762254176839829651473516734928743892516481523697672918345935467281,4
100635024050178096830940501012864935089513702000297018301489057070001000900700103,197635824254178396836942571712864935489513762563297418321489657678351249945726183,4
060150003000900104391040000874605090906000530010800700000570010000001080100300059,468157923752983164391246875874635291926714538513829746649578312235491687187362459,4
700010068030090070048006003403080052010600730290000806070060080380020004050008020,729513468631894275548276913463789152815642739297351846972465381386127594154938627,4
007006000000570100050000700040059010010004029032000580300002000004005063000040908,297416835463578192851923746648259317715834629932167584379682451184795263526341978,4
007500600000236504060001830730002100816709300050000000600300008003004756008605003,347598621981236574562471839739842165816759342254163987695327418123984756478615293,4
070000900502000068800000700100520000093700500000409601005000000080130070020060009,671248953542397168839651724168523497493716582257489631315972846986134275724865319,4
003001508010500930800000071031290000060300015074000090000650000386009100750080069,493761528617528934825934671531296847968347215274815396149652783386479152752183469,4
750302481002684750048000002060040920000050000409237500874500000001000000000800230,756392481912684753348715692563148927127956348489237516874523169231469875695871234,4
900000087004275009007800000546309070300002050201450000020000065700008300010540008,932164587864275139157893642546389271389712456271456893428931765795628314613547928,4
200905000704001020650000107400000700000740001120030004060003200005210900900608403,213975648784361529659824137436189752598742361127536894861493275345217986972658413,4
900000006400030000768010030000300061000900372076000005090003007032400000047158020,913842756425736189768519234259374861184965372376281495891623547532497618647158923,4
602000005700500802830760000000170050059320000007900004008090003500200407041007508,612849735794513862835762941386174259459328176127956384278495613563281497941637528,4
403000907000900000097008001268000134010823756075100208800006070040002000001080003,423651987186937542597248361268795134914823756375164298832516479649372815751489623,4
004000001530100009020060003750200008203000600400050200008001000040009170602035094,864397521537182469129564783756213948293478615481956237978641352345829176612735894,4
000130690000060805790005021431000000600500000050410060020301400004900500100084900,548132697213769845796845321431697258679528134852413769927351486384976512165284973,4
036090010080000307000000840090001070005980201060570000000029750009150400523060190,436897512982415367157632849398241675745986231261573984814329756679158423523764198,4
040002008002403970700900410050006300903804701007320050001600580300500000605208107,549172638812463975736985412158796324923854761467321859271649583384517296695238147,4
008502040000310002072004008001640080060051000830207000157489036294006800680000194,318572649946318572572964318721643985469851723835297461157489236294136857683725194,4
000501000300049056600000490000907010014300509500204800000493001908105000040078000,489561732372849156651732498836957214214386579597214863725493681968125347143678925,4
074008000005600840200005761061004328500801094040000000000500079009000180006017035,674128953195673842238495761961754328527831694843269517312586479759342186486917235,4
000064302052130007060020150000956718076200045000800003530001270007090000000375000,718564392452139867369728154243956718876213945195847623534681279687492531921375486,4
500600400690000150000005020360410500100002800904857300280006000030028005006503008,572631489693284157841975623368419572157362894924857316285746931439128765716593248,4
040870329030000670200006104450160000900000000713090050020500960100040530568000702,641875329839421675275936184452163897986754213713298456324587961197642538568319742,4
028040090405700086900003500072098400090400060000562000060054008050900020300200100,728645391435719286916823547672398415593471862184562973269154738851937624347286159,4
902830004307205090805000000700460005608002000053908600580609230009324806230580409,912836574367245198845791362721463985698152743453978621584619237179324856236587419,4
000004910300502074840970030070400000000097420430200090090005287020003109500029300,267834915319562874845971632972418563156397428438256791693145287724683159581729346,4
016000200000000050000086719004000002090008507200003900860957420140000605009400070,316579248978124356452386719734695182691248537285713964863957421147832695529461873,4
007806300080040075034009020803005000400290500529300047345600080090530462206004050,957826314682143975134759826873465291461297538529318647345672189798531462216984753,4
031400020000018479840502000364021000950634002210000364000003917000000040092040053,731496528526318479849572631364821795957634182218759364485263917173985246692147853,4
960080200040000090208090040050700908086000050009050702000905074075841000194273580,967584213541632897238197645452716938786329451319458762823965174675841329194273586,4
000000008300008026100020700000549002049070300800360970514036200903284601068100000,426795138397418526185623749731549862649872315852361974514936287973284651268157493,4
007003520504691070000007001150008030003002800040009000090184000300920080481070950,917843526524691378638257491159468237763512849842739615295184763376925184481376952,4
100008009079500608380007510500420080024705361800000000700659100001000790690000050,145368279279541638386297514513426987924785361867913425738659142451832796692174853,4
002540807850006049006020105020604310364000052581030006000900073000000924900460080,192543867853716249476829135729654318364198752581237496245981673618375924937462581,4
208000370503700190900213000000530000000609803430802910300050049000000738040300001,218965374563784192974213586829531467751649823436872915382157649195426738647398251,4
867540123952003406001628000208000000045000000396002710700060001604300059020194000,867549123952713486431628597278431965145976832396852714789265341614387259523194678,4
308005060051070080020384051009701008060200000804009026185093600002850314000000005,348915267951672483726384951239761548567248139814539726185493672692857314473126895,4
030000107019740002870621000706802900208000503301465000020304000000080405000056000,632598147519743682874621359756832914248179563391465728925314876163287495487956231,4
400300900000000501502100080009508014000910008000030659028000037076020800045083062,481357926793862541562149783639578214254916378817234659128695437376421895945783162,4
000305004645020000300040075071000050406087000502000703100472008267850031890603520,719365284645728319328941675971234856436587192582196743153472968267859431894613527,4
760003018103060004050004600008036400316000050200010300900007060071080040435690000,764923518123865794859174632598236471316748259247519386982457163671382945435691827,4
010409050020080600009302008000846500004090300200003049002900000198607400000008010,817469253523781694649352178931846527784295361265173849352914786198627435476538912,4
009000000000601007720890603160759030007103500005000070900507002002946050000208090,619374825583621947724895613168759234247183569395462178936517482872946351451238796,4
000000400002040010003085002005408003700003000020506040200000985901007020006020070,518762439672349518493185762165478293784293156329516847247631985931857624856924371,4
000050070020830005103070086607005109010900600902164758500010063070000501000540800,489651372726839415153472986647385129815927634932164758594718263378296541261543897,4
004008030900420010500009700000761002200090301005302800760200190300080407001037000,614578239987423615532619784843761952276895341195342876768254193359186427421937568,4
135800409406000000007040050082415000010007040700000206060000301940100070000600080,135872469496531728827946153682415937319267845754389216568724391943158672271693584,4
007104089009027100000000037064800002870500006002400570010040805408000060020001093,357164289689327154241958637564879312873512946192436578916743825438295761725681493,4
300001950900002001010970000064003000290040816701096503800014090040050300070020084,328461957957832461416975238564183729293547816781296543832714695149658372675329184,4
017260509690301000005409013102093407009840260000000905906080372080000096270906050,317268549694351728825479613162593487539847261748612935956184372483725196271936854,4
800160027005007000301025090107200009003709206040500100000090760000000012406072905,894163527625947831371825694167284359583719246942536178258491763739658412416372985,4
390570010005028300200930475130050600800013040500200030400000000621040080003002150,396574812745128396218936475139457628872613549564289731457891263621345987983762154,4
300000020020000070710400090800904056204306800500010409080007040079100000400003060,345769128928531674716482593831974256294356817567218439183627945679145382452893761,4
670000050080065700009827040003009617000170003000500482096750801835600000000048065,674391258182465739359827146543289617268174593917536482496753821835612974721948365,4
001450000843002000050063000080006154710205803094000000105600200679024005428500760,261457938843912576957863412382796154716245893594381627135678249679124385428539761,4
380600000009007400207000060724050006801460002030070040010503079093000085502900300,385694127169827453247135968724351896851469732936278541618543279493712685572986314,4
094007100803900400061040089007830500000004000340079800000015600000098025450020907,294587136873961452561342789127836594689154273345279861932715648716498325458623917,4
007450000000700046090010053000092030000301000413570008000000000002064007508000200,687453192351729846294618753765892431829341675413576928976285314132964587548137269,4
031090405005070000249300000006800230000724000107030980304580129000003000000902003,731298465685471392249356871456819237893724516127635984364587129972143658518962743,4
000643100003000060200078045310824600020069003076031284000090050150207030030015028,598643172743152869261978345315824697824769513976531284482396751159287436637415928,4
030060705080002006002005003390200600040600207200037900008040010009000060400108509,934861725581372496672495183397284651845619237216537948758946312129753864463128579,4
206000008945607030000925607102000004030000000054800000020000080008042003400060250,276431598945687132813925647182593764639274815754816329321759486568142973497368251,4
173094000060700059500060000200083600090200485007950231730005060000000302001000078,173594826864732159529168743215483697396271485487956231732815964958647312641329578,4
070060500105908400000000790796500030000724000000090800407639080900007000080002070,879463521125978463364215798796581234538724619241396857457639182912857346683142975,4
000600001603007005000089360190800000000050900070000030000090640050008010020306859,249635781683127495715489362194873526368251974572964138831592647956748213427316859,4
400500001010080000203140900370208046040000000008431290050020600020000780000806052,497563821615982374283147965371298546942675138568431297854729613126354789739816452,4
070146032120000705400005060703409000200008071060030094080000000300652087007380006,975146832126893745438725169753419628249568371861237594682971453314652987597384216,4
000290160000000200520006004075030429803925010090000008060050000008069002752840090,384297165619584237527316984175638429843925716296471358961752843438169572752843691,4
009523000701600030000000000060080210002900645105000700300408900258090070000070800,649523187781649532523817469964785213872931645135264798317458926258196374496372851,4
060000000000340806030100090020090010017000060600051040000004130200005070300000400,964578321172349856835126794428693517517482963693751248789264135241835679356917482,4
700002096000500030824690000007050009248970310059234600002000003000389024000020760,735812496691547832824693571367158249248976315159234687482761953576389124913425768,4
340580172007403000890200000700040310003070005104305006672050931000706280038020607,346589172527413869891267543759642318263178495184395726672854931915736284438921657,4
025006384630500719000090620054087000270600040000030507082000000706015400043000050,925176384638524719417893625354987261279651843861432597582349176796215438143768952,4
070350000041200300063048005200504906097000542456930800680020004720405000130090250,872351469541269387963748125218574936397816542456932871685123794729485613134697258,4
361005000700310002009408030050000970008600000200004000000203700600040003070086040,361725894784319652529468137456832971938671425217954368845293716692147583173586249,4
704003210390800547028070960860700000010086000009102806605008001001567300000210600,754693218396821547128475963863749152512386479479152836645938721281567394937214685,4
600307205500169008100000976000013750410005003035070180384720000000000800250098307,698347215572169438143852976826913754417285693935476182384721569769534821251698347,4
010806742602000983803970651037618520190025400050000138004087300080460205060003000,915836742672541983843972651437618529198325467256794138524187396381469275769253814,4
308009006050000009600300715000000200000032084042158067800700152000800000001290600,318579426754621839629384715583467291167932584942158367896743152275816943431295678,4
070400030800060200045008016067040380051086700000000000030071020000200470000050103,176429538893165247245738916967542381451386792382917654534671829618293475729854163,4
100940500000070000406003900002005480000600010030000600065400003000002000007800005,173948526529176834486253971612395487758624319934781652865417293391562748247839165,4
798000000503001000001083095030100586000059200285604000002500000010092054809006132,798465321523971468461283795934127586176859243285634917342518679617392854859746132,4
000030700000009243000647001048910506005020804630400000076001400800000097054370000,489132765761859243523647981248913576195726834637485129376291458812564397954378612,4
500000000600700350138605972003157004021080003450920000200001000000000430009870120,597312846642798351138645972983157264721486593456923718274531689815269437369874125,4
400000170003007026270068000807030200000600700569700083000006000018000500700015090,486392175193457826275168934847539261321684759569721483952846317618973542734215698,4
405738200300059060910620005700210000100000000046900003501092740870000902690400058,465738291327159864918624375753216489189345627246987513531892746874561932692473158,4
680300250015000030004002006900027600020400390006000000700000908060209470400060012,689371254215648739374592186953827641827416395146935827732154968561289473498763512,4
000000510061025000000700038900070460076403020050060300010600207028007103507201000,734986512861325794295714638983172465176453829452869371319648257628597143547231986,4
061008200040001900093500070320480010007003804050010032070802001000704300430060080,761398245548271963293546178326485719917623854854917632675832491189754326432169587,4
030200500000980030000500469000001346000800002401090008500130620806400000002679010,139264587654987231278513469985721346763845192421396758597138624816452973342679815,4
000300028300085007870020040000640750008017009200000080500069200000104000704000095,496371528321485967875926341139648752658217439247593186583769214962154873714832695,4
040050186600734200950008400205001000096002700000003502060020300120340950500000604,743259186681734295952618473275461839396582741814973562469825317127346958538197624,4
792008140004072895000091020900017008028900750407060200009134570070580004500026980,792658143614372895385491627956217438128943756437865219869134572271589364543726981,4
476500003009072100002000000200847600900000000008000002031009500824005030695028400,476581293359672184182934765213847659967253841548196372731469528824715936695328417,4
090003600000050710001000002417506080500489020280000050320740000100090004004802001,795213648832654719641978532417526983563489127289137456326741895178395264954862371,4
020453600009860004146009000004300865305014000967080040070130000600900732093725006,728453691539861274146279358214397865385614927967582143472136589651948732893725416,4
000001306900340025302508100100054038050280010820190504005800070009400051001000003,574921386918346725362578149197654238456283917823197564635819472789432651241765893,4
900064200082070400006000030300700020090005670200098540800020104001000360604010700,973864215582371496146952837315746928498235671267198543839627154751489362624513789,4
003890000501000002000004300020070010157009000030008000605943700080725006279080430,743892561591367842862154379428576913157239684936418257615943728384725196279681435,4
930070560021690083508032000302709045006050129000000708000100894007000000209060370,934871562721695483568432917312789645876354129495216738653127894187943256249568371,4
874056290001070050020403671007048906090007000030200704006001800040800000700020000,874156293361972458529483671217548936498367125635219784956731842142895367783624519,4
000600231000700450000350680091000300050030000000064895010500706563201048200406510,875649231326718459149352687691825374458937162732164895914583726563271948287496513,4
400386700030401002000270003903000240060004010040503000089040006300000980004000100,425386791736491852198275463913768245567924318842513679289147536371652984654839127,4
007012409080009030090370050809245000006030940700100002000001603900683000063027810,357812469482569731691374258839245176126738945745196382278451693914683527563927814,4
570000020410327000302000401000002080007100032285036100050204900003005048024060010,578491326416327859392658471139542687647189532285736194851274963763915248924863715,4
060051090910070026502000407009100700004900005000035900098713000040690070600000000,467251398913874526582369417859126743134987265726435981298713654345698172671542839,4
050812097000546000800000050320000500001000209005203061000600005040008070000324816,654812397973546182812937654329761548761485239485293761138679425246158973597324816,4
003009704009017030008203050014000500002056000000730000200900360597001200806425007,153689724429517836768243951614892573372156489985734612241978365597361248836425197,4
004000301006030029090025600000004005005070004080002030509160480048009107060000093,724986351856431729193725648612394875935678214487512936579163482348259167261847593,4
002040000100000024500300070090816007300000008861470005020030000900008540058090361,682147953137659824549382176295816437374925618861473295426531789913768542758294361,4
000250090089000207207839560100060742000400100402173000000081970900040000000090410,361257894589614237247839561138965742796428153452173689624381975915746328873592416,4
004000050005806239020053041000900024092500006500000798040008900600400002250619480,834192657715846239926753841378961524492587316561324798143278965689435172257619483,4
104507300007043018580126074000000001900400003841302605019638000408059030350714009,194587326627943518583126974236895741975461283841372695719638452468259137352714869,4
509000010080001200001000007000000490128930576900502103007450820000000005090123700,549276318786341259231895647653718492128934576974562183367459821412687935895123764,4
420590380900008400807643020000000040100200508035010090090000710000001600600450830,426597381953128467817643925289765143164239578735814296592386714348971652671452839,4
000687041609004382040903000520000674036400008007008003060030809795000000180006400,352687941679154382841923765528319674936475218417268593264731859795842136183596427,4
100057490605000070040030085730020000508703024004008700806970540479305210002040960,183657492695284371247139685731426859568793124924518736816972543479365218352841967,4
000402010300160045700080000830004570006008004247015386000006290000000007409200001,965432718382167945714589632831624579596378124247915386158746293623891457479253861,4
082073000705089026300000487504008060001940572070350004960000240107090000000860009,482673195715489326396125487524718963831946572679352814968537241157294638243861759,4
000502108100049365095680204008920400000016080010853000000178642804065931060004857,647532198182749365395681274538927416729416583416853729953178642874265931261394857,4
002080001690540300051902040104308009005000003000000000000800004060070005809056107,342687951698541372751932846174368529985214763236795418517823694463179285829456137,4
300904057080500629500820341800002400070006010901000062135700206728000030694003000,312964857487531629569827341856172493273496518941358762135749286728615934694283175,4
006480251480510367000070009658004070000000403304700600020108730800200514007056008,736489251489512367512673849658934172271865493394721685925148736863297514147356928,4
043090020205400639006231000050917240000360800000080013000853002037129500080040300,843695127215478639976231458358917246129364875764582913491853762637129584582746391,4
109500007750010340600000050914805203806190004070004108001050700060000405590431682,139546827752918346648327951914875263826193574375264198481652739263789415597431682,4
090307100067000900150908030700639410009850023840000000076400090000000070080100306,298367154367541982154928637725639418619854723843712569576483291431296875982175346,4
005007680100060470603000905000459800008023040040070500000016090030090164960002308,495137682182965473673284915726459831518623749349871526854316297237598164961742358,4
100030000623001450057000613406080072005260841038000000000340706000000004000600090,194536287623871459857492613416985372975263841238714965581349726769128534342657198,4
030100508000900010000005009816009703045800091000600005008543102003000856102060930,739124568524986317681375249816459723245837691397612485968543172473291856152768934,4
501490607600500012790010050000300060070060840900700000000070030080036590130005008,521493687643587912798612354815324769372169845964758123259871436487236591136945278,4
800002500034005100150700023080000001020060004091070008008210000010000030543006002,876132549234695187159748623487529361325861974691374258768213495912457836543986712,4
723916085801745036060300190087260000000070020000003608340027809072800364008034002,723916485891745236465382197587261943639478521214593678346127859172859364958634712,4
001345600370960008400070530097000150004000006503890270058000300009200005000000061,981345627375962418426178539897624153214753986563891274658417392139286745742539861,4
308629700700000060920007800290001408007000206600070509500138020460900007030700105,358629741714583962926417853295361478147895236683274519579138624461952387832746195,4
000420006600105800020830000000960030008002010006500000983214067714000080265378900,839427156647195823521836479452961738398742615176583294983214567714659382265378941,4
580000000740000029030069700018056492607900010924813007092047601460102900000090004,589271346746385129231469785318756492657924813924813567892547631465132978173698254,4
020000450000930280006082701070000560040050073035200910004007300090803605583620107,328761459417935286956482731871349562249156873635278914164597328792813645583624197,4
030400800010006005704803000300080200120009500480102070940010000800090420651000700,539421867218976345764853192397584216126739584485162973942317658873695421651248739,4
050040260020960508300050104430090000605107800102400050509200070000070986800009005,951843267724961538386752194438695712695127843172438659549286371213574986867319425,4
080069010050000092090000608000007000300020069010406300400003080030894706800102904,784269513653718492291345678568937241347521869912486357429673185135894726876152934,4
900502700784096000600080040860054900009007000100000006078405090502010400000070020,931542768784396215625781349863154972259867134147239856378425691592613487416978523,4
000908600720600950060075800005083009010000700092000380189050476050806100300000020,534928617728631954961475832675183249813294765492567381189352476257846193346719528,4
807013250021705836006980000702000000108064573460057000009000005304500001000830000,847613259921745836536982147752398614198264573463157928219476385384529761675831492,4
020810090060094000490607000200000050003945070050702148039401060802370910617009003,725813694361594827498627531274168359183945276956732148539481762842376915617259483,4
000900001000073206700060040900000418850640020103208000030006085005000000070580034,368924571514873296792165843926357418857641329143298657239416785485739162671582934,4
962007000008023069034800007306190000400602008820005031005076100001054020000080075,962417853178523469534869217356198742417632598829745631295376184781954326643281975,4
967104085000009060041600073814000526620841000070500140100000700050000600030205810,967134285283759461541682973814397526625841397379526148198463752752918634436275819,4
002000007000000609006927400009086043080210070060400800500000000023108794007090030,942561387175843629836927415259786143384215976761439852598374261623158794417692538,4
000801067700040080000070034109708003085000001300104800807369512013205006000000308,254831967731946285698572134129758643485693721376124859847369512913285476562417398,4
001600354003002010070130000005820037740300090320760080000070806430200005807406123,281697354963542718574138269615829437748315692329764581152973846436281975897456123,4
820000300000023008003100026604002700007800000000097681006001000508204030400080000,821649375965723418743158926684512793197836542352497681236971854578264139419385267,4
036500090509407000007090500005700300000002040000150670070040800000073910400000062,836521497519437286247698531165784329798362145324159678971246853652873914483915762,4
050073610087000904400090005000300400064020000320046000012000096600209050900680000,259473618187562934436198725891357462764921583325846179512734896648219357973685241,4
030200060250300000790051030013000400800140006000509871007903005304610907569000183,431278569258396714796451238913867452875142396642539871127983645384615927569724183,4
004020000000170009000360010060891074401052930092000000503016708608037140007485000,174529683836174529259368417365891274481752936792643851543216798628937145917485362,4
000840000462900150800510924540000236609020040007604000200009005900405082050001000,195842673462973158873516924548197236619328547327654891286739415931465782754281369,4
106835740000007016740600830400001260001980070080270090030068020000040080004702103,196835742358427916742619835479351268521986374683274591935168427217543689864792153,4
206050104015062037400189020090500001000200970003008002009840000860720040374000000,286357194915462837437189625792536481658214973143978562529843716861725349374691258,4
056049037009031000083065040300120089000650000800003050608374200974000003530010000,256849137749231568183765942365127489497658321821493756618374295974582613532916874,4
010000004060200180805090627094306875070980406000007039000009000901030748030071052,312768594769254183845193627294316875573982416186547239457829361921635748638471952,4
012000007073680090900370010698127500140530609300406108009803700000700000730254986,812945367573681492964372815698127534147538629325496178259863741486719253731254986,4
028005067059037201000800354000050603073400508596083042002000005060004830030590006,328145967459637281617829354841952673273461598596783142982376415765214839134598726,4
098070002005190406001030000032081700150007083907000000013004600004829010070613000,398476152725198436641532879432981765156247983987365241213754698564829317879613524,4
000281490800090023409003058070602084040000900500047000000070042204300870080029305,735281496816594723429763158971632584342158967568947231193875642254316879687429315,4
715040026040050000030012007000580000000400002470090080000000061080070094304000075,715348926942756138638912457123587649859463712476291583597834261281675394364129875,4
000250830090701000000000005600004020310802600027090310048007090701000086960000000,476259831593781462182463975659134728314872659827596314248617593731945286965328147,4
000253000130809000200600400310000804004138020052904703000000075000370000000581040,478253691136849257295617438319725864764138529852964713683492175541376982927581346,4
008200640504700912720000300052170000089030501100065094000000100805020409040600700,398251647564783912721946358452179836689432571137865294276594183815327469943618725,4
652009040010020050900105000008004213000000670076001080005010034201300000000058006,652739841413826957987145362598674213124583679376291485865912734241367598739458126,4
970085040000970581800300097700000409400000120006090035007020850000001370204000006,971285643632974581845316297758132469493567128126498735317629854569841372284753916,4
069204008400100000800070425008000090200300700900500000023040900000002064090010280,769254318452183679831679425378461592215398746946527831123846957587932164694715283,4
008009300005700000031200005679584001302901600510030070003010509006305000007800103,468159327295743816731268495679584231382971654514632978823417569146395782957826143,4
125009467000000051406150900008000096200001000630500710041200600000000329002960004,125389467893746251476152938718423596259671843634598712941237685567814329382965174,4
000059326269318005070064000007000804602400530040600010000002000700890040001500602,814759326269318475573264981157923864692481537348675219936142758725896143481537692,4
165009203037061000008700600000005900300218400071690000700002100002830790000140008,165489273237561849948723615426375981359218467871694352784952136512836794693147528,4
000050000000000785890070204000020003960035407003047000050700902706002350040003008,672854139134269785895371264417628593968135427523947816351786942786492351249513678,4
600008030008030165004510070500302000000000506040065390009000702080023901002409000,615278439728934165934516278567392814893147526241865397359681742486723951172459683,4
010200064504790801060000000902004086103087009080020400006073000020010008090800003,719258364534796821268341795972534186143687259685129437856473912327915648491862573,4
050006027000500369000000015500049201002380590003005040268400000005003180031208674,159836427874512369326794815587649231412387596693125748268471953745963182931258674,4
307019000000023000004506300930008016008302700000060000201007583790080000056030072,327419658569823147184576329935748216618352794472961835241697583793285461856134972,4
008000050400002890500001000000604102280000760009080500010900607000500400042000935,728469351431752896596831274357694182284315769169287543815943627973526418642178935,4
004050370006183092310407605407000003100008960000710000203900000701000020000200009,984652371576183492312497685467529813125348967839716254253961748791834526648275139,4
000504820010802004482007063000000000500080900870000350006059270000610000040023000,793564821615832794482197563364975182521386947879241356136459278257618439948723615,4
680400950179000060005600081800756100050090000006203005540061000000000516361025470,683412957179538264425679381834756192752194638916283745547961823298347516361825479,4
500700104300090270970000008050200306134906500760040980610000409205000000400100000,526738194348691275971524638859217346134986527762345981613872459285469713497153862,4
070009020890312400020875009780526013000000006609183000048050090530001008900230054,375469821896312475421875639784526913213794586659183247148657392532941768967238154,4
003046000017329860060500003934060100020080006600003902100650080005031009040807020,283146795517329864469578213934762158721985436658413972192654387875231649346897521,4
060209700005000090793010002350980200600000009904002010539027801012300000006095423,168259734245673198793814652351986247627541389984732516539427861412368975876195423,4
060900002001082067502000800219650000683279050057010900006020080025008074000000295,368947512941582367572136849219654738683279451457813926796425183125398674834761295,4
000005180000080000786300200001043768030050020460000000000000019690028000154090830,249765183315482976786319254521943768937856421468271395872534619693128547154697832,4
053000460000035000200706035030200001000600304920053706097020000460907000102304000,853192467746835192219746835634278951578619324921453786397521648465987213182364579,4
295746003001800276608100459703000000060005041050601300080002637000007800107560904,295746183341859276678123459713294568962385741854671392589412637426937815137568924,4
000250004090000000500019700058000060300560270070040905021087059905300100037000002,713256894694738521582419736158972463349561278276843915421687359965324187837195642,4
000800970600700050807000612170000200300000000008310000401209500032007086780603120,523861974619724358847935612174598263356472891298316745461289537932157486785643129,4
010000509793465008600000007002801070000293050904057000040500030300900810200000405,418732569793465128625189347562841973871293654934657281149528736356974812287316495,4
500900008397804020100370640710000000900407080085003090003700010000008000070006834,546921378397864521128375649714689253932457186685213497863742915459138762271596834,4
000010000251006903000003001007000300802031009900060408600108000179045002008309000,386914257251786943794253681547892316862431579913567428635128794179645832428379165,4
000014000000307612090000000000502490900040208002000030400930000030821000021476000,273614859854397612196258374387562491915743268642189735468935127739821546521476983,4
904700000267015980031900704090300052706000000000092000300074500000009031042100000,984736215267415983531928764198347652726581349453692178319874526875269431642153897,4
043006001000000482081070060400097000002005100650000024305100906004703205000000000,943826571567931482281574369418297653732645198659318724375182946894763215126459837,4
008000020003000460090560000730000912125300680000700040081435076000600801006080390,678943125513278469492561738734856912125394687869712543981435276347629851256187394,4
020000087050040009700920000003081006096502070080790021040600030500270048000000790,921365487358147269764928513273481956196532874485796321847659132519273648632814795,4
600052980902000600053980207800637000360825100520100863790003050000009008030548090,671352984982471635453986217819637542364825179527194863798213456145769328236548791,4
076002050009003178000107020708000300050000040300754080005308407004070530030940000,176482953429563178583197624748219365952836741361754289615328497894671532237945816,4
800093650000000000069050010007000004000070938305084000420007080078005090900810740,814793652532146879769258413187329564246571938395684127421967385678435291953812746,4
945200038713005206060470510000009007087002490059704680074900005000000070802500000,945261738713895246268473519421689357687352491359714682174936825536128974892547163,4
172094358000030040309070002907502036460009205000060091000026183000900567036050924,172694358685231749349875612917582436468319275253467891594726183821943567736158924,4
009610237631820049420000000300479820700050006000080700000030000960048300070061084,859614237631827549427593168316479825798352416245186793184935672962748351573261984,4
003407016104200000876015200740021000001030402930804000405000008000070104207000560,523487916194263857876915243748621395651739482932854671465192738389576124217348569,4
169400035070000000002008007080240700600089450007510060200007300000831600800924000,169472835378195246542368197985246713613789452427513968291657384754831629836924571,4
090047036301056004000010075000080062040063590000090000400039210080421350100005609,598247136371956824264318975935184762842763591716592483457639218689421357123875649,4
040067598000008600000005702600009001024601309100003270360100825010030907952786103,241367598795218634836945712673829451524671389189453276367194825418532967952786143,4
000804000920300180780002359250000060690040800048700005000578290510030708070400030,135894672926357184784162359251983467697245813348716925463578291512639748879421536,4
905068401020034005300000600000003000000400809010070000004650082060340010030000064,975268431826134795341597628487923156253416879619875243794651382568342917132789564,4
063700000070008360500326007400190005310000400009070023720080000900500706000000982,863741259271958364594326817482193675317265498659874123726489531938512746145637982,4
300904200090601008061080040140000002007000004950206810010065080000708105080000400,378954261495621738261387549146879352827513694953246817712465983634798125589132476,4
000003006800609021000500400000000160300106098106020045701065800960700000508090002,427813956853649721619572483295384167374156298186927345741265839962738514538491672,4
900270314473001500102000060740009130500007006069310040390100678605783490000006253,956278314473961582182534769748629135531847926269315847394152678625783491817496253,4
109760400200000617004100390000016000082000006001802040300601078000080500800035900,159763482238459617674128395743516829982374156561892743395641278426987531817235964,4
300600200820030700170000006650017009000400608000802070203006000900745062060000000,395674281826931745174528936658317429732459618419862573243196857981745362567283194,4
070002608000100000020800007007291000100608205060300000005403060640710030702980010,971532648586174923324869157457291386193648275268357491815423769649715832732986514,4
007039600800406200006250908009000402034062801000504307348005000060028743102643580,257839614893416275416257938589371462734962851621584397348795126965128743172643589,4
100000390070639014030070200090002006600004700020360905000807000000043080300006109,164285397872639514539471268495712836683954721721368945216897453957143682348526179,4
009608250002000306678020419015090070000000542804000900001980700940001000580060090,139648257452179386678523419215394678793816542864257931321985764946731825587462193,4
056012400700000000243000080000000900000080070407000006010200690000005000362497015,856712439791843562243956781135674928629581374487329156514238697978165243362497815,4
670092408240860000903070625000000002520100004160000007804209700056740001002000040,675392418241865379983471625439657182527183964168924537814239756356748291792516843,4
300009008000084316058000942105000060036070004742000890201840609000603400463790085,314269578927584316658137942195428763836971254742356891271845639589613427463792185,4
010030500500127060064008007000401000671003402050700010705049000893210700000000290,217634589589127364364598127932451876671983452458762913725849631893216745146375298,4
100000000600078430030005700040001000950007308203009074000500002020084607510000943,172346589695278431834915726746831295951427368283659174467593812329184657518762943,4
805600030000004071741009520000800040438705100102430700300208010004060203010900080,825671934963524871741389526657812349438795162192436758379248615584167293216953487,4
900050000000600100100203096410028507000007043007005001860030000590804002720090380,946751238238649175175283496419328567652917843387465921864132759593874612721596384,4
500840370080300405004605200025984006009000004008200000050020600800036500600090103,516842379287319465394675218125984736769153824438267951953421687841736592672598143,4
809547006070036800500002094950008000200390157341705209700850060090620570000070000,819547326472936815536182794957218643268394157341765289723859461194623578685471932,4
067080024003024710524300000410760800702400060000090407600040001200830076000516240,167985324983624715524371689415763892792458163836192457658247931241839576379516248,4
004015030003826940500000087000230504007650000005480720790008050460000010050000600,984715236173826945526943187819237564247651893635489721791368452468572319352194678,4
000500300360107594009603020690700408480960270700038000030056709000809013076300000,127594386368127594549683127695712438483965271712438965831256749254879613976341852,4
092000050401700000563029008006904000007002400900570020108205300609340805340800091,792483156481756932563129748236914587857632419914578623178295364629341875345867291,4
000600000306000805000007364800000003530020000001048907003076500470009000609100732,748653291316492875925817364894765123537921486261348957183276549472539618659184732,4
072560084000702059000384001207690803850200010006801205091408562600120400000950100,172569384438712659569384721217695843853247916946831275391478562685123497724956138,4
004600000100070008900835000502006000803590007000300900000084002050063800010050603,384621759165479238927835416592716384843592167671348925736184592459263871218957643,4
050080000400010570000040003090008007010030090020790350900025401041300700583100260,157983642439216578862547913394658127715432896628791354976825431241369785583174269,4
007040000584013900169780040700000609090800500201390408405008000070460000916507000,327945861584613927169782345748251639693874512251396478435128796872469153916537284,4
030072060010064900560893001070018009005039076000750000106040002002080610000620048,439172865218564937567893421674218359825439176391756284186347592742985613953621748,4
810300090304759800090801000008000001002095000901207000007520169060904085209600400,816342597324759816795861342578436921642195738931287654487523169163974285259618473,4
040580109010079504000000078080090600306050082420030715802040300000005020000800001,647582139218379564953416278581297643376154982429638715892741356134965827765823491,4
008906300000017800200803400400705108786001000005000000060000000930078605057300910,548926371693417852271853496429735168786241539315689247162594783934178625857362914,4
000047008403006902080000057300000000007005040600300591901684020805000100724031680,592147368473856912186293457359418276217965843648372591931684725865729134724531689,4
034750086806091002700608030060204310000039004340816020003485000090023608081967053,934752186856391742712648935568274319127539864349816527673485291495123678281967453,4
098000006000870000140600030800030009203006001010058000400060002026900107000700500,798315246362874915145629738854137629273496851619258473487561392526943187931782564,4
014270805050000004000094610000900500005048061001600007520009140103060009049050008,914276835256183974378594612462917583795348261831625497527839146183462759649751328,4
000060910106503400000109080000010208000090001019806004083200760507600009040050032,875462913196583427432179586364715298258394671719826354983241765527638149641957832,4
060049210970320860002086003400190000027465189096200004200010000080004600009802040,863549217974321865512786493458197326327465189196238754245613978781954632639872541,4
900000003600300780005700040009004027007100436030500800062403918093002050000060370,974285163621349785385716249819634527257198436436527891762453918193872654548961372,4
403510060070849305905700004007290000094003072302007090539164280700320006008000000,483512769276849315915736824857291643194683572362457198539164287741328956628975431,4
260000304740862100000000008532078040001009500090504802970006003320700000810020750,268195374743862195159347628532678941481239567697514832975486213326751489814923756,4
076598032159600480302000506700005010000060705000074060040009003008450070600027800,476598132159632487382741596763285914894163725521974368247819653938456271615327849,4
003070005004800000700046081400010260030009000006034009071000648500467310640083590,863971425914852736725346981459718263137629854286534179371295648598467312642183597,4
000490083000000209089203060500907648940108050260054910800000730002000006600009421,726495183354816279189273564513927648947168352268354917891642735472531896635789421,4
000000950069000003078000400600902000005014089000008024190800040702300000850040290,431786952269451873578293461684972135325614789917538624196825347742369518853147296,4
000009086070468005800500000087090504005000000094003120063005090000001600019036807,541329786972468315836517249387192564125684973694753128263875491758941632419236857,4
000007803000009004674108520000700196000000200006290087069080002300900600000641938,925467813831529764674138529482753196793816245516294387169385472348972651257641938,4
500400703083592000940730085065840000000027000000106048300204000009000500020900800,512468793783592461946731285165849327894327156237156948358214679479683512621975834,4
006380500009002003301695000020000000037100904904003200692001705003000000085007030,276384591859712643341695872128946357537128964964573218692431785713859426485267139,4
109200004084000009300400080000890003090045800038601000470900000916084072802706491,169278534584163729327459186645897213291345867738621945473912658916584372852736491,4
803600470000094208910080300071000004000005100038100090700010960080006041005040800,823651479657394218914287356571938624296475183438162597742813965389526741165749832,4
010890034009500000208070000400000621000624700000080040900200486174000592020000173,715896234639542817248173965487935621391624758562781349953217486174368592826459173,4
007050000190603000420700050000000700700010008000437002506390071004102000000008943,867251439195643827423789156359826714742915368618437592586394271934172685271568943,4
026310000594087030710690080000400603031008400005036010350000047079002060060500920,826314579594287136713695284987421653631758492245936718352169847179842365468573921,4
061002000000040590250837600040600000507009040090070001904000030300004060000290408,461952783738146592259837614143628957527319846896475321984761235372584169615293478,4
001207340729143058000600700007000062000030010810906400100800200490000000200009034,561287349729143658384695721937451862642738915815926473153874296496312587278569134,4
087139540000025007000040800401000069000000005090010370105098026000201400040600000,687139542314825697529746831451387269273964185896512374135498726968271453742653918,4
007000400604000875528700390073090500209800106806245037362000059900000200785309014,197538462634912875528764391473196528259873146816245937362481759941657283785329614,4
050000810270004009001500307590001040864002030000490000039105000600070000105040000,956327814273814659481569327597631248864752931312498576739185462648273195125946783,4
506020900000009764419000000002300070854200090137065208000010023020800407000000050,576423981283159764419687532962348175854271396137965248798514623325896417641732859,4
240031009316070400900000800800020710709004060000600090100060587000790006687000000,248531679316879452975246831863925714759314268421687395192463587534798126687152943,4
647090500031000070050060000009800057000027006080900002003200005562100700190600000,647391528931582674258764931429816357315427896786953412873249165562138749194675283,4
693400785500008000870530010300010098080000002100040030000070801000000300060380954,693421785512798643874536219356217498489653172127849536235974861948165327761382954,4
000009520000000079097051068308045006400000000010007205002590080080132000150700002,843679521561823479297451368328945716475216893916387245632594187789132654154768932,4
390046000847005020000007103400730016020509704009100200004073560070401302000008000,391246857847315629562897143485732916126589734739164285214973568678451392953628471,4
489165002000030000701028069074050001650000030000840600316000740000304006840006020,489165372562937418731428569274653891658791234193842657316289745925374186847516923,4
628005040091000000007809001734008090000000304059040000470000906200090107006003020,628135749591274863347869251734618592862957314159342678473521986285496137916783425,4
741000008080700004000485901895300002300570000007098530074001090000900003000000120,741269358589713264632485971895346712316572489427198536274631895158927643963854127,4
010520008827003940003800001006040002200006000104000300300002010050009070002060000,619524738827613945543897621736941852285736194194258367368472519451389276972165483,4
061007503058000007009030000006102050000040010007850009900568071000724000072010805,261487593358291467749635182896172354523946718417853629934568271185724936672319845,4
090000003000006028830000100350610000009007000274309800705193286900008015080240730,592871643417936528836524197358612974169487352274359861745193286923768415681245739,4
100050040400030605000902380500200400670014850004509007930000014001000070000791030,193856742428137695765942381519278463672314859384569127937685214851423976246791538,4
806040003740301069009070000080090100205008004070000000097000320000500007038900405,816249753742351869359876241483695172265718934971432586597164328124583697638927415,4
501400007020080010008010263600007082102800379800000046000021000210600030004308021,561432897923786415478519263639147582142865379857293146386921754215674938794358621,4
500007049030509276007200080000000930900720014070000508010390700700800453002470891,528637149431589276697241385246158937985723614173964528814395762769812453352476891,4
059010420000050080020390051000169074000875002005000090540600000060037045090540016,859716423731254689426398751283169574914875362675423198542681937168937245397542816,4
008000029009380006610000040187003695900810402000706831806239100391000000500160083,438651729729384516615972348187423695963815472254796831876239154391548267542167983,4
010006000300802001020030009500009023702000100900000800203017000108090000490583712,815976234349852671627431589581769423762348195934125867253617948178294356496583712,4
500960217600004800000003004008006945950801006000509100326000009790600001801007050,534968217672154893189273564218736945957841326463529178326415789795682431841397652,4
009010006000580400100000300001005082265198740870000005048006901006400030920871060,459317826637582419182964357391745682265198743874623195548236971716459238923871564,4
000175000000008900867000000050407000200003700006010305000720084490381007080500039,329175468514268973867934512153497826248653791976812345635729184492381657781546239,4
000805000001309047083724000100000000540093000000056080000002058670008021004530609,467815293251369847983724165196487532548293716732156984319672458675948321824531679,4
079008400200090010836120090080207650024060100097001030052019360013000902968000001,179538426245796813836124795381247659524963187697851234752419368413685972968372541,4
000200700139700208720080000902408537001075082078326019200600800610802040480090020,854263791139754268726189354962418537341975682578326419295641873617832945483597126,4
900526430523907008000830290000000900000650701070008560768000354010004029402085170,981526437523947618647831295156473982839652741274198563768219354315764829492385176,4
200400800857200004406000025540006001908130570070802000725600908300500000080000450,219475863857263194436918725542796381968134572173852649725641938394587216681329457,4
900200050002000800048057012680010003710020400409030100200000001030000598094100030,971286354562341879348957612685714923713629485429538167256893741137462598894175236,4
290600708140580009087039614005008093830001000600300000008053001061000000000000000,293614758146587329587239614725468193839721546614395872478953261961872435352146987,4
480503090001900532095270600870400000200007000109000400607000045008104003000080021,482563197761948532395271684873495216246817359159632478617329845928154763534786921,4
804100003357006902000300600008901460746085091001070805005700208600000500070508000,864129753357846912219357684528931467746285391931674825195763248683412579472598136,4
600000040004700630020600107009200450400007906001549378506903200000062895000150063,697831542814725639325694187739286451458317926261549378586973214173462895942158763,4
005080600007060091400009000018070056670854000040206907090040135000197060080000709,935781624827465391461329578218973456679854213543216987792648135354197862186532749,4
000380000809650400064902500980003700000008001040701860510009080078025900090836100,125384679839657412764912538981563724657248391243791865516479283378125946492836157,4
050072083780000002000008100002000000560089230049200500430000708976005301128700056,651972483783514692294368175312457869567189234849236517435691728976825341128743956,4
005780200480003100100005000596020800000610009000000006004002070050000062230900010,365781294489263157172495683596327841743618529821549736614832975958174362237956418,4
000100935005003400390004086780405690000026010623809000030040000908001000000060800,246187935815693427397254186781435692459726318623819574532948761968571243174362859,4
326000009000006807100900004000080006060709400050200900080690000230070005040523108,326847519495316827178952364913485276862739451754261983581694732239178645647523198,4
000005003580000600004830050090071360630009014041000000058900437070040100006007900,762195843583724691914836752295471368637289514841653279158962437379548126426317985,4
859602047060007201010003590002060830300001609070030000000094003500370060000100008,859612347463957281217483596142769835385241679976835124628594713591378462734126958,4
021000004860030001357042900000004519003000002010029070040000000009276840006005023,921658734864937251357142968672384519593761482418529376245813697139276845786495123,4
901005030000017000000900170456730900090060000812059760720680001640192380080573020,971845236268317459534926178456738912397261845812459763723684591645192387189573624,4
760002040283900100450600320625400008000020600104008200300015006002896430916040500,761352849283974165459681327625437918837129654194568273348215796572896431916743582,4
020030178030201006705068000000002607000007059050000810580024701042010905100509400,624935178938271546715468392491852637863147259257693814589324761342716985176589423,4
580943010204000960097021805005100007000702080020060001000005006400216078060300000,586943712214587963397621845645138297931752684728469531173895426459216378862374159,4
216009534090030710000100002305000000100354000000007005400768000008090400000023107,216879534894235716573146892345982671167354928982617345431768259728591463659423187,4
100047050009103076630009100003000745005004000000050201790400000054000910300905400,182647359549123876637589124263891745915274638478356291791438562854762913326915487,4
700000650000308079040000030020930060300564007000800010060407000180095700074080092,732149658615328479948756231827931564391564827456872913269417385183295746574683192,4
091000050623150007407900312000705080780090400009038000008000900105829703030000020,891372654623154897457986312342765189786291435519438276278543961165829743934617528,4
084206500706590201002180046801052630000710050000060008500600000008005700607020000,184236597736594281952187346871452639369718452425369178593671824218945763647823915,4
047530008000024063000010400064105007590000104000002956259008600006200000400901000,647539218915824763328617495864195327592376184731482956259748631176253849483961572,4
603400100050080000002005040000908010000000930030140070300090027000010084700802300,683479152954281763172365849527938416461527938839146275318694527295713684746852391,4
920580106846010059050000070490030705060005900300000014000200000000870042010450097,927584136846317259153962478491638725762145983385729614574293861639871542218456397,4
700080009200507003300004500902000435500009701400250008647005002825000370103070056,754381269289567143316924587962718435538649721471253698647835912825196374193472856,4
002630000805004003136005007680000305310070200500090010901803740008100536000050900,742631859895724163136985427689412375314576298527398614951863742278149536463257981,4
069015000500004000408000000007098030006543000003060410030609040004850009001000200,369215784572984163418376592247198635186543927953762418735629841624851379891437256,4
518070900006000052000000078001094206000056301000080045000509000000008000300020500,518472963976813452423965178751394286842756391639281745167539824295148637384627519,4
000940018040601000109203645000064381503108072010702009000456000006819000094320156,637945218245681937189273645972564381563198472418732569721456893356819724894327156,4
000001007000603100090700040030000804016034905800910070080006032342000568070028000,468291357527643189193785246239567814716834925854912673981456732342179568675328491,4
000000060008679002015200003543060200000000316001308005190503008000000031380000040,972135864438679152615284973543961287829457316761328495197543628254896731386712549,4
082006000304805960695000832009581003003000080000304009560210374240003590907408210,182936457374825961695147832729581643413692785856374129568219374241763598937458216,4
043009205700002014002740009208405060076008000000690008320000000007001000000270501,643819275789352614512746839298435167476128953135697428321584796857961342964273581,4
074205100000008009600093050060957000009024806040001000087002601206079040490800020,974265183135748269628193754861957432759324816342681975587432691216579348493816527,4
060200490090615087000030016051802000809000050640009000000100000027003801000587004,165278493493615287278934516751862349839741652642359178984126735527493861316587924,4
760043921400009600900615008000027095000090000009560010070000564000406287004002039,765843921418279653923615478146327895257198346839564712372981564591436287684752139,4
026700308008613400090280507017300040000152000360470800000907000200040706000020034,426795318758613429193284567517368942984152673362479851641937285235841796879526134,4
000008500000951604000460029006310042000024007243790005410580200060000400020049050,694278513832951674175463829786315942951824367243796185419587236567132498328649751,4
650800030380000049002030806020070000060341080000009000840905100519000420203000600,657894231381652749492137856928576314765341982134289567846925173519763428273418695,4
030950780897301065651008020000005308080097040000030000002760039900003600000080014,234956781897321465651478923129645378386197542475832196512764839948213657763589214,4
809420000023695480456008000008130750030579060004086193081000240040062008290801000,819427635723695481456318927968134752132579864574286193681753249347962518295841376,4
007500019010000002020079300890417000152900840473805190705201000060300700001700054,687532419319648572524179368896417235152963847473825196745291683968354721231786954,4
010040008200000000000500300026005180050087420407000006040720803000194060162008094,615243978234879651798561342926435187351687429487912536549726813873194265162358794,4
902136400600700300700800090007501809504628137000903060479305082000069740206080903,982136475645792318731854296367541829594628137128973564479315682853269741216487953,4
003250940200004000470030050948560073026380005300040006100673584034108000607005019,863257941259814637471936258948562173726381495315749826192673584534198762687425319,4
000300005070800006905426807000000700809007040500000063390002178006010004701903050,468371925172895436935426817613254789829637541547189263394562178256718394781943652,4
000510000508007060100002700900270500032104007070080013217608350000020870000000020,726519438598347162143862795981273546632154987475986213217698354369425871854731629,4
900050003803006052060103798050830609006095381308012040085304016030581070040009805,912758463873946152564123798451837629726495381398612547285374916639581274147269835,4
042060308060000010509070000000018430200035000000000070027140090000050080056080021,742961358368524917519873246975618432284735169631492875827146593193257684456389721,4
904000001007050004010009000439100860060000023085070000503200900002080075108507000,954762381327851694816439752439125867761948523285673419573216948692384175148597236,4
050080901000010820708329000007001502509063000000950000176094003800100004005000109,254687931963415827718329645637841592529763418481952376176594283892136754345278169,4
401603800300000100000008024900000000568010042704000980205487630000000450040001090,421653879389742165657198324932874516568319742714265983295487631173926458846531297,4
830006705000070300070105020092060001600018000105092006004200003060050084300640500,831926745526874319479135628792463851643518297185792436954287163267351984318649572,4
005860700006074300080300006200007000001090080659080000000000014803410600700906002,345869721126574398987321456238147569471695283659283147562738914893412675714956832,4
080050006200760080106000003008007451000300800000089067000500004760830915000170208,389251746254763189176948523938627451647315892521489367813592674762834915495176238,4
742000600000020301631000005860050103005300800100800000306785004910430500050000208,742513689589624371631978425864257193275391846193846752326785914918432567457169238,4
450907200870043050090050400005000090010039500009581034548000920260098000930005046,453967281872143659196852473385674192714239568629581734548316927267498315931725846,4
300000000000060025260010809123740500406000017780020063000108346004639700038000050,351892674849367125267415839123746598496583217785921463972158346514639782638274951,4
090006000070000003308000964904080000007090800820071000702060509000840020009527108,291436785476958213358712964964285371137694852825371496782163549513849627649527138,4
352019670749000013008030005030007209400200001290050706060502090070060002020070560,352819674749625813618734925536187249487296351291453786863542197175968432924371568,4
630700009702409000000302000260587900004006052901030780106800090007040108000001073,635718249782469531419352867263587914874196352951234786126873495397645128548921673,4
097500020614923000805040390006030007201056000908014000450601000060390084083000560,397568421614923875825147396546839217231756948978214653459681732762395184183472569,4
000050046000600380700400005190300504602104000000000060005040800301768400007500000,239851746514697382786432195198326574652174938473985261965243817321768459847519623,4
500916300081270050000000020068130000000040600730692008100780265000004730650321800,572916384481273956396458127968135472215847693734692518143789265829564731657321849,4
170043200032108004400200013007302008865910370000607000004720000003000607700400001,179543286532168794486279513947352168865914372321687459694721835213895647758436921,4
000940860009000007000078904090000270013000080054000000000200648460090100300405020,537941862849326517126578934698134275213759486754682391975213648462897153381465729,4
920381056308005700050400830071000000600100000080024691015907008060000070002000900,927381456348265719156479832271693584694158327583724691415937268869542173732816945,4
102093680000502003000608152008005726230000010005080400029056800580700000000020000,152493687867512943493678152918345726234967518675281439329156874586734291741829365,4
000000320080690745050203900240000100790000580010005009108409650509068200000002800,967854321382691745451273968245987136793146582816325479128439657539768214674512893,4
743158000082406503690002014039200000050901006216083900024015000000809060008000000,743158629182496573695372814439267185857941236216583947324615798571839462968724351,4
600400503000030000370000200800504020139002000240000890753160900000043000020057608,618429573592736184374815269867594321139682457245371896753168942986243715421957638,4
003097100150200036004350078480003000075060000639080407508000069702006000006000082,823697154157248936964351278481723695275964813639185427518472369792836541346519782,4
000175620516090007200648050600053000090017260100260000905730006704980002080026704,438175629516392487279648153642853971893417265157269348925734816764981532381526794,4
140008000678320400002017803529030100006050700700209030205000906800592004090000582,143968257678325491952417863529736148386154729714289635235841976867592314491673582,4
000209100017053602500176000001065300004307001006020704009010200320000010105600000,683249175917853642542176893791465328254387961836921754469518237328794516175632489,4
000709540097050261008100397234000009076400125009070034745261083900087006080000002,162739548397854261458126397234518679876493125519672834745261983921387456683945712,4
020731040000050090000609001000070810003510000001086003080165320504097080060840000,926731548317458692458629731645372819893514267271986453789165324534297186162843975,4
000045090900020061000009302300000000690008510100050209810070945007091800029580076,236145798985327461741869352354912687692738514178654239813276945567491823429583176,4
500400026009000415040015008307000649408601072600374801164000087083106590900007160,571483926839762415246915738317258649458691372692374851164539287783126594925847163,4
031020000006000400000005301560000890700502100000978050045000000103000900608730002,431629785856317429927485361562143897789562134314978256245891673173256948698734512,4
070048500584030900060571804040160705610005000095024060006000450000006072127050600,371948526584632917962571834248163795613795248795824361836217459459386172127459683,4
091076200020034900006020000750600301039100005100357000003000460000089003910000507,491576238527834916386921754758692341239148675164357892873215469645789123912463587,4
802090057030000008064028000093065004106007395405980010000070003320510800900000570,812396457739451268564728139293165784186247395475983612651874923327519846948632571,4
628000300040000098301860072070000160000700803000140020405207000082019500030000000,628974315547321698391865472973582164214796853856143729465237981782419536139658247,4
801002300000015008405300009900001532700520001002600097008000200657030004090150000,871962345329415678465387129946871532783529461512643897138794256657238914294156783,4
036200050958400320007003000840379501791005032060120000209508000500760010003040205,436297158958416327127853694842379561791685432365124879219538746584762913673941285,4
200078010418009003003000000602900107000400389040807002000100930020003000901064825,295378416418659273763241598682935147157426389349817652576182934824593761931764825,4
620091804004370269890406035000009702900040080008010903001064027200107090070200006,623591874514378269897426135136859742952743681748612953381964527265137498479285316,4
502060030010720060400800002800010000000457620004906100089501306000230090005670200,572164839918723465463895712856312947391457628724986153289541376647238591135679284,4
100200654524000070000400009600030000001004702007100368000001900040007180018003520,139278654524396871876415239682739415351864792497152368263581947945627183718943526,4
090000018060010739081793000003028000608070000100009004012007960039056000706900423,397564218564812739281793546973428651648175392125639874812347965439256187756981423,4
000700802080401730003920461607040310000080020900300000700000083000073100400000900,146735892289461735573928461657249318314587629928316547765194283892673154431852976,4
105080006279610508060050070000300280006008000982507631000205000021839765600000800,145782396279613548368954172514396287736128954982547631897265413421839765653471829,4
029000008000085300158000000400007000067800000030690870610308002805000031090701000,329476158746185329158923647482517963967834215531692874614358792875269431293741586,4
700510800800000504053020009012000085670032001004109720508600200000000050009000600,796514832821963574453728169912476385675832491384159726548697213267341958139285647,4
086003045300005060250609008435000000000380400807001600090700020108000036000000500,786213945319845267254679318435926871961387452827451693593768124148592736672134589,4
420080000000050000083600490000105000009000010851796000100009704600500002007304100,425983671916457328783612495274135869369248517851796243132869754648571932597324186,4
000903026024001700961500403700100000086094071400750002070005000040000607038010940,857943126324681759961572483795128364286394571413756892179465238542839617638217945,4
702003000000060000000000591250008000860307004009005100000500020020980003006030480,792153846145869372638274591253418967861397254479625138387541629524986713916732485,4
100005783020780091800094020300450007060030000050016934610000008738000049000000100,194625783526783491873194526389452617461937852257816934615249378738561249942378165,4
760290030031006080000001746820000073403027100017360200345002090108000004000400000,764298531531746982289531746826915473453827169917364258345182697178659324692473815,4
020090700008060950709001000290015008640928003810476009980732000000050800004009207,521893764438267951769541382297315648645928173813476529986732415372154896154689237,4
080700026000000187000000000002840005867152903500360002048000050070080409193004008,489713526326495187751628394932847615867152943514369872248936751675281439193574268,4
000102069124860700098000000030028500860510000250037000706000035003400000002300970,375142869124869753698753124439628517867514392251937648786291435913475286542386971,4
100680209090400060635091000080700594510040026000050703003060082060000000002030600,174685239298473165635291478386712594517349826429856713753164982961528347842937651,4
908000030100008004302000000009000451080650309000002060203805096800100042006709000,978214635165938274342576918629387451784651329531492867213845796897163542456729183,4
002005000180067500500002010005309070300604025400208309004700001721000600956001700,642135987189467532573982416265319874398674125417258369834796251721543698956821743,4
306850900010000070008000503003500006050090030000043005507200000030065100601930850,376854912415329678298716543183572496754698231962143785547281369839465127621937854,4
000209300830017005274605900050371046100560000000908050005790000080003092000040500,561289374839417625274635981958371246127564839643928157315792468486153792792846513,4
008020651051080209600000004003860000500004800870900100007610000086500000010247000,738429651451386279629751384193862745562174893874935126947618532286593417315247968,4
008000001510480792209105000090230100103000040802900070380729006900310500020008937,748692351516483792239175864694237185173856249852941673385729416967314528421568937,4
007003005394501000500000003000000047060304209025079300801000906203890000000007800,687943125394521768512768493139285647768314259425679381851432976273896514946157832,4
908000120030010000004072385020009506500700009000026003005000401000003052341007068,958364127732815694614972385123489576586731249497526813275698431869143752341257968,4
003001400100205000009000072850030010470000003302500760900152007000060080605807020,723981456164275839589346172856739214471628593392514768938152647217463985645897321,4
050002600020040050670900400006008920390070084047000300700094200961007043080063000,453782691129346758678951432516438927392675184847219365735894216961527843284163579,4
000803607200700090000059023010080000965200430824006705740000052600532074000900006,591823647238764591476159823317485269965271438824396715743618952689532174152947386,4
720693810010480362068000040800000130071000290000810054190200000000930080003070509,724693815519487362368521947852749136471356298936812754195268473247935681683174529,4
006050103020860500054370080600507094249038000503690800032940608090000030060200000,986452173327861549154379286618527394249138765573694821732945618895716432461283957,4
002007063003209580000000020400700056300165240900000370230001708007008000809070030,182547963643219587795386124421793856378165249956824371234651798567938412819472635,4
450100070008006000076040981000060020040800530089034000760400090020000068035000147,452198673198376452376245981513967824647812539289534716761483295924751368835629147,4
329507804100000000080004000602980740000370500007001089040000008006100900001009030,329517864164298375785634291612985743498376512537421689943762158856143927271859436,4
000000100801000273002800060304061700020090050569020001400007600970200010200006090,693472185841659273752813964384561729127394856569728341415987632976235418238146597,4
000000000004093608600245190000406839000109570009007401090300080803600000002050014,957861243124793658638245197571426839346189572289537461495312786813674925762958314,4
900050700704009085583200900802000070100970408007081269201890050609103800300005000,916358724724619385583247916892436571165972438437581269271894653659123847348765192,4
083120609120706000700098200000007100064080050871200096030609002008500934002800700,583124679129756843746398215395467128264981357871235496437619582618572934952843761,4
010570000040012000805030179002740006900000020104200908000090000201004060400300890,619578234347912685825436179582749316963185427174263958738691542291854763456327891,4
000026000406000002927048563560309048301785900070000005203804600700650230000007000,135926487486573192927148563562319748341785926879462315253894671798651234614237859,4
003600419010043000060200000047108000802360000000020385276005000080000050030010760,523687419719543826468291537347158692852369174691724385276835941184976253935412768,4
200600010006000590405910006000740908040008000970200401890000647000060385564003109,239657814716384592485912736352741968641598273978236451893125647127469385564873129,4
004600910003029000605008400500860109867900250001004780000040001050790308000080500,284675913713429865695138472542867139867913254931254786378542691456791328129386547,4
030405020000278105015000040000600000060590083352004706003002050024000000090701002,837415629946278135215369847789623514461597283352184796673842951124956378598731462,4
800003401004107806170086539000270108000305000010004300040038005723050900500940000,896523471354197826172486539635279148487315692219864357941738265723651984568942713,4
706900054000008600003600700800760540071040080004200000069032800007800000040007369,786923154495178632123654798832769541971345286654281973569432817317896425248517369,4
150809003084000905092070816041000008509000460008390000020048001005930004400702580,156829743784163925392475816241657398539281467678394152927548631815936274463712589,4
004000200176850090092034000703500001009140700601073000038795100000308974907021008,384917265176852493592634817723589641859146732641273589438795126215368974967421358,4
015208397900530004070100000080306402502070003700020000390702640000090730607003289,415268397968537124273149856189356472542871963736924518391782645824695731657413289,4
090005400010209076005060000800003960001090200070002851007400000206000080184000709,698715432413289576725364198842153967561897243379642851937428615256971384184536729,4
382060000000205800654000302003001069895746120061092500008500600010070005000609000,382964751179235846654187392723851469895746123461392578948523617216478935537619284,4
006310409090280007500960000201009740000740100000106092470503916000490508900078300,726315489193284657584967231261839745859742163347156892478523916632491578915678324,4
000006003000342700030759800003090060840063000000071000567000014300600295120500000,752186943918342756436759821273495168841263579695871432567928314384617295129534687,4
074000106830400079000270340096820705520196080100507002009730000308904007750600030,974358126832461579615279348496823715527196483183547692249735861368914257751682934,4
600000000000020500207400090000006730004050028060902104006000087400278900800009003,645891372389627541217435896528146739194753628763982154956314287431278965872569413,4
700000508000065000030400060002804010189500030400190026600002001004609000000008602,796231548841965273235487169362874915189526734457193826678352491524619387913748652,4
000400130001320070000070802427000050310200006800030400008640500009702308050010000,762489135981325674534176892427861953315294786896537421278643519149752368653918247,4
370094050098001703005030400203470000000005000010268305041000000700940000009000642,372894156498651723165732489253479861687315294914268375841526937726943518539187642,4
502936400000004005700010290160087009800569000407321568070052000000703002050640900,582936417916274835734815296165487329823569741497321568379152684648793152251648973,4
900000500006000490050079000065090038070054109090830045600005917000900800029001050,982416573736528491154379286465192738378654129291837645643285917517943862829761354,4
020000030080200500041000206036000841098761000152000967005020000803100650064857003,529618734687234519341975286736592841498761325152483967915326478873149652264857193,4
075182900200007103800600507700560000000090360640213750537806401480971005901300000,375182946269457183814639527793564812152798364648213759537826491486971235921345678,4
901280400005790812000000000090148005240050068050000900700400000820570000000000230,971286453365794812482315796697148325243957168158632974736421589829573641514869237,4
235010600016234070040006021000182400024079000000000702050821940080040000070305008,235718694916234875748596321367182459524679183891453762653821947182947536479365218,4
000150300060030200359820100630005900087600000940010006008940002000000010000001590,724159368861734259359826147632475981187692435945318726518943672293567814476281593,4
000608430823504000000000000760000050300040706109000800000409175471050008098716200,915628437823574619647931582764892351382145796159367824236489175471253968598716243,4
007000830530000091802361740910280007000507006705096283400005369000004020000930074,167459832534728691892361745916283457283547916745196283421875369379614528658932174,4
603000105004000090000036072090360040050084329008020000030600008000000014000150700,623497185574218693819536472297365841156784329348921567731642958965873214482159736,4
005400030020090080100008009560040301700902000002006090301509208050124000007083010,985461732623795184174238659569847321738912546412356897341579268856124973297683415,4
740152609050060010000800070070008020021500046086001795104083257037205904590000081,748152639253769418619834572975648123321597846486321795164983257837215964592476381,4
000370020750600009030902086006000290500700060020000000000065908300008401010000600,698371524752684319431952786176843295584729163923516847247165938365298471819437652,4
000430050010080030005090264428609503706800000053724000060500040800060000502000000,279436158614285739385197264428619573796853421153724896961578342847362915532941687,4
000058000580010000301200080946080100100000209025030408004760003257000640000104875,469358712582617394371249586946582137138476259725931468814765923257893641693124875,4
050806000104000000008014000520901060001507239400002001900160300815403026000070108,759826413134759682268314957527931864681547239493682571972168345815493726346275198,4
060005401021087900409300020100002095600901203097850600000020347002504009900700002,368295471521487936479316528183642795645971283297853614856129347712534869934768152,4
070203065260805470150607020000001680000000059405906102010000540500000006000050890,874213965263895471159647328792531684631428759485976132918762543547389216326154897,4
960750104041098000000010096004070000005006400600000975050307040170045639436009507,962753184341698752587412396894571263725936418613824975259367841178245639436189527,4
081304075000000003002010090120000000003000140694107002008001906010630007560020000,981364275456792813732815694125943768873256149694187532348571926219638457567429381,4
008009140040310080290060030130090800860000409004856000700640050002905000403002090,378529146546317982291468537137294865865731429924856713789643251612985374453172698,4
900070085654030791871400300460000000020680000185900003006800030398000204200340068,932176485654238791871459326469513872723684519185927643546892137398761254217345968,4
000002780048105090703068120006013000300004061401007038062000079037529006984706500,619342785248175693753968124896213457375894261421657938562481379137529846984736512,4
050070009700109000002405070691050000304617592275040060546700000109304050837500426,453876219768129345912435678691253784384617592275948163546782931129364857837591426,4
063980500004300060000006820080400007005002100070018000026874000040009000050030040,263987514814325769597146823681453297435792186972618435326874951148569372759231648,4
060042009400089005000000324030006058628001400594008600000000031200060000900200546,365142789472389165819675324137426958628951473594738612756894231241563897983217546,4
041000700008074926007590000003400090294001500165009300700350400000040250450002073,941628735538174926627593814873465192294731568165289347712356489386947251459812673,4
102400000057100004034028070501000000000049005003010700400075080060200400325094607,192457863857163294634928571571382946286749135943516728419675382768231459325894617,4
017360800000900030400020009871200503000050000090400720109008467085600000004000200,917364852258917634436825179871296543642753918593481726129538467785642391364179285,4
004806000013590028806723940005987210000065004900201300500670430632000000470000060,294816753713594628856723941345987216127365894968241375581672439632459187479138562,4
026000093050700216130060005080500900090041578047096002015000600400010000869400320,726158493958734216134269785381527964692341578547896132215983647473612859869475321,4
408107000000248700723605100540809310600013420001420090010900800250081003007300000,498137652165248739723695184542879316679513428831426597314962875256781943987354261,4
500400000010900600008015000061590203003700800700600501000802415274150900005300726,597463182312987654648215397861594273453721869729638541936872415274156938185349726,4
208070104670020500109000602000080050006000043003205701005007300010000065302040900,258679134674123589139458672791384256526791843843265791465917328917832465382546917,4
965038000000900100000502003030090600050604301602000004004209700526000000397000508,965138247243976185718542963431897652859624371672315894184259736526783419397461528,4
630001205008069700900200061000008070847000000250900400000890120480310050700050309,634781295128569743975234861391648572847125936256973418563897124489312657712456389,4
829037000500020000460005382046390528382060009090782406214050090600279001970100000,829437165531628974467915382746391528382564719195782436214853697653279841978146253,4
380040000690000050000058000020804090840005367053006008039000006068020510000400900,385942671692317854174658239726834195841295367953176428239581746468729513517463982,4
962580730400097605758460200500042168184000020030000007001030802325800900870020000,962581734413297685758463219597342168184976523236158497641739852325814976879625341,4
150400009300060572706002043503010920001703005400090000005040010047000306609300054,152437689384169572796852143573614928921783465468295731235946817847521396619378254,4
000900304015307629092601500070130902031895060000026030003070046054260090760010000,687952314415387629392641578576134982231895467948726135123579846854263791769418253,4
910034072208000000050700068001050490500140280040370150080093010100087020704010800,916834572278965341453721968321658497567149283849372156682593714135487629794216835,4
000040960000000000042195780405070020230950100180003009060800290800500000009004830,358742961971386452642195783495671328237958146186423579563817294824539617719264835,4
570040026800005090030006080000050901007100050951080700000068074463572009008400060,579843126826715493134296587682357941347129658951684732215968374463572819798431265,4
082039000004800069900504000000006100000050600069000035690000270308760900207080046,582639714134827569976514823753496182421358697869271435695143278348762951217985346,4
013000050000090700070500090509100002237006100600009070008620007062780035700000020,913467258425398761876512394549173682237856149681249573398625417162784935754931826,4
072513000003960704100004025000438001054100000001000008090045102300000080200879040,472513896583962714169784325726438951854196237931257468698345172347621589215879643,4
720040089004620050900700042060080975070910060090267030240056007007090000010000500,726541389834629751951738642162483975378915264495267138243156897587392416619874523,4
062000703000160005080307600000000007408000060291000580000690400815004000900800000,162485793734169825589327641653948217478512369291736584327691458815274936946853172,4
060357002070020008002800071080730200001000930703500046030005020007948003659200084,168357492975421368342896571486739215521684937793512846834165729217948653659273184,4
070041900016390020004826100620000300050600402003209650009060005480002000060080200,372541986816397524594826137627458391958613472143279658239764815485132769761985243,4
796201008328040906401080327500360000000018675060007000005904063000003050000000702,796231548328745916451689327517362489932418675864597231285974163679123854143856792,4
807902000021730009090541007040023500002000006500000302000004075080007903070306200,857962431421738659693541827749623518312485796568179342236894175184257963975316284,4
508070093040203510000605724060030980070000040000950170409362050730510400050040230,528174693647293518193685724261437985975821346384956172419362857732518469856749231,4
125009700830100005006002001041200000008700302052600174604900000503027460000006010,125389746837164925496572831741253698968741352352698174674915283513827469289436517,4
720043058486159207093280046070000002102500780004002000010470690000060800609000070,721643958486159237593287146975814362132596784864732519218475693347961825659328471,4
000001004136700589807000001003450008600100453000870962090048020000017040000030000,259381674136724589847569231923456718678192453415873962591648327362917845784235196,4
500006200080570019704310500060198405000200870040000002108000600076000003020460000,531986247682574319794312568267198435915243876843657192158739624476821953329465781,4
970080000304006910061000000693000000805030001000900806020004050050009460030070009,972183645384756912561492387693821574845637291217945836129364758758219463436578129,4
001280000760350900005900378090670281600000030002000000809500100100806000000000024,931287456768354912245961378493675281617428539582193647879542163124836795356719824,4
000048317008200000070061982730109008089420050204080000001074805827605009000000170,562948317918237564473561982736159248189426753254783691691374825827615439345892176,4
001850037560297008287010090094000026000400081806030004020000060000600052000003109,941856237563297418287314695194785326732469581856132974425971863319648752678523149,4
809000000000560839032100076053071004190600085000450613306000208045000000900000000,869347152417562839532198476653871924194623785728459613376915248245786391981234567,4
020000804609000020050021090200140905000982430000730000400000000010064009098210607,721359864639478521854621793283146975175982436946735182462597318317864259598213647,4
600132590230005701090478023080000007910000002706200030001300000360047215807501000,678132594234695781195478623482953167913786452756214938541329876369847215827561349,4
096010030014000950705000060509370100837004000421500003072050014040001520153000706,296415837314687952785923461569372148837164295421598673972856314648731529153249786,4
006053080500000906480096035204307600175008040008500172013000090609080003702930060,926153487537824916481796235294317658175268349368549172813672594659481723742935861,4
003005080029000000006000040700028031901600507234007608690501074310000065050076219,143765982829413756576892143765928431981634527234157698692581374317249865458376219,4
000705004205010080703800165000040200320607408054000001500070800018950732400000019,186735924295416387743829165867541293321697458954283671539172846618954732472368519,4
600904700000602910200300460052496087004538109038127540805713094400269000006045270,681954732543672918279381465152496387764538129938127546825713694417269853396845271,4
001095042568040003029800600000700020203904000100500400000300980810000075000400006,731695842568142793429837651946713528253984167187526439672351984814269375395478216,4
008100367000500020000060500084050209600020005000901000000600850043010096806007400,598142367761583924432769581184356279679428135325971648917634852243815796856297413,4
159034206374268000260905003045093000026500007000000060000050039000320000590007620,159734286374268591268915473745693812926581347831472965412856739687329154593147628,4
300098005800320000010060038700109526406853000090000803001030059040080070070600082,362498715857321964914567238738149526426853197195276843681732459243985671579614382,4
002103570050090300010064080087000020100340000045008690530000008200000100078051902,962183574854792316713564289687915423129346857345278691531429768296837145478651932,4
040302050807009021020100080013004760600013090070000810005208009700030040294000038,146382957837459621529167384913824765658713492472596813365248179781935246294671538,4
490105706000609005000000000204000001901470500600301080800002104040963000009000600,492185736378649215516237948284596371931478562657321489863752194145963827729814653,4
049017062520004100700020040004100093007000080000700204978000016002900375130400009,849317562526894137713625948254168793397542681681739254978253416462981375135476829,4
208700109090020805705008263120000930500280010840009600000060000380497020002010000,268753149493621875715948263126574938539286417847139652954362781381497526672815394,4
104200006006904075000106030603028000080009300000000018040060097500090000209057800,134275986826934175795186234613728459487519362952643718341862597578491623269357841,4
300008000070402035000307960100020000036890200080740096607080000023576400410209007,364958172971462835258317964149623758736895241582741396697184523823576419415239687,4
870603109052080700619720000020800015100240607090016008087002006060000070000560000,874653129352981764619724853426879315138245697795316248587192436961438572243567981,4
090000038500040000010080590040001002200490701150067000000309106060020900070800023,694715238582943617317682594749531862236498751158267349425379186863124975971856423,4
000009046406200000529004001001020500652948000307006082705080000014000005000070408,138759246476231859529864371981327564652948137347516982795482613814693725263175498,4
000300060000000802086004035000146003047020000000890004738010020000000401005600000,294358167573961842186274935852146793947523618361897254738419526629735481415682379,4
867500030000607004000020700070000503500001002000208007024060009350904000900000000,867549231213687954495123768172496583548731692639258147724865319351974826986312475,4
085007090304569827600000315050000004801000709700000030090204601460090058000050900,285137496314569827679842315952673184831425769746918532593284671467391258128756943,4
040000300050073001001500976004860000100007500000012007002700059400001623060000010,647129385859673241231584976794865132123497568586312497312746859478951623965238714,4
002004600610905000040600001090720084000008712000500360080000250904060170000850040,372184695618935427549672831193726584465398712827541369786419253954263178231857946,4
008039040030781000790056183200500060004000215500004908000005720000047000307000459,158239647436781592792456183271598364984673215563124978849315726625947831317862459,4
030009500080603000407050000000234075070061300200900106020105704090400010001308600,132749568985613427467852931619234875874561392253987146326195784598476213741328659,4
600053009058020400020806000400205300000030280032000906040607108890510030715000000,671453829358129467924876513489265371167934285532781946243697158896512734715348692,4
000001200026003100000502473050407302007000010102639007010290700700350000005074809,473981256526743198981562473859417362637825914142639587318296745794358621265174839,4
000092001070510000914360500000000285000000460020050197480030059106205300007906810,865492731273518946914367528649173285751829463328654197482731659196285374537946812,4
306000000080000053000368000005003102840519070613042905297030560008000009500000428,326451897184297653759368214975683142842519376613742985297834561468125739531976428,4
039010060002000001000730249040190685090640120000052000350000978700000506060070002,539214867472968351186735249247193685895647123613852794351426978724389516968571432,4
054031200300000000120000836040000609010905000080007102031076000002400000060103005,654831297398762514127594836245318679716925483983647152531276948872459361469183725,4
042090058000780400030024107900276010000000206000813500007062000850040000200908005,742391658169785423538624197985276314371459286624813579497562831853147962216938745,4
710050924203070050004002038007001060040000012000503000900000000008009400005800193,716358924283974651594612738857241369349786512162593847971435286638129475425867193,4
001000000580139702090450000043090000108603904000014000930040056810060000604900310,471286539586139742392457681243798165158623974769514823937841256815362497624975318,4
009030006614050070000000400702390580100204630006100040000000200008600300300008094,259437816614852973873961425742396581185274639936185742591743268428619357367528194,4
096210574007093000021400080000007856008020703700004190670040905000060410000700068,396218574487593621521476389214937856968125743735684192672841935859362417143759268,4
003000000010700402450600179100050000386024007000306040000801090860000500090000000,273419685619785432458632179147958326386124957925376841532861794864297513791543268,4
096000230712490050030625910080007000000380000047950003301802500450170020620500071,596718234712493856834625917983267145165384792247951683371842569459176328628539471,4
690504280000090305500010096300000000000489023200005800080100650400007000100920030,693574281871692345524318796348261579765489123219735864982143657436857912157926438,4
600000001180005730090100080801006540970040010400000807009450060500001020300209075,632784951184695732795123684821976543973548216456312897219457368567831429348269175,4
200000001050916000103052000000200960302009100080700200631490020805100630027038010,296374851458916372173852496714283965362549187589761243631495728845127639927638514,4
485090102613780004000010008000008400760005030024003000100037500000000203036800701,485396172613782954972514368359168427761425839824973615148237596597641283236859741,4
794010650523790000086500070030000890908030020452809310045062739000007045000000000,794218653523796481186543972631425897978631524452879316845162739269387145317954268,4
003007056804906002007803010096020000000601900700009201060094000489002130072000600,913247856854916372627853419196425783238671945745389261361794528489562137572138694,4
900001050400000076010007084800600000004200805600008409060034010100090608500100300,987461253453982176216357984895643721374219865621578439769834512132795648548126397,4
075090301083017629000400000050004067034000852000802400001000200500001930060320000,675298341483517629129463785258934167934176852716852493391645278542781936867329514,4
200600300960000007513000002000560029605100000028970061400001000000050010100080470,287619345964235187513847692741563829695128734328974561436791258872456913159382476,4
804000570007840200960000040000590302780423009090080704328714900071000428000208000,814932576537846291962175843146597382785423619293681754328714965671359428459268137,4
703000000042700080810000000000840070176005043030000902001400398007300064090600517,763598421942731685815264739259843176176925843438176952621457398587319264394682517,4
080067005000903082007000040025000371009002468000700529072090010900000254804005000,483267195156943782297851643625489371719532468348716529572394816931678254864125937,4
000896030009700080000050679080009007904070806000000941360907218090231400241605090,572896134639714582418352679186429357954173826723568941365947218897231465241685793,4
050090638061308040008000210070000300600000807000700061020600000046070003785003126,257194638961328745438567219574816392612439857893752461329681574146275983785943126,4
890070000504098003000405108050002040008040005400706002901000000705014629000500080,893271456514698273627435198156982347278143965439756812961827534785314629342569781,4
500400060087000003000070080000046020860030900200000608008700230931208004000359010,529483167187625493346971582795846321864132975213597648658714239931268754472359816,4
308000709294607308170839040043080000010060985800190073081073090629040037030906000,368421759294657318175839642943785261712364985856192473481273596629548137537916824,4
006000200800090005007806390370140900604030500915268000080009023200000006760402100,196354287832791645457826391378145962624937518915268734581679423249513876763482159,4
800650030600803005000000869008304700074501003319000006730900508005030600080725000,842659137697813245153472869568394712274561983319287456731946528925138674486725391,4
003401528000302000002690700000068307000704056007000980480237005006000002720050403,963471528175382649842695731254968317398714256617523984489237165536149872721856493,4
500000060612005980009006705084000000965430000000007840050021090090000003000900520,537849162612375984849216735784192356965438217123657849356721498291584673478963521,4
000040007050902810000010050802465030764009582500287140090000001003700900605390008,381546297456972813927813654812465739764139582539287146298654371143728965675391428,4
000000006000030809008200000930000645824006970050900203203000004710800350549020100,372598416165437829498261537937182645824356971651974283283615794716849352549723168,4
320408060085197030974032085003000501500300000047060000000000010008200009710940800,321458967685197234974632185863724591592381746147569328259876413438215679716943852,4
070000005300002000060704800703450000006908100008000064030040000201800740045000081,174389625389562417562714839713456298456928173928173564837641952291835746645297381,4
402010003009500400078300020205090080087402009940030000000900308050000092800000060,462719853319528476578364921235196784187452639946837215621975348754683192893241567,4
630910528000302019001840700406201800010080000873059002042000387307500000000030050,634917528758362419921845763496271835215483976873659142542196387387524691169738254,4
000060400040209608200000000603042900020501700705006241062900050800605020070824396,958163472147259638236478519613742985429581763785396241362917854894635127571824396,4
001680520857002096290057108902064700384000900000093010040010070070025800100008000,431689527857132496296457138912564783384271965765893214548916372679325841123748659,4
090100000805903000102060900060040800480700096300008042900405680006200050008000000,694157238875923164132864975267549813481732596359618742923475681746281359518396427,4
308956004000000900296030000047802010180560070609470050003620008700300090000049630,378956124451287963296134587547892316182563479639471852913625748764318295825749631,4
050200070270030640394060251439070002002300000105000706000000007540721803027483105,658214379271539648394867251439176582762358914185942736813695427546721893927483165,4
090008615000016700180000000003002080510940206400860509030105060809600020000039850,794328615325416798186597342963752481518943276472861539237185964859674123641239857,4
000021708001870034008094100000900015086010040009002870000200080070400001050100329,345621798961875234728394156237948615586713942419562873193256487872439561654187329,4
050009200009071004010006830603190780000304190020000003394000070000700041000908020,456839217839271564712456839643195782578324196921687453394512678285763941167948325,4
000900820010003905065080030800030100000070009004001370100020700470000500300000040,743965821218743965965182437827639154531274689694851372156428793472396518389517246,4
060230000010780006090600402600001098035090000000000600070048000420000080851000003,567234819214789536398615472642571398735896124189423657973148265426357981851962743,4
000000000030170009270800510052037100803605020061290350004750001100080030090301480,419563872538172649276849513952437168843615927761298354384756291125984736697321485,4
920780005000000009000100000050320041000600307080940050362009008005860003840003026,926784135471235869538196274657328941294651387183947652362479518715862493849513726,4
000006010100820035037510008008040020020785006063092800000060080019350000005000100,584936712196827435237514698758643921921785346463192857372461589619358274845279163,4
301809700007030045020570310000798000008000000040600970205904007400357090709061004,351849726697132845824576319163798452978425163542613978215984637486357291739261584,4
050800417160047080480005000006590030008070050040006800030000600000201040020004390,359862417162947583487315962276598134918473256543126879834759621695231748721684395,4
402000870008607005000008009050000704080000020000700508000106940645070002719400003,432915876198647235576238419251893764987564321364721598823156947645379182719482653,4
050906040407030900000105000000000490005803010000610052009401007530000120000050689,358976241417238965962145378681527493245893716793614852829461537536789124174352689,4
198630020407005600300000941900080006700350000800706150070148305080060000034000002,198634527427915638365827941953481276716352489842796153279148365581263794634579812,4
058200070001007050470650002020000000603180500015700004000000360084390021030501008,358219476261437859479658132827945613643182597915763284192874365584396721736521948,4
854600000230000507000300800000043600000162000605079003070900361500000000098030704,854697132236481597917325846721543689389162475645879213472958361563714928198236754,4
800007000074860002912034600736100004409003187200745963600012000000456800105978006,863297451574861392912534678736189524459623187281745963698312745327456819145978236,4
500420000007600205004573001006854092002307806000000304745100639081030420920046518,519428763837691245264573981376854192492317856158269374745182639681935427923746518,4
850400900006001500004095067008107039105000400307000058700010020080064001031009005,853476912976231584214895367468157239125983476397642158749518623582364791631729845,4
700049050096800072503020080630580000270900800805470090950064008400208007380715900,728649351196853472543127689639582714274931865815476293957364128461298537382715946,4
000020980100600000897003610001000800582300700039782001000200308003841060208530070,346127985125698437897453612471965823582314796639782541914276358753841269268539174,4
040006001002000607000720089270680004180900065509040008030200916026010000010068000,347896521892531647651724389273685194184973265569142738438257916726419853915368472,4
300094020000570300040300007710806040624910080000007000000281079480009230900003010,357194628168572394249368157715836942624915783893427561536281479481759236972643815,4
702000840000034602450280000000300520070100004321040070006010080800460030030807406,762951843189734652453286197694378521578192364321645978246513789817469235935827416,4
000410290709030401012987030048075012501004003000090000080001300030709120000000740,853416297769532481412987536348675912591824673276193854987241365634759128125368749,4
000901000063280190000346007000000300005002060010090000007100002852400016100700948,784951623563287194291346857629574381375812469418693275947168532852439716136725948,4
894720653050003009036009070761302000908006300345908760470085190080194530010037820,894721653257863419136459278761342985928576341345918762473285196682194537519637824,4
450690701017003080008004006365809170040007000700005043104006500000072600006451008,452698731617523489938714256365849172841237965729165843194386527583972614276451398,4
543082916000000023201690800020900140165007000890201007700020000008170300902500000,543782916689415723271693854327968145165347289894251637736824591458179362912536478,4
000600000020790063087000200000060000000400002195200000001076008450003090700845000,913682475524791863687354219842569137376418952195237684231976548458123796769845321,4
080030000560000030700081400007013905002700003900400270000007800000000002201009060,189634527564972138723581496647213985812795643935468271456327819398146752271859364,4
073005009095300108804000005000000050008002090020640010950000300030100080400570900,173285649295364178864917235649831752318752496527649813951428367732196584486573921,4
900278610005640000600030008070456002000003076060092000490307801056004307000825004,943278615285641739617539248378456192529183476164792583492367851856914327731825964,4
080090000914300500600187004300010029090000080040926003500001000061259030079630000,783495162914362578625187394356718429297543681148926753532871946461259837879634215,4
500080600800070042006203700200038965009060380300000274630840000000020403000001020,527184639893576142416293758241738965759462381368915274632849517185627493974351826,4
706012080918004000000079401031650800470028000000000700500090170097000050103700609,746312985918564327352879461231657894479128536865943712584296173697431258123785649,4
008010090470000013069005740002164000004000200000932001800200000006090184090040300,238417695475629813169385742352164978914758236687932451843271569726593184591846327,4
007402089100000050004001003098306715300200046006090832000700200720904308060023000,657432189132689457984571623298346715371258946546197832813765294725914368469823571,4
400010000056408001002000000004006009900000050015009028820960030549170060030850047,493217586756438291182695473274586319968321754315749628827964135549173862631852947,4
040309000600012000031060800060158000400900008000074000274001609106097084398000200,542389176687412935931765842769158423415923768823674591274831659156297384398546217,4
659802174004075380803000000000069000906350200031204000360598000097003025008020600,659832174214975386873416952425169738986357241731284569362598417197643825548721693,4
259100700600000000801004060508007200900850140000400600380260400400001076100000500,259136784674982315831574962548617239962853147713429658387265491425391876196748523,4
003140009005009020097020060900000070518376042306090105002080500600001200051000098,263148759845769321197523864924815673518376942376294185432987516689451237751632498,4
074302900000000320200000010040153670597028001001790208050000090029070000016900042,174362985985417326263589714842153679597628431631794258358246197429871563716935842,4
010254000000097000090300700003000100820009007069000080200006094005400200480000570,617254938348197625592368741753842169824619357169735482231576894975483216486921573,4
700010689001850000006900510090625400000708050007009208028000307170003040000407000,752314689941856723386972514893625471214738956567149238428591367179263845635487192,4
650000009000710060800206050000852704208000605000000982300508000520407806000000503,657384129942715368813296457169852734278943615435671982394568271521437896786129543,4
000000040500981073060074100407002000926007000008040500200005060070400302390006780,719563248542981673863274159457312896926857431138649527281735964675498312394126785,4
420031085083054000051000340074300028092485716065120090508000004009000600006043009,427631985983754162651892347174369528392485716865127493538916274249578631716243859,4
000000004000900003700040160913800600280065301004091700000730406460109207370600900,539216874146978523728543169913827645287465391654391782891732456465189237372654918,4
730215040000078001158946327307621495000850673695037180003590010020700004070104200,736215849942378561158946327387621495214859673695437182463592718821763954579184236,4
900650300010000002000000467700301800000078000005469700060205100002000670080016004,974652318613847592528193467796321845241578936835469721467235189152984673389716254,4
200065180619000070008000600004000395803049761000070008086004037072000000901706850,237465189619382574458197623764821395823549761195673248586214937372958416941736852,4
040010000905807000000940506300000075510008240008002003000000958200700304680000107,843615792965827431172943586324196875516378249798452613437261958251789364689534127,4
000002000700693004003805070306900000050000608000504001600081957805000000940000082,594172863728693514163845279376918425451237698289564731632481957815729346947356182,4
080509000009000400070040030200000109010924750790601048000713090351090004967085301,482539617539167482176842935245378169618924753793651248824713596351296874967485321,4
035200090049056200072389640796020180001967000520030709060090400400010072910002306,635274891849156237172389645796425183381967524524831769267593418453618972918742356,4
030000040001000538900301002247030000800214700019675020070100000000026050000008200,736582941421967538958341672247839165865214793319675824572193486184726359693458217,4
400023018020098304003147900104980000036210090008375640385461000000030156002759003,459623718721598364863147925174986532536214897298375641385461279947832156612759483,4
005109700060827540721600000900016804004090010100470600006001030000062100203700469,845139726369827541721654983932516874674298315158473692586941237497362158213785469,4
046100080803905100105684903560008740200071000007502300600000020704250600302810407,946137285873925164125684973561398742239471856487562319698743521714259638352816497,4
020019430030587106500000897601942703000108050000060040100004070403291000000300014,827619435934587126516423897651942783742138659398765241169854372473291568285376914,4
030024087000000024420093000053267000640005003000030250006900472000000610200046835,135624987769581324428793561953267148642815793871439256316958472584372619297146835,4
900005602500090080740000009400800350000950000605140008809000720067009800204307961,918435672526791483743268519491872356382956147675143298839614725167529834254387961,4
473560029150000683800023507600080201000056074080900006500002908000030065008005712,473568129152749683896123547645387291931256874287914356514672938729831465368495712,4
037108050109207000402090701900000020200000100300520694500706300060002000003409006,637148259159237468482695731916874523245963187378521694591786342864312975723459816,4
600000000803260000070485000400036027020907800780150004237504080508300142910608700,652793418843261975179485236491836527325947861786152394237514689568379142914628753,4
681490750005000046904065210023019000090000300068703100010904830350001000040206571,681492753235187946974365218423519687197648325568723194716954832352871469849236571,4
900605010106000402020040000600050308540800079208000105850200634001408007402000980,984625713136789452725143896617952348543861279298374165859217634361498527472536981,4
368005200100006000945000600539604710080509024427103096000701800013058062804002107,368495271172836945945217683539624718681579324427183596256741839713958462894362157,4
406000800000900600900000207500617429702803160600400008870540902064000580200080006,426735891317928654985164237538617429742893165691452378873546912164279583259381746,4
700036800900000035035291470080005020003002094012009008390014602156908340200653081,724536819961487235835291476689145723573862194412379568398714652156928347247653981,4
007005601060709823020030540090003400140000050302560900200000009009380000600090030,437825691561749823928631547895213476146978352372564918213456789759382164684197235,4
800400900093010006020760038048120650002040000000503421080600290000300000934070065,861435972793812546425769138348127659512946387679583421187654293256398714934271865,4
407802500350000020002930000006340000000728650200506004000209040000683270025100938,467812593359467821812935467596341782134728659278596314783259146941683275625174938,4
940000520058000700700005860573046002009582301012009456090867230000900007600050090,946718523258634719731295864573146982469582371812379456194867235385921647627453198,4
026300400800904360003050900350000000070040003100030720460002005091500004008017000,926381457815974362743256918359728641672149583184635729467892135291563874538417296,4
500084010900000640000709035000045080037108052850200003000050000009000004105402070,573684219982513647416729835291345786637198452854267193748956321329871564165432978,4
008297640040316850900000007000700090409651370370000106010025960004063700000009008,538297641742316859961584237126738594489651372375942186817425963294863715653179428,4
132800006600010087000630000000060900060592841098040560870006200904720608020900700,132875496645219387789634125451368972367592841298147563873456219914723658526981734,4
003792480850000000027600000300000008500010004000365000000921053135080209000537106,613792485859143627427658931361274598572819364984365712746921853135486279298537146,4
510980307002100690970060100800620900120800003060000002700402836200000009604350270,516984327342175698978263145835627914127849563469531782751492836283716459694358271,4
860300904000806370379000608706030002208060500040000000600789005000042800000100290,861375924524896371379214658756931482298467513143528769632789145915642837487153296,4
058706042047800690006904007782091063000300900000000028504008230800030050020005080,958716342147823695236954817782491563615382974493567128564178239871239456329645781,4
043006017090854036052070804006405109008000000520000700009003000401000000365207000,843926517197854236652371894736485129918732465524169783289543671471698352365217948,4
002090700089007020740002309100500870200008400408200630900700180000080243020014900,652493718389167524741852369163549872275638491498271635934725186517986243826314957,4
900504000000090406042037509480050310200003600073408902300009065594000023861320700,936584271758192436142637589489256317215973648673418952327849165594761823861325794,4
000280056080000200720450000050020817000718900108000300804006000000500008530890000,913287456485631279726459183659324817342718965178965324894176532261543798537892641,4
048092060090357482205000139904700008580609307037200000009800004060000000450921870,348192765196357482275486139914735628582619347637248951729863514861574293453921876,4
200030050108500040975004000890200076723600090600090823000370205502000087087100004,246937158138526749975814632891243576723685491654791823469378215512469387387152964,4
810000230070140950053800170398010007000000561065700000080000740020405000000079010,814957236672143958953862174398516427247398561165724389589631742721485693436279815,4
000003009854020730003500000042090000000030246360240910036907020298300500710000000,621873459854629731973514862542196387189735246367248915436957128298361574715482693,4
956003080207658300003070520708005000090000800305782004500007002001506900004030058,956213487247658319183974526768495231492361875315782694539847162871526943624139758,4
000020863348050007600800540067500000530708200201000700000000000810204005003179082,195427863348651927672893541967542138534718296281936754726385419819264375453179682,4
048576900500130480370048600052680093000000805090300700000710060010060308700803210,148576932526139487379248651452687193637491825891325746983712564215964378764853219,4
860007000095210807003080020050840790001600054020095008040700000538000906017069403,862357149495216837173984625356842791981673254724195368649738512538421976217569483,4
000020030600713500001500600410000203027000460000900010000000300803164000760050148,975426831648713592231598674419675283527831469386942715194287356853164927762359148,4
005036041006208035310570006090005003000140000060020507000000600029050008680401002,275936841946218735318574926792865413853147269164329587531782694429653178687491352,4
000040070050078360907035000091280050020050710003000002089000501004023807005819240,836142975152978364947635128791284653428356719563791482289467531614523897375819246,4
920000300040093071000028005800204003004005020052019700007900002210456000060082019,925147386648593271731628495896274153174365928352819764587931642219456837463782519,4
030001000651980003000005201000803000005096000320150080790208305080000900502340007,239471658651982473478635291917823546845796132326154789794218365183567924562349817,4
071040500859603070003007028507060000436001807082000610008000241004782300300000000,271849536859623174643157928517368492436291857982574613768935241194782365325416789,4
200000000180690730007800601601380070009457000000000590002018000030500000000934007,265173849184692735397845621651389472829457163473261598942718356738526914516934287,4
050700190000090000910086057020003081049000000001070000162000740597108062800000000,258734196476591823913286457725463981349812675681975234162359748597148362834627519,4
000096580405000906908015200350100009010030000000002001080060740000201603003050008,172396584435827916968415237356178429214639875897542361581963742749281653623754198,4
003070900000892043900301675370010060010409000009000001000036002000080000600900030,143675928567892143928341675375218469216459387489763251894536712732184596651927834,4
000100030042005000050000970034000750809050320000831460070510293000042107018700040,987126534342975816651384972134269758869457321725831469476518293593642187218793645,4
000900460001006089960700132320000870097030510006800293609008027000260008258379001,782913465531426789964785132325194876897632514146857293619548327473261958258379641,4
970000380062503719000900050003058090280000100100004630020806070000000061006070020,975412386462583719318967452643158297287639145159724638521846973734295861896371524,4
300000700005100000006275109004500070060001005058040000607050803010780090020013000,391864752275139648486275139134528976762391485958647321647952813513786294829413567,4
000000600695047120087001090003009504000800200040000070008972060009003040030400000,314298657695347128287561493863729514971854236542136879458972361129683745736415982,4
070031000936805201015070080000003400094126000502007139007364000800010003600590700,478231965936845271215679384781953426394126857562487139127364598859712643643598712,4
250040610090001000000509830169350700007028006800006153040090500005412307700000004,258743619693281475471569832169354728537128946824976153342697581985412367716835294,4
346250009000030014000009653003000928900502367260003500009040000000300090000006482,346251879895637214712489653153764928984512367267893541629148735478325196531976482,4
000796083970080605000000970000400207080070304024930000090000006010060800602015709,251796483973184625846523971369458217185672394724931568598247136417369852632815749,4
000094000010000004900150730000007000871560490634000000000780200007009540150000600,786394125513276984942158736295847361871563492634921857469785213327619548158432679,4
000091023010052960030000000490705000000080050080010370048570001900408000005000806,657891423814352967239647518493765182172983654586214379348576291961428735725139846,4
420009800080234107010586004241953700500008400006740002172095600900000031308402000,423179865685234197719586324241953786597628413836741952172395648954867231368412579,4
050007000708020600092056370021600000600083200000005800904502000517000004063090500,156837492738924651492156378821649735645783219379215846984572163517368924263491587,4
700040080028006040030100005000010800000307010801602003000000960009801000206030501,795243186128956347634178295367514829952387614841692753413725968579861432286439571,4
000003000031240050704005301006010540240050130500704260002080000069000080070000600,625173894931248756784965321896312547247856139513794268452681973169537482378429615,4
107000005065018040009500000700305080000890050054000002000060023006009470000100000,187942365365718249249536718791325684623894157854671932918467523536289471472153896,4
520060008030500004816009050070800500002000809003052041005084100007930000040100090,524361978739528614816749253471893526652417839983652741395284167167935482248176395,4
040250000150806403000941500400000008000307040078000200081024300004030607723009000,849253761152876493367941582435692178216387945978415236681724359594138627723569814,4
582300004036000000479560380054000002807054106320600540905037200708905010040000050,582391674136748925479562381654173892897254136321689547915437268768925413243816759,4
850010000973865420010903050020006000140000608637100000005680102061329087080001900,856214739973865421214973856528796314149532678637148295395687142461329587782451963,4
580000010002310000401570920100002700804000060600140230000001600040080002208050009,587296413962314875431578926153862794824739561679145238395421687746983152218657349,4
105078030368100475749000128030087900094000780687000203806702390403001560900060807,125478639368129475749536128231687954594213786687954213856742391473891562912365847,4
429008300600040800001300042504001000308070120217090000032157400100680070780020510,429718356673542891851369742564231987398476125217895634932157468145683279786924513,4
509084127020009300300700000080006030410000850050408200201890000600040080800605710,569384127127569348348721695782956431416273859953418276231897564675142983894635712,4
080029001025071003140650200000230410002000036001004002304082190510306000000105008,783429651625871943149653287856237419472918536931564872364782195518396724297145368,4
096040200040000100572001684920000460007090801480610003000078506054006008360000712,196845237843267159572931684921783465637594821485612973219378546754126398368459712,4
000000001000900027620530000004050938035098274000070605056800003490005002300020000,579284361843916527621537849764152938135698274982473615256841793497365182318729456,4
040900200000400009000005600863200000100600020004017900052093086600142000019508042,745986231236471859981325674863259417197634528524817963452793186678142395319568742,4
200000060000128905080030070000009810470000650018652000060081400840005120007064580,291547368736128945584936271652479813479813652318652794965281437843795126127364589,4
040000080036405000820001406050802000308000009279000005480000700000007308003010094,145726983936485271827931456654892137318574629279163845481359762592647318763218594,4
008006090094000673760509000070008350000207009010003740237600005009300206000820007,128736594594182673763549128972468351345217869816953742237691485489375216651824937,4
087600400045870300060020750632000100000291800091006270006080923000000600908002500,287653419145879362369124758632748195754291836891536274516487923423915687978362541,4
603079200000102670020036090238060045904325060076000020042093050360000000790018430,683579214459182673127436598238967145914325867576841329842693751361754982795218436,4
069475002028060000075002609004306500006000091000700006080003020600108900500000000,169475832328961754475832619294316587736584291851729346987643125642158973513297468,4
010709600360180000008600193000008014000040900100960000503810409900502030087403520,215739648369184752478625193796258314852341967134967285523816479941572836687493521,4
009460005000908010008075003001609000096007020854300000960080130002000006183026090,739461285425938617618275943271649358396857421854312769967584132542193876183726594,4
800015007109600200470900010040509020700003056596107000987356002200700500000000870,863215497159674238472938615348569721721843956596127384987356142234781569615492873,4
010000069030000507600950000000309004090000205084002016800007002001093058003085001,512738469439621587678954123256319874197846235384572916845167392721493658963285741,4
804000602600002000903046100549000030060300290030409850000070008006193500702000003,854931672671582349923746185549628731168357294237419856315274968486193527792865413,4
723001450946050810518000309800142703100030204430008561079010008684700100051006000,723891456946357812518264379865142793197635284432978561279513648684729135351486927,4
050000380090503100002001000076015000041700500905600007509024031020159008008300090,157296384694583172382471956876915423241738569935642817569824731723159648418367295,4
050060000090000820140030500800017003000345082000090610904106008002700094001009060,257861349693574821148932576829617453716345982435298617974156238562783194381429765,4
576001803493000020200004009048020567059047002732086900020030001960012030014809200,576291843493768125281354679148923567659147382732586914827635491965412738314879256,4
310604800680070324400003900050910000000040208704000060060009003040135600003460000,312694875689571324475283916258916437196347258734852169861729543947135682523468791,4
031000805000000030500300004482050060910040000370609000000030007043960152060270340,631427895824591736597386214482753961916842573375619428259134687743968152168275349,4
480016207006003005205800040000050023300100009007030400000391700603004092000005314,489516237176423985235879146941657823352148679867932451524391768613784592798265314,4
005000000006530020840020060402900735750300008030075240100657080504200071200091006,325768194916534827847129563482916735759342618631875249193657482564283971278491356,4
000007360307060008460800000006000102030206094004000083020070000003102000705040209,198427365357961428462853917986734152531286794274519683629375841843192576715648239,4
005040300000800015063000408906000520040000080320000004002900056708026049004008000,815249367479863215263751498986437521547192683321685974132974856758326149694518732,4
003001450020080196601452300016008700047190000000000200030016020180070000060034070,873961452425783196691452387916328745247195638358647219739516824184279563562834971,4
005978040640231900710600802070000400000000050200800307002006019000003004186007020,325978146648231975719654832571362498863749251294815367432586719957123684186497523,4
258030040006274500074510609000040000700192360001065207000901006060000000002006100,258639741916274538374518629623847915785192364491365287837921456169453872542786193,4
746200030203750009900300000570620083690843157804100000020007390007910020469002008,746291835213758649958364271571629483692843157834175962125487396387916524469532718,4
006907800590084031000215007000800000609000000002190040000021405240058060300460182,126937854597684231834215697453872916619543728782196543968321475241758369375469182,4
800040009001906000000012300050000000906030857200000001080304700510009080003100005,865743129321986574794512368158497236946231857237865941689354712512679483473128695,4
008700000004000961320090780075140029030927048400608100240071006500000302000200007,968714235754832961321596784875143629136927548492658173249371856587469312613285497,4
902000600050000001048001095400006030507030006063804500805000000000950803000040007,912385674756492381348761295491526738587139426263874519875613942124957863639248157,4
020400305000712040080500000001007050300020071000030080005290030036050492200074500,127489365653712849984563127861947253349825671572631984415296738736158492298374516,4
001800000000005940000320078700000506000057300093000002080000201602080000045092830,371849625268175943459326178724913586816257394593468712987534261632781459145692837,4
050600200040001030601073500092000000534010002080250913000782600800035000270190304,358649271947521836621873549192367458534918762786254913413782695869435127275196384,4
806050109710806402045000038000060084407905306600083007308500001074002093160008040,836254179719836452245179638923761584487925316651483927398547261574612893162398745,4
800030601326001000000007350002040065000760240400005080040106900007090516600570030,875439621326851497914627358732948165158763249469215783543186972287394516691572834,4
745098100000051497001042085206970051154803972070000000500037200010006709360420510,745398126823651497691742385236974851154863972978215643589137264412586739367429518,4
010000740237600001009100062800000090050907006390006027104300000703042010000760204,618523749237694851549178362876215493452937186391486527124359678763842915985761234,4
070000050006090410408030270040010680700406905069008140894000003005000800037800000,972184356356297418418635279543719682781426935269358147894561723125973864637842591,4
100562080000803091000900502281000300093001058500000010007180000800430005004000030,149562783625873491738914562281695347493721658576348219357186924862439175914257836,4
800095017000600500004100020001070804030002076500000930006001000080304200000009760,863295417912647583754138629621973854439582176578416932296751348187364295345829761,4
507103002002400000010500703075941080689030174301706200700000020020650010054800600,597163842832479561416528793275941386689235174341786259768314925923657418154892637,4
071400305590008472004007000980700004605000023000050000050274006300901500008305201,271496385596138472834527169983712654615849723427653918159274836362981547748365291,4
000004597890257100037000020005400900409160053300079400740025319250700048001843075,612384597894257136537916824175438962489162753326579481748625319253791648961843275,4
720000900380600721000028030063002805017086340000070010005200180800004007000017503,726431958384659721159728436963142875517986342248375619675293184831564297492817563,4
000000028008201009502083000300069800801052900000710030409537206706020003000090075,137945628648271359592683741325469817871352964964718532419537286756824193283196475,4
800097006027060001946301572005823007090415003000900005000000750579640308104708629,851297436327564981946381572465823197798415263213976845682139754579642318134758629,4
009485006008001000504027000050806400937000000040090050070000048401000603090008200,319485726728631594564927381152876439937514862846392157275163948481259673693748215,4
670000200310970400080306900060000004000400860230000000593067008148503600726084005,679845231315972486482316957861739524957421863234658719593267148148593672726184395,4
000100000080000210013070090800006720395020408000504009029615800007000950530200001,954162387786359214213478596841936725395721468672584139429615873167843952538297641,4
470000010080900000023100094010400006650001000298003107040500902005010400032804070,479382615186945723523176894317498256654721389298653147841537962765219438932864571,4
000002004020105000504308001090200010003900800000700940009006008006007293280039000,931672584628145739574398621895264317743951862162783945319526478456817293287439156,4
034050967070016400000070500297805010050031790006000004080309100040000000000180070,134258967875916423629473581297845316458631792316792854782369145941527638563184279,4
072108406008004157410006023800300570700040010090700300327400000065800040004060000,572138496638294157419576823846319572753642918291785364327451689965823741184967235,4
509000607671090048280600000090580020403000000827000000905720000700906432300008009,539842617671395248284671593196587324453269871827134965945723186718956432362418759,4
798000000020000607000070009000001705060050000017600304001830070600200403380060521,798546132125983647436172859842391765963457218517628394251834976679215483384769521,4
020007009000091000090030870013006008206000315000300062000402037000000001609108020,328647159567891243194235876713526498246789315985314762851462937472953681639178524,4
516093200704008090308402000800024176000030020600175830030000000005000010067000340,516793284724618593398452761853924176179836425642175839431267958285349617967581342,4
003052070405738002270000005508064310040800500367500048030009054700005600004080000,683952471415738962279416835598264317142873596367591248836129754721345689954687123,4
008009000900870000023100987000500000010000006009406850040002570000000619090005430,178259364964873125523164987286591743415387296739426851641932578352748619897615432,4
000000900000510270071024508400000107009061000015000682000040029000002360582609001,254378916893516274671924538468253197729861453315497682136745829947182365582639741,4
107064900420100070690000004900025480080090725070408690800317560000000000010080040,157864932423159876698273154961725483384691725275438691842317569739546218516982347,4
470000500000008097081050200059104076240000300167080009092000008000060900805091002,476219583523648197981357264359124876248976351167583429692435718714862935835791642,4
005400070070010082200806000090230850800005009302000004508000000704008120913620500,185492376476513982239876415697234851841765239352189764528341697764958123913627548,4
003489750800000496079062381200701009310000020006230000634000000090800000001020004,163489752825173496479562381248751639317694825956238147634915278792846513581327964,4
000124086001007050807500200408001900600240000003070002000905600096400008102060400,359124786241687359867593214428351967675249831913876542784915623596432178132768495,4
010302000700069815009705203308000029040050130251000004400820061080001402100000308,514382976732469815869715243378146529946258137251937684495823761683571492127694358,4
027090100305071000010045002050467000601900000700100000006700030530819076002530894,427698153365271489918345762253467918681952347749183625896724531534819276172536894,4
700030908500000000060705203005008020006070001389420065600040080004010007800057009,712634958593182476468795213175968324246573891389421765657349182924816537831257649,4
010309060006204170000000002040590203280043015030000090000008009001030800050900000,812379564396254178574186932647591283289643715135827496423718659961435827758962341,4
096030700000920040023000010030700001607050082500106390060008004078004200000000809,496831725851927643723465918934782561617359482582146397369278154178594236245613879,4
300500806090000430000040295206900743743802510051730602008090307670003150000000008,324519876895627431167348295286951743743862519951734682518496327679283154432175968,4
090507006605009007870000000068050090000680700007910620316470000082000300459006870,193547286625839417874261539268754193931682745547913628316478952782195364459326871,4
006000094409706580000304076100000765008270030790060028000609002860002050000000600,276518394439726581581394276142983765658271439793465128317659842864132957925847613,4
074180000001000050635200000506409001000067000002500000257910460000003097300702015,974185326821376954635294178586429731193867542742531689257918463418653297369742815,4
305018960087504200201793450000140000402905006059800024090420300000689000024351070,345218967987564213261793458638142795412975836759836124596427381173689542824351679,4
030005246000902800000000950203006010704089623000200000091620085802107000007308092,938715246475962831126843957283476519714589623569231478391624785852197364647358192,4
010050700020960500506020090007000450040780060050041007600004070000316005400502030,918453726324967518576128394867239451149785263253641987635894172792316845481572639,4
500000640702000030603000001825347100130029874900100000407002903000003006308090005,591238647742961538683475291825347169136529874974186352467852913259713486318694725,4
603700598027900030800130040180003007006000100090007080748209315000008009902001870,613742598427985631859136742184523967276894153395617284748269315561378429932451876,4
001000090407069003060507082700936000000080710084175009300700000000028900070000500,851243697427869153963517482715936824639482715284175369398751246546328971172694538,4
041000070000904060068170590305007801000009006070010903500290607800030010007005000,941568372753924168268173594395647821182359746476812953534291687829736415617485239,4
048007900000000007091500200902000030163000874457013000320050090879461050000902008,648327915235189467791546283982674531163295874457813629324758196879461352516932748,4
007800000092001600605000000006900002020000009100740050041000000900004200273015098,317869524492531687685427931756983142824156379139742856541298763968374215273615498,4
800300607000000024700000500000000362014265089002093005039170050100908070208536901,825314697963857124741629538597481362314265789682793415439172856156948273278536941,4
074005386000007502000610090052176009360900100801000607009064251610029000045701000,174295386986347512523618794452176839367982145891453627739864251618529473245731968,4
000400200400080600000000145006592481000007906090000520850700000632814009040000060,965431278417285693283679145376592481528147936194368527859726314632814759741953862,4
510760934004001056980054002803400520009010047001200600140092000000180000000000200,512768934734921856986354172863479521259816347471235689148592763627183495395647218,4
000008540400060000000490020287034000106972005300080274032106057750800100000057490,623718549419265738578493621287534916146972385395681274932146857754829163861357492,4
500004708020000590001500000900070000040060300306080901100000027000007035007002109,539624718624718593781539264912473856845961372376285941153896427298147635467352189,4
200600400094701360760000920000530100003008000050040000009403501005102030317090600,238659417594721368761384925982536174473918256156247893629473581845162739317895642,4
050081026000000005240095007109057060800900050405100070006809704970000000000004090,753481926691372845248695317139257468827946153465138279516829734974513682382764591,4
732000000015600003896050100060030400000710030103000508001073000300200007974086000,732148965415629783896357124267835491589714236143962578621473859358291647974586312,4
006540800005080964400300075800000600140605080060970100908024316000056097070193008,726549831315287964489361275897412653142635789563978142958724316231856497674193528,4
360040090007200065001000087004060028100089634080000000050106902009000000416000870,365748291847291365921653487594367128172589634683412759758136942239874516416925873,4
709000810026015700801097020030000500400300061102004083000950400000001050004032190,749263815326815749851497326938126574475389261162574983617958432293741658584632197,4
048000005000108000007600430900006050702030800850000376209310004405000093380000000,648273915593148267127659438934786152762531849851924376279315684415862793386497521,4
090020030500314800000009070008070000001400000040103080350006090109005000402080750,894627531576314829213859476638572914721498365945163287357246198189735642462981753,4
057060000094538670801009250032104065000000102008025000480350900100900006079000020,357261489294538671861749253732194865645873192918625734486352917123987546579416328,4
008102900060057400713009000401003658200000370370540002000000000130600200620001000,548132967962857431713469825491273658285916374376548192859324716137685249624791583,4
005790300093002750201030809580420160000576080000100500658000001000900430904250078,865794312493812756271635849589423167312576984746189523658347291127968435934251678,4
000610000193085026080237109002000805060870201001000070610900007329050000508000092,257619384193485726486237159732194865965873241841562973614928537329756418578341692,4
200050016090006302106420008070090030003040000000000709000380005009002060054900080,248753916795816342136429578572198634963247851481635729627384195819572463354961287,4
000700001105639000009840065001270000052300690087005004010083572003007080008006300,864752931175639248239841765691274853452318697387965124916483572523197486748526319,4
200010050705004008600080200890640510401850020506197300002000800357060100100400700,289716453715234698634589271893642517471853926526197384942371865357968142168425739,4
010003649009000000005896031000017053000400076050009024600932705921000300000080000,218573649369124587745896231496217853132458976857369124684932715921745368573681492,4
604900270083070001720010030047362100009547080062890703456189300070653004390024000,614938275983275461725416938847362159139547682562891743456189327271653894398724516,4
500000307038607021174530000009000074017005900800070000300720010005160003780000260,562891347938647521174532698659213874217485936843976152396728415425169783781354269,4
000300060002008904004500800000080001900200000006100520021065040040001705589407200,895342167362718954174596832257683491918254673436179528721865349643921785589437216,4
000065020607040003200070004478629001016034002000500000000086405340091200802050109,184365927657942813239178564478629351516834792923517648791286435345791286862453179,4
908200410020047000500000080005600020000000760090571034700060208400008093080002000,968253417123847956547196382375684129814329765296571834731965248452718693689432571,4
070300040100900800034080700097034010403058200500100374701000682046002901009500400,978325146165947823234681795697234518413758269582169374751493682346872951829516437,4
236109007470635080000204003049000302020301060560002841050900020690007008700000090,236189457471635289985274613149568372827341965563792841358916724692457138714823596,4
200610000540078100081032700300000050405080000809506401050360047700800013030207560,297615384543978126681432795316749852425183679879526431958361247762854913134297568,4
090003000510942000302100059200090300008005961031064720005009007470020010120078000,894653172517942638362187459256791384748235961931864725685319247479526813123478596,4
009076000001402800400500070004008000005743210003905460502080001897614523006250084,239876145751492836468531972924168357685743219173925468542387691897614523316259784,4
290380106000410000080605030060050091100020000800900005326008000547139020000064570,294387156635412789781695432462753891159826347873941265326578914547139628918264573,4
064081090030409801918300070006037020721000000380254716672043189845900000103076045,264781593537429861918365472456137928721698354389254716672543189845912637193876245,4
360002108000800370908076054701548962052093007806001000080007000000005020020000780,367452198245819376918376254731548962452693817896721435689237541174985623523164789,4
601945000042700500008010400063401009000800047087000000094100000320680004000000023,631945278942768531578213496263471859159826347487359162794132685325687914816594723,4
900010300000980600000006000104059000600040750080021400390470085000300040457198236,968514372235987614741236598174659823629843751583721469396472185812365947457198236,4
670000800035900412120008096000080000000463200000095003050840021000002504000307008,679124835835976412124538796347281659591463287268795143756849321983612574412357968,4
400217890070300054000508023000802069006000502020691000260080001009030200000004605,435217896872369154691548723147852369986473512523691487264785931759136248318924675,4
020000008040078560000020001500003104403100209010040600050009300206700095891630400,625491738149378562378526941582963174463157289917842653754289316236714895891635427,4
007200300000710005045608120001000080709000000000020000850006943093402000476039201,917245368268713495345698127531964782729581634684327519852176943193452876476839251,4
080030500903025700705980000000048320630201000002793000260010073300809200008362100,486137592913425768725986431197648325634251987852793614269514873341879256578362149,4
900806050106002000004000010002060087008000903070408002301620090060900300200300000,937816254156742839824539716492163587618275943573498162381627495765984321249351678,4
701008000204300700600020003000081090108640037090000102000060370800500906067900008,731458269284396751659127843375281694128649537496735182912864375843572916567913428,4
094000508000068403000000792900305184058000039013009270080140000000820301300500800,194732568275968413836451792962375184758214639413689275587143926649827351321596847,4
000065002000491730060203850000627405024009000600350900036508009950702603002030540,743865192285491736169273854398627415524189367617354928436518279951742683872936541,4
043800000700000040528009010000905006200641900090007105470108050000350700356000200,143826597769513842528479613817935426235641978694287135472168359981352764356794281,4
060050802300048570580721003000003058000085290095162400957810020048500000000290000,764359812312648579589721643426973158173485296895162437957816324248537961631294785,4
870510624046002053032460100760045012920781006081036079390600200054100000018320005,879513624146872953532469187763945812925781436481236579397658241254197368618324795,4
002004013380001009100509082608000000000017205520940000850092076030058021200100854,792684513385271649164539782618325497943817265527946138851492376436758921279163854,4
015930000203850000080260000006080157591672000300410629859006213002098400100503090,615937842243851976987264531426389157591672384378415629859746213732198465164523798,4
007103806900870230500090040070400010201560009000000000700300000160040082000200060,427153896916874235538692147375429618241568379689731524792386451163945782854217963,4
716852349023700000000601027091560030000900416007010000065307284000000903089405601,716852349523749168948631527491568732852973416637214895165397284274186953389425671,4
085000029040000003300500600200001467008700392479002000831249076794610208000870941,185436729946127853327598614253981467618754392479362185831249576794615238562873941,4
970050284530000016102000305800390040400020051061004003025007408000000000700400030,976153284534278916182649375857391642493726851261584793325917468649835127718462539,4
072960400035070600906504002000106200040000506601430980000020100000000705064009020,872963451435271698916584372798156234243897516651432987387625149129348765564719823,4
900021000002300805300475000600034091100090000200508307020100008530000070800700052,965821743472369815318475629687234591153697284249518367724156938531982476896743152,4
203000080000030600060070020006002000402050136050003000580029370039045008007000504,243916785875234619961578423316492857492857136758163942584629371139745268627381594,4
078030015500078603000054872405001068000045301002300007650407089010062704000890006,278936415541278693396154872435721968987645321162389547653417289819562734724893156,4
235000004000500008000000100000107802000800000100000930598700020701360000304982000,235618794917534268846279153653197842479823615182456937598741326721365489364982571,4
040200080000907000009000704402003175300052800000000002960020000238476019504309628,743265981815947263629831754482693175397152846156784392961528437238476519574319628,4
018300900007065102000010005000603009020040080003020406000000690001798500809030701,518372964497865132632914875745683219126549387983127456374251698261798543859436721,4
003000900406000050200085000004206135600000009000400678045062397967013004000907561,853674912476129853219385746784296135631758429592431678145862397967513284328947561,4
048260107000000500000400082004002050300004910709003020400300260800540300006709840,948265137261837594573491682614982753325674918789153426457318269892546371136729845,4
000705000294306071000910400000030600873600240500400080032160000006573004045090000,618745392294386571357912468429837615873651249561429783932164857186573924745298136,4
410380509000041837800500001700002100000600400000918370006195780100003050579860010,417386529965241837832579641793452168281637495654918372326195784148723956579864213,4
040028000000047050107500200006000090000019800809030070500900408000000507702000001,645328719928147653137596284416785392273619845859234176561972438394861527782453961,4
003900017000700020700041380400629000006005270302417069030006700091070650674000801,523968417148753926769241385457629138916385274382417569835196742291874653674532891,4
700008195080001230000200040001300000430086000050020000340050006172960053500013070,724638195685491237913275648261347589439586721857129364348752916172964853596813472,4
501029006092640005060301900200504139400093002010000050000010893980000001020000000,531829476892647315764351928278564139456193782319278654645712893987435261123986547,4
000008120080004590000070086207000009401009600398006710000890200500062070820100065,746958123182634597935271486267413859451789632398526714673895241514362978829147365,4
020050801008000700010080053700408000105003000040010376200000690903000145070049000,429357861358196724617284953736428519195763482842915376284531697963872145571649238,4
400060538360825174158347900600070405200008000070600090700010859006000021000000740,427169538369825174158347962631972485295438617874651293743216859586794321912583746,4
620509084543068090080007005750004030290030050008090400030070006000003008470900020,627519384543268197189347265751824639294736851368195472835472916912653748476981523,4
407082050208500060063149270009020510000790320300410000002060000984050000051800002,497682153218573469563149278879326514145798326326415987732961845984257631651834792,4
003050800092000000087204309008400030309005001010800006021046003930007040704102060,163759824492318657587264319678491235349625781215873496821946573936587142754132968,4
070100000842037015900280370006300902087502003000600000100829750000010200000700091,375164829842937615961285374516378942487592163293641587134829756759416238628753491,4
139080000254600000700500000070000000965000328018052000020090810000200609093004200,139487562254619783786523941472836195965741328318952476627395814541278639893164257,4
000300790043009050897020603009030870700200100086004000960050417000962005008000026,521346798643789251897521643419635872735298164286174539962853417174962385358417926,4
050036200830012000096508300080405103603000005010309070105804030309007800000653000,751936248834712569296548317987465123643271985512389476175894632369127854428653791,4
000000674400020050000000390001560047602000900300402000050246001000915060164730000,289351674437629158516874392891563247642187935375492816953246781728915463164738529,4
600300000000709002007208000000002830018405009300680004900500740506074001070023060,629351487843769152157248396764192835218435679395687214982516743536874921471923568,4
700000059830709601010204007300006000079000503158000000463007905087490062200605004,726318459834759621915264837342576198679182543158943276463827915587491362291635784,4
087000013000000907593070060000036501030000004609000378300080706904367000000014030,287695413461823957593471862748936521132758694659142378315289746924367185876514239,4
809650073600047058150008000000000200002780005070900604080436009006200800200810006,849652173623147958157398462418563297962784315375921684781436529536279841294815736,4
296000403351604000070000600020800090034000186800000750900306507605002009000950200,296587413351624978478193625127865394534279186869431752982316547615742839743958261,4
008362000060090050091080630602000005035000760089570000020050083050608290010030506,548362971263197458791485632672943815435821769189576324926754183354618297817239546,4
630080000098067003700200906000000018001070602003096054086700209000000000300005400,634981527298567143715243986967452318451378692823196754586714239142639875379825461,4
050007200070013806138056000240009030900000004307002080790300001063005092001690300,659847213472913856138256749246589137985731624317462985794328561863175492521694378,4
730210090080030704650709030400020009090000500810060000000003420007052980008000000,734218695982536714651749832473825169296371548815964273569183427347652981128497356,4
076090310800100702030020809500006403003001900962005070059340600300058200628010030,276894315895163742134527869517986423483271956962435178759342681341658297628719534,4
009743002250006034000102069020300007036007090197804305010490276068200900900601000,689743152251986734743152869524319687836527491197864325315498276468275913972631548,4
600040000107200048039018206040000700020030010760480529510820600078000050000170082,682743195157296348439518276841952763925637814763481529514829637278364951396175482,4
057009300120463000400807192710000060000090270908002000004086003005020900081005620,857219346129463758436857192712534869543698271968172435294786513675321984381945627,4
820000540001740082940200007009020700010007800768010095004050008002104600096002051,827631549651749382943285167439528716215967834768413295174356928582194673396872451,4
000070000706240030401500208003000020004057380070009400050062000107030590000000003,925873146786241935431596278593184627214657389678329451359762814167438592842915763,4
030000061000900200780361954004700090160089403005000607000005100000100346200430579,539824761641957238782361954324716895167589423895243617473695182958172346216438579,4
010002830950013207300500000097305082000000063040820709000000924700230008009008000,416972835958613247372584691197365482285497163643821759831756924764239518529148376,4
010007000607500980500060000700000054304000001109000000900010870085090200001058400,812947536647531982593862147768129354324685791159473628936214875485796213271358469,4
007000000080907640400002300508600002392800400006000080600004020710028004824006007,937465218281937645465182379578643192392871456146259783653794821719328564824516937,4
370080961000006234000000057100000685638012049700860000297400510500627498000000072,374285961851796234962143857129374685638512749745869123297438516513627498486951372,4
009485370007010098080007002000901860090050017700000035906040503005700040400008700,269485371547213698183697452352971864698354217714826935976142583825739146431568729,4
040030007009240163000900002800000600015006309006080074082004030037002006451300008,248631597579248163163957842824793615715426389396185274682574931937812456451369728,4
050104070701030004004907000400800136170003540000015000900546783547300600086020000,259164378761238954834957261495872136178693542623415897912546783547381629386729415,4
803009406005800107100756000080402030001000700000090008008921070900300810000507904,873219456695843127124756389589472631241638795736195248468921573957364812312587964,4
000900000008060137000000952070000061006341570105700320300000200804200703020108600,752913846498562137631487952973825461286341579145796328319674285864259713527138694,4
000001480070400001060080000010600700090050840802000000305806007700935064906007350,539721486278469531164583972413698725697152843852374619325846197781935264946217358,4
640309051590000002178052903807265409000030060065791030006900004000406005004027000,642379851593148672178652943837265419921834567465791238256913784719486325384527196,4
076000009304900000028040106040180003030609000000007010700300200490206705800574091,176823549354961827928745136647182953231659478589437612715398264493216785862574391,4
400079600069000217500062009910000006000058001003000700030900000000000970097046080,421379658369485217578162439915734826742658391683291745834917562156823974297546183,4
209504003075803042300000805800000076050000000062087000006439007000020630700600409,289514763675893142341276895813945276457362918962187354126439587594728631738651429,4
300918007851672900270050810006029000905000000027004003700200060600090405042106009,364918257851672934279453816436529781985731642127864593793245168618397425542186379,4
009210047007590010300008259700082000005000000438000072103605720600831094854020100,569213847287594316341768259716482935925376481438159672193645728672831594854927163,4
630500000050971083089003005070002400200050070000100500063019002004006100190000060,631528947452971683789643215975862431216354879348197526863419752524736198197285364,4
130400285740950006006000900010506790000200000500009608065031000021790000380020100,139467285748952316256183974813546792694278531572319648965831427421795863387624159,4
003500700100748365750060200900630802000020900072805140280100009007900521001204080,643512798129748365758369214914637852865421937372895146286153479437986521591274683,4
040051003079060510000972460008030601050000000000145800005310784004000196100000035,642851973879463512513972468498237651251689347367145829925316784734528196186794235,4
910000007087020003352007410240000070000000830060000200604013790579200001100500002,916384527487125963352967418245638179791452836863791254624813795579246381138579642,4
360500080000603975000012600006400000090268010250000864030004250040050000500026431,364597182128643975975812643816475329493268517257139864731984256642351798589726431,4
000960003200000000063702100084001005020506087005000260000005049892407000040600000,718964523259183674463752198684271935321596487975348261136825749892417356547639812,4
190540278460700501005018006609203710701000300030105000310807090000001807007402153,193546278468729531275318946659283714721694385834175629316857492542931867987462153,4
306980215070005060028000003907028000652400830830009020060050080095803000001000004,346987215179235468528146793917328546652471839834569127263754981495813672781692354,4
062000010050720009400900280705300800006000004240090300003009007070600008029057030,962485713851723649437961285795314862316278954248596371683149527574632198129857436,4
027906400090040800005708009200590380000002906900800021000089730300000600040305000,827956413693241875415738269261594387538172946974863521152689734389417652746325198,4
208463500500120430003000801009080000056009200000074010080030150300005640000001703,218463579597128436463957821149582367756319284832674915984736152371295648625841793,4
000800007004900680000605040160403870398052160040008090000080010006347009020016430,631824957574931682289675341162493875398752164745168293453289716816347529927516438,4
600000320900630400032047069000420035540896700290700040020065180308004000000070000,674589321915632478832147569786421935543896712291753846427965183358214697169378254,4
602904783300200605000060910005090431946032070700000090503000164007000850098500007,612954783379218645854763912285697431946132578731485296523879164467321859198546327,4
000309004194800250000000086000730040206500000480000500000400030000010005000952400,658329174194867253732145986915736842276584391483291567521478639849613725367952418,4
003500000024001030000004069030180000000005240050049100306070591071900320095403600,763598412924761835518324769432187956189635247657249183346872591871956324295413678,4
050406720360000901020059460002785090500002070030000080493000010600241839018000605,951436728364827951827159463142785396586392174739614582493568217675241839218973645,4
300200501821050000504100000080647059090000004006925378907030400032000015650400930,379286541821754693564193827283647159795318264146925378917532486432869715658471932,4
910006750670105020520003600090000300067000004000870200086420035000500002000961008,914286753673145829528793641291654387867312594435879216186427935749538162352961478,4
004000082257000491090040000000036900430510007600900503000167000002300070370000100,164795382257683491893241765725436918439518627681972543548167239912354876376829154,4
800209516006800900000000847000400102100056390008920000000060039070300654603042000,847239516516874923932615847759483162124756398368921475485167239271398654693542781,4
018900005000000000026705004030208047800000300400030050073010008200093000000400013,318946725754321689926785134135268947892574361467139852573612498241893576689457213,4
100069047030000090049070006504600103300000072000231054471900000003710009900340700,152869347637524891849173526524697183316458972798231654471986235283715469965342718,4
000007060400063800000000507000004001109208004300000720200000105010302000603080902,581947263427563819936821547862754391179238654354619728298476135715392486643185972,4
306700000470005020095004300907108203500070000804050009743020500200400000689530040,326789415478315926195264387967148253512973864834652179743826591251497638689531742,4
000003590600800000009070600904120753302547080007000206293008060801054032000030800,748263591625891374139475628984126753362547189517389246293718465871654932456932817,4
200710300073408560081390000000000700100050690020000008009030800032001040056040003,264715389973428561581396274398264715147853692625179438419632857732581946856947123,4
000009076900006501050004892090083754367400018045702063003050607009007085000008009,138529476924876531756134892291683754367495218845712963483951627619247385572368149,4
039680750602005380500000002700023910001407000800096040207008400006001030080000000,139682754642715389578934162754823916961457823823196547217368495496571238385249671,4
800073190000006340306900705609000418070600020020030009080395060500700904003160807,852473196917586342346912785639257418178649523425831679784395261561728934293164857,4
300600028000930040000070530043526800900300400800410050630041200080090000752860000,397654128518932746264178539143526897925387461876419352639741285481295673752863914,4
109400260040592370370068500000009000200000000091307005006035000700010039920004150,159473268648592371372168594534629817267851943891347625416935782785216439923784156,4
001090206000000058800001300700412509090003700100009082000700020007000010386005007,541398276639247158872561394768412539294853761153679482915784623427936815386125947,4
028900030900040027674208950086301500000000200050469000042053000100080040065190000,528917436931546827674238951786321594419875263253469178842753619197682345365194782,4
520091000600083175830765409206359040409102006050806000045627080002530604308914057,527491863694283175831765429216359748489172536753846912945627381172538694368914257,4
001403907800921463009807200004000030208670194050309000003200000410098000002030009,621453987875921463349867251964182735238675194157349826793216548416598372582734619,4
070010600000057001060294057682573009004020500507941000210089005009062100000030002,975318624423657891861294357682573419194826573537941286216489735359762148748135962,4
008300000400058007000210006207430090010090600903007410700000040000700009000923000,658379124421658937379214856267431598514892673983567412792186345136745289845923761,4
709054200020010900100092470004009010003047008091008007007405829000000063080000054,769354281428716935135892476874639512253147698691528347317465829542981763986273154,4
062008000450000002903004070009040607201096008045800020090182000324009700080073200,762938154458761932913524876839245617271396548645817329597182463324659781186473295,4
005001000016000307702068054400080000008400603001035008157800432900503000003000009,345971286816254397792368154439682715578419623621735948157896432964523871283147569,4
008001000940050301017006050132000005785000904690000200809704030403089007001500498,528391746946857321317426859132948675785632914694175283869714532453289167271563498,4
201000500680079042000000080004520008750000004008000265403000820800004900500768010,241683579685179342937452681364521798752896134198347265473915826816234957529768413,4
000000020600050900709240610006095000208607009000000006087000200000020004403970080,814769325632851947759243618176495832248637159395182476987514263561328794423976581,4
039750000200896047000000020058007002901480000704000501503060200800070000006504030,439752618215896347687341925358617492921485763764239581593168274842973156176524839,4
320068004800070900009200183000000090007009050008540000502137640000000030060480200,321968574845371962679254183456723891237819456918546327592137648184692735763485219,4
000906001000087500600002408000091060087264903000035200050023100001070030026040700,874956321213487596695312478532791864187264953469835217758623149941578632326149785,4
000304070081905204700800500500000093000507046090400000070032080130740050008000300,259314678681975234743826519564281793312597846897463125975632481136748952428159367,4
000040030030010005208050604723405080900000543004061002000938050000006009050070068,165842937437619825298753614723495186916287543584361792672938451841526379359174268,4
000096524079500108046201709001600203060000005300900670005000900000009007000468350,183796524279534168546281739491675283762813495358942671835127946624359817917468352,4
540082930390500700000090048005643009476005100020100000612430000000000300000800002,541782936398564721267391548185643279476925183923178654612437895854219367739856412,4
095300260380060000000705000000670005001008736064200091510000000970526043020000000,195384267387962514642715389839671425251498736764253891513849672978526143426137958,4
090020000623008000518790260004030001001800409259000380700050090006900700900607800,497326158623518947518794263864239571371865429259471386782153694146982735935647812,4
102000459789200301465001700070504208506002040240013570850039027600407000027056000,132678459789245361465391782973564218516782943248913576854139627691427835327856194,4
095400026804629500160000940030140059940007260500200010650030174023900685400700390,395471826874629531162583947236148759941357268587296413659832174723914685418765392,4
003450091000392600095680304560820413140060000000700005054076009900035046006048002,683457291471392658295681374567829413149563827832714965354276189928135746716948532,4
080000306306040500079020000007000045290037800100580270700600050958700000000053700,481975326326148597579326184837261945295437861164589273713692458958714632642853719,4
000034010931205406007600020000000243010060798270308000006050030180090060003006000,625734819931285476847619325568971243314562798279348651496857132182493567753126984,4
670080009010050230009200080450020003000400100008009050040508070080094005060302804,672183549814957236539246781457821963396475128128639457941568372283794615765312894,4
002300701100097050007400300000209500050100000000705803721083065000000030300604027,892356741134897652567421389478239516953168274216745893721983465649572138385614927,4
028013060503846070004702300900601030800935000006200810200000093005069028000020100,728513964593846271614792385942681537871935642356274819267158493135469728489327156,4
502407008016008407080000020100830000090076543007049010000001000400600700000294000,532417698916328457784965321145832976298176543367549812659781234421653789873294165,4
960001070000070000037000150300109420100027000700380090000700382008002904210948000,964851273521673849837294156385169427196427538742385691459716382678532914213948765,4
600701520005000970000950001400397160030008007067200839003170090780029310900800700,694781523815432976372956481428397165539618247167245839253174698786529314941863752,4
075348600020000804400006050000090200794205006002600039040060098800070000206000400,975348621623159874418726953361897245794235186582614739147562398839471562256983417,4
480050000300090028000037000000060290020310860108009000000120000030080500090045000,489652713357491628612837459743568291925314867168279345574123986231986574896745132,4
010586039250739084090200075104090560030007000070840300000400028720908400840020000,417586239256739184398214675184392567935167842672845391561473928723958416849621753,4
014020008500479010032000040300702001008500064147060003003090000800004600051200000,914326578586479312732851946365742891298513764147968253423695187879134625651287439,4
007500000000070450045930201500290007000003508009480612030600705726309004050020960,217564839893172456645938271581296347462713598379485612938641725726359184154827963,4
000001578084352190591060002100007200038620700002035000800200907329576800007810020,263491578784352196591768432156987243938624751472135689815243967329576814647819325,4
834062701000038049065010000009605000000107000752403006008201963093806017040300805,834962751127538649965714238419685372386127594752493186578241963293856417641379825,4
200403000710800040405006000120900037040000060056030402000040070604002190500007300,269473851713825649485196723128964537347251968956738412831549276674382195592617384,4
025000003000603000730150008040230000380405961560000040053860070070090800806340005,625784193918623754734159628149236587382475961567918342253861479471592836896347215,4
070090026300000900020017040180000030003700000207038109750104093400076000009350004,871493526364825917925617348186249735593761482247538169752184693438976251619352874,4
009000236000036050600207804065001970017369405000070060091008340000090580082003000,179584236248936751653217894365421978817369425924875163791658342436192587582743619,4
604700080200050009003900000709200000000304050300080017507000000008090705012007608,694723581271458369853961274749215836186374952325689417567842193438196725912537648,4
680543100900710300003008000025000703000001940000400006096300050000164009341050000,687543192954712368213698574425986713768231945139475286896327451572164839341859627,4
800000500075102000300400020048006170200370600760004290080700000000040002600000754,824963517975182436316457829548296173291378645763514298482735961157649382639821754,4
210649873004010000008305900080002730500400006000500480040000000106734000000080100,215649873934817652768325941489162735573498216621573489842951367196734528357286194,4
901026803000970000020008000006052390000109046009600580000000004040360050503090708,951426873684973125327518469416852397875139246239647581192785634748361952563294718,4
300905604002061700960000000074609008090003060608502107009108006400206000120007000,317985624842361759965724813274619538591873462638542197759138246483256971126497385,4
400070201060000500170005003607014000815000426094562817536007000082006054740058002,453679281268341579179285643627814935815793426394562817536427198982136754741958362,4
200000015108000709350140006003000042010405097405392000500000200000704001721000000,296837415148256739357149826983671542612485397475392168564918273839724651721563984,4
900200050000000089080000702809354216062870094510000807020048000005002600008560000,947286153256713489183495762879354216362871594514629837621948375795132648438567921,4
000401090090000046045000200000806007050004009000029405060000900001900074070045300,782461593193582746645793281439856127256174839817329465364217958521938674978645312,4
010000000280067400700004028058290607002370000670405010007610080860700193921000700,413528976285967431796134528358291647142376859679485312537619284864752193921843765,4
004072010062305007075019200210804670580006120740921008027540060600003702000267000,934672815162385497875419236213854679589736124746921358327548961658193742491267583,4
060079142040608000000000080730462059400090023000003400915307268080120090270906500,863579142142638975597214386731462859458791623629853417915347268386125794274986531,4
600375000234006807050824001003000000920500008415060070046030789178400006000087040,681375492234916857759824361863791524927543618415268973546132789178459236392687145,4
008706000207080690006243587540100000000900340002400001070624800600800003004005006,458796132237581694916243587549137268781962345362458971173624859625879413894315726,4
090270406006803000000900037804001025000002301021509000200090003900008050000350069,398275416476813592512946837834761925659482371721539648245697183963128754187354269,4
060120807007003012020470096590004000600910205718000000080059700003080901070040008,469125837857693412321478596592864173634917285718532649186359724243786951975241368,4
403507010700006803026389547017030000548201306039600170301000750000003400004000000,483527619795416823126389547617935284548271396239648175361894752972153468854762931,4
904205030002000006000003129091702860603950270270080091000008450120000903048320617,964215738312897546857643129491732865683951274275486391739168452126574983548329617,4
205000000713009056009006007937504162000090040004312005100470600070961520496000001,265743819713829456849156237937584162521697348684312975152478693378961524496235781,4
097400060650000204000005079130007000080310090709500002000000928940000607026079400,297483561653791284814265379135927846482316795769548132371654928948132657526879413,4
004700809000892640008614507400000086781000953000000004006420005003905062050060098,614753829375892641928614537432579186781246953569138274896427315143985762257361498,4
029701030500000420003008007730095000602004305005206000007009064304000790006000200,429751836578963421163428957731895642692174385845236179217389564354612798986547213,4
300070100000930000527064000700400652000000900000850003193002004285700000004503298,349278165861935427527164839738491652456327981912856743193682574285749316674513298,4
760002134001004026002617009080001070020003580000200063910370045200085607000000018,765892134891534726342617859683951472429763581157248963918376245234185697576429318,4
780004530000080000560003000000000040045108002000026000079045001000000007350002060,782614539193587426564293718216759843945138672837426195679345281428961357351872964,4
300000810004000935070000064007140000060005040400076528530498000700060009000703400,329654817684217935175839264857142693263985741491376528536498172742561389918723456,4
006005900070000506385076120690080000453060008000400607900500060708690005560038000,146825973279143586385976124697382451453761298812459637934517862728694315561238749,4
500703100370000090000040000004005002000900005600000040700001009059082070080379004,548793126372516498961248537894135762237964815615827943723451689459682371186379254,4
005090006602300010030080005096500701724008093153020680009000800210050060000002159,485791236672345918931286475896534721724618593153927684569173842218459367347862159,4
000009004017205089300000051000002016830796425762400008173564002980003040205978163,528319674617245389394687251459832716831796425762451938173564892986123547245978163,4
000000900073000020800040070090030007007020561410706239000892040040500300020000005,164273958973658124852941673296135487387429561415786239531892746648517392729364815,4
010907085649200001857400020000000000082100050000040107300080016106520000590003000,213967485649258731857431629761395842482176953935842167324789516176524398598613274,4
080345900050009080900082004017030059004900008000700430100060700300090001000501090,682345917451679283973182564817234659234956178596718432129863745365497821748521396,4
038740200409020060000105800001083000000002581000571300003004050815030000602000010,138746295459328167267195834521483976374962581986571342793214658815637429642859713,4
004715083001283000003000050217538009050040000030900000392056007085020300106070005,924715683561283974873694251217538469659142738438967512392856147785421396146379825,4
854002000360000000009040370006920710700501000901087650610008000000200001290000467,854732196367819245129645378586924713732561984941387652613478529475296831298153467,4
109000006400900020208010400073420000800700514904860207305000078002008000001004050,159243786437986125268517493573421869826739514914865237345192678792658341681374952,4
500000800006502031320608057003286705200730609070059003860090170700004328104020006,517943862486572931329618457943286715258731649671459283862395174795164328134827596,4
020000008605007020790000060200910000060400080800060003000200000070584132500100900,321645798645897321798321564234918675167453289859762413413279856976584132582136947,4
490002803003400629000030004040061080169800037080970006054190068806200001910000040,491652873573418629628739154742361985169825437385974216254193768836247591917586342,4
705003004040070000000085017230010700001054003570000060080000106050030402000260358,715693284648172539923485617239816745861754923574329861382547196156938472497261358,4
704060508060001007100870040000080001001702495300000070003058004506107003008020750,794263518865491237132875649257984361681732495349516872973658124526147983418329756,4
003000100071080900590014008036521400000830260009060000100640892320195740060200500,483956127671382954592714638836521479745839261219467385157643892328195746964278513,4
020000016603912000050863020000040107000071000001200005300500092084000053500030001,829754316643912578157863924298645137465371289731298645316587492984126753572439861,4
020301006000600520609002080903000010000010409070948352354820000700100200200036800,825371946417689523639452187943265718582713469176948352354827691768194235291536874,4
200003000830400075410200006072004168100908000000620700001000090090005302043000600,257863941836419275419257836972534168165978423384621759721386594698745312543192687,4
020056008000004000895700006040090200010425069059080014400000023902070000030248690,124956738376814952895732146648391275713425869259687314487169523962573481531248697,4
300708206000146053090005018050000001070980562800350009040010095530020180109500000,315798246728146953694235718952674831473981562861352479247813695536429187189567324,4
510068094083900600960750000000600109030090000000001860600109050351406008200080010,512368794783914625964752381827645139136897542495231867648179253351426978279583416,4
078010092269000810103209040000395020600470001904000058000950160046801000300000080,478516392269743815153289647817395426625478931934162758782954163546831279391627584,4
680057003000000100590301062207400809008790200000028076070000620006030507415670008,681257493732964185594381762267413859358796214149528376973845621826139547415672938,4
800000003027084006049300800100000038000008049000090010000965700750002960960807020,815629473327584196649371852194756238573218649286493517432965781758132964961847325,4
560900401200604530109008000021843900007105642050720008310007000700060004090201003,563972481278614539149538267621843975837195642954726318312457896785369124496281753,4
608490000000000007009130000406070950097054000300910760570300180060040509000080073,638497215241865397759132648486273951197654832325918764574329186863741529912586473,4
600001007020000500300060029000806273000070900070340168002400780407008000000200054,698521437724983516351764829145896273836172945279345168562439781417658392983217654,4
048090003003504060751003940537006180010705000296010005000050230060000007080000010,648197523923584761751263948537926184814735692296418375479851236162349857385672419,4
000190400700050200504206007000601800370000002000709054236015740007360520140002090,623197485798453216514286937452631879379548162861729354236915748987364521145872693,4
005001040000930800030050021700300960000006500600020038027600000308005090090480000,875261349261934857439857621752318964983746512614529738127693485348175296596482173,4
000800300000030065060751028020507080040103679700080002300008500006305047000009006,597862314218934765463751928621597483845123679739486152372648591986315247154279836,4
705024080200100340000805000650092000820760090010300060009007658100000200000000014,735924186298176345461835729653492871824761593917358462349217658186549237572683914,4
005070008100306074046182050200005000600290500000003901901800000860001090400009083,325974618198356274746182359239715846614298537587643921951837462863421795472569183,4
036801790008009063090002001601083057000507126907206004002000018070020009140060270,436851792218749563795632481621483957384597126957216834562974318873125649149368275,4
260483970354007128007512060610009500500008310040105000005000031006700050100250700,261483975354967128987512463612349587579628314843175296725894631496731852138256749,4
001050230035974186680200007020100003000426001160530024350041092000362405000005368,741658239235974186689213547524189673973426851168537924356841792897362415412795368,4
052000004000830109100000000000100005030000002049007081017408006803510207420760900,352971864674835129198246573786192435531684792249357681917428356863519247425763918,4
920380050856719020001206078000002783030005019002070060000001047000428190000007030,927384651856719324341256978695142783734865219182973465269531847573428196418697532,4
300000090000705300561903400080001702276004030000200000700839200010052070802617904,327148695948765321561923487485391762276584139193276548754839216619452873832617954,4
080001000347000090000037850000000360273090005008000079715063900000059706609008500,586941237347582691192637854951874362273196485468325179715463928834259716629718543,4
000640152251830600600215087305700000080504700060000008000100830876050200500920076,738649152251837649694215387325781964189564723467392518942176835876453291513928476,4
803020650200300040004080030720014893000200470080007006600000300007060002538042769,813429657276351948954786231725614893361298475489537126692875314147963582538142769,4
705206003020570000360000050006098074000020010072350080208931007910760400050480001,795216843824573196361849752536198274489627315172354689248931567913765428657482931,4
907008630600000009000090005006030204043000000090470103000360507560009342000080906,927548631685123479431697825756831294143952768892476153219364587568719342374285916,4
007040013000300000093608057952106304040900006071480000009000700024735900760090030,287549613516327849493618257952176384348952176671483592139864725824735961765291438,4
400900001189405000650030000520004009004892070970050240003000007806200900705006820,437928561189465732652731498521674389364892175978153246243589617816247953795316824,4
005704801400008095008000067390050200500301900070900503700093602050076000619200030,965734821427618395138529467391857246542361978876942513784193652253476189619285734,4
728010094149070030300090008501900800090005040002130900600300500283659000000000062,728513694149876235356492718531947826897265143462138957674321589283659471915784362,4
001000060853002049769040000602009300010500200305020001000008602526004007008260034,241895763853672149769341825672419358914583276385726491437958612526134987198267534,4
005009700200070000700060013500084301070500060009607005003700240000400138140320090,635149782291873654784265913562984371378512469419637825853791246927456138146328597,4
000000000080600000000102038305490060620005489000200500500720940000054310410900805,143587692782639154956142738375498261621375489894216573538721946269854317417963825,4
926810340405603820003429516000382070200504003038190400000040000060030200342051008,926815347415673829783429516694382175271564983538197462859246731167938254342751698,4
080300400640879530903240000308000070526007904794020000009010000100902840432700100,285361497641879532973245618318694275526137984794528361859413726167952843432786159,4
603009705000050030009407060008905070020108000960000000300001600890603001006000390,683219745471856239259437168138925476724168953965374812342591687897643521516782394,4
014002008008605030065031902006200400000063875070000216000000020027050300400000650,314972568298645137765831942156287493942163875873594216589316724627459381431728659,4
540000201000007060010034907003701520000090670076020000700000310064050080300076095,547689231239517864618234957493761528152498673876325149785942316964153782321876495,4
570406000000590801900000000209000706013200485640380900000901000802605100000023600,578416329436592871921738564289154736713269485645387912367941258892675143154823697,4
039061524005070610016540070002630800648100030300428060003006000060700092200004080,739861524425973618816542973572639841648157239391428765983216457164785392257394186,4
670530210103780950090406037032005001450060308860003042510020400320050709000304125,678539214143782956295416837932845671457261398861973542519627483324158769786394125,4
080764020000200690200005004000140065005020940000079000670002008490030106058416000,983764521547281693216395784729143865135628947864579312671952438492837156358416279,4
050039780319870000007504309000000890901607250200050104024095608705000041090400502,452139786319876425867524319536241897941687253278953164124795638785362941693418572,4
080006007400300065000002304000000040738200500009073020504097032020000058060000079,385946217472318965691752384256189743738264591149573826514897632927631458863425179,4
000940030032107000890500000900000600054000070006200059000300790109050080078009020,561942837432187965897563214913875642254691378786234159645328791129756483378419526,4
003006002092300800086009005050003008200500040830692517000900106900000304305070009,543816792792354861186729435657143928219587643834692517428935176971268354365471289,4
706005040005600000001004070000401950034050067050000100060890001583107000012500080,796315248845672319321984675678431952134259867259768134467893521583127496912546783,4
041000600803020009027500001000010090435070810000008002000007208000000050500430900,941783625853126479627594381268315794435279816179648532316957248794862153582431967,4
085100037200930000304750100703215806002470910006380700538007001000501370020803060,985162437271934685364758129793215846852476913416389752538647291649521378127893564,4
002300087080007203763800001006700014905000000070000305028000100041938000007502460,452391687189657243763824591236785914915243876874169325528476139641938752397512468,4
079040052300000107258179040000030008500700000032504001016423785000617039703005004,179346852364258197258179346647931528591782463832564971916423785485617239723895614,4
000000629009500800040006070900060357680005090057001400100400905508623710476009208,815347629769512843243986571921864357684735192357291486132478965598623714476159238,4
297650310603200790100900006079060850000005002500340000005807130030000500000530009,297654318643281795158973426479162853381795642526348971965827134832419567714536289,4
000782500026050004000060209001600400630840921080001705002518007015200000060030002,493782516126953874578164239251679483637845921984321765342518697715296348869437152,4
050800012106423859920051000200010040000002103081007000597086400000070290612930578,354869712176423859928751364235618947769542183481397625597286431843175296612934578,4
024100000000205630000094000060018050079000002050070906040731260000006003000020405,324167598917285634685394721462918357879653142153472986548731269291546873736829415,4
000500300060978100871203000310407090006020000050601000135000080200000900004000017,429516378563978124871243569318457692746329851952681743135792486287164935694835217,4
060803205082950730000102908130000890890431000520689000750364129209007000000008000,961873245482956731375142968134725896896431572527689314758364129249517683613298457,4
305604107001058934084300060040130506632000800509806403403500008170903650006080340,325694187761258934984317265847139526632475891519826473493562718178943652256781349,4
008003004302000980050900003800030700000802096600001048001400002407298000086300400,918723654362154987754986213845639721173842596629571348591467832437298165286315479,4
020870006851600007060050980086305000230410800045087002002008640390160008000034009,429873516851649237763251984986325471237416895145987362512798643394162758678534129,4
607009010905760284400250097070096402200500076000327958000000000001970003050000049,627849315915763284483251697578196432239584176164327958796435821841972563352618749,4
600070128010003590079000040204090710100005080795841302008030050007014806000008409,643579128812463597579182643284396715136725984795841362468937251957214836321658479,4
000000173700301506630000820006100087350790241170000600020017905419650732067030400,985264173742381596631579824296145387358796241174823659823417965419658732567932418,4
017092000002573910350100070720405000000209580590018024436900750905007060000000090,617892345842573916359146278728465139164239587593718624436981752985327461271654893,4
008900134931068025405300809054012300089030207300090406000089672006000081800006040,268957134931468725475321869654712398189634257327895416543189672796243581812576943,4
081075000500900100090804075005031000004296800069000000000089360608347500050160740,481675932576923184392814675825731496134296857769458213247589361618347529953162748,4
509060000400300650000000302805004900310009000004000035700021006900600170040897000,539462817427318659168975342875234961316759284294186735783521496952643178641897523,4
030060842206000003090000060004500236000408050501030008800006010049207300000800600,137965842256184973498723561984571236362498157571632498825346719649217385713859624,4
700000204906204807820900100100005083000020040095803002380070056040000000067000020,713586294956214837824937165172495683638721549495863712389172456241659378567348921,4
093000005000080107200000060910038570050000090072000001030804712001790600020003040,193627485465389127287451369914238576358176294672945831539864712841792653726513948,4
017000003305000410200000007000200638170068294028300050002007800096002000700050029,417625983365789412289143567954271638173568294628394751532917846896432175741856329,4
180602050000080000023501040800000070370009600500708902001000230000005700206003000,187642359495387126623591847819256473372419685564738912751964238938125764246873591,4
198457320207910450000000010635089000000500831000000000006005140004800702700000685,198457326267913458543628917635189274972546831481372569826795143354861792719234685,4
032890150100200793060010240596140307070000981218039560659470830021900400000002619,732894156184256793965317248596148327473625981218739564659471832821963475347582619,4
001200850060000100004700006430006705002900060607540082040650070005094008906002000,371269854268435197594781326439826715852917463617543982143658279725194638986372541,4
702041806416700500300026070804100650000400200000650080603910748080000060907060020,752341896416789532398526471874192653569438217231657984623915748185274369947863125,4
000000410806007000301542080280400050700200000060070100030104000074059200050783601,527836419846917523391542786289461357713295864465378192638124975174659238952783641,4
006000005150073892700800401540100609309040078010280040000008300800020050000900007,986412735154673892732895461548137629329546178617289543295768314871324956463951287,4
630000000080006205090020067318700050900410070407030106000003504206040700003270000,632857941784196235591324867318769452965412378427538196179683524256941783843275619,4
860000010009500000024900050710030500000600000983210007000009205248053000500002483,865324719179586324324971856716438592452697138983215647631849275248753961597162483,4
980600030000002700052300001090000075000000016805120300049760100308249007006018940,987651432163482759452397681691834275234975816875126394549763128318249567726518943,4
300670400900435000270890050049580000000006000705019604130950700007000000000003100,358672491961435827274891356649587213813246975725319684132954768497168532586723149,4
159327086720000000380540279002908005813054900495172608960080002230700090500200000,159327486724896351386541279672938145813654927495172638967483512231765894548219763,4
002001403784609015501720080003090000020400060400200500070002350040005000050008790,692851473784639215531724986863597142925413867417286539178962354349175628256348791,4
000080064000970800023060700000000518004000090038507040080000030302000400407130680,759283164641975823823461759276394518514628397938517246185746932362859471497132685,4
400697000702005946906241870000004082840700039030060054067400205108500400024000008,483697521712835946956241873679354182845712639231968754367489215198523467524176398,4
000802537380450600506703000092370000038600000010200000204187005879534261153906874,941862537387451629526793418492378156738615942615249783264187395879534261153926874,4
500400072400007000070001900900805300000000400008006000009620035012000060035000004,581493672493267581276581943924875316167932458358146297749628135812354769635719824,4
004020001108050200500090048600002005870600410250000080006900024080003167027061009,794328651168754293532196748643812975879635412251479386316987524985243167427561839,4
000800710000245000000067000098052100524001678006078050107009004000724001049506307,462893715971245836835167429798652143524931678316478952157389264683724591249516387,4
046300010000000024500006007000060098609038502035400060350179006190050200407003050,946327815783915624521846937274561398619738542835492761352179486198654273467283159,4
009800046082504391306201758900002500870309600200050003013020060020186039608000100,159873246782564391346291758931642587875319624264758913413927865527186439698435172,4
691005400500048060480900007100800340009130008008000019004092000070513000900087100,691725483527348961483961527165879342249136758738254619314692875876513294952487136,4
005708003000100000890200000200070084004002901900006302509630140407819200010405000,145798623372164895896253417263971584754382961981546372529637148437819256618425739,4
083040009007100800650870001002006900500084702900000604061000095000000038025090007,183642579297135846654879321412756983536984712978213654861327495749561238325498167,4
391007540400035210802400003020060090900000005045900027000009000280050074579040100,391627548467835219852491763728564391936712485145983627614379852283156974579248136,4
563740100004608000000090000006100040450000800000000900000200080240035007871000025,563742198924618753718593264396187542457926831182354976635271489249835617871469325,4
005600300600003985000050046961002400748060103023041060090000004300000091007500030,285694317674213985139758246961372458748965123523841769892136574356427891417589632,4
195200000846107050070508090500381009002050861001629000700962000309875604600410970,195236748846197253273548196567381429932754861481629537714962385329875614658413972,4
060010004010869032298007100600701059000600000000325000100000400482906010036100020,367512984514869732298437165623741859751698243849325671175283496482956317936174528,4
002000080030060007100000560340019602020003010060500378050000800409036020000204109,692375481835461297174928563348719652527683914961542378253197846419836725786254139,4
000952806209006050050000002000290000098015260001000079900134008010020040080569017,147952836239876154856341792364297581798415263521683479975134628613728945482569317,4
080037049507814036006502000730050090058003102000000305060080000870400003429000050,281637549597814236346592781732156498658943172914278365163785924875429613429361857,4
460020090500010020001000080007006900000942708800000000002870000009300215050200876,463728591578619324921453687247186953135942768896537142612875439789364215354291876,4
091000523000108796763500000000902310049601208000374650900015030430807100000203000,891746523524138796763529481657982314349651278218374659976415832432897165185263947,4
700000000040200701002000059070820000050016900301700600820030067507000320463000090,798541236645293781132687459976824513254316978381759642829435167517968324463172895,4
638000502000000900000500070060950000052007109400100000780061390900040200024870001,638794512571628943249513876167952438852437169493186725785261394916345287324879651,4
030120459217090000050008702020009073700210005004053200800500390002070004300904020,638127459217495836459638712526849173783216945194753268841562397962371584375984621,4
200310070048075002005000610090020040000037000020090100000062300082700001403001006,269318574148675932735249618597126843814537269326894157971462385682753491453981726,4
308000002007040000450200000085030000924000160700029840640312050500087200072090030,318965472297843516456271389185436927924758163763129845649312758531687294872594631,4
459200100080000723037601095000700804000010007008056000001000500070105908305040671,459273186186594723237681495513729864964318257728456319841967532672135948395842671,4
600010450000864003000300800024006000500092148800040200009430025000000084456000001,638217459295864713147359862924186537563792148871543296789431625312675984456928371,4
050102706007000203000800005000306100000920007020040309070004031104705008502003974,458132796617459283293867415849376152365921847721548369976284531134795628582613974,4
005028030060470198140396000004800000000750300037001980459080203306512009012000607,795128436263475198148396725624839571981754362537261984459687213376512849812943657,4
006003007050006000800901052020000080609020005400100720300690001162705498008002000,296543817751286934834971652527364189619827345483159726345698271162735498978412563,4
700000003400631009100008000517360092009582100208000045000406001000013007031020000,786945213425631789193278564517364892349582176268197345872456931954813627631729458,4
610800040304000600050609100120060008463010009000000206008120067000080004030405801,617832945394751682852649173129567438463218759785394216948123567571986324236475891,4
000070150027500036805600700003007020754800000291000080069408200000900300100006800,936274158427581936815693742683147529754829613291365487369458271578912364142736895,4
006021780004000300172000604700008201003719006018060900900130027037005069000900000,396421785854697312172583694769358241423719856518264973985136427237845169641972538,4
040000003007005004058003290800061002020007300010054700084539000190080400503010000,241978653937625814658143297879361542425897361316254789784539126192786435563412978,4
000008070003062000908170420289541030041607800050000001800200700095704000020000005,412938576573462198968175423289541637341627859657893241836259714195784362724316985,4
090052100480090520070086003060000000700000630243005009020501090050038401030000205,396452178481793526572186943869314752715829634243675819628541397957238461134967285,4
900001206080970031500324000735200604000807000806000900120630009050090000300100000,973581246482976531561324798735219684249867153816453927128635479654798312397142865,4
430907005700145600020086700060750002000000071007294300053419067000000038072860004,436927815789145623125386749368751492294638571517294386853419267641572938972863154,4
758302914941057230200940057402090003500004180009503002825406091300005048004709305,758362914941857236236941857462198573573624189189573462825436791397215648614789325,4
240500000000438560000107040084095270000300008007002090000900785078006030009783400,243569817791438562865127349184695273926374158357812694632941785478256931519783426,4
162400003837000650000006012674000000090600071000005409080300000701904030329560040,162457983837219654945836712674193528598642371213785469486371295751924836329568147,4
900000374307594802060320590500010038009200056003465907795000003001053000008076005,952681374317594862864327591546719238179238456283465917795142683621853749438976125,4
080040090912006008400901000000000086064000120000603947090035000600004319843109002,385247691912356478476981235139472586764598123528613947291735864657824319843169752,4
003009400490820000020003008001006540000905071070402600007300064009004100064001000,813569427495827316726143958931786542642935871578412693157398264289674135364251789,4
000000026058090034000730598005900000407020800309070061693007000040560900071000600,934158726758692134216734598185946372467321859329875461693417285842563917571289643,4
547000000000900700020437501659348010810720640402601300204500030000200070706803052,547162983361985724928437561659348217813729645472651398284576139135294876796813452,4
146780009079000008230605074427000090800200000005470280002004857900057060754000003,146782539579341628238695174427518396891263745365479281612934857983157462754826913,4
000065003540209071370081050058907364003040089000053710600500100200070000090300620,812765493546239871379481256158927364723146589964853712637592148281674935495318627,4
400060580038000400100050032709030600020000700084007000000090040000001805010605200,492763581538129476176854932759432618321986754684517329265398147943271865817645293,4
304206057075030000100070302400000008001700200032000900740023000000004029020057640,384296157275831496169475382497312568851769234632548971746923815513684729928157643,4
900024000284001006000900004028397000370000968400006320042100870090040600803009010,935624781284731596716985234628397145371452968459816327542163879197248653863579412,4
500000002000027034300050806609002400000016009250900670900070200004000000025460900,546389712198627534372154896619732458487516329253948671961873245834295167725461983,4
518400079000900810020081004090005300104002056200100487950004768001006000070008103,518463279643927815729581634897645321134872956265139487952314768381796542476258193,4
042106000670203910031980000300800052000000070204000093009600008800097061010538249,942176385678253914531984627367819452195342876284765193459621738823497561716538249,4
060031920040600001000058000953060000000045630004000095000020510100386000007510080,568431927342697851719258463953862174271945638684173295836724519195386742427519386,4
000010704004370165007006000041000009600007500700103086400709300030000000279500010,563918724984372165127456893341865279698247531752193486416789352835621947279534618,4
000000701100080060003007000001230089980701002236900104800003200017520040000806017,428695731179382465563417928751234689984761352236958174845173296617529843392846517,4
600900700009073085750084069005200698900030500870006000508741006064000007090005013,681952734429673185753184269345217698916438572872596341538741926164329857297865413,4
710000895000709412004500763630000100295068300400203950040600201500310009060000530,713426895856739412924581763637945128295168374481273956349657281578312649162894537,4
008403090019200403730009080203140000040900130096000020357020908482391600000008340,628413597519287463734569281273146859845972136196835724357624918482391675961758342,4
000070301005000472904103800890000000603000000547002080000760908009238504460051007,286475391135689472974123856891546723623897145547312689352764918719238564468951237,4
504108000820900054306400080000040000100000030009003807001000500078305041035001008,594128376827936154316457982753842619182679435649513827261784593978365241435291768,4
006752800795038026000069004059040301400000085080015000070300012000000030300070050,146752893795438126832169574259847361417693285683215749574386912968521437321974658,4
400050918800020037590710460000090003030562090008004600080973000007600000009201080,472356918861429537593718462615897243734562891928134675286973154147685329359241786,4
900008145800000207001004096006003704490005000050000980000040079245300618710080400,973628145864951237521734896186293754497815362352467981638142579245379618719586423,4
701682000504009000000574130402800000608000300910700045295008061006050003007200090,731682954564139287829574136452813679678495312913726845295348761186957423347261598,4
001006250628030040940010003000000300500120804800000095030450002080001000000200487,371946258628537149945812763497685321563129874812374695736458912284791536159263487,4
700043520104509008006008900600400087870390200002006100000904870057000009900000402,798143526124569738536278941619425387875391264342786195261954873457832619983617452,4
000030210040500008300082000038020060029005003670803002503097400000108306080360700,857936214942571638316482597438729165129645873675813942563297481794158326281364759,4
080050040000000056007206000000600597008720000005394000000900004600000803810437060,286153749431879256597246318324681597968725431175394682753968124649512873812437965,4
050340007000001540014508239090100080006007950080005000009000820305480106860003400,258349617937621548614578239593164782426837951781295364149756823375482196862913475,4
600780900000093750000650408000000870700300290400020003934210567018070002200030080,653784921842193756179652438321569874786341295495827613934218567518976342267435189,4
052030600600000023907000100000912708008500000070080000805091376106357049000000010,452139687681745923937628154564912738318576492279483561845291376126357849793864215,4
249061085078900004005000070000090008050620040897104600004006090980200000023040000,249761385678935124135482976462397518351628749897154632514876293986213457723549861,4
010096750200003069609520030590082000000600980068904001006310400000860007000200006,813496752245173869679528134591782643724631985368954271956317428432869517187245396,4
049002000700005000008490372063020008891000200520080000106000703000000604204560901,349672815712835469658491372463127598891356247527984136186249753935718624274563981,4
208067134506100009014090600001700090927600400603049000102080067700000500040070300,298567134576134829314892675481753296927618453653249781132485967769321548845976312,4
000080000765010038000037009530008041070061000210040900003104097007059004400300080,349685172765912438182437569536298741974561823218743956853124697627859314491376285,4
135090428406300070890504310254930000008700005000000940000100054641200890070480160,135697428426318579897524316254931687918746235763852941382169754641275893579483162,4
920050400070200030000076009000030170031760500097000002800000053002043000013800004,926358417178294635354176829285439176431762598697581342849617253562943781713825964,4
406207900590830007372049065030900006160300400209000001900000000618592034020680109,486257913591836247372149865834971526167325498259468371945713682618592734723684159,4
800000907000150000130068504293541806671389240504000091050700002708095103010800009,865234917942157638137968524293541876671389245584672391359716482728495163416823759,4
000473050485029376030508002518602907674905001300700500001307020240000700750014000,126473859485129376937568142518642937674935281392781564861397425249856713753214698,4
407050010060700840500046009046090500812005004090060380030009002058200000079004000,487953216963721845521846739346198527812375964795462381134589672658217493279634158,4
004000006902000030060050902000006203090700401008030600009008005286070149175460008,534192876912687534867354912751846293693725481428931657349218765286573149175469328,4
004090610839600040100004000420007000013020450000400000041700003200003074078005160,754398612839612745162574938426957381913826457587431296641789523295163874378245169,4
003040905006200000908100006000010090590070002800000504000406703000031000000805109,213647985756289341948153276362514897594378612871962534185496723629731458437825169,4
013000295200090040080400070009000000040016000650030080090870500500103009801050734,413768295275391648986425371139587462748216953652934187394872516567143829821659734,4
070100060021063509400009000016700000058000241000000006002304690607258304100600805,975182463821463579463579182216745938758936241349821756582314697697258314134697825,4
695008010000000000000907002070630080000070629000805000032700900087050200010080040,695328714723541896841967532179632485358174629264895173432716958987453261516289347,4
720401356403208700195607040001020000000009000076000238800500000259804003030910480,728491356463258719195637842381726594542389671976145238814563927259874163637912485,4
020000680068000001401000790210050800580030049006007010002049000090800000870500930,729415683368792451451368792213954867587136249946287315132649578695873124874521936,4
800004000206070080000300706009800170060410092400500800610908000080200610002060058,857624931236179485194385726529836174368417592471592863613958247785243619942761358,4
003100000100080009509204003607500308050036027000000056000450001300809560000003074,423197685176385249589264713647521398851936427932748156768452931314879562295613874,4
070001200510904683063502917806003701020400805040800009000060092000025400000009036,978631254512974683463582917856293741329417865147856329734168592691325478285749136,4
004708501073050000000014027846070230702503080300000000460000010930006050201390600,624738591173259864589614327846971235712563489395482176467825913938146752251397648,4
040200001003060800070519000020040003308000400700801005030100920900004007000090600,649283571153467892872519346521946783368752419794831265436175928985624137217398654,4
970000800400906000000030094596000347040000256023004018107000035050301680000040172,975412863438956721612837594596128347841793256723564918167289435254371689389645172,4
705800000020500001631049580000900603000000000807360010080130006570600008003000052,745816329928573461631249587412958673356721894897364215289135746574692138163487952,4
047000961906070500108000004064900758009047036001086029093060805070019340802000000,547238961926174583138695274364921758289547136751386429493762815675819342812453697,4
700021580090000701500076920000109300006702005100004200308007019000815000617093850,764921583293548761581376924842159376936782145175634298358267419429815637617493852,4
190007030067800005040100067812000000076318000900702086700430052650209008000586791,195627834267843915348195267812964573576318429934752186789431652651279348423586791,4
080000046030200790040690005600083050008950020050000087500300800070800014000574362,985731246136245798742698135627483951418957623359126487564312879273869514891574362,4
080201040005004020020050308000070090298015763703600485802097030360008000400060050,987231546635784921124956378546873192298415763713629485852197634369548217471362859,4
250000300000290600006800500790540028040000700000000005320019850089000400010708030,258167394431295687976834512793546128145982763862371945327419856589623471614758239,4
014070962685190400790436100043600200060320001820900006036019020100003004259700010,314875962685192437792436185543681279967324851821957346436519728178263594259748613,4
000200700200500001400090800007400000905000040164927300700360090509040600640700200,351284769298576431476193852837415926925638147164927385782361594519842673643759218,4
170000000600040070952700160007020016000070400428610390005096700036080005200357008,174962583683541279952738164597423816361879452428615397845296731736184925219357648,4
015000047200000009000870210002587000090040725754901680020019000000060932080302471,815296347267134859349875216632587194198643725754921683423719568571468932986352471,4
000006041051000000000190235800923406049005300032070958900002580020050690083700124,298536741351247869476198235815923476749685312632471958964312587127854693583769124,4
000520300020040050000100009800007501590200003360001490000032608786010230000600000,179528346628943157435176829842397561591264783367851492954732618786419235213685974,4
003000675006300900259400000094032007310900060700000340800000000500001090001206703,483129675176385924259467138694532817318974562725618349862793451537841296941256783,4
104000203590400070000008040200987430009040000437200980643000800900000601705009304,184795263592436178376128549261987435859643712437251986643512897928374651715869324,4
000385097025407613000106048600010800050009000000260370000000080400651000019000050,164385297825497613793126548647513829352879164981264375536942781478651932219738456,4
900048700308075420004260030003600980006000341009007005490080603600723094037490002,921348756368175429574269138253614987786952341149837265492581673615723894837496512,4
206000000430002100918700000000095718094618003580320040009204000640000097820970001,256189374437562189918743652362495718794618523581327946179234865643851297825976431,4
000004300403006208876000001000050010600000080005809000018000004057200806964038020,521984367493176258876523941789452613642317589135869472218695734357241896964738125,4
020000090030907008000840100060020804005000600308700000050080006100360020000074000,821653497436917258579842163967125834215438679348796512753281946184369725692574381,4
674000001213407090009006703400003009100802005090000800031000064000010002542009000,674935281213487596859126743428573619167892435395641827731258964986714352542369178,4
030070009506381000007005000900002400000417002042893510050600000400700601008030295,834276159596381724217945368981562473365417982742893516153629847429758631678134295,4
047891003008040900100056800000007092901504670000960100510400029783009465090675301,647891253358742916129356847864137592931524678275968134516483729783219465492675381,4
640000095930007602000950040001700000060090080052064000000019004400600020000203179,648321795935487612127956348891732456364195287752864931273519864419678523586243179,4
003200500670050100540700062038027400025300000160540000080030940350870010204000008,893216574672453189541798362938627451425381697167549823786132945359874216214965738,4
050700803000000500300000960805041000000300056467009000743900010001400000520037004,156792843294863571378514962835641729912378456467259138743986215681425397529137684,4
702030581050012740006700930960000425401503069000690007020060174000070600007000003,792436581358912746146758932963187425471523869285694317829365174534271698617849253,4
050307006900400053320000470702040069009063780068790532090670340043005690600904005,854317926971426853326859471732548169519263784468791532195672348243185697687934215,4
700000014000300000010072000000000529302600000050040006035400107149000008207591640,723965814568314972914872365476183529392657481851249736635428197149736258287591643,4
506784102200050080700602000805039620000000000007000305001007500052300000008060003,596784132214953786783612954845139627329576841167248395431827569652391478978465213,4
000020379935070621007000080301240050042037106708001003053004017006000800879310064,684125379935478621127963485391246758542837196768591243253684917416759832879312564,4
100000059930008004000904200301069040040300000000005060018093500003072001070000903,124736859937528614865914237351269748642387195789145362218493576593672481476851923,4
475020060810309045090500028160200057000000012028407006054030080200006000600940000,475821369812369745396574128163298457749653812528417936954732681237186594681945273,4
130407000407200100890016475305800000061000038900673000000002001003000020214000600,136457982457289163892316475345821796761594238928673514589762341673145829214938657,4
000060502002005640700400000210546000800000105000010904304790200000000371000350400,481967532932185647756432819219546783843279165675813924364791258598624371127358496,4
300090060405100230000300070000031924041000603980400010534017800809243157710905046,328794561475168239196352478657831924241579683983426715534617892869243157712985346,4
000009037063074000701305020305007002072000341000030750004060000957020800036700000,428619537563274189791385426315847692872596341649132758184963275957421863236758914,4
000130792300002000200400000000003050906507030003081067092000010830700006645208003,584136792319872645267459381178623459926547138453981267792365814831794526645218973,4
015070600284000700003820000040107000700060000396005017000080063000602400060901005,915473682284516739673829541842197356751368924396245817529784163137652498468931275,4
000061075650907000000405900908036007010002560520710040070008000060050002000070491,492361875651987234837425916948536127713842569526719348174298653369154782285673491,4
378000059402009008590007000040001000000208005800460027003900806684000090950010300,378624159462159738591387264249571683736298415815463927123945876684732591957816342,4
503810629001059008789200145100530802230798406004621000362045080058006000917302060,543817629621459378789263145176534892235798416894621753362145987458976231917382564,4
700000861800000200059806043082007090070460582000080010021004030308620005000938020,734295861816743259259816743482157396173469582695382417921574638348621975567938124,4
400070960002001500700000214807000009000604007000090020001043000946127000328006700,415278963692431578783569214867312459259684137134795826571843692946127385328956741,4
000403587018200306053006010005304029070601803304007065007102000006500000500740630,692413587418275396753896412165384729279651843384927165837162954946538271521749638,4
005000006000706500060054008020003001009400802000027090176500020008040000943070100,495238716832716549761954238627893451319465872584127693176589324258341967943672185,4
857040013009050402004019000400000060020007040000408201305070020082300104000002037,857246913619753482234819756478521369921637845563498271395174628782365194146982537,4
000002091009060300342179006190006430060200500204001008500020100000400675000600280,685342791719865324342179856197586432863294517254731968576928143928413675431657289,4
000800012002401053631000080090345070000000090000900824700683240006009700029004000,574836912982471653631592487298345176467128395153967824715683249846259731329714568,4
009080100700920806000541002037008000500706030006300020805032600690100284040009005,259687143714923856368541792437258961521796438986314527875432619693175284142869375,4
005000809086293000900000600004980500809001060700500908238000006000300092090072000,315647829486293751972815643124986537859731264763524918238159476547368192691472385,4
000000008000020600031800000000090130105006009007100000060254781700960354004038000,259613478478529613631847295826495137145376829397182546963254781782961354514738962,4
150000009472000800389000075900600300000048050000200700793504100001006023005030000,156487239472359816389162475914675382237948651568213794793524168841796523625831947,4
000600008008000946000000051800406010716290480004070003050900000060128034083000000,125649378378512946649387251832456719716293485594871623251934867967128534483765192,4
200046000980000006361902704020008400070100008096000015742000800009280500500403070,257846139984371256361952784125638497473195628896724315742519863639287541518463972,4
457060001000080407008000560000006952805270034000010608500400003100000800089007240,457962381693581427218734569731846952865279134942315678526498713174623895389157246,4
000420710020019830070030042902107058610008290500000001200004000006000125308201904,863425719425719836179836542932167458617548293584392671291654387746983125358271964,4
070010000000000007084700209200907061090006480600820000000000096002480000000059020,379214658526398147184765239238947561791536482645821973453172896962483715817659324,4
530000027000037004749000310807020000900006050300000080671380009400090600205074000,536418927128937564749562318857123496912846753364759182671385249483291675295674831,4
200695004637280519000000000000000902329006800050000060073009421060003708002470600,281695374637284519945317286416738952329156847758942163573869421164523798892471635,4
038060000204000060050030400000001840070300005180200630340080010062000900009000070,738469251294815763651732498923651847476398125185247639347986512562173984819524376,4
504013892017500000002046005008079260240001000670000000700800039490307500830090004,564713892917528346382946715158479263243681957679235481726854139491367528835192674,4
508601790129030056703004000800070935094005072000010860001062007007100620206008500,548621793129837456763954281812476935694385172375219864981562347457193628236748519,4
900000600000485900070903042210650300009010860000007421000070083000049206020100090,934721658162485937875963142218654379749312865653897421491276583387549216526138794,4
000301496400006050300040080000960001804020000061008020600080200148000970050009600,582371496417896352396245187725964831834127569961538724679483215148652973253719648,4
300290106020658307000040082600504201045000000002960004400130009501400730030870405,358297146124658397976341582693584271845712963712963854487135629561429738239876415,4
051000006200006100000300000500740013300200008080653740005002074037080201002100500,751429836243876195698315427526748913374291658189653742815962374937584261462137589,4
471853009805796134006100058003000062090260000060005007200600940610400580300000270,471853629825796134936142758543971862798264315162385497257638941619427583384519276,4
100800405000009060026451790060000914019600000003900682200090040078000150045080209,197863425584279361326451798862735914419628573753914682231596847978342156645187239,4
016978002000060010020003000005020400060090000071645000040000203630000050500002008,416978532853264917729513864985321476364897125271645389148756293632489751597132648,4
209005300050000960000000705032000000700090008040600037670400809400086073000937416,289765341157843962364219785532178694716394528948652137673421859491586273825937416,4
090020007800570100017946800080000054000080200700400608070300060409200081105000302,596128437842573196317946825681732954954681273723459618278314569439265781165897342,4
280700016109406300040200095908560003002807600564000000600100907027930061000600000,283759416159486372746213895978562143312847659564391728635124987427938561891675234,4
003000510720000600000407800000809400004570002009042780407085000900000008580000900,643298517728153649195467823271839465864571392359642781417985236936724158582316974,4
430001002029050708000000403018027600003000001760008039040632007300090006006005324,437861952629453718581279463918327645253946871764518239845632197372194586196785324,4
050018004008000523060025000500063812006001095204500630685032709040006281021000050,352718964178694523469325178597463812836271495214589637685132749743956281921847356,4
007000040562090001804050000700060300281005690600900007090046203000803160070010458,937621845562498731814357926759164382281735694643982517198546273425873169376219458,4
304100290090050018010960030008004060000090020670205840040030080000040350003008100,354187296296453718817962435528374961431896527679215843145739682782641359963528174,4
103500040000603200572804003000268000230000000000030820807301062300050009605902304,163527948489613257572894613941268735238175496756439821897341562324756189615982374,4
000000800048007210061028009970005630430706908006230054027000000350671080000082000,293154876548967213761328549972845631435716928186239754827493165359671482614582397,4
080040100030060080004000720000401009190056800040970650309005068470690513005000297,782549136531267984964183725856421379197356842243978651329715468478692513615834297,4
005700630000650004300982507000500803803409170002008060508006701927000086000000000,295714638781653294346982517479561823863429175152378469538296741927145386614837952,4
102400500394006000560000030010743008806201300705600140003000005908020703070000200,182439576394576821567812934219743658846251397735698142623987415958124763471365289,4
570800006000000000100942000000173504007000000004056800700600201020518740000020005,579831426243765918168942357892173564657489132314256879735694281926518743481327695,4
600703000090021470020045690006350900070000360039200058100409500000000006357160240,614793825895621473723845691286357914571984362439216758162439587948572136357168249,4
000060820800020700602001049500000103004100207000000090005800010076900302200600005,759364821841529736632781549527498163984136257163257498395872614476915382218643975,4
000063040300900806600005390009000702020009400100230009281046000050070014007190600,892763145375914826614825397569481732723659481148237569281546973956378214437192658,4
006080150315709080000050300109500006430070091058012704001000000060305008903000200,296483157315769482847251369179534826432678591658912734521897643764325918983146275,4
005060009008435060700090000100300006603740200002006400000070500560080724007500603,315267849298435167746891352154328976683749215972156438439672581561983724827514693,4
097000300183007405005100970970500183812304659356891004000010000700200896029080501,297456318183927465465138972974562183812374659356891724548619237731245896629783541,4
490000000003004059865013070941005260006000905002090000200451006310087500604000781,497528613123764859865913472941375268786142935532896147278451396319687524654239781,4
740260310002000009000910274071040000300051400054309001087030900506000130910000046,749265318132487659865913274271648593398751462654329781487136925526894137913572846,4
560104329428000615139005000070010000980040000041007568850091002014000890090000153,567184329428739615139265487275816934986543271341927568853691742714352896692478153,4
062009001907300500030120679650018200021690750709000106075000400090007815000250000,562879341917364582834125679653718294421693758789542136175986423296437815348251967,4
050030681001060090460900000600012735710600009000097010020000008007100020800270004,259734681371568492468921357694812735712653849583497216126345978947186523835279164,4
700000104001040070003021008504106700306009015002407003400810200200090030008000001,759368124821945376643721598594136782376289415182457963467813259215694837938572641,4
104000700730190200000400100000000608010260900600001000052608401400902006061500309,194823765735196284286457193527349618318265947649781532952638471473912856861574329,4
006402090090750000040908600034297180070001523812060470103500000000000300020080900,386412795291756834745938612534297186679841523812365479163579248958124367427683951,4
005047008703609104600201370400032007031000000000190400000003006017805003000000091,195347628723689154648251379469532817531478962872196435254913786917865243386724591,4
510806070800010045040205000000507010081000907075490000009000000004158702008903001,512846379836719245947235186293587614481362957675491823129674538364158792758923461,4
400520830000008700208070005809601473054090200000802560945130600082060350036000094,467529831593418726218376945829651473654793218371842569945137682182964357736285194,4
079640230340000516056000700025304107000508040400170602000400801800950070034081005,179645238348297516256813794925364187761528349483179652597432861812956473634781925,4
902108605003046007080009000001425389009087010800300700000752000000060100230000508,942178635513246897786539421671425389359687214824391756168752943495863172237914568,4
204853009000000300006090004000900030903082010608301907005408090300006740407230001,274853169891624375536197284712965438943782516658341927125478693389516742467239851,4
071050000600040019480917560704000180810090250000000007029461000060375000540000030,971653428635248719482917563794532186813796254256184397329461875168375942547829631,4
340700000600903000870005031000510000001070093060000002507100260190200008003608009,349781625615923847872465931934512786251876493768394512587139264196247358423658179,4
021060407049200080003040900090000000200609058050070096902004000800091040000020879,521968437649237581783145962196853724274619358358472196932784615867591243415326879,4
092047130000050072010283090200809704000700053001400920007128009038006241126004087,892647135364951872715283496253869714489712653671435928547128369938576241126394587,4
040820500208309064391400002072080040910003020830002000703008050409500006105600087,647821593258379164391465872572186349914753628836942715763298451489517236125634987,4
100000902600000350400096001300402096240659138000700045526000019901000007780961500,178345962692178354453296871315482796247659138869713245526837419931524687784961523,4
215470983000500024097032000004050379000008016050003842040960050589004000000080090,215476983638519724497832165824651379973248516156793842341967258589124637762385491,4
090800040512040009078000000000006950083590406609080073005708094060900537907065821,396857142512643789478219365241376958783592416659184273125738694864921537937465821,4
607100005040786109000050476300001000179020040200005010950807030400000090700010800,627194385543786129891352476385471962179628543264935718952847631418563297736219854,4
305069002009010000208000509000003600000000403030670000000000238052381006803200007,345869712679512384218734569187423695526198473934675821461957238752381946893246157,4
020000301000680200000201970090140020100300850078000413057009064981504030000710090,526497381719683245834251976395148627142376859678925413257839164981564732463712598,4
040953006071008094069100508000407000954000000000605200815000003000380002000000070,248953716571268394369174528126437985954812637783695241815729463497386152632541879,4
300010900010000030709030010068000370900503041100600890201064500000200100635000024,382416957416759238759832416568941372927583641143627895271364589894275163635198724,4
000398004003014260514060000090005706800006402047020589009030670100250900000009001,276398154983514267514762398392485716851976432647123589429831675168257943735649821,4
090012048800000020500700091017000002082100076350027180008001400040860200065003810,693512748871649523524738691417386952982154376356927184738291465149865237265473819,4
130046809002018073780000510050004091643129008010800300000000000070681030300050080,135746829492518673786293514857364291643129758219875346928437165574681932361952487,4
000000000860009050401350000020005090040187623007602040008006100934070280600003000,753264918862719354491358762126435897549187623387692541278946135934571286615823479,4
000390004960000807200058030015000008000105023006030500002000070170004095090070102,857396214963412857241758639315247968489165723726839541532981476178624395694573182,4
035090270400082003207530004840000030300809050006213007003970001000064005704105080,635491278419782563287536914842657139371849652956213847563978421128364795794125386,4
079000205015000040008524710160250000700008050002300000800705900950100800000800074,479681235215973648638524719164259387793468152582317496846735921957142863321896574,4
000502491020104068104600205067300000450007006000050100040015000205463009706080014,683572491529134768174698235867341952451927386392856147948715623215463879736289514,4
100000925070020460000000800650070180090002700827506000080090041009350600716084030,134768925978125463562943817653479182491832756827516394385697241249351678716284539,4
080600007604100008000048000017000000208510070540800200002030086000004023009206750,381629547624175398795348612917462835268513479543897261452731986876954123139286754,4
520000960407208010608000204006020197100090640003000852089600401200000730310000506,521734968497268315638519274846325197152897643973146852789653421265481739314972586,4
000938001040000090100002000030206004602000930004309270080643120009501000000897053,257938461846715392193462785938276514672154938514389276785643129369521847421897653,4
895040000007085204240100580500890700920507300786030050072000000000700810058400020,895342176617985234243176589534891762921567348786234951172658493469723815358419627,4
906504000800000074070130900000789430490365000080002000610900200050040090709600100,926574381831296574574138926162789435497365812385412769618957243253841697749623158,4
671000000090000700428310695002804903007000400940520067000100009009000108180005070,671259384395468721428317695562874913817693452943521867736182549259746138184935276,4
610500000030680900008000060053700080987030450000005020006000130000102870741300000,619527348532684917478913562253741689987236451164895723826479135395162874741358296,4
148670390000400016000000584800007000300000008204000960007091003001002609002030801,148675392925483716763129584819267435376954128254318967687591243531842679492736851,4
106000300000034000307200008580703062200100540060905800012060400700010000650402001,126879354895634217347251698589743162273186549461925873912367485734518926658492731,4
301400000800009000002080001000870006080250473560004000000000060023008009000007105,391465287876129534452783691234871956189256473567394812715942368623518749948637125,4
030070900001296400900300067750439010304810509198000024000104000000000000600920050,436571982871296435925348167752439618364812579198765324283154796519687243647923851,4
620004100009610003310008600400203800200800016080001302104080060970106450500409000,627394185849615723315728694451263879293847516786951342134582967972136458568479231,4
040001630060830000300400080004307208030010000017624050000100870170280093980043501,548971632761832945392465187654397218239518764817624359423159876175286493986743521,4
903000004205010970160000350080060005430000000500094730020700000397608541050930260,973582614245316978168479352789163425436257189512894736621745893397628541854931267,4
004892351020340007300761000092407805000000004400009072917620083586000020200000006,764892351128345967359761248692417835875236194431589672917624583586173429243958716,4
000605130250340900300980200805000400003109002020804700102408090090010300760000021,987625134256341978341987256815732469473169582629854713132478695598216347764593821,4
004600250600450030000380009700541903453920000000706000198260400275000310046000000,834619257629457138517382649762541983453928761981736524198263475275894316346175892,4
005024803108005642200301000007210030840500206020060000086100320300002064400730900,795624813138975642264381795657218439841593276923467581586149327379852164412736958,4
917004523000001000000003716070405000501730409490068057130840605009006002640027000,917684523365271984824953716276495138581732469493168257132849675759316842648527391,4
009007056000050980015080000002003005050000039037005600090514862260930507548720001,829347156674251983315689274982463715156872439437195628793514862261938547548726391,4
300006240090300060600080059250600090107800020040032006020400700400010000000260000,381956247594327861672184359253671498167849523948532176826493715439715682715268934,4
010098250708062003900500486000800000000003070009056041097004000030070860806200700,614398257758462193923517486371849625465123978289756341197684532532971864846235719,4
800651000960034008400000005704000030000100006000890000030010294000402000100300587,873651942965234178421978365714526839289143756356897421638715294597482613142369587,4
000860000203000650050002917700280530004736020309000876002600080006020400000008061,197865342243917658658342917761289534584736129329154876412693785876521493935478261,4
900064000000000040602007905020076100080305076500000398403720000000001407000649000,935264781817953642642187935329876154184395276576412398463728519298531467751649823,4
000300085060975004000648079001000000030004902026039017102000090003001006640023750,794312685268975134315648279981267543537184962426539817172456398853791426649823751,4
040000002510408709890070045300005410725001803000900207070090000000000070436000021,647539182512468739893172645389725416725641893164983257271394568958216374436857921,4
003049800000506900900010350008305109000001280090008003007600000201057000030180020,513749862782536914964812357428365179375491286196278543857623491241957638639184725,4
007000300098200005050060902000400109802510030019000058001800243940020817080701500,627954381198273465354168972536487129872519634419632758761895243945326817283741596,4
900406071600930000001005460890070500000300010000000900069003100580010603013000785,958426371647931258321785469896174532475392816132568947769853124584217693213649785,4
000800054007090300510007000750062080000370062260500000300700605095003070600109200,932816754847295316516437829753962481189374562264581937321748695495623178678159243,4
060700100000529004940600002000090000020016070003007089530470016006000300700160500,265784193381529764947631852674895231829316475153247689538472916416958327792163548,4
039160704021040396864703000080000062000680401476000853608000209012000000307920008,539162784721548396864793125185437962293685471476219853658371249912854637347926518,4
078400300000800005006370900004623097600547120700000004000000008025001406861034500,178459362293816745456372981514623897689547123732198654347965218925781436861234579,4
090000030008000700032100009079000006084000007001034000047000503000070628603059470,496587132158392764732146859579218346384965217261734985847621593915473628623859471,4
008000716000805043090030805100206030000001000000080060080000079002000004500704200,358942716217865943694137825149276538826351497735489162481523679972618354563794281,4
005000780000083020020790000009005140564020090200000050006070013780000200000064800,935412786647583921128796435879635142564821397213947658496278513781359264352164879,4
000640090007030402460005000000001508205089007180700900900003000700500309013070000,321647895597138462468295731679321548235489617184756923952863174746512389813974256,4
076000800902180760810000590607000018000260970021700000004039100700800600100070009,476925831952183764813647592697354218548261973321798456264539187739812645185476329,4
070601000050900200000040031007210800083500000000009752000100000701000024008403610,379621485154938276862745931597214863283567149416389752645172398731896524928453617,4
003009274106008305907035001009800020201070049600900708008403150000000400010000906,853169274126748395947235861579814623281376549634952718768493152395621487412587936,4
002590601076000495395000080531700902600009048400000700050906120010200850060005309,842597631176823495395461287531748962627319548489652713758936124913274856264185379,4
640300090000605200230009000062713089350090702900050300000008670180937425720000908,645382197819675243237149856462713589351894762978256314593428671186937425724561938,4
031700059090000041080400007800200796200506000060040000307009060500000903906300200,431762859792835641685491327854213796279586134163947582327159468518624973946378215,4
000070008700301000000000300070065902609000500310002647457000800290803000180507406,932476158748351269561298374874165932629734581315982647457619823296843715183527496,4
003070900080096704000003100450002670009050013020800009290005307000749800000008006,563471982182596734947283165451932678879654213326817459298165347635749821714328596,4
000030089607820403834010000560002800003009207008061000280000104040008002301000050,152436789697825413834917526569742831413589267728361945285673194946158372371294658,4
008700200000900000102046090060400500500620700204300060406590083050000002000060059,938751246645932817172846395763419528591628734284375961426597183359184672817263459,4
702008000053004000009030240000300924204006050900540360400700600090000003005080070,742968135153274896869135247586317924234896751971542368428753619697421583315689472,4
030501946600009050501020870076053280280190065050008000400070520000940600060010007,732581946648739152591624873176453289284197365953268714419376528827945631365812497,4
190050000580690040070801502908520407040713000700000063020000730469000105010000004,193452678582697341674831592938526417246713859751984263825149736469378125317265984,4
305701000860052004070098005700083040984076150030904087000809421003000508108020000,325741869869352714471698235716583942984276153532914687657839421243167598198425376,4
490063870180040020700100504040010080026030000950806000030050708074090002018600400,495263871183547629762189534347915286826734915951826347239451768674398152518672493,4
570060102300012000000000030007100000029503701060027940700030600602401050900080020,578364192346912578291758436457196283829543761163827945785239614632471859914685327,4
605907002074032100000100700020010540000009008300000000798600010040000050000400090,615987432874532169239164785927816543451379628386245971798653214142798356563421897,4
400726518861500000502081600000060001100379002946000753050090380000007100600000907,439726518861543279572981634327465891185379462946218753754192386298637145613854927,4
000500010800000070703041609060017000200086030038005096091038057305700100000000000,926573418814269375753841629569317842247986531138425796491638257385792164672154983,4
000000000975430810312086470209001704001700090700369108003040000407600000000278340,648197235975432816312586479239851764861724593754369128123945687487613952596278341,4
800017392070000610012060805000080063060200700208096450500370100083109547021605030,856417392379852614412963875947581263165234789238796451594378126683129547721645938,4
307000009104297385509000712018060007640970800000008946850000270270050694400700100,327185469164297385589436712918364527645972831732518946851649273273851694496723158,4
058040670210060005046910000600059100070402000090100050067001238835624019129008004,958243671213867945746915382684759123571432896392186457467591238835624719129378564,4
841070009209043005350280640000020007006004902082000060000032790603000020008065410,841576239269143875357289641934628157176354982582791364415832796693417528728965413,4
050100704400008050619007328830000500000300040740801060000083010004009200960010080,358126794427938156619547328831694572596372841742851963275483619184769235963215487,4
073005020105700000064300057000042309417590000230870040300057002750200003000408705,973615824125784936864329157586142379417593268239876541341957682758261493692438715,4
306900700091040600070630000003800469020006350068450000400300006600084010082700943,346921785891547632275638194513872469724196358968453271457319826639284517182765943,4
004001580983407600150200009002060000096008001738009406370000804809003005020800070,264931587983457612157286349412365798596748231738129456371592864849673125625814973,4
000600058600850000385009710900000020040020000702000040800507602000002001090018070,429671358671853294385249716968134527143725869752986143814597632537462981296318475,4
000025000016004907002760510730000000908640000600908035185000000260000004403200051,879125346516834927342769518734512689958643172621978435185497263267351894493286751,4
005003910081250307030001256340070690509800100012005004403000080050000000896400003,275643918681259347934781256348172695569834172712965834423596781157328469896417523,4
832004090759006030041009000280001300500840269406500017004068501925103000100005903,832754196759216438641389752287691345513847269496532817374968521925173684168425973,4
014056000000000605060708040520000006007685002000012704000001009190000007030090200,914256873873149625265738941521974386347685192689312754752861439198423567436597218,4
045070369302156080078093000920008000800061000061200850006005018080304600010087030,145872369392156487678493521924538176853761942761249853436925718287314695519687234,4
010005000590000401830042006000008007028007100700300900000009008206034009009700004,614975823592683471837142596961528347328497165745361982473219658256834719189756234,4
340000600270000193800000002030209708502010004007630000700040001403006900020073800,349721685275468193816395472634259718592817364187634259768942531453186927921573846,4
700040056002008000000050908000430000840520690230896700900685302600204009020309067,789143256352968174461752938196437825847521693235896741974685312613274589528319467,4
090010002804700900512000647756100200283097000901050370000070120420300700000900030,397416582864725913512839647756143298283697451941258376638574129429381765175962834,4
205009000100580690070600150080025007000000068500000000030006800001030000050100030,265319784143587692879642153486925317392471568517863429934256871621738945758194236,4
780005060002006001094127853000002100103009000000000087000543900900271008020968015,781435269532896741694127853478352196163789524259614387816543972945271638327968415,4
500300000730056004126900570872003095490002300061500047013000000007000006640095002,584327961739156824126948573872413695495672318361589247213864759957231486648795132,4
000001006084095020007020005308900054076010209000058701261000008000089500890200400,952431876684795123137826945318972654576314289429658731261547398743189562895263417,4
000000250206004901400000076820000003064001090307090000600019300900040180000720600,781936254256874931493152876829467513564381792317295468648519327972643185135728649,4
400006820709028601280001507000000030000810000120009000602490008004102000098000004,451976823739528641286341597867254139945813762123769485612495378374182956598637214,4
706000408400000000030700026807010360205460097064980005070100000940620001500000000,756291438482356179139748526897512364215463897364987215678134952943625781521879643,4
025004010048000000109000002053810006000506800096437000500000097007002000901708304,325674918648291573179385462253819746714526839896437251582143697437962185961758324,4
080601037010000000200805061073058620052460009600000000090526410460300002321004006,584691237916237845237845961173958624852463179649172358798526413465319782321784596,4
006000502000672180000000009010000608400109030503006091709401006850260900620300050,146983572395672184287514369912735648468129735573846291739451826854267913621398457,4
201530600549007100607040200000005007050000830800300090000002000320050040016083705,281539674549267183637148259193825467754916832862374591475692318328751946916483725,4
308040659702856001600139002400008007200000900087002030000600000800790204070004090,318247659792856341645139872439568127261473985587912436924685713853791264176324598,4
000040130000000070004000290302060081400903000080102047100000060000800010800731005,795248136238619574614375298352467981471983652986152347127594863543826719869731425,4
514008930008100060976450008030006005140800306000000180000621000001300050000900000,514268937328179564976453218832716495145892376697534182759621843281347659463985721,4
020403156008000000601200840050970010010530900070002034180007400200045001700000080,927483156548716329631259847352974618416538972879162534185627493293845761764391285,4
009041070010030004063900000000100082075800009908300000050000007007400100000753460,589641273712538694463927851346195782175862349928374516854216937637489125291753468,4
001040300007903408903800001710400030084192070069537000030000040008009103006000085,851246397627913458943875261715468932384192576269537814532781649478659123196324785,4
000800350382075060105000007920038541508000029040502000000309000003007000706004035,479816352382975164165423987927638541538741629641592873254369718813257496796184235,4
180723506006459128925010703010608000500100680698345071000081007701930002800000310,184723596376459128925816743217698435543172689698345271432581967761934852859267314,4
000000400809005061300960000030850906500000004006703025003201000007000002251400608,675128493849375261312964587734852916528619374196743825463281759987536142251497638,4
500009000902007804037508209000950060100603508000000030000800000300090180820105796,518249673962317854437568219283951467149673528675482931791826345356794182824135796,4
780350006031080570604000008300907000090200001000108790072893640060071900940026000,789352416231684579654719328318967254497235861526148793172893645865471932943526187,4
502306090104000006000070513900040030000003107068107904021865300453700001806400700,572316498134598276689274513917642835245983167368157924721865349453729681896431752,4
070040050006905378000008090000400507907200030530107000301590700080700903094003205,879341652416925378253678194168439527947256831532187469321594786685712943794863215,4
800607305020000400005200061030004006500006173900108050090000002460010038000400610,819647325623851497745293861231574986584926173976138254198365742462719538357482619,4
000500004057021008100093000703205960501060423296100857000010080070000005008907000,839576214657421398124893576743285961581769423296134857465312789972648135318957642,4
607308450900004200041600000000407930004000002000180540009870000000905804010200390,627398451985714263341652789156427938894563172273189546439871625762935814518246397,4
002005080960381500008007003085063000300002800290054631479506000000010050001200006,732695184964381527518427963185963742346172895297854631479536218623718459851249376,4
049861002010040900283500061390604027005000009002039005920416503054983200000270000,549861732716342958283597461391654827465728319872139645927416583154983276638275194,4
008132005243000018000089720006320109025090070900050002007540000000900580060018407,798132645243765918651489723876324159325691874914857362187543296432976581569218437,4
090827503008500970000009008600300010800004092104090000945700106010960400000450020,491827563268543971537619248629385714853174692174296835945732186312968457786451329,4
030070902709300105251000430307000004046709023000030071070003219400891750910000340,834175962769324185251986437387612594146759823592438671678543219423891756915267348,4
630700008800000457500908010003800624078001539000002780309087042700000000000600003,631754298892136457547928316913875624278461539456392781369587142784213965125649873,4
060000301500008000007230006900000820708542903300086700070000402090007108030090050,269754381543618279187239546956173824718542963324986715871365492695427138432891657,4
401760893086090007000030100600000905004050000705186300000005009020000406507900000,451762893386491527279538164612374985834259671795186342148625739923817456567943218,4
000000280567402091000090047050614000000207459002900163743060000020743016600020030,914376285567482391238591647359614872186237459472958163743169528825743916691825734,4
002005300070000025000000170097000031008070090010029850003460000720800060480090010,962715348871943625345286179297658431538174296614329857153467982729831564486592713,4
000100302060000900901003007009510004100079000500630080025400706008050420410000053,754198362263745918981263547839512674146879235572634189325481796698357421417926853,4
200090000096030204013400090100080002865029403072006000400650020000073001050200008,284597136796831254513462897149385672865729413372146985431658729628973541957214368,4
182050070005004018437000062010020700050000104003001000009040030004000820500036947,182653479695274318437198562916425783258367194743981256879542631364719825521836947,4
000083005090200708800500001000719004007852910050300807683400009029008600700000082,172683495395241768846597231268719354437852916951364827683425179529178643714936582,4
740560300319800600500001090000000000060420907000906080090170023070004569050690000,742569318319847652586231794928753146165428937437916285694175823271384569853692471,4
000400376430008010597030042009080700041060008080204001804000000963500400072040569,218459376436728915597136842629381754741965238385274691854697123963512487172843569,4
283004000195067000007000001800570000900040057506208000002050000008130502450780010,283914675195867423647325981834571269921643857576298134312456798768139542459782316,4
045900070030510000001000028609000000050274009073600800214080060000100080006005007,845962173732518496961347528629853741158274639473691852214789365597136284386425917,4
319702465807004001004030002070006000005070009143020006090600003008010097200000150,319782465827564931564139782972456318685371249143928576791645823458213697236897154,4
036070050051000400070215800000007600763184500089050037040520006500006000090030000,236478951851963472974215863125397684763184529489652137348529716512746398697831245,4
006005080057040000000070000000020590070956010000037426008003009300002100004089200,216395784957248361843671952631824597472956813589137426728513649395462178164789235,4
000035006460920530350004000000400600600003904970500318086250000243870165509046080,192735846467928531358614729831497652625183974974562318786251493243879165519346287,4
092408315603501479015070086901000652004090030008200190800900021049710060100600943,792468315683521479415379286971834652524196837368257194836945721249713568157682943,4
680000000000890600200005010928057000003009580105084092010008006390420850000070000,689143725751892643234765918928357164463219587175684392512938476397426851846571239,4
300701500560029000040003201904000000100207900070030100400008700010300080005000320,392781564561429837847653291934815672158267943276934158423598716619372485785146329,4
050100730006387000013204000000900043030500109009030270000000801048700350300820497,852169734496387512713254968527918643634572189189436275975643821248791356361825497,4
000100903497800060150960008000000030006540219002000405305010607684375000000206004,268157943497832561153964728549721836736548219812693475325419687684375192971286354,4
000000900005300001190000002350009000010036005902501008800000023539200100020680450,683152974275394861194768532358429617417836295962571348846915723539247186721683459,4
020006097901040050607030001800670930700850062063900078596000703004390600370400000,425186397931742856687539421852671934749853162163924578596218743214397685378465219,4
026030010080210007000005003004098100800500020000402350015000030370006900000050000,526937814983214567741685293254398176837561429169472358615849732378126945492753681,4
006050009453008106000001000040000900200080067800010403002530600009060000000000080,126357849453298176978641352345726918291483567867915423782534691519862734634179285,4
050000006900213500070095030807540000001060000025000079000004600580000004000057801,253478916968213547174695238837549162491762385625381479719824653582136794346957821,4
004007800010009250270000364601840705020056003300072100000004002063290078000080600,534627891816439257279518364691843725728156943345972186987364512163295478452781639,4
007008005003052010020010030000427168006830009000961352030000500070500043050200700,147398625863752914529614837395427168216835479784961352432179586971586243658243791,4
200495003304067051000000000040080300030170600900300500100000040406000089009010700,261495873384267951795831462642589317538172694917346528173958246456723189829614735,4
300290600600000000209050370040080513137540080086000020000805004020000000861409000,378291645654378291219654378942786513137542986586913427793825164425167839861439752,4
100709050900418020080030000040003080708004000200005001370050108504821637000007500,123769854956418723487532916645173289718294365239685471372956148594821637861347592,4
026795040753000092014603500009000007640307900070010006500476010097030860000089004,826795143753841692914623578189264357642357981375918426538476219497132865261589734,4
500098460401306000900200050204500006005000090803009100009030040040700000050900012,572198463481356927936247851294571386715863294863429175129635748648712539357984612,4
490080120060000084200500700014070962300009507070005040052007600000600201030000479,493786125765921384281534796514378962328469517679215843952147638847693251136852479,4
450000000329000400687000100706009000048710650500004090004203508000050001070006000,451327986329861475687495132736589214948712653512634897194273568263958741875146329,4
430900080900801600210730004085000006079050000120600030062000000701090065803004200,436925187957841623218736954385412796679358412124679538562187349741293865893564271,4
070002600000301500510000439200100900830700100190030007000087010000203000760910000,379542681648391572512876439257168943834729165196435827925687314481253796763914258,4
800715362070860910000493050701000420030504071050000000040200030000059007900341580,894715362573862914162493758781936425239584671456127893645278139318659247927341586,4
048216500075490000000500000400001930097000856000907124523084000704000385600030002,948216573375498261261573498452861937197342856836957124523784619714629385689135742,4
230675804905100076800430251084207510702500040500004702070000400100040007000056008,231675894945128376867439251384267519792581643516394782678913425153842967429756138,4
000000581000345000000008043761009234008003010930071005800030070317900456200706098,423697581189345627675128943761859234548263719932471865896534172317982456254716398,4
060970000759040182000510900400090008910006050028405010090001204000009831001004596,162978345759643182384512967435197628917286453628435719593861274246759831871324596,4
000080900403700008810000030306421090900637001100000070040100352000006000007302106,765283914493715268812964537376421895958637421124859673649178352231546789587392146,4
143200506060051089080730000000010007728063004000007620039074000002090400504000000,143289576267451389985736142456912837728563914391847625639174258872395461514628793,4
710006008004003026083250010320009681000002940040861200076320094430000002208004360,712496538594183726683257419327549681861732945945861273176325894439678152258914367,4
605102000100083065080650201000200098200845000016300504768420953490500617051769002,645172389127983465983654271534216798279845136816397524768421953492538617351769842,4
014000900000049020030015046000000089090006012860091073026850090709002004103974000,514628937678349125932715846241537689397486512865291473426853791789162354153974268,4
003400590800562000402709060005073020000820057000050608300007000028005006090080304,673418592819562743452739861185673429936824157247951638364197285728345916591286374,4
507010000108072409000560010200790080000005000670000240000600900000180000980040300,547918632168372459392564817254796183813425796679831245421653978736189524985247361,4
500000208002108750100000649830759104700800906090600005000975001007004500350080000,579463218642198753183527649836759124715842936294631875428975361967314582351286497,4
200001090600080005079002803000000578038600900090000001827050009010823600350000000,285341796643987215179562843461239578738615924592478361827156439914823657356794182,4
950164070103798605008025940071003000000400703300006080800009000005000800000850060,952164378143798625768325941271983456586412793394576182827639514615247839439851267,4
007406001400100000800073000000790004179240630024030008710300800000010067000867002,357426981462189573891573426638795214179248635524631798716352849285914367943867152,4
050000000106005803243809005030500090870000250000060038000170000000004580087900102,758623914196745823243819675632587491874391256519462738425178369961234587387956142,4
008004000100003507007900020013400006000090400590060000002156809301200705065830040,238574691149623587657918324713482956826795413594361278472156839381249765965837142,4
069080450700506018000000030602300175040001009007000000906000004078904060050060800,369187452724536918815492736682349175543671289197825643936718524278954361451263897,4
150347000908000014046018230091700408000005000580200300000809007800050001000170583,152347869938526714746918235291763458367485192584291376415839627873652941629174583,4
000308000008009010301007568000600097180900600006003801725130004809004000010890002,562318749478569213391427568253681497187942635946753821725136984839274156614895372,4
700000902000080003400072050000000320005034170019700600000001067047658201020007000,781563942652489713493172856874916325265834179319725684538291467947658231126347598,4
000402007001090200086100040000504800070629000900003500050240000008005300000000620,539462187741398256286157943362514879875629431914783562153246798628975314497831625,4
279000000000020973600079050094050060000604890062708400900203700320080046080005020,279531684518426973643879251894352167735614892162798435956243718321987546487165329,4
090800600004200800036090712000008006089305070010609200008000397025907400900036028,192873645754261839836594712243718956689325174517649283468152397325987461971436528,4
607430185513608204408005730009000500754800003200753040970040060380006417140087900,697432185513678294428195736839264571754819623261753849972541368385926417146387952,4
004910000703605194090200076015830000302000600060002530100069050039000400050000903,684917325723685194591243876915836742372154689468792531147369258839521467256478913,4
000800090000000000608201357504320961000950000900100532107005420009712680002403005,245837196713569248698241357574328961321956874986174532137685429459712683862493715,4
400000006230090015518030000104070650020840107003056280051007060000300001300900578,479512836236798415518634729184279653625843197793156284951487362867325941342961578,4
705609410604150009098000003000800001002000080000097040280905130509000000300026500,735689412624153879198742653953864721472531986861297345286975134549318267317426598,4
240003809689205701103968402810000594034059026590020008008007005000090200050082600,245713869689245731173968452812376594734859126596421378428637915361594287957182643,4
020001074076004201084070000008005020009608010740009300800490002000000100002103000,523961874976384251184572963618735429239648517745219386851497632397826145462153798,4
000620800000807046600105200400912080039506002800300069003000000040260395580703000,374629851251837946698145237465912783739586412812374569923451678147268395586793124,4
009326085350140709400900000080000020001200800020875041830014000207080004004092308,179326485352148769468957132586431927741269853923875641835714296297683514614592378,4
680700040007080516000000000800627000061395800000001637000002000420170905100008472,685719243397284516214536798843627159761395824952841637579462381428173965136958472,4
000060500406503910000104600013247869000000024720896003100430080040000001080012070,231968547476523918895174632513247869968351724724896153157439286642785391389612475,4
005070010300102060671000800200836095806504200000700080080903627760000000100207548,425678319398152764671349852247836195816594273953721486584913627762485931139267548,4
090720845357000601002000007000800502000062078900000006800076000070500083005090004,196723845357984621482615397764839512531462978928157436843276159679541283215398764,4
010300098000084000380010005007901840030800200000200006109408357800103000740000000,614325798975684132382719465267951843531846279498237516129468357856173924743592681,4
000708009180030502000020008800560400050043090001870056460257000702400000510000000,625718349187934562934625178879562413256143897341879256463257981792481635518396724,4
290060058580924003003708209000000000010070400030400085050049000000187500470205010,294361758587924163163758249842596371615873492739412685351649827926187534478235916,4
500601372000030060730508000070000106000040007040006090200700009007200000009360701,584691372921437568736528914378952146692143857145876293263715489417289635859364721,4
852390710709008230413200900605070000327000060084000079201409657008005042000702890,852394716769158234413267985695873421327941568184526379231489657978635142546712893,4
209001008000978402008024090000890104801700053403152980582307049930065800000000005,249631578356978412178524396725893164891746253463152987582317649937465821614289735,4
000004809020190305014005600560309280008040706073600000180000420700003960000000007,635724819827196345914835672561379284298541736473682591186957423752413968349268157,4
000302070000080900380000251010208090800070002200001007004000000068527430005060710,491352876572186943386794251617238594843975162259641387734819625168527439925463718,4
000061007000040526076000108004900000051004009790500200509400080140780003300096002,235861947918347526476259138624973815851624379793518264569432781142785693387196452,4
219705000036014590004090107400900010081020309390601082040800236903000000000103900,219785463736214598854396127472938615681527349395641782147859236963472851528163974,4
100000850895600004004358002037100020580000103010000070701004300902030501000000047,123947856895621734674358912437195628586472193219863475751284369942736581368519247,4
905360280200040009648200000000120840001034000700000003032900470896073100407810396,975361284213748569648295731369127845581634927724589613132956478896473152457812396,4
200000005060000000008000943009471002372000004046038000001045208000080590507100400,293714685465893127718562943859471362372956814146238759931645278624387591587129436,4
010000000047300206035792418120030007090007100076421039002070605050260000400589000,219846753847315296635792418124938567398657124576421839982173645753264981461589372,4
070012000000786032002900001400178200210060380000329510890230040500000673000000000,973512468154786932682943751435178296219465387768329514896237145521894673347651829,4
042100078001000050580090000000000000090500400013460005304008007609270040008600029,942135678731826954586794312465387291897512436213469785324958167659271843178643529,4
030070000000900000076002030000106008008003041391580207060240050002057006510809020,239675184145938672876412935457126398628793541391584267763241859982357416514869723,4
170830620003400800000000000008604000040192380007300004000206700026000400009003016,174839625963425871852761943318674592645192387297358164431286759526917438789543216,4
000002000105938760068741093600400200070000000001000007700500904310064005000890300,937652148145938762268741593653479281472185639891326457786513924319264875524897316,4
007004006908000210500200000090008070005400080001037090009823500003056120750900060,127384956938675214546219738294168375375492681861537492619823547483756129752941863,4
006902408000100006000006000530207680600580030007600540964705000053809060102364005,316972458475138296298456317531247689649581732827693541964715823753829164182364975,4
003040050060850079005361082900000000340605910010900007609007100004196800100000006,823749651461852379795361482987214563342675918516938247639587124274196835158423796,4
000030001000085000850000346600721905390564817000000004920040000108952603006000002,279436581463185729851279346684721935392564817715398264927643158148952673536817492,4
005080000030004659029150300060090801700300000018005000300600500000000708007849006,675983214831724659429156387563497821742318965918265473384671592196532748257849136,4
060009004023540006084001500000000208418002050200800007300900865000130942092080730,165279384923548176784361529657413298418792653239856417341927865876135942592684731,4
429000000007048019610029500003967028781004693000013000000092050002005060035400900,429531876357648219618729534543967128781254693296813745864192357972385461135476982,4
160004800800190004479608020500000000700010046246000050314080072928763410650001009,165324897832197564479658123591476238783512946246839751314985672928763415657241389,4
000306008800700041000180070080004950570800160934000027390420700428017039005000400,157346298863792541249185376681274953572839164934651827396428715428517639715963482,4
400003020260007350030002478040008002006090580050004700070039800000076043803040200,487953621261487359935612478749568132326791584158324796674239815512876943893145267,4
001072048708310000024056037040000062000023000003000700416589000870430005000067010,361972548758314926924856137145798362687123459293645781416589273872431695539267814,4
143690072600000900009400001020000409030000010504009306005001038017800090390502100,143698572682715943759423681821367459936254817574189326265941738417836295398572164,4
002000000000200500010509408300800900000390780094025106080907050200400807070002690,952648371748213569613579428327861945561394782894725136186937254239456817475182693,4
000014500000060020501832047089641070060300019004907080902106830608003700010400002,826714593473569128591832647289641375765328419134957286952176834648293751317485962,4
900207005000890607700601040800003006005000839009080000004000500201560700000002068,946237185153894627728651943872913456415726839369485271684379512231568794597142368,4
003400165600391487804700002005007000000010079007900010500109728320070041781264950,973482165652391487814756392195627834468513279237948516546139728329875641781264953,4
026050030000010700500007902057029300130500090260830405080000019000182003001095800,726958134498213756513647982857429361134576298269831475382764519975182643641395827,4
009762003003004907720000040004900070000486000038107000082000750000001800056000009,549762183863514927721893645614935278275486391938127564182349756497651832356278419,4
000010400000080709000000010540030002070069051006500800130042070008090030060000908,927316485413285769685974213541738692872469351396521847139842576258697134764153928,4
813700600025603700460890001040356000000071400030084065000530020052008000008127046,813745692925613784467892351249356817586271439731984265674539128152468973398127546,4
040012000036400280000307009300004100008601000017000350000100000874006000500740060,945812637736495281182367549369574128258631794417928356623189475874256913591743862,4
040000010080061430300940050010608000403000085608524070000000000937010008162007003,246385719589761432371942856715638294423179685698524371854293167937416528162857943,4
700900000490015030050400002001000205270600103030000906000509001028100057000080460,782963514496215738153478692861397245279654183534821976647539821928146357315782469,4
802056040000870500009003000000004008400905007050000004108047605060010079700000000,872156943643879512519423786937264158481935267256781394198347625364512879725698431,4
230800740100074056067052000000000008640000030003000065010003000090420317000005000,235896741189374256467152893952631478641587932873249165718963524596428317324715689,4
052000000000000607001500020060300074200090000080000200030902000508007960710035000,652874391894213657371569428965328174243791586187456239436982715528147963719635842,4
104926580005300002000400306000094000073000960009050020460000005020000000001000400,134926587695378142782415396216794853573182964849653721467839215328541679951267438,4
607200350000930070000000190002840030850023700730100000000090561000760283060002000,697218354421935876385476192912847635854623719736159428278394561549761283163582947,4
400623980008000000026879010000014358004500720095732164000050091200001040000206000,471623985938145672526879413762914358314568729895732164683457291257391846149286537,4
104538000050900008078014309002070013000086725010250096001095030043000500000001000,194538267356927148278614359562479813439186725817253496721895634943762581685341972,4
200760048094012006070000010037920800002007600109504000020340180040070000080690002,213769548594812376678453219437926851852137694169584723926345187341278965785691432,4
003102400210040030500039701460090070020400103050001900092314007704906012035078090,973182465216745839548639721461593278829467153357821946692314587784956312135278694,4
061080020400000000839204000100006800000040019500319000008050002050000007607002031,761985423425163798839274165193726854276548319584319276318657942952431687647892531,4
002070850080500427001020060068207905320640708947158632204080596000402003700000284,492376851683591427571824369168237945325649718947158632214783596859462173736915284,4
810020000050400030032090000500840091001073208089005370005008410000010025000054000,814327569957486132632591847573842691461973258289165374795238416348619725126754983,4
360080041400637980800014067083046700900070008000895400014753009008020000230060000,367589241421637985859214367583146792946372518172895436614753829798421653235968174,4
009048060000900487050100009035806041104370800000510203000405018800030000501000000,379248165612953487458167329735826941124379856986514273263495718847631592591782634,4
071008040005073000090165780500701098800050006000040000020504310700600850100097004,671928543285473961493165782562731498847259136319846275926584317734612859158397624,4
006457089004380002890060040000045008005608920002093560000000456061520800458900001,216457389574389612893162745639245178745618923182793564927831456361524897458976231,4
300060801050000700801000509700100400002008057100030096570041600010050904040702000,327569841954813762861274539796125483432698157185437296573941628218356974649782315,4
000184350000392176000000008281470590004030000003008200308029000900000830006050000,762184359845392176139567428281476593694235781573918264318729645957641832426853917,4
002090003000010570370080002920035600603041007000200030000050000000403000450708006,512697483864312579379584162927835641683941257145276938736159824298463715451728396,4
001020003050009107009310050035000000162400000070090036600100702520070300000000400,781625943356849127249317658935762814162483579478591236693154782524978361817236495,4
800010074407005062000027089602730001040000000900240000070150028000060000160072400,823619574497385162516427389652738941748591236931246857379154628284963715165872493,4
004008530201035089358069000103046800085900004049800300410392058837004902090607103,974218536261735489358469271123546897785923614649871325416392758837154962592687143,4
000100209000900360060380751090720000026450180000813006250000010687000004000540602,873165249512974368469382751198726435326459187745813926254697813687231594931548672,4
300000700105006900908140005540000008630980002207001000403019027702358496000002000,324895761175236984968147235549723618631984572287561349453619827712358496896472153,4
720500438030000005800042000090000203070980541503400070000600090087104650060070304,726519438134867925859342716498751263672983541513426879245638197387194652961275384,4
962051340080040000000000080000002879206789053000010624604008030508600000791230008,962851347387946512415327986153462879246789153879513624624198735538674291791235468,4
004008050000064000020000700000600589600000304480905270108000000037080002040701000,394278651715364928826159743271643589659827314483915276168592437537486192942731865,4
340070200710080050952000800000840001185706300409023700691000020507910030830000100,348571296716289453952364817273845961185796342469123785691437528527918634834652179,4
300004002006007030700083000019000068000020300000009200180050607020406500064071003,391564872846297135752183496219345768475628319638719254183952647927436581564871923,4
000340012200600000070000030040803001800429070003015000000006000082000900500030728,659347812231698547478152639745863291816429375923715486397286154182574963564931728,4
760000008120070960003609527630000000000081090400000001084003075010800040000047030,769532418125478963843619527631954782572381694498726351984263175317895246256147839,4
010060070752009800000708350927600000400007605000080027000072000008003046504806013,813564972752319864649728351927645138481237695365981427136472589298153746574896213,4
000050030000000286020000005014060300300100000000708000100005824043000500087942000,468257931735491286921683745814569372379124658652738419196375824243816597587942163,4
009360058007000902600000040148020039000008007572109080750000800096081070000047090,219364758437815962685972143148726539963458217572139684754693821396281475821547396,4
405720380900006075006080009000100902000000040000390700093000000700030000500000620,415729386938416275276583419867154932329867541154392768693241857782635194541978623,4
780000000492081305601209004800024976076890040004000802027060000360940017500170008,783456291492781365651239784815324976276895143934617852127568439368942517549173628,4
208300069000000070000008432830910700002084001901005020107009280503801900080003015,218347569394526178675198432836912754752684391941735826167459283523861947489273615,4
901078003000100000026390700094020050000060000160059000030000842502000017800230500,951678423378142695426395781794823156285761934163459278639517842542986317817234569,4
007000408000100200140085009480007300030420090000038002074060900000040000390700084,257693418968174235143285679482917356735426891619538742574861923821349567396752184,4
030400700080002300009300650002008060863045902194000075008150039020830040010204000,531469728486572391279381654752918463863745912194623875648157239925836147317294586,4
004720600000009001090010050030070100060000040008000002620807015900540003047200069,314725698852469371796318254435972186269183547178654932623897415981546723547231869,4
050406207930820050200000308049000825300900106001000904000581402410009580000000010,158436297934827651267195348649713825325948176871652934793581462416279583582364719,4
000009037097030008003010400070103050300000916801206000000920000400060309700350081,164589237597432168283617495976143852342875916851296743638921574415768329729354681,4
209000000800130070350200048003841600000070084008090000036000407402000810000010329,279485163864139572351267948723841695915376284648592731136928457492753816587614329,4
700004980009601000004079200030900040008260715071450320106095800000040190000000407,762534981389621574514879263235917648498263715671458329146795832857342196923186457,4
003006859805000170000008230789000000642031090300000062000004000000920080100800900,213476859865293174974158236789642315642531798351789462598314627436927581127865943,4
009685040300900700604700020032850406000000205000402030020030804800240000405108300,279685143351924768684713529732859416946371285518462937127536894893247651465198372,4
067020810000008072280009405310400008400102630000860000639200000574300290021900306,967524813145638972283719465316495728458172639792863154639241587574386291821957346,4
691032000208090310053076800000608000100749000580003000004000080805300400009481270,691832754278594316453176829947658132132749568586213947714925683825367491369481275,4
004060200300592000008030005285001307030209050709000000400920103000400006802315070,514768239376592841928134765285641397631279458749853612457926183193487526862315974,4
090080520005009318087530004056920081700060400800000003500410006000007005000306100,493681527265749318187532694356924781721863459849175263532418976614297835978356142,4
000000906804000750695000008400100800008003005300500070006754382000001407000208000,271845936834629751695317248457196823128473695369582174916754382582931467743268519,4
709005000000090730310740260000089050900000000050010607570020080004000002298076040,729635814486192735315748269167289453943567128852413697571924386634851972298376541,4
035010020600703000070540680094000865708060010500300000000000000007050206100027048,835916724642783591971542683394271865728465319516398472269834157487159236153627948,4
000900000040000023920140768600010402407600080012000609205001090068059214100080530,786923145541867923923145768639518472457692381812374659275431896368759214194286537,4
000040008020080700710250900100000500032008600580960300090006451040000803801000207,365749128429681735718253946176432589932518674584967312293876451647125893851394267,4
000419608900008050008207903000740060540086000000000480006020095854901007302070106,235419678971638254468257913183742569549186732627593481716324895854961327392875146,4
000734820039000470002080301098057246600400000247896100004070538780040692025000700,516734829839612475472985361398157246651423987247896153164279538783541692925368714,4
953070000000000038000005007020710000005049000090250100000301400007402001010067900,953678214671924538842135697426713859135849726798256143269381475587492361314567982,4
190300804008912006000080000009000008481230650300070109004050900050490700907106080,192365874748912536563784291679541328481239657325678149214857963856493712937126485,4
002430000085002004030080062509020006807604930364090000058349620796000400243076108,672435819985162374431987562519823746827654931364791285158349627796218453243576198,4
050000306000006452203000009740020030010607900802350670030860200974502003628003105,457298316189736452263145789746921538315687924892354671531869247974512863628473195,4
460500720532047000080300004650002400020006005040800000290004580075009042010285076,461598723532647198789321654658912437923476815147853269296734581875169342314285976,4
010067290009504061000002070800950010090421005100006902704010600020030000060700109,518367294279584361436192578842953716697421835153876942784219653921635487365748129,4
080530090000104082600008050500000703400001900208090540009743206000009800026000079,782536194935174682614928357591482763473651928268397541859743216147269835326815479,4
107320090400006000020940008800253001300807250002600080030460020008032070040070860,187325694493786512625941738876253941314897256952614387739468125568132479241579863,4
053008000640000020180070403026030710394007208008020000231500907469700030875090146,953248671647913825182675493526839714394157268718426359231564987469781532875392146,4
080079261032641000691050004000083605063010842108064300300006107007035906006708400,485379261732641598691852734974283615563917842128564379359426187847135926216798453,4
600030002105708096439200000000504030750090004348600009013067200074900160062010040,687139452125748396439256718296574831751893624348621579913467285574982163862315947,4
090600004020900807040007192100076425473000689206000001800001970900283500530709018,798612354321954867645837192189376425473125689256498731862541973917283546534769218,4
210587000900010802000004050020400000478169300001325000039800006000950037000700490,216587943945613872387294651523478169478169325691325784739842516864951237152736498,4
009701203100000468002500097410000000500000700030008040000006915691040072000100080,849761253175932468362584197417653829528419736936278541784326915691845372253197684,4
390700500845009027000000039700290000062430805934805000073100986480600000210900074,391726548845319627627584139758291463162437895934865712573142986489673251216958374,4
060070009010002307700095060923017806600080100180623790300051004001200900200839001,465378219819462357732195468923517846657984132184623795398751624571246983246839571,4
900003007050007030037290000003006090080020400200800500406700380008900040501000902,914583627852647139637291854743156298185329476269874513496712385328965741571438962,4
090070005080200691006000030005008069000000010600000374809007100750400020402609000,293176485587234691146895732315748269974362518628951374869527143751483926432619857,4
907005100000030700420107059740358061015026000602009075000643000006071408100890030,987265143561934782423187659749358261815726394632419875258643917396571428174892536,4
900041200700520910020070084803050009000002000002000605079304802005709000080010090,956841237748523916321976584863457129517692348492138675179364852235789461684215793,4
020000850854002600006080000400023090083001005061458037100800000607010002008000906,329176854854932671716584329475623198283791465961458237192865743647319582538247916,4
280030674647285039903706520490613200700090001350000096104020000006350012000000700,285931674647285139913746528498613257762598341351472896134827965876359412529164783,4
708293641016004030040076900530000006000900020609031500000040007000000860200650410,758293641916584732342176985534827196187965324629431578861349257495712863273658419,4
500700009406293570379000020900027050200010607000306000690140203000070190052809000,528764319416293578379581426963427851245918637781356942697145283834672195152839764,4
207000000410508720600000430000070206000000000936004500100007050070006082065042903,257493861413568729698721435581379246742615398936284517129837654374956182865142973,4
004165820560700904031000560070000000009570001140002000010900456480006009050310278,794165823568723914231849567875431692629578341143692785312987456487256139956314278,4
051060974300000561096000280007000000569408000040109600000003006005620000600795402,851362974324987561796514283137256849569438127248179635912843756475621398683795412,4
846091700200000039030508006000000690904000085680000004000903071023010000000060003,846391752251647839739528416312485697974236185685179324468953271523714968197862543,4
180000703904000012000001098700100020000087135000529000030700500501000040007002300,182496753974835612365271498758143926429687135613529874236714589591368247847952361,4
000090400640008009700204300409000702006080105020430980203000600067000090050700803,532691478641378529798254361489165732376982145125437986213849657867513294954726813,4
302005010050490070460000590005000109020000085600508000040059607970602800006030004,392765418851493276467281593785324169124976385639518742248159637973642851516837924,4
000060009601409020098021700800647900060080040004295680200730001086910000900852400,427368159651479328398521764832647915569183247174295683245736891786914532913852476,4
020100004090006230005003701409601000001008065030040910060800100013704029900002006,328179654197456238645283791459621387271938465836547912762895143513764829984312576,4
000000200100003000007021000700002100051948603063057820380016052672000408915000000,546879231129563784837421596798632145251948673463157829384716952672395418915284367,4
075080094003060070001300020100000080850204009006850700014600200528000000709021800,675182394243965178981347526192736485857214639436859712314698257528473961769521843,4
086005270207080905004320000010008094002004800478000560000030050000856000050410000,186945273237681945594327618315268794962574831478193562821739456743856129659412387,4
049080670705002000008430000100309450072018309953006280560001000090053700000800516,349185672715962843628437195186329457472518369953746281564271938891653724237894516,4
023708600000000070570364000607500000002940060004000350031400026005200000298003700,123758694846129573579364281687532419352941867914876352731485926465297138298613745,4
890002000610030089005109700589001003270090008000000000150423000040000002000500840,897652134612734589435189726589261473274395618361847295158423967746918352923576841,4
060000045504076000013504000070000354301000070400030981147089530005002807020003410,862391745594876123713524698279168354381945276456237981147689532935412867628753419,4
020008000097210806000005002700000260000030701108750349070020050810000603400080000,321968574597214836684375912743891265259436781168752349976123458812547693435689127,4
900800000134607000200003006690018200810070009000000831300009470509402160000000085,967825314134697528258143796695318247813274659742956831381569472579482163426731985,4
703008090910400082280000000140000000000023400370064918490005060500600030001902500,763258194915436782284719653146897325859123476372564918498375261527641839631982547,4
615920000900540100040710009000000006007209031060380500720000040134800060580000213,615928374973546182248713659391457826857269431462381597726135948134892765589674213,4
800000470100039850000000012040873591380000000910602000009060080038700900060090040,823156479174239856596487312642873591387915624915642738259364187438721965761598243,4
061540700730000406250030109825100000017400000000050001040002030006070010002000000,961548723738291456254736189825169374617423895493857261149682537586374912372915648,4
036700000010590070079000020300000240908040061020136008080020014100008030045070800,536712489812594673479683125361859247958247361724136958683925714197468532245371896,4
009006301000000000604008005800400257000002809025070604000230576702651008500900000,259746381387195462614328795863419257471562839925873614198234576732651948546987123,4
020090000090000407000503009258064091003070602067020008072058903809007004500900076,124796385395281467786543129258364791913875642467129538672458913839617254541932876,4
198607000306204070027890600060042190814006035030000046673400900081700504040160000,198637452356214879427895613765342198814976235239581746673458921981723564542169387,4
097060000401302000000079030706000520080006041000000076020030405105904000034600000,397461852451382769268579134746193528982756341513248976629837415175924683834615297,4
479000860500076030006089025000000587003000610050860042000020073000708406060090250,479253861528176934316489725642931587783542619951867342894625173235718496167394258,4
020000980800306402600842001060080203008004507000000698100409000200500000900207030,423751986817396452659842371761985243398624517542173698176439825234518769985267134,4
059000000400650001080000004070200169000000005365079028000000247003810950090000810,759341682432658791186792534874235169921486375365179428518963247243817956697524813,4
080293061936714500214008009360402890050000207402000613027000900148900050003000004,785293461936714528214658739361472895859136247472589613527341986148967352693825174,4
900000700070050021000300905207180000000600017016030209102078053009000008008501000,925816734673459821841327965297185346384692517516734289162978453459263178738541692,4
400003008009000205060050019546071020700042001902008457374000000001400000690025104,425193678139687245867254319546971823783542961912368457374816592251439786698725134,4
700006125013000809050801000005000900900000008060309000001075080020180597007004201,748936125613752849259841376175428963932567418864319752391275684426183597587694231,4
007062015060000030215780090080007143072000986000806702720309568800074329639020470,347962815968451237215783694586297143472135986193846752724319568851674329639528471,4
000008060560000743070006008900400030640705900000910004180254000700001006430697501,294378165568129743371546298915462837643785912827913654186254379759831426432697581,4
000079000190583470708100090070800000000000750985017000010000063463921007859730010,542679831196583472738142695374865129621394758985217346217458963463921587859736214,4
001083060076005800000061902000000106062500340004006280100002508640839021298057600,921783465476925813853461972389274156762518349514396287137642598645839721298157634,4
640710000827030651003802490700420080030000070900076104598040062306200800070058003,649715328827934651153862497761423589435189276982576134598341762316297845274658913,4
045061090862490701001300065003200900980503000000080003518002309400130800030007004,345761298862495731791328465653214987984573126127986543518642379476139852239857614,4
720009004000000605000836200000000090503094827900280000035000740604500030802403000,726159384389742615451836279268375491513694827947281563135968742694527138872413956,4
000047053400930018083620790000000102900002430326004985004253001000170340000408500,169847253472935618583621794845369172917582436326714985794253861258176349631498527,4
060000004500408027000607150000005218800012700400706500198070000340060800600853401,267531984513498627984627153736945218859312746421786539198274365345169872672853491,4
248090570600007000013050090001420000002978014970630800056709000080512030107060005,248193576695847123713256498831425769562978314974631852356789241489512637127364985,4
001690500000001046004700002008200769400900050650000420705102080806000000123489000,281694537937521846564738192318245769472916358659873421745162983896357214123489675,4
700006000260000053080254000010300006007061000000040031800013460026097180100682300,751836924264179853983254617418325796537961248692748531879513462326497185145682379,4
080021900010009023002000407200350700074280000000007004000893500008600049000002008,483721956517469823962538417296354781174286395835917264641893572328675149759142638,4
000598200059326014030000985900007050060250001380010007070005000592600000600080000,147598236859326714236174985921867453764253891385419627478935162592641378613782549,4
000024000500081203302675100046000000700400020850700000030007690008006010000103087,917324856564981273382675149246519738793468521851732964135847692478296315629153487,4
097020010052418079040970000000009006000260030006307005700000060005641307460730000,697523814352418679148976253834159726571264938926387145713895462285641397469732581,4
630501208719020600800639107590043871000000000147986025400008010970002504080000030,634571298719824653852639147596243871328715469147986325465398712973162584281457936,4
060040020008590104043060090391050080004180009602079050006914208809000040027000010,965741823278593164143268597391456782754182639682379451536914278819627345427835916,4
000800062306007009070006300409703500003600008007000003208300645054002000601408920,145839762386247159972516384429783516513694278867125493298371645754962831631458927,4
400061000967000008501800000309600801274000396600070020000500600800030015100080702,483761259967425138521893467359642871274158396618379524792514683846237915135986742,4
027400050905803040000725008084657003032000607070082010050070000200040879090030504,827419356915863742346725198184657923532194687679382415458976231263541879791238564,4
695000000028063400000200078851702940000609581046000720207300800000810000000007000,695478312728163459134295678851732946372649581946581723217356894569814237483927165,4
107240890080530060360091040000002000075084902200060080538009400920070000010408000,157246893489537261362891745843952176675184932291763584538619427924375618716428359,4
100000800003000005005207010000605090056400108209700006930000000070160023000083450,197356842423891765865247319781635294356429178249718536934572681578164923612983457,4
125000007704000083306247951008300762000400508200068104000009020500000300000670410,125983647794516283386247951948351762671492538253768194467139825519824376832675419,4
104970608300042005500100240038201409400067300000003870002084700070000000840710000,124975638387642915569138247738251469491867352256493871612584793975326184843719526,4
610009030408075006090806007000000000140090000900620070201004008000080050080103004,617249835428375916395816247872431569146597382953628471231754698764982153589163724,4
035064071170530000640700800800940010000203600000006040203409068009600100000000005,935864271178532496642791853826945317451273689397186542213459768589627134764318925,4
571960834030010090000004005000403901180650420004008607200039000700206310003000000,571962834436815792892374165657423981189657423324198657218739546745286319963541278,4
092000570000000304000070100065097000037416000010230600059003000001640700780050036,192364578876521394543978162465897213237416859918235647659783421321649785784152936,4
001004758083009000040000030000080040278605000064973002900400020026090470005020003,691234758783519264542867931359182647278645319164973582937458126826391475415726893,4
800600002004090850200008091025080003030700410070000206700530020002801700000000568,897615342164392857253478691625184973938726415471953286786539124542861739319247568,4
030000207061005000904173000000000700080004000610902843000800070000020901070309004,835496217761285439924173658453618792289734165617952843592841376346527981178369524,4
800006709000020100040903082006780200704000098500002600003000800008060050060100407,852416739397825164641973582136789245724651398589342671273594816418267953965138427,4
400012058002904600000738000050000080100003002206080430024805003010020040035470829,479612358382954617561738294753246981148593762296187435924865173817329546635471829,4
450000763960470080008063000010746900607008020304000600209000500036902000875000000,451829763963475281728163459512746938697538124384291675249387516136952847875614392,4
034006070786095200002800064053900700401650900800300000005064080007089045140502697,534216879786495213912873564653948721421657938879321456395764182267189345148532697,4
900038024301020805000504001083970200067000589500860010739001460608349000010700900,975138624341627895826594731183975246267413589594862317739251468658349172412786953,4
006030002100000000032907000010005070600000409090000030050000010700003804300450000,986531742147286395532947168413895276675312489298674531854729613729163854361458927,4
100906080000508172005000600090200810001680090000019063320160000010093706000050431,142976385963548172875321649496235817231687594758419263327164958514893726689752431,4
830070015000005890000100004000050060010000058504000030009500076308002000005604900,832479615741265893956183724287351469613947258594826137429518376368792541175634982,4
075481006204090700860000045482009000000802650000014890600140089908050401001008000,375481926214695738869273145482569317197832654536714892653147289928356471741928563,4
100635809080900000390001706003020008409000300800300070068140207041590603000000490,174635829682974135395281746753426918419758362826319574968143257241597683537862491,4
006007000020908540004301007030000000549810200178002409090106004000000080407005600,816547392723968541954321867632479158549813276178652439395186724261734985487295613,4
030002080600508010900100076290860000006300092003720800020900043461030950009005607,134672589672598314958143276297861435816354792543729861725986143461237958389415627,4
037050000010007200208000746069020010004095300723600090005009408040000000090500100,437256981916847235258931746569423817184795362723618594375169428841372659692584173,4
003920000087000000942700051000290140005034008400687935070050802000006000009000500,563921487187543629942768351738295146695134278421687935376459812254816793819372564,4
080902003010050982209000000076219854150700309090508601020800415000007030040020796,584972163617453982239681547376219854158764329492538671723896415965147238841325796,4
590010020806500193100090005450369002610700300900081007785206930000900006060030050,593617428876524193124893675457369812618752349932481567785246931341975286269138754,4
025080040000100800690004000000000670400003008500690020040060050900402780002800036,125986347374125869698734215289541673416273598537698124841367952963452781752819436,4
070005094000024100003070508310207040052400710487001000000000980900082406000906050,176835294895624137243179568319267845652498713487351629564713982931582476728946351,4
089000014705001300410900805000008163050010009600002007030004000904280001108030400,389526714725841396416973825297458163853617249641392587532164978974285631168739452,4
070025006000104200008790005180540702000000001502001800309000000700619000000237040,471825936935164278268793415183546792647982351592371864319458627724619583856237149,4
807030251023075006001290070030006000086500000000900508309050020010320005200400030,897634251423175896561298473135786942986542317742913568379851624614329785258467139,4
060401070000060254000500000084012005150009006600305001000000000096000802300090610,569421378831967254247538169984612735153789426672345981418276593796153842325894617,4
165009072000072105472001900639045010024168090851093020906300001517026000203010700,165489372398672145472531968639245817724168593851793624946357281517826439283914756,4
000000106080750000000194007860020500400060003500000092020003001608402900307015000,794238156183756429256194387869321574472569813531847692925683741618472935347915268,4
100875000003061080607300500809000003001207950730190206016409800070503000008706000,194875632253961487687342591829654713461237958735198246316429875972583164548716329,4
842653000000000806031000025006900100700005008400000052375004280100002004204090510,842653971957241836631789425586927143723415698419836752375164289198572364264398517,4
000006005500100020040007380070800250801702960400509000029000008300090000600008000,138426795597183426246957381973861254851742963462539817729315648385694172614278539,4
200098000890500600450100008910007420000601070702040000000410030105083040349000180,261798354897534612453162798916857423534621879782349561628415937175983246349276185,4
608072130520060000009000628900030450180050070453706200007680000090120067800000012,648972135521863794739541628976238451182459376453716289217685943395124867864397512,4
700005180091478200825090704080750691573000408069080500000046002000907046000830900,746325189391478265825691734482753691573169428169284573937546812258917346614832957,4
000000000260000030105200004836020971950008362002030408590010000040900000021006890,483765129269841735175293684836524971954178362712639458598317246647982513321456897,4
004000010050027080017800650000090100003500008970008005702051040000000000861432000,384965712659127384217843659528394176143576928976218435792651843435789261861432597,4
003010500000007000072005060401050030600304008030800490000096847910008000060540109,893612574546937281172485963481759632659324718237861495325196847914278356768543129,4
800596020029004008064000900400003000702400030030060007003040500650130000200705000,817596324529314768364827915486273159792451836135968247973642581658139472241785693,4
000004071300050000080700300043280159815079204620000080030005920000497530097023000,256934871374158692981762345743286159815379264629541783438615927162497538597823416,4
051067000006090480000000000607000510108300270005712600709004005000070940000080100,851467329276593481934128756627849513198356274345712698719234865583671942462985137,4
000691000000000400510700900900108000800020030127000000300560200058000140094000503,482691375739285416516743928943178652865429731127356894371564289658932147294817563,4
000000300305708000480020701000000030248000007070400190030007900710009005590000200,167954328325718649489326751951672834248193567673485192832547916716239485594861273,4
800160009005372600000000030600700598007090300950683000300048010500000073010000005,823164759495372681761859234634721598187495326952683147376548912549216873218937465,4
300204760850100340076398510003080400087000090601005000095013084034800000068540931,319254768852176349476398512923781456587462193641935827795613284134829675268547931,4
030070940000000300170900600709300060004000198051400023003509076017002004005003200,532678941496125387178934652729381465364257198851496723243519876917862534685743219,4
092840300300901460006070009010000600000008590800009004030102006670480032209637005,792846351358921467146573289913754628467218593825369714534192876671485932289637145,4
700421003002659470504070020001263790000090380900000210095000032200930007070040009,789421563132659478564378921851263794627194385943587216495716832218935647376842159,4
796100030208030009003280601000710960629500007500000400042070000300001000000460100,796154238218637549453289671834712965629548317571396482142973856365821794987465123,4
006574000039061000500002000602050001000090000450710903080300200000120500205609030,826574319739861452514932768692453871371298645458716923187345296963127584245689137,4
090060000000800627060700390340097010609030270120648953970500060036001500500080030,791362485453819627268754391345297816689135274127648953974523168836971542512486739,4
080001059000080070700095382900100700402070931107049060640052007000310000000867003,284731659395286174716495382968123745452678931137549268643952817879314526521867493,4
900705006000010008008000500030070802026030001007008004405897600000026040002000007,941785236653912478278643519534179862826534791197268354415897623789326145362451987,4
000954003079000001300000596000007000860000742920140300000800000083000000000026050,618954273579632481342781596435267918861593742927148365256879134783415629194326857,4
000009004409500000016300570790000000540730960030908420080600100053071600160200005,375869214429517836816324579792146358548732961631958427287695143953471682164283795,4
270096008109000007500020000900000705000000003800500629000459000450000301790210004,273196458169845237584327916931682745625974183847531629316459872452768391798213564,4
320708600468900275050000038040000380500002400070060001000025090735000006000380000,321758649468913275957246138146579382589132467273864951814625793735491826692387514,4
500060000031709002000800000010007340700000100029038000000372080270004010090516004,587263491631749852942851637815627349763495128429138765154372986276984513398516274,4
007100402405302891310804576023007910590200300000000085100400053054010000200000100,987165432465372891312894576623587914598241367741936285179428653854613729236759148,4
807000523004006001000030048206500009400008100008020060000014735000960004500300090,867149523324856971195732648216573489473698152958421367689214735732965814541387296,4
030726040007040309000090000004300000300910402172000980008230790040009030090068105,839726541527841369461593278954382617386917452172654983618235794245179836793468125,4
901280607600915000008007001014090365009500002000000400100050200200009146037021009,941283657673915824528467931814792365369548712752136498196854273285379146437621589,4
004032000003600802001708096010004020358020004492507003800000467000800009000070200,684932751973651842521748396716394528358126974492587613835219467247865139169473285,4
632450080000378000000629001000007090908003607000080010090000020705102904301000076,632451789149378265857629341264517893918243657573986412496735128785162934321894576,4
700204090804901000060380450000029010001000027002500048400802000000100060000005280,735264891824951736169387452648729315591438627372516948456892173287143569913675284,4
041000006876100203000806000000080000400007000300950000000030581005600097007594062,941325876876149253523876914719483625458267139362951748694732581235618497187594362,4
800035001010264950000080000170409200405620007006007090520000740700000000049000010,862935471317264958954781632178459263495623187236817594523198746781546329649372815,4
400003029000809603000000700060100007100090000004076000857002031019500000600930008,486753129725819643931624785268145397173298456594376812857462931319587264642931578,4
728003000530700000904800735050100000647205080800047250000001007192508460075020010,728453691531769842964812735259186374647235189813947256486391527192578463375624918,4
967415003250008070083092050508001000791530400000984010005000008800050000009000530,967415823254368971183792654548271369791536482326984715675143298832659147419827536,4
407031000000800000008002000541300600090020000000105004076000941915240830000906700,427631589369854217158792463541379628693428175782165394276583941915247836834916752,4
008624000360000000040001267030090000000500609090007080050012800000805031600900042,178624953362759418549381267835296174417538629296147385753412896924865731681973542,4
001048007000000000009705000360470100020000639100000050002980301006034875030500090,651348927743192568289765413365479182427851639198623754572986341916234875834517296,4
000021000030054020008000000701000003080470002090000784200540001816000547059087006,564821379937654128128793465741268953385479612692315784273546891816932547459187236,4
009000008408005060020000910190500046000260095000084102600000020087009001001006400,369142758418795263725638914192573846874261395536984172643817529287459631951326487,4
703064000098071000410900370365000007000013200200000009080700006937406050650090003,723864915598371642416952378365249187879513264241687539182735496937426851654198723,4
060900000000070429000013600600108000523000000000030004016089050830701000009040310,762954183351876429984213675647198532523467891198532764416389257835721946279645318,4
